query_id,timestamp,user_id,username,warehouse,query,duration_secs,bytes_scanned,status,error_message
f7425137-916a-4ebe-b842-8afc61daf004,2025-09-01T00:00:00,879c852e-e8e8-45c3-9ead-5fa56c9ecfbc,egarcia,BI_WH_X-SMALL,"SELECT COUNT(*) FROM CUSTOMER_DATA GROUP BY date_trunc('day', created_at)",3.4904055343745006,546651,SUCCESS,
9f0f22f4-38b7-46bd-a060-2151e6c42782,2025-09-01T00:00:00,879c852e-e8e8-45c3-9ead-5fa56c9ecfbc,egarcia,DEV_WH_SMALL,SELECT * FROM SALES_TRANSACTIONS LIMIT 1000,2.139619615937904,841528,SUCCESS,
9bf37e2b-a972-4eb9-a167-a915bff1a178,2025-09-01T00:07:00,859c34dd-4540-49a3-b26d-f82b1455d905,oatkinson,DEV_WH_X-SMALL,"SELECT * FROM USER_ACTIVITY_LOGS WHERE created_at >= dateadd('day', -7, current_date())",0.5347266118378137,715555,SUCCESS,
22652770-3e15-47ff-b024-d78d4f5e9ee8,2025-09-01T00:07:00,3d8cc43f-0f00-40bd-b8b2-34ac61fc0360,rwilliams,BI_WH_LARGE,SELECT * FROM FINANCIAL_METRICS LIMIT 1000,2.6294948881699485,338956,SUCCESS,
30fcd2cc-3dbe-495a-9e22-58acf7e284ed,2025-09-01T00:21:00,4663d48b-596a-4f39-b714-8d69ac9a7d2a,robert93,PROD_WH_SMALL,SELECT * FROM USER_ACTIVITY_LOGS LIMIT 1000,4.704480674201468,424141,SUCCESS,
6df67f84-4200-4029-945d-fca03e29d0f9,2025-09-01T00:21:00,3d8cc43f-0f00-40bd-b8b2-34ac61fc0360,rwilliams,DEV_WH_MEDIUM,"SELECT COUNT(*) FROM EMPLOYEE_RECORDS GROUP BY date_trunc('day', created_at)",1.9097291636089873,739975,SUCCESS,
c164ba6e-2f08-45d7-a540-6e49cecc1bb6,2025-09-01T00:28:00,b92c2609-888c-471e-bf61-4363556df9d8,frank26,BI_WH_X-SMALL,SELECT * FROM CUSTOMER_DATA LIMIT 1000,2.918026044608413,955760,SUCCESS,
6758f19b-0e00-4755-8a7c-22756660bed7,2025-09-01T00:28:00,9a7a68c7-1b0c-4669-859f-6d352b1e386f,andrew16,PROD_WH_LARGE,"SELECT DISTINCT column1, column2 FROM SYSTEM_EVENTS WHERE condition = 'value'",4.163636314444718,941755,SUCCESS,
eb1f3a69-d272-4aa0-8d92-87e9c3681991,2025-09-01T00:36:00,89e53854-09b7-4b59-8352-a231c51f8687,glarsen,PROD_WH_MEDIUM,SELECT * FROM SYSTEM_EVENTS LIMIT 1000,3.942757819898604,548570,SUCCESS,
d068a306-83a1-4a8d-9645-07813eec2108,2025-09-01T00:36:00,f22aa1cf-fe8b-4e78-8492-b46e0f46ffda,brandtmisty,DEV_WH_MEDIUM,SELECT * FROM EMPLOYEE_RECORDS LIMIT 1000,1.0049551605353562,628194,SUCCESS,
a183da41-3925-4a51-8746-a816454c2a6e,2025-09-01T00:44:00,5fb2a072-2bab-4b94-9109-9cbea70c5438,bryancuevas,DEV_WH_X-SMALL,SELECT * FROM EMPLOYEE_RECORDS LIMIT 1000,3.1609635514857475,244128,SUCCESS,
a6696fcb-1c89-4e0d-b8fd-23b3e27e0875,2025-09-01T00:44:00,4b7e389e-8c78-4e72-ab0b-774df43b399e,hardinjennifer,PROD_WH_X-SMALL,"SELECT DISTINCT column1, column2 FROM USER_ACTIVITY_LOGS WHERE condition = 'value'",1.4204047242101572,344547,SUCCESS,
8ea82a0b-3cc4-4771-bb19-0a0334a4e2c4,2025-09-01T00:50:00,4b7e389e-8c78-4e72-ab0b-774df43b399e,hardinjennifer,DEV_WH_SMALL,"SELECT COUNT(*) FROM EMPLOYEE_RECORDS GROUP BY date_trunc('day', created_at)",3.0872655788768704,846913,SUCCESS,
a06602e3-22a4-443c-a5eb-d3891348face,2025-09-01T00:50:00,3d8cc43f-0f00-40bd-b8b2-34ac61fc0360,rwilliams,PROD_WH_X-SMALL,SELECT * FROM USER_ACTIVITY_LOGS LIMIT 1000,0.8755773268174295,731610,SUCCESS,
def513c7-f8ed-44ed-a299-02d291958e9e,2025-09-01T00:59:00,89e53854-09b7-4b59-8352-a231c51f8687,glarsen,DEV_WH_SMALL,"SELECT * FROM FINANCIAL_METRICS WHERE created_at >= dateadd('day', -7, current_date())",0.9834650085389671,203116,SUCCESS,
6f47da02-0514-4ae9-8bfc-9878ba7a8dad,2025-09-01T00:59:00,00f99f6f-5fcc-490a-84f9-6b24911c0b2e,emilyhamilton,BI_WH_LARGE,"SELECT COUNT(*) FROM MARKETING_CAMPAIGNS GROUP BY date_trunc('day', created_at)",0.9322792129075766,539485,SUCCESS,
ac5280a1-42cf-43c4-905a-497cc007fbfc,2025-09-01T01:12:00,cea2e75f-1ee1-4b1d-90f5-242f82a02bed,erickennedy,PROD_WH_SMALL,SELECT * FROM USER_ACTIVITY_LOGS LIMIT 1000,4.539082660718103,741947,SUCCESS,
ae93302e-dd0b-44f2-9ed7-c132185bacaa,2025-09-01T01:12:00,4b7e389e-8c78-4e72-ab0b-774df43b399e,hardinjennifer,BI_WH_SMALL,"SELECT * FROM FINANCIAL_METRICS WHERE created_at >= dateadd('day', -7, current_date())",0.9295652860944346,132866,SUCCESS,
94422a3b-79db-4046-96d5-fdd9b4129740,2025-09-01T01:19:00,5fb2a072-2bab-4b94-9109-9cbea70c5438,bryancuevas,BI_WH_SMALL,SELECT * FROM MARKETING_CAMPAIGNS LIMIT 1000,1.4283433406310946,35785,SUCCESS,
447f69c8-10ae-4f7b-b2d1-0eae2b747746,2025-09-01T01:19:00,4bc8b8f2-4d6e-4d5e-8d40-a7b6b3d6bb03,amandamitchell,PROD_WH_LARGE,"SELECT * FROM PRODUCT_INVENTORY WHERE created_at >= dateadd('day', -7, current_date())",3.75187405345115,562403,SUCCESS,
63f3af44-838b-42f1-9eec-f56d060458e6,2025-09-01T01:34:00,ac5e7ada-2f2f-4292-a0e4-18083982547a,lliu,ETL_WH_MEDIUM,"SELECT DISTINCT column1, column2 FROM SYSTEM_EVENTS WHERE condition = 'value'",4.135867058052099,464603,SUCCESS,
a06a572b-7c8a-42f3-aa0d-8d4e98acdb71,2025-09-01T01:34:00,82e7a6a3-1f49-4f5a-8a2a-96e5a654a185,codyoconnor,PROD_WH_MEDIUM,"SELECT * FROM SYSTEM_EVENTS WHERE created_at >= dateadd('day', -7, current_date())",2.9404766994291682,228956,SUCCESS,
c6860f70-6f38-45e9-8897-724f660a05d8,2025-09-01T01:41:00,cea2e75f-1ee1-4b1d-90f5-242f82a02bed,erickennedy,ETL_WH_SMALL,"SELECT COUNT(*) FROM PRODUCT_INVENTORY GROUP BY date_trunc('day', created_at)",2.8520973598601205,796032,SUCCESS,
c2ce15f5-c04c-48dc-a355-7427f96c28ae,2025-09-01T01:41:00,9a7a68c7-1b0c-4669-859f-6d352b1e386f,andrew16,ETL_WH_SMALL,"SELECT DISTINCT column1, column2 FROM USER_ACTIVITY_LOGS WHERE condition = 'value'",0.12824576838362756,675220,SUCCESS,
98d6f111-710f-4bca-8405-4cb583d6b068,2025-09-01T01:56:00,ac5e7ada-2f2f-4292-a0e4-18083982547a,lliu,BI_WH_X-SMALL,SELECT * FROM SALES_TRANSACTIONS LIMIT 1000,3.804338232624329,172802,SUCCESS,
285b0878-1270-4552-9968-3ca53d11be23,2025-09-01T01:56:00,da0f0f7a-8d2c-4ca9-b82e-cda33fba6610,rachel35,PROD_WH_SMALL,"SELECT * FROM FINANCIAL_METRICS WHERE created_at >= dateadd('day', -7, current_date())",1.9754232830258436,857342,SUCCESS,
92a19015-4af4-4b08-966f-f21c10ab7e24,2025-09-01T02:04:00,9a7a68c7-1b0c-4669-859f-6d352b1e386f,andrew16,DEV_WH_MEDIUM,"SELECT DISTINCT column1, column2 FROM SYSTEM_EVENTS WHERE condition = 'value'",4.538733204720607,627575,SUCCESS,
24dcbabf-c927-4d2f-a022-cb7d504b1afc,2025-09-01T02:04:00,a3a85592-9f3f-4845-87b8-dd199fcdc3cc,gmoreno,ETL_WH_LARGE,"SELECT * FROM PRODUCT_INVENTORY WHERE created_at >= dateadd('day', -7, current_date())",0.554137793157975,706233,SUCCESS,
1fcbbbd0-5a3f-45e3-8d96-ac30ac148b91,2025-09-01T02:10:00,4bc8b8f2-4d6e-4d5e-8d40-a7b6b3d6bb03,amandamitchell,ETL_WH_X-SMALL,"SELECT DISTINCT column1, column2 FROM SALES_TRANSACTIONS WHERE condition = 'value'",2.1303212551486723,506984,SUCCESS,
bbdc8c06-fee6-4812-98e6-07690609eab2,2025-09-01T02:10:00,da0f0f7a-8d2c-4ca9-b82e-cda33fba6610,rachel35,PROD_WH_SMALL,SELECT * FROM MARKETING_CAMPAIGNS LIMIT 1000,0.8323956823921216,592322,SUCCESS,
139b95f9-f76e-48df-a6f0-da6c53eb5d4a,2025-09-01T02:17:00,89e53854-09b7-4b59-8352-a231c51f8687,glarsen,ETL_WH_SMALL,"SELECT DISTINCT column1, column2 FROM FINANCIAL_METRICS WHERE condition = 'value'",2.187042214358192,718808,SUCCESS,
146d65b0-2d8a-4822-8646-ad148b9a328e,2025-09-01T02:17:00,ac5e7ada-2f2f-4292-a0e4-18083982547a,lliu,DEV_WH_MEDIUM,"SELECT DISTINCT column1, column2 FROM FINANCIAL_METRICS WHERE condition = 'value'",4.766146359208438,950384,SUCCESS,
3b88d176-0099-4afe-a105-e1e86c2f8bf0,2025-09-01T02:22:00,4b7e389e-8c78-4e72-ab0b-774df43b399e,hardinjennifer,ETL_WH_SMALL,"SELECT COUNT(*) FROM FINANCIAL_METRICS GROUP BY date_trunc('day', created_at)",3.341275987558278,492159,SUCCESS,
ec735970-be41-4b55-812b-242844de4278,2025-09-01T02:22:00,a3a85592-9f3f-4845-87b8-dd199fcdc3cc,gmoreno,DEV_WH_SMALL,SELECT * FROM CUSTOMER_DATA LIMIT 1000,3.2847858888042936,666628,SUCCESS,
6260d382-d644-40bf-a7cf-aac403c4f499,2025-09-01T02:34:00,a3a85592-9f3f-4845-87b8-dd199fcdc3cc,gmoreno,DEV_WH_LARGE,SELECT * FROM SYSTEM_EVENTS LIMIT 1000,2.4537882381706604,370898,SUCCESS,
cf4d3025-6315-4f22-8a91-fbbe16e68cec,2025-09-01T02:34:00,879c852e-e8e8-45c3-9ead-5fa56c9ecfbc,egarcia,PROD_WH_SMALL,"SELECT COUNT(*) FROM EMPLOYEE_RECORDS GROUP BY date_trunc('day', created_at)",0.21651519792887458,481259,SUCCESS,
ceca1bff-362a-446e-b1a4-51f40bbd5977,2025-09-01T02:46:00,879c852e-e8e8-45c3-9ead-5fa56c9ecfbc,egarcia,PROD_WH_X-SMALL,"SELECT * FROM SYSTEM_EVENTS WHERE created_at >= dateadd('day', -7, current_date())",4.969156003725692,530315,SUCCESS,
82145fb5-1bb8-4be0-b6ad-2ade6cf60fea,2025-09-01T02:46:00,f22aa1cf-fe8b-4e78-8492-b46e0f46ffda,brandtmisty,BI_WH_MEDIUM,"SELECT COUNT(*) FROM USER_ACTIVITY_LOGS GROUP BY date_trunc('day', created_at)",4.071351547447834,135719,SUCCESS,
61961b13-1fe2-4095-b131-7578ad0b18d2,2025-09-01T02:51:00,879c852e-e8e8-45c3-9ead-5fa56c9ecfbc,egarcia,ETL_WH_LARGE,"SELECT * FROM SALES_TRANSACTIONS WHERE created_at >= dateadd('day', -7, current_date())",1.9096043435516423,225959,SUCCESS,
433e37d0-728c-4a27-b80d-3d8305cd95ef,2025-09-01T02:51:00,cea2e75f-1ee1-4b1d-90f5-242f82a02bed,erickennedy,BI_WH_LARGE,"SELECT COUNT(*) FROM CUSTOMER_DATA GROUP BY date_trunc('day', created_at)",1.1369171366167756,434478,SUCCESS,
250a4202-a843-4333-b5b7-e59757381436,2025-09-01T02:59:00,ac5e7ada-2f2f-4292-a0e4-18083982547a,lliu,DEV_WH_X-SMALL,"SELECT DISTINCT column1, column2 FROM EMPLOYEE_RECORDS WHERE condition = 'value'",0.4228581913253905,466248,SUCCESS,
551b3c21-431a-4e20-9983-cff7f477c400,2025-09-01T02:59:00,4bc8b8f2-4d6e-4d5e-8d40-a7b6b3d6bb03,amandamitchell,ETL_WH_SMALL,"SELECT * FROM CUSTOMER_DATA WHERE created_at >= dateadd('day', -7, current_date())",4.9859817272039555,969391,SUCCESS,
8c55e670-e68a-48d5-a543-d2a13fdb098d,2025-09-01T03:13:00,3d8cc43f-0f00-40bd-b8b2-34ac61fc0360,rwilliams,DEV_WH_X-SMALL,SELECT * FROM SYSTEM_EVENTS LIMIT 1000,0.3441609865654648,960489,SUCCESS,
f7923080-fa74-4ab9-b4a5-7978bcf43f05,2025-09-01T03:13:00,4663d48b-596a-4f39-b714-8d69ac9a7d2a,robert93,BI_WH_X-SMALL,SELECT * FROM SALES_TRANSACTIONS LIMIT 1000,2.5665831296977344,176594,SUCCESS,
c37dd710-a8bb-4065-b1c8-7cf79a1dfd2c,2025-09-01T03:26:00,7cd584de-ca92-465c-8ea8-5f7ad356bee6,danasandoval,BI_WH_X-SMALL,"SELECT DISTINCT column1, column2 FROM SALES_TRANSACTIONS WHERE condition = 'value'",3.173639008029244,166478,SUCCESS,
cab717b3-69ea-45fb-92b7-1d8d11cbcb43,2025-09-01T03:26:00,89e53854-09b7-4b59-8352-a231c51f8687,glarsen,DEV_WH_LARGE,"SELECT * FROM MARKETING_CAMPAIGNS WHERE created_at >= dateadd('day', -7, current_date())",0.799640197947994,72697,SUCCESS,
75876282-e7ec-46aa-9617-bd86b0b95543,2025-09-01T03:33:00,cea2e75f-1ee1-4b1d-90f5-242f82a02bed,erickennedy,BI_WH_LARGE,"SELECT * FROM FINANCIAL_METRICS WHERE created_at >= dateadd('day', -7, current_date())",2.9986302590472262,889464,SUCCESS,
353f6e14-faea-482b-9743-f720b2ae42bb,2025-09-01T03:33:00,f0c2cfac-cf3b-4053-9e79-a6a4c6bbd187,garciaalison,PROD_WH_MEDIUM,"SELECT COUNT(*) FROM CUSTOMER_DATA GROUP BY date_trunc('day', created_at)",3.5298317161465533,441489,SUCCESS,
23039ef4-752c-45c0-9d0f-9f62058ff8d0,2025-09-01T03:46:00,da0f0f7a-8d2c-4ca9-b82e-cda33fba6610,rachel35,BI_WH_MEDIUM,"SELECT DISTINCT column1, column2 FROM EMPLOYEE_RECORDS WHERE condition = 'value'",1.0013490793156268,657905,SUCCESS,
5fb1419c-84e7-4757-89de-0c4a0a775925,2025-09-01T03:46:00,a3a85592-9f3f-4845-87b8-dd199fcdc3cc,gmoreno,ETL_WH_LARGE,"SELECT COUNT(*) FROM SALES_TRANSACTIONS GROUP BY date_trunc('day', created_at)",1.346266358151638,730545,SUCCESS,
2260c261-53ab-4c5d-b9ce-9ce69ad4d2c4,2025-09-01T04:01:00,ac5e7ada-2f2f-4292-a0e4-18083982547a,lliu,ETL_WH_MEDIUM,"SELECT * FROM PRODUCT_INVENTORY WHERE created_at >= dateadd('day', -7, current_date())",2.8503017697597035,757519,SUCCESS,
83a73a9f-0072-4913-9381-5aaab3eb1e87,2025-09-01T04:01:00,a3a85592-9f3f-4845-87b8-dd199fcdc3cc,gmoreno,DEV_WH_SMALL,"SELECT * FROM SYSTEM_EVENTS WHERE created_at >= dateadd('day', -7, current_date())",2.761334737399738,423235,SUCCESS,
0123b618-4480-4016-89e7-95806518572f,2025-09-01T04:08:00,00f99f6f-5fcc-490a-84f9-6b24911c0b2e,emilyhamilton,BI_WH_LARGE,"SELECT DISTINCT column1, column2 FROM SALES_TRANSACTIONS WHERE condition = 'value'",1.0920098628606771,567407,SUCCESS,
c8d8cfcf-3002-4eac-b37a-0f4edc5b0acb,2025-09-01T04:08:00,4663d48b-596a-4f39-b714-8d69ac9a7d2a,robert93,ETL_WH_LARGE,"SELECT COUNT(*) FROM PRODUCT_INVENTORY GROUP BY date_trunc('day', created_at)",1.5069221479864514,342764,SUCCESS,
72f444d6-31e0-4ed4-8553-bfcf44cba30d,2025-09-01T04:21:00,a3a85592-9f3f-4845-87b8-dd199fcdc3cc,gmoreno,PROD_WH_X-SMALL,"SELECT COUNT(*) FROM EMPLOYEE_RECORDS GROUP BY date_trunc('day', created_at)",3.659364745674742,882148,SUCCESS,
90dcc883-17c3-4a77-9a4d-92f475e3f23c,2025-09-01T04:21:00,ac5e7ada-2f2f-4292-a0e4-18083982547a,lliu,ETL_WH_SMALL,SELECT * FROM SYSTEM_EVENTS LIMIT 1000,1.0388808188212217,47659,SUCCESS,
540c3177-2bdc-42ae-8fa3-6eea2af9c06e,2025-09-01T04:27:00,57eba2d7-a4fe-48aa-aa7b-ad0e6f1296b7,jose46,BI_WH_SMALL,"SELECT * FROM USER_ACTIVITY_LOGS WHERE created_at >= dateadd('day', -7, current_date())",3.1139538289433006,135191,SUCCESS,
57f20da5-9082-4f91-b38e-e4aaff129eea,2025-09-01T04:27:00,9a7a68c7-1b0c-4669-859f-6d352b1e386f,andrew16,BI_WH_MEDIUM,"SELECT DISTINCT column1, column2 FROM EMPLOYEE_RECORDS WHERE condition = 'value'",2.7700858585131067,9440,SUCCESS,
af8f24a2-f572-427d-a083-741a4d0643d2,2025-09-01T04:42:00,ac5e7ada-2f2f-4292-a0e4-18083982547a,lliu,ETL_WH_X-SMALL,"SELECT * FROM SALES_TRANSACTIONS WHERE created_at >= dateadd('day', -7, current_date())",4.679774898877167,411591,SUCCESS,
92e76d19-9f2d-41ee-a385-2a0038b6d289,2025-09-01T04:42:00,b92c2609-888c-471e-bf61-4363556df9d8,frank26,ETL_WH_SMALL,SELECT * FROM PRODUCT_INVENTORY LIMIT 1000,1.4256866131493158,163730,SUCCESS,
bdc3887c-6aaa-47a6-871b-8884f44fd6d5,2025-09-01T04:51:00,82e7a6a3-1f49-4f5a-8a2a-96e5a654a185,codyoconnor,DEV_WH_MEDIUM,"SELECT * FROM PRODUCT_INVENTORY WHERE created_at >= dateadd('day', -7, current_date())",0.14626323328922347,246420,SUCCESS,
efeaebb1-defe-4074-8b3c-e20bd46b4dc7,2025-09-01T04:51:00,82e7a6a3-1f49-4f5a-8a2a-96e5a654a185,codyoconnor,ETL_WH_LARGE,"SELECT COUNT(*) FROM SYSTEM_EVENTS GROUP BY date_trunc('day', created_at)",0.449339741140632,993380,SUCCESS,
da330147-52c2-4ad8-a018-e5854fccf55f,2025-09-01T04:58:00,3d8cc43f-0f00-40bd-b8b2-34ac61fc0360,rwilliams,ETL_WH_SMALL,SELECT * FROM EMPLOYEE_RECORDS LIMIT 1000,3.5033222534236668,567615,SUCCESS,
07ad9017-7e8d-46e3-bb86-ce3e7fd399cf,2025-09-01T04:58:00,f22aa1cf-fe8b-4e78-8492-b46e0f46ffda,brandtmisty,PROD_WH_X-SMALL,"SELECT * FROM SYSTEM_EVENTS WHERE created_at >= dateadd('day', -7, current_date())",4.270332539311944,87839,SUCCESS,
e2678fae-51af-4b81-b092-450410cbf690,2025-09-01T05:08:00,4bc8b8f2-4d6e-4d5e-8d40-a7b6b3d6bb03,amandamitchell,DEV_WH_X-SMALL,SELECT * FROM SALES_TRANSACTIONS LIMIT 1000,3.327234959652587,156907,SUCCESS,
0767c5a6-0f5e-4fde-a914-0c893c26ed2f,2025-09-01T05:08:00,cea2e75f-1ee1-4b1d-90f5-242f82a02bed,erickennedy,BI_WH_MEDIUM,"SELECT * FROM SALES_TRANSACTIONS WHERE created_at >= dateadd('day', -7, current_date())",3.8941917123912213,205833,SUCCESS,
6770a338-508e-4222-8e3c-d47377fc42b5,2025-09-01T05:14:00,00f99f6f-5fcc-490a-84f9-6b24911c0b2e,emilyhamilton,ETL_WH_LARGE,"SELECT * FROM FINANCIAL_METRICS WHERE created_at >= dateadd('day', -7, current_date())",3.2323141275958327,882367,SUCCESS,
ece36737-beb6-4dcc-b710-21c078de4fd2,2025-09-01T05:14:00,82e7a6a3-1f49-4f5a-8a2a-96e5a654a185,codyoconnor,BI_WH_SMALL,"SELECT DISTINCT column1, column2 FROM USER_ACTIVITY_LOGS WHERE condition = 'value'",1.652319748257322,240243,SUCCESS,
47db98b2-aa9c-4cc0-b69a-23b2f39fd004,2025-09-01T05:24:00,a3a85592-9f3f-4845-87b8-dd199fcdc3cc,gmoreno,BI_WH_LARGE,"SELECT COUNT(*) FROM SALES_TRANSACTIONS GROUP BY date_trunc('day', created_at)",4.259930959974908,322572,SUCCESS,
9e9def0e-e668-4820-ac08-346376e06fb5,2025-09-01T05:24:00,f22aa1cf-fe8b-4e78-8492-b46e0f46ffda,brandtmisty,DEV_WH_SMALL,"SELECT DISTINCT column1, column2 FROM EMPLOYEE_RECORDS WHERE condition = 'value'",1.480430238420445,316408,SUCCESS,
9df320b8-bcdf-4f90-852e-1b82cc4a0fa1,2025-09-01T05:32:00,879c852e-e8e8-45c3-9ead-5fa56c9ecfbc,egarcia,BI_WH_LARGE,"SELECT COUNT(*) FROM EMPLOYEE_RECORDS GROUP BY date_trunc('day', created_at)",3.417112828975419,695914,SUCCESS,
e0c0af29-e8bd-407c-bc0b-c52bfcffdada,2025-09-01T05:32:00,4bc8b8f2-4d6e-4d5e-8d40-a7b6b3d6bb03,amandamitchell,DEV_WH_SMALL,"SELECT DISTINCT column1, column2 FROM CUSTOMER_DATA WHERE condition = 'value'",2.593509468427482,958558,SUCCESS,
f715f835-9a82-40bc-b821-b6a5f2aa39e9,2025-09-01T05:45:00,ac5e7ada-2f2f-4292-a0e4-18083982547a,lliu,PROD_WH_LARGE,SELECT * FROM SALES_TRANSACTIONS LIMIT 1000,0.37425962512918454,86618,SUCCESS,
8b07409e-40d7-4e57-9a18-53867222e910,2025-09-01T05:45:00,7cd584de-ca92-465c-8ea8-5f7ad356bee6,danasandoval,ETL_WH_SMALL,"SELECT COUNT(*) FROM FINANCIAL_METRICS GROUP BY date_trunc('day', created_at)",3.6729089273149635,380630,SUCCESS,
60716160-4cc5-4b8a-a406-c46fec744698,2025-09-01T05:57:00,b92c2609-888c-471e-bf61-4363556df9d8,frank26,ETL_WH_LARGE,"SELECT DISTINCT column1, column2 FROM EMPLOYEE_RECORDS WHERE condition = 'value'",4.486918160325979,239259,SUCCESS,
0c4fcb96-1152-48b4-8096-e0eb98b20c6c,2025-09-01T05:57:00,4b7e389e-8c78-4e72-ab0b-774df43b399e,hardinjennifer,PROD_WH_LARGE,"SELECT * FROM FINANCIAL_METRICS WHERE created_at >= dateadd('day', -7, current_date())",4.593922931071293,458197,SUCCESS,
3d32ecc9-aced-4cf6-b4d2-9be9f2839f22,2025-09-01T06:08:00,3d8cc43f-0f00-40bd-b8b2-34ac61fc0360,rwilliams,BI_WH_SMALL,"SELECT DISTINCT column1, column2 FROM USER_ACTIVITY_LOGS WHERE condition = 'value'",1.636011521016002,776404,SUCCESS,
dc99a5a4-a8ae-409d-ba6e-0bc93c00d2a2,2025-09-01T06:08:00,ac5e7ada-2f2f-4292-a0e4-18083982547a,lliu,ETL_WH_X-SMALL,SELECT * FROM PRODUCT_INVENTORY LIMIT 1000,4.469027184644746,474719,SUCCESS,
ef39b227-3c55-404e-9ab0-9dd05b8a14c1,2025-09-01T06:21:00,f0c2cfac-cf3b-4053-9e79-a6a4c6bbd187,garciaalison,PROD_WH_X-SMALL,"SELECT DISTINCT column1, column2 FROM USER_ACTIVITY_LOGS WHERE condition = 'value'",3.2587988225337226,141350,SUCCESS,
a44046c4-8133-4297-9ab7-6a3e94d1b4ef,2025-09-01T06:21:00,4bc8b8f2-4d6e-4d5e-8d40-a7b6b3d6bb03,amandamitchell,PROD_WH_MEDIUM,SELECT * FROM FINANCIAL_METRICS LIMIT 1000,1.985335392498857,794371,SUCCESS,
9ef73470-8c68-46d8-a56e-da1c88f80a37,2025-09-01T06:35:00,a3a85592-9f3f-4845-87b8-dd199fcdc3cc,gmoreno,PROD_WH_LARGE,"SELECT DISTINCT column1, column2 FROM EMPLOYEE_RECORDS WHERE condition = 'value'",1.2275684543280512,874883,SUCCESS,
2470c51f-b29c-4538-8177-ef68205d0f71,2025-09-01T06:35:00,f0c2cfac-cf3b-4053-9e79-a6a4c6bbd187,garciaalison,PROD_WH_MEDIUM,"SELECT DISTINCT column1, column2 FROM PRODUCT_INVENTORY WHERE condition = 'value'",2.5851190627974314,736482,SUCCESS,
4dfbe86e-95bc-44cd-83da-37e905fac6ad,2025-09-01T06:41:00,4bc8b8f2-4d6e-4d5e-8d40-a7b6b3d6bb03,amandamitchell,ETL_WH_MEDIUM,SELECT * FROM MARKETING_CAMPAIGNS LIMIT 1000,3.422406359307378,842589,SUCCESS,
7f26e35e-2498-4e4d-af61-30d18b3b13fa,2025-09-01T06:41:00,b92c2609-888c-471e-bf61-4363556df9d8,frank26,BI_WH_LARGE,"SELECT * FROM PRODUCT_INVENTORY WHERE created_at >= dateadd('day', -7, current_date())",2.710140381433825,828315,SUCCESS,
6f596d38-94d0-40ba-86b6-76d96f301f9a,2025-09-01T06:49:00,b92c2609-888c-471e-bf61-4363556df9d8,frank26,BI_WH_X-SMALL,SELECT * FROM CUSTOMER_DATA LIMIT 1000,0.7362714560691926,261238,SUCCESS,
9587d4d3-b8b2-433f-b8a1-37f57e1d9037,2025-09-01T06:49:00,00f99f6f-5fcc-490a-84f9-6b24911c0b2e,emilyhamilton,ETL_WH_X-SMALL,"SELECT * FROM CUSTOMER_DATA WHERE created_at >= dateadd('day', -7, current_date())",3.1888145037559723,14367,SUCCESS,
db6b62e6-97c5-4d0d-98e4-4909d95e7885,2025-09-01T06:57:00,879c852e-e8e8-45c3-9ead-5fa56c9ecfbc,egarcia,ETL_WH_SMALL,"SELECT DISTINCT column1, column2 FROM EMPLOYEE_RECORDS WHERE condition = 'value'",0.5673205729139248,343797,SUCCESS,
033286c3-5451-4e26-9d45-2ddb559923c5,2025-09-01T06:57:00,b92c2609-888c-471e-bf61-4363556df9d8,frank26,BI_WH_LARGE,"SELECT COUNT(*) FROM FINANCIAL_METRICS GROUP BY date_trunc('day', created_at)",4.613077867442371,124316,SUCCESS,
2c04f2fa-92e1-47bc-baa5-b8192d178aa9,2025-09-01T07:10:00,4b7e389e-8c78-4e72-ab0b-774df43b399e,hardinjennifer,BI_WH_LARGE,"SELECT COUNT(*) FROM PRODUCT_INVENTORY GROUP BY date_trunc('day', created_at)",1.3607616687149202,225742,SUCCESS,
1ff232d6-e6e9-469a-b10c-1f75a6aa6dfb,2025-09-01T07:10:00,f22aa1cf-fe8b-4e78-8492-b46e0f46ffda,brandtmisty,DEV_WH_X-SMALL,SELECT * FROM PRODUCT_INVENTORY LIMIT 1000,2.6513940714632773,193746,SUCCESS,
26c142d2-16ae-4f5a-9926-bb65c782076a,2025-09-01T07:16:00,cea2e75f-1ee1-4b1d-90f5-242f82a02bed,erickennedy,BI_WH_X-SMALL,"SELECT COUNT(*) FROM PRODUCT_INVENTORY GROUP BY date_trunc('day', created_at)",3.4473982618635213,414066,SUCCESS,
c302140b-d40f-49bd-9750-0c06f4abff03,2025-09-01T07:16:00,859c34dd-4540-49a3-b26d-f82b1455d905,oatkinson,DEV_WH_X-SMALL,"SELECT COUNT(*) FROM SALES_TRANSACTIONS GROUP BY date_trunc('day', created_at)",4.9393700503657785,181533,SUCCESS,
2329ff6f-442d-4c54-94bb-9847da98bb0f,2025-09-01T07:23:00,00f99f6f-5fcc-490a-84f9-6b24911c0b2e,emilyhamilton,ETL_WH_MEDIUM,"SELECT * FROM PRODUCT_INVENTORY WHERE created_at >= dateadd('day', -7, current_date())",3.482729132410255,707658,SUCCESS,
d03a87d1-cf3b-4b2f-9f98-c53375e03ebe,2025-09-01T07:23:00,57eba2d7-a4fe-48aa-aa7b-ad0e6f1296b7,jose46,DEV_WH_X-SMALL,"SELECT * FROM EMPLOYEE_RECORDS WHERE created_at >= dateadd('day', -7, current_date())",2.0163202716302515,810681,SUCCESS,
f701a71f-05ac-4137-92ee-872ebb7974e8,2025-09-01T07:30:00,00f99f6f-5fcc-490a-84f9-6b24911c0b2e,emilyhamilton,DEV_WH_SMALL,SELECT * FROM SYSTEM_EVENTS LIMIT 1000,4.484692219195041,252462,SUCCESS,
7e663d33-1705-4b2b-b2ba-0b4a29289207,2025-09-01T07:30:00,859c34dd-4540-49a3-b26d-f82b1455d905,oatkinson,ETL_WH_X-SMALL,SELECT * FROM MARKETING_CAMPAIGNS LIMIT 1000,3.3906677135259278,905972,SUCCESS,
802c910b-b220-43b9-a22c-abefb3a5581d,2025-09-01T07:43:00,4663d48b-596a-4f39-b714-8d69ac9a7d2a,robert93,DEV_WH_LARGE,"SELECT * FROM PRODUCT_INVENTORY WHERE created_at >= dateadd('day', -7, current_date())",3.270032848426231,193997,SUCCESS,
f8aa1cb3-ee1f-451d-8e37-9aa352e4c37d,2025-09-01T07:43:00,da0f0f7a-8d2c-4ca9-b82e-cda33fba6610,rachel35,PROD_WH_MEDIUM,"SELECT COUNT(*) FROM MARKETING_CAMPAIGNS GROUP BY date_trunc('day', created_at)",3.20844065078613,496547,SUCCESS,
f57cd9f4-a0d7-4a6d-a1f1-2ae19bc415c1,2025-09-01T07:53:00,3d8cc43f-0f00-40bd-b8b2-34ac61fc0360,rwilliams,PROD_WH_SMALL,"SELECT * FROM PRODUCT_INVENTORY WHERE created_at >= dateadd('day', -7, current_date())",0.9945922229958685,742637,SUCCESS,
0a75f454-68fd-4f5a-8be1-ee5692721e2c,2025-09-01T07:53:00,4663d48b-596a-4f39-b714-8d69ac9a7d2a,robert93,ETL_WH_LARGE,"SELECT * FROM SYSTEM_EVENTS WHERE created_at >= dateadd('day', -7, current_date())",3.901521215537133,67835,SUCCESS,
b9987d89-7f8f-491d-bdcf-cb1bd2dfa7eb,2025-09-01T08:05:00,82e7a6a3-1f49-4f5a-8a2a-96e5a654a185,codyoconnor,DEV_WH_X-SMALL,"SELECT * FROM MARKETING_CAMPAIGNS WHERE created_at >= dateadd('day', -7, current_date())",3.9907347138163702,173880,SUCCESS,
d075a8cb-df3d-4dd1-a543-0f9542444234,2025-09-01T08:05:00,00f99f6f-5fcc-490a-84f9-6b24911c0b2e,emilyhamilton,PROD_WH_MEDIUM,"SELECT * FROM PRODUCT_INVENTORY WHERE created_at >= dateadd('day', -7, current_date())",0.5526231590902938,126436,SUCCESS,
9004bb21-739b-4293-aca4-ee1b6a9c58b7,2025-09-01T08:18:00,00f99f6f-5fcc-490a-84f9-6b24911c0b2e,emilyhamilton,PROD_WH_X-SMALL,"SELECT * FROM PRODUCT_INVENTORY WHERE created_at >= dateadd('day', -7, current_date())",1.120547466102538,529575,SUCCESS,
b6644bd8-84a5-49f4-91a4-b1de8a30409f,2025-09-01T08:18:00,3d8cc43f-0f00-40bd-b8b2-34ac61fc0360,rwilliams,PROD_WH_X-SMALL,"SELECT * FROM CUSTOMER_DATA WHERE created_at >= dateadd('day', -7, current_date())",1.9976546240054855,252160,SUCCESS,
b5bac99f-0e32-420a-a496-2205cb32bd72,2025-09-01T08:30:00,a3a85592-9f3f-4845-87b8-dd199fcdc3cc,gmoreno,ETL_WH_MEDIUM,"SELECT COUNT(*) FROM MARKETING_CAMPAIGNS GROUP BY date_trunc('day', created_at)",2.2348587350050626,585308,SUCCESS,
ca064955-9fd5-4a8d-b608-9fed7368e04b,2025-09-01T08:30:00,89e53854-09b7-4b59-8352-a231c51f8687,glarsen,ETL_WH_X-SMALL,"SELECT COUNT(*) FROM FINANCIAL_METRICS GROUP BY date_trunc('day', created_at)",3.362956392551186,62008,SUCCESS,
f63b4e43-1309-431b-8d54-5eb59ce977e4,2025-09-01T08:41:00,7cd584de-ca92-465c-8ea8-5f7ad356bee6,danasandoval,ETL_WH_X-SMALL,"SELECT DISTINCT column1, column2 FROM EMPLOYEE_RECORDS WHERE condition = 'value'",3.874012293674651,566770,SUCCESS,
5174f2c6-b603-459f-b1f1-e7662ca8b1d0,2025-09-01T08:41:00,9a7a68c7-1b0c-4669-859f-6d352b1e386f,andrew16,DEV_WH_LARGE,"SELECT COUNT(*) FROM EMPLOYEE_RECORDS GROUP BY date_trunc('day', created_at)",4.977008948883219,765272,SUCCESS,
7d96bca4-129c-476d-ac96-cd4dbcaa20e2,2025-09-01T08:54:00,4b7e389e-8c78-4e72-ab0b-774df43b399e,hardinjennifer,PROD_WH_LARGE,"SELECT * FROM FINANCIAL_METRICS WHERE created_at >= dateadd('day', -7, current_date())",1.6402373709925007,725422,SUCCESS,
44c40131-f441-40c1-86c9-283307c9353f,2025-09-01T08:54:00,9a7a68c7-1b0c-4669-859f-6d352b1e386f,andrew16,PROD_WH_X-SMALL,"SELECT COUNT(*) FROM USER_ACTIVITY_LOGS GROUP BY date_trunc('day', created_at)",4.675780221787826,62248,SUCCESS,
33eff946-d1cb-46c5-8698-0481dc81c242,2025-09-01T09:01:00,b92c2609-888c-471e-bf61-4363556df9d8,frank26,BI_WH_SMALL,"SELECT DISTINCT column1, column2 FROM USER_ACTIVITY_LOGS WHERE condition = 'value'",1.159258392006186,353158,SUCCESS,
3ccf98e3-9d46-4d18-9d3c-82dc9fb41d1a,2025-09-01T09:01:00,da0f0f7a-8d2c-4ca9-b82e-cda33fba6610,rachel35,PROD_WH_MEDIUM,"SELECT * FROM SALES_TRANSACTIONS WHERE created_at >= dateadd('day', -7, current_date())",1.9688930882163789,968693,SUCCESS,
263e9aee-27f5-475d-96a1-14204c2094eb,2025-09-01T09:01:00,4bc8b8f2-4d6e-4d5e-8d40-a7b6b3d6bb03,amandamitchell,ETL_WH_MEDIUM,"SELECT COUNT(*) FROM EMPLOYEE_RECORDS GROUP BY date_trunc('day', created_at)",3.183799032445345,826238,SUCCESS,
0aab7f7b-a375-41e3-bddc-8d7208801eac,2025-09-01T09:01:00,00f99f6f-5fcc-490a-84f9-6b24911c0b2e,emilyhamilton,DEV_WH_LARGE,SELECT * FROM USER_ACTIVITY_LOGS LIMIT 1000,2.3992611064271223,353024,SUCCESS,
91c0d529-3ca8-41e7-9419-7cebdf6dceea,2025-09-01T09:01:00,859c34dd-4540-49a3-b26d-f82b1455d905,oatkinson,PROD_WH_SMALL,"SELECT COUNT(*) FROM EMPLOYEE_RECORDS GROUP BY date_trunc('day', created_at)",3.659086428806668,634465,SUCCESS,
335aa88f-f35e-4291-ba44-7a1e0118890d,2025-09-01T09:01:00,879c852e-e8e8-45c3-9ead-5fa56c9ecfbc,egarcia,BI_WH_MEDIUM,"SELECT DISTINCT column1, column2 FROM USER_ACTIVITY_LOGS WHERE condition = 'value'",3.760288959396853,164924,SUCCESS,
90305e16-6b23-4bdb-a048-a5e38335b134,2025-09-01T09:01:00,a3a85592-9f3f-4845-87b8-dd199fcdc3cc,gmoreno,ETL_WH_X-SMALL,SELECT * FROM FINANCIAL_METRICS LIMIT 1000,0.3503913922075409,54865,SUCCESS,
c386972d-89d9-4ec3-939f-423023ef0304,2025-09-01T09:01:00,89e53854-09b7-4b59-8352-a231c51f8687,glarsen,PROD_WH_X-SMALL,"SELECT COUNT(*) FROM PRODUCT_INVENTORY GROUP BY date_trunc('day', created_at)",1.7832522065482683,586036,SUCCESS,
199ae2cd-aab0-4b02-8633-24af4d126bf7,2025-09-01T09:01:00,9a7a68c7-1b0c-4669-859f-6d352b1e386f,andrew16,DEV_WH_X-SMALL,"SELECT COUNT(*) FROM MARKETING_CAMPAIGNS GROUP BY date_trunc('day', created_at)",1.5712172114284833,369740,SUCCESS,
9e9ba0c2-60c5-4488-bef0-ba0a2757c066,2025-09-01T09:01:00,57eba2d7-a4fe-48aa-aa7b-ad0e6f1296b7,jose46,BI_WH_MEDIUM,"SELECT COUNT(*) FROM PRODUCT_INVENTORY GROUP BY date_trunc('day', created_at)",0.8832536703387198,512482,SUCCESS,
c78d1581-9814-48a5-a0b8-c4f48ceab15d,2025-09-01T09:11:00,89e53854-09b7-4b59-8352-a231c51f8687,glarsen,DEV_WH_SMALL,"SELECT DISTINCT column1, column2 FROM FINANCIAL_METRICS WHERE condition = 'value'",2.791112266033547,780452,SUCCESS,
b7376f2e-5019-44be-8fdd-d453fc919613,2025-09-01T09:11:00,b92c2609-888c-471e-bf61-4363556df9d8,frank26,ETL_WH_SMALL,"SELECT DISTINCT column1, column2 FROM SALES_TRANSACTIONS WHERE condition = 'value'",4.449640280875374,792792,SUCCESS,
35eda63f-a420-4489-99ec-bf22e932a65d,2025-09-01T09:11:00,5fb2a072-2bab-4b94-9109-9cbea70c5438,bryancuevas,PROD_WH_LARGE,"SELECT COUNT(*) FROM SALES_TRANSACTIONS GROUP BY date_trunc('day', created_at)",2.045505553716397,182183,SUCCESS,
30efa2d8-5f14-4424-a994-e81966fe0ddc,2025-09-01T09:11:00,f22aa1cf-fe8b-4e78-8492-b46e0f46ffda,brandtmisty,ETL_WH_MEDIUM,"SELECT DISTINCT column1, column2 FROM FINANCIAL_METRICS WHERE condition = 'value'",2.786229264888983,11870,SUCCESS,
b3f05341-51ee-483d-ad8e-7c56ac5ea304,2025-09-01T09:11:00,5fb2a072-2bab-4b94-9109-9cbea70c5438,bryancuevas,DEV_WH_SMALL,"SELECT COUNT(*) FROM CUSTOMER_DATA GROUP BY date_trunc('day', created_at)",2.8581415293077335,504868,SUCCESS,
3408c193-16cc-4c91-a301-95c086ad924c,2025-09-01T09:11:00,859c34dd-4540-49a3-b26d-f82b1455d905,oatkinson,ETL_WH_LARGE,"SELECT DISTINCT column1, column2 FROM SALES_TRANSACTIONS WHERE condition = 'value'",0.9828075808623512,879829,SUCCESS,
ea748fb3-df71-4431-9759-88e77e3e0835,2025-09-01T09:11:00,00f99f6f-5fcc-490a-84f9-6b24911c0b2e,emilyhamilton,DEV_WH_SMALL,"SELECT COUNT(*) FROM CUSTOMER_DATA GROUP BY date_trunc('day', created_at)",1.2498925682625943,574840,SUCCESS,
45c99be9-9c26-4667-807c-34479b2b2339,2025-09-01T09:11:00,3d8cc43f-0f00-40bd-b8b2-34ac61fc0360,rwilliams,PROD_WH_LARGE,"SELECT DISTINCT column1, column2 FROM FINANCIAL_METRICS WHERE condition = 'value'",4.966772163061905,485520,SUCCESS,
0a0bbfc0-0de6-4e95-b78d-72216303d657,2025-09-01T09:11:00,cea2e75f-1ee1-4b1d-90f5-242f82a02bed,erickennedy,DEV_WH_MEDIUM,"SELECT COUNT(*) FROM EMPLOYEE_RECORDS GROUP BY date_trunc('day', created_at)",3.9113425634565653,225660,SUCCESS,
2427bd2e-68fd-4cb9-b5f0-8db6e2195e59,2025-09-01T09:11:00,4b7e389e-8c78-4e72-ab0b-774df43b399e,hardinjennifer,DEV_WH_X-SMALL,"SELECT DISTINCT column1, column2 FROM FINANCIAL_METRICS WHERE condition = 'value'",2.8026205498278887,225388,SUCCESS,
8ceb41f6-7609-4553-965f-b873e029c86d,2025-09-01T09:24:00,5fb2a072-2bab-4b94-9109-9cbea70c5438,bryancuevas,PROD_WH_X-SMALL,"SELECT DISTINCT column1, column2 FROM EMPLOYEE_RECORDS WHERE condition = 'value'",3.6399796324353955,115450,SUCCESS,
3c0b1a5c-d8a0-41f2-9178-fc7d8436f12f,2025-09-01T09:24:00,da0f0f7a-8d2c-4ca9-b82e-cda33fba6610,rachel35,DEV_WH_SMALL,"SELECT * FROM MARKETING_CAMPAIGNS WHERE created_at >= dateadd('day', -7, current_date())",4.523691791476797,617109,SUCCESS,
852abc98-e169-4dde-9cba-726ea6e7ae30,2025-09-01T09:24:00,b92c2609-888c-471e-bf61-4363556df9d8,frank26,DEV_WH_SMALL,"SELECT * FROM USER_ACTIVITY_LOGS WHERE created_at >= dateadd('day', -7, current_date())",3.593831939921799,645606,SUCCESS,
3c26c32b-8eb5-4cf0-80b1-e947bc96fb1c,2025-09-01T09:24:00,4bc8b8f2-4d6e-4d5e-8d40-a7b6b3d6bb03,amandamitchell,ETL_WH_SMALL,SELECT * FROM FINANCIAL_METRICS LIMIT 1000,3.3148865218613257,234677,SUCCESS,
ebd8568f-c2c8-4b80-b55b-6481fe067ff0,2025-09-01T09:24:00,a3a85592-9f3f-4845-87b8-dd199fcdc3cc,gmoreno,BI_WH_SMALL,"SELECT COUNT(*) FROM EMPLOYEE_RECORDS GROUP BY date_trunc('day', created_at)",3.112216093966573,152042,SUCCESS,
2bbd9f78-7277-44c0-9957-afca28773f76,2025-09-01T09:24:00,859c34dd-4540-49a3-b26d-f82b1455d905,oatkinson,PROD_WH_LARGE,"SELECT * FROM CUSTOMER_DATA WHERE created_at >= dateadd('day', -7, current_date())",1.9959704199337511,308000,SUCCESS,
1bb8c635-9e90-4d0b-bc5a-ae62798ab2c2,2025-09-01T09:24:00,b92c2609-888c-471e-bf61-4363556df9d8,frank26,DEV_WH_SMALL,"SELECT DISTINCT column1, column2 FROM MARKETING_CAMPAIGNS WHERE condition = 'value'",0.679749635751843,434965,SUCCESS,
536d27eb-ecf5-43fa-9be0-1ac9ad64e6ee,2025-09-01T09:24:00,7cd584de-ca92-465c-8ea8-5f7ad356bee6,danasandoval,ETL_WH_SMALL,SELECT * FROM CUSTOMER_DATA LIMIT 1000,0.8048809503835772,697146,SUCCESS,
76fb683a-d7b0-4bc2-bd5e-5a1afa7d7e51,2025-09-01T09:24:00,4b7e389e-8c78-4e72-ab0b-774df43b399e,hardinjennifer,PROD_WH_MEDIUM,SELECT * FROM MARKETING_CAMPAIGNS LIMIT 1000,2.900824199806599,616144,SUCCESS,
7b203684-537b-46c9-9072-9ca5fe843614,2025-09-01T09:24:00,879c852e-e8e8-45c3-9ead-5fa56c9ecfbc,egarcia,PROD_WH_MEDIUM,"SELECT COUNT(*) FROM FINANCIAL_METRICS GROUP BY date_trunc('day', created_at)",3.7559207991411006,168419,SUCCESS,
c875a027-71fc-4a6c-81cb-968edc412e59,2025-09-01T09:30:00,00f99f6f-5fcc-490a-84f9-6b24911c0b2e,emilyhamilton,BI_WH_X-SMALL,SELECT * FROM EMPLOYEE_RECORDS LIMIT 1000,2.076660388594172,68250,SUCCESS,
cdfbada7-552f-4682-b562-e72a69e54ac5,2025-09-01T09:30:00,00f99f6f-5fcc-490a-84f9-6b24911c0b2e,emilyhamilton,PROD_WH_X-SMALL,SELECT * FROM MARKETING_CAMPAIGNS LIMIT 1000,2.908419563374829,673116,SUCCESS,
1f2b4253-a956-4af2-9bbb-8508a68e609c,2025-09-01T09:30:00,4b7e389e-8c78-4e72-ab0b-774df43b399e,hardinjennifer,ETL_WH_LARGE,SELECT * FROM MARKETING_CAMPAIGNS LIMIT 1000,1.364399606844046,892684,SUCCESS,
ba139f46-c5cd-4155-b079-d36745e86ae4,2025-09-01T09:30:00,57eba2d7-a4fe-48aa-aa7b-ad0e6f1296b7,jose46,DEV_WH_MEDIUM,SELECT * FROM FINANCIAL_METRICS LIMIT 1000,2.1958358991397677,59956,SUCCESS,
78344fb8-d532-4e1b-96bf-d3c67b95739b,2025-09-01T09:30:00,4bc8b8f2-4d6e-4d5e-8d40-a7b6b3d6bb03,amandamitchell,PROD_WH_LARGE,"SELECT DISTINCT column1, column2 FROM PRODUCT_INVENTORY WHERE condition = 'value'",3.9523578931066834,683429,SUCCESS,
e055560a-e5f3-4277-8f4a-90722df7284f,2025-09-01T09:30:00,00f99f6f-5fcc-490a-84f9-6b24911c0b2e,emilyhamilton,DEV_WH_SMALL,"SELECT DISTINCT column1, column2 FROM SYSTEM_EVENTS WHERE condition = 'value'",3.4050082635206462,625949,SUCCESS,
7619a22f-50e2-42a4-b661-db62d7ba1f1d,2025-09-01T09:30:00,57eba2d7-a4fe-48aa-aa7b-ad0e6f1296b7,jose46,DEV_WH_X-SMALL,"SELECT DISTINCT column1, column2 FROM SYSTEM_EVENTS WHERE condition = 'value'",4.575799311705231,890914,SUCCESS,
dd16fe4e-2cfa-40fd-9cec-64ecff4010d7,2025-09-01T09:30:00,4bc8b8f2-4d6e-4d5e-8d40-a7b6b3d6bb03,amandamitchell,ETL_WH_MEDIUM,"SELECT DISTINCT column1, column2 FROM SYSTEM_EVENTS WHERE condition = 'value'",4.041958007860905,24166,SUCCESS,
e9a55ffe-16aa-45c6-81dc-bd5c4e95c266,2025-09-01T09:30:00,879c852e-e8e8-45c3-9ead-5fa56c9ecfbc,egarcia,PROD_WH_X-SMALL,SELECT * FROM MARKETING_CAMPAIGNS LIMIT 1000,0.911967335010369,495928,SUCCESS,
597618f7-10c7-41b8-b0df-583cf59994e5,2025-09-01T09:30:00,7cd584de-ca92-465c-8ea8-5f7ad356bee6,danasandoval,BI_WH_LARGE,"SELECT DISTINCT column1, column2 FROM PRODUCT_INVENTORY WHERE condition = 'value'",3.639640366115006,457935,SUCCESS,
92770488-d41f-4e27-82e0-71b35910393e,2025-09-01T09:39:00,7cd584de-ca92-465c-8ea8-5f7ad356bee6,danasandoval,PROD_WH_MEDIUM,"SELECT DISTINCT column1, column2 FROM SYSTEM_EVENTS WHERE condition = 'value'",1.5006771111616988,675947,SUCCESS,
395250c2-d674-451f-88c1-92d0b6ec5813,2025-09-01T09:39:00,82e7a6a3-1f49-4f5a-8a2a-96e5a654a185,codyoconnor,ETL_WH_X-SMALL,SELECT * FROM CUSTOMER_DATA LIMIT 1000,0.45258149528596914,58497,SUCCESS,
1fa3b827-9bdb-40cc-afb6-37321a6eeb98,2025-09-01T09:39:00,82e7a6a3-1f49-4f5a-8a2a-96e5a654a185,codyoconnor,DEV_WH_MEDIUM,"SELECT * FROM USER_ACTIVITY_LOGS WHERE created_at >= dateadd('day', -7, current_date())",0.35183700901208137,608641,SUCCESS,
4e5f000f-2b06-4cba-a342-2a25ca93468a,2025-09-01T09:39:00,f0c2cfac-cf3b-4053-9e79-a6a4c6bbd187,garciaalison,PROD_WH_MEDIUM,SELECT * FROM SYSTEM_EVENTS LIMIT 1000,2.293280535022118,583422,SUCCESS,
c4c8718c-9a20-4832-8dc8-61bbbc750e78,2025-09-01T09:39:00,5fb2a072-2bab-4b94-9109-9cbea70c5438,bryancuevas,PROD_WH_X-SMALL,"SELECT DISTINCT column1, column2 FROM SYSTEM_EVENTS WHERE condition = 'value'",3.8488900374572235,856424,SUCCESS,
fc619271-6d3f-46ad-8bc7-562a7dd32e68,2025-09-01T09:39:00,cea2e75f-1ee1-4b1d-90f5-242f82a02bed,erickennedy,PROD_WH_X-SMALL,"SELECT DISTINCT column1, column2 FROM PRODUCT_INVENTORY WHERE condition = 'value'",0.4211754241188185,821768,SUCCESS,
ec2df1ce-b46b-4e8a-afde-4b1a9af44584,2025-09-01T09:39:00,82e7a6a3-1f49-4f5a-8a2a-96e5a654a185,codyoconnor,BI_WH_SMALL,"SELECT COUNT(*) FROM EMPLOYEE_RECORDS GROUP BY date_trunc('day', created_at)",2.7495366705292748,420179,SUCCESS,
907546a6-2ee8-4fe5-9f9d-52290e42f0fa,2025-09-01T09:39:00,4b7e389e-8c78-4e72-ab0b-774df43b399e,hardinjennifer,PROD_WH_LARGE,"SELECT * FROM MARKETING_CAMPAIGNS WHERE created_at >= dateadd('day', -7, current_date())",4.273062391261337,305519,SUCCESS,
2549a912-2dc1-4979-a87d-b75d24e42669,2025-09-01T09:39:00,cea2e75f-1ee1-4b1d-90f5-242f82a02bed,erickennedy,BI_WH_SMALL,"SELECT DISTINCT column1, column2 FROM PRODUCT_INVENTORY WHERE condition = 'value'",3.6083957553589308,420804,SUCCESS,
d2d388b8-802d-4bf6-aa87-803178b582ac,2025-09-01T09:39:00,f0c2cfac-cf3b-4053-9e79-a6a4c6bbd187,garciaalison,DEV_WH_MEDIUM,"SELECT * FROM SALES_TRANSACTIONS WHERE created_at >= dateadd('day', -7, current_date())",0.7445038528702425,866582,SUCCESS,
a1957254-8999-477b-8a97-6cf7ac35751f,2025-09-01T09:49:00,4663d48b-596a-4f39-b714-8d69ac9a7d2a,robert93,BI_WH_X-SMALL,SELECT * FROM PRODUCT_INVENTORY LIMIT 1000,4.352280303524997,755285,SUCCESS,
1674e49c-08a1-4db5-b2d6-ebc85555d90f,2025-09-01T09:49:00,859c34dd-4540-49a3-b26d-f82b1455d905,oatkinson,PROD_WH_MEDIUM,SELECT * FROM FINANCIAL_METRICS LIMIT 1000,1.2777996048211893,802133,SUCCESS,
d3064df4-9c8b-4ab7-a3d8-0a3b5f7403ac,2025-09-01T09:49:00,da0f0f7a-8d2c-4ca9-b82e-cda33fba6610,rachel35,ETL_WH_X-SMALL,"SELECT COUNT(*) FROM USER_ACTIVITY_LOGS GROUP BY date_trunc('day', created_at)",2.1234477381608055,985782,SUCCESS,
671408e7-3e08-4875-97b6-023d9467e565,2025-09-01T09:49:00,89e53854-09b7-4b59-8352-a231c51f8687,glarsen,PROD_WH_SMALL,"SELECT COUNT(*) FROM FINANCIAL_METRICS GROUP BY date_trunc('day', created_at)",1.6686585814471018,993159,SUCCESS,
b30616fe-c3dd-48f4-beb4-2d261feac654,2025-09-01T09:49:00,82e7a6a3-1f49-4f5a-8a2a-96e5a654a185,codyoconnor,PROD_WH_MEDIUM,"SELECT COUNT(*) FROM SYSTEM_EVENTS GROUP BY date_trunc('day', created_at)",2.610769286971508,391342,SUCCESS,
1e2d584b-a598-47bb-9128-54688b443486,2025-09-01T09:49:00,a3a85592-9f3f-4845-87b8-dd199fcdc3cc,gmoreno,BI_WH_MEDIUM,SELECT * FROM SYSTEM_EVENTS LIMIT 1000,2.299562865468501,860687,SUCCESS,
a93e005d-de80-4e4d-aa09-084f40051201,2025-09-01T09:49:00,4bc8b8f2-4d6e-4d5e-8d40-a7b6b3d6bb03,amandamitchell,DEV_WH_LARGE,"SELECT DISTINCT column1, column2 FROM FINANCIAL_METRICS WHERE condition = 'value'",2.4390554240314373,375553,SUCCESS,
4d1f189a-2f00-4031-9d2f-698ca27bb709,2025-09-01T09:49:00,cea2e75f-1ee1-4b1d-90f5-242f82a02bed,erickennedy,BI_WH_X-SMALL,SELECT * FROM FINANCIAL_METRICS LIMIT 1000,1.903210534940766,347697,SUCCESS,
4814a7da-d673-4760-9cbe-6c5b79a70f69,2025-09-01T09:49:00,3d8cc43f-0f00-40bd-b8b2-34ac61fc0360,rwilliams,DEV_WH_X-SMALL,"SELECT COUNT(*) FROM EMPLOYEE_RECORDS GROUP BY date_trunc('day', created_at)",1.5727907850447516,471784,SUCCESS,
c6a7d0d3-5abe-4c5e-adf7-ba49999a2268,2025-09-01T09:49:00,57eba2d7-a4fe-48aa-aa7b-ad0e6f1296b7,jose46,DEV_WH_SMALL,SELECT * FROM MARKETING_CAMPAIGNS LIMIT 1000,0.7702184008588032,391890,SUCCESS,
a7a111ea-3ac5-4c96-aa65-0ace66a43127,2025-09-01T10:01:00,ac5e7ada-2f2f-4292-a0e4-18083982547a,lliu,ETL_WH_X-SMALL,"SELECT COUNT(*) FROM USER_ACTIVITY_LOGS GROUP BY date_trunc('day', created_at)",2.2859874001013525,306993,SUCCESS,
2d77d472-3465-4fea-85af-ea910314925c,2025-09-01T10:01:00,879c852e-e8e8-45c3-9ead-5fa56c9ecfbc,egarcia,PROD_WH_X-SMALL,SELECT * FROM SALES_TRANSACTIONS LIMIT 1000,1.747786053188858,22194,SUCCESS,
760d75a7-3ab7-47be-b465-851fe9b2af7a,2025-09-01T10:01:00,879c852e-e8e8-45c3-9ead-5fa56c9ecfbc,egarcia,DEV_WH_SMALL,"SELECT DISTINCT column1, column2 FROM CUSTOMER_DATA WHERE condition = 'value'",2.4205507527341092,730836,SUCCESS,
f372501f-9225-44c6-bbf3-a9258a0f67c0,2025-09-01T10:01:00,da0f0f7a-8d2c-4ca9-b82e-cda33fba6610,rachel35,BI_WH_LARGE,SELECT * FROM USER_ACTIVITY_LOGS LIMIT 1000,4.917823111341675,261374,SUCCESS,
bf8d91f6-8f23-4a8c-88cb-7d08f28a6eac,2025-09-01T10:01:00,da0f0f7a-8d2c-4ca9-b82e-cda33fba6610,rachel35,PROD_WH_LARGE,"SELECT DISTINCT column1, column2 FROM USER_ACTIVITY_LOGS WHERE condition = 'value'",1.2204818713618555,424059,SUCCESS,
43be2c30-2a77-4fe7-a124-c50060401521,2025-09-01T10:01:00,ac5e7ada-2f2f-4292-a0e4-18083982547a,lliu,DEV_WH_LARGE,"SELECT * FROM FINANCIAL_METRICS WHERE created_at >= dateadd('day', -7, current_date())",2.022369659345144,280978,SUCCESS,
260d4a07-5f6c-4ded-9765-58c69a897db9,2025-09-01T10:01:00,89e53854-09b7-4b59-8352-a231c51f8687,glarsen,PROD_WH_SMALL,"SELECT COUNT(*) FROM PRODUCT_INVENTORY GROUP BY date_trunc('day', created_at)",1.2814963729174924,877490,SUCCESS,
c25f8b68-f6e7-4c00-a84e-0618be15afa7,2025-09-01T10:01:00,9a7a68c7-1b0c-4669-859f-6d352b1e386f,andrew16,ETL_WH_SMALL,SELECT * FROM MARKETING_CAMPAIGNS LIMIT 1000,2.7123958537871022,396646,SUCCESS,
b6dc1370-ab89-4217-9e3e-368a2c591b3d,2025-09-01T10:01:00,879c852e-e8e8-45c3-9ead-5fa56c9ecfbc,egarcia,ETL_WH_MEDIUM,"SELECT COUNT(*) FROM CUSTOMER_DATA GROUP BY date_trunc('day', created_at)",0.41044082607078536,746005,SUCCESS,
87cd76cd-2a94-429f-ac62-62a31cf0a0cf,2025-09-01T10:01:00,3d8cc43f-0f00-40bd-b8b2-34ac61fc0360,rwilliams,PROD_WH_MEDIUM,"SELECT * FROM FINANCIAL_METRICS WHERE created_at >= dateadd('day', -7, current_date())",2.8392081321060214,608122,SUCCESS,
2ae47a8c-b2e6-4391-ba5a-3e974196aef3,2025-09-01T10:15:00,3d8cc43f-0f00-40bd-b8b2-34ac61fc0360,rwilliams,DEV_WH_SMALL,"SELECT DISTINCT column1, column2 FROM USER_ACTIVITY_LOGS WHERE condition = 'value'",2.2690535442935293,316674,SUCCESS,
957e7fd2-6b79-400b-ad90-aeef35005494,2025-09-01T10:15:00,82e7a6a3-1f49-4f5a-8a2a-96e5a654a185,codyoconnor,DEV_WH_MEDIUM,"SELECT DISTINCT column1, column2 FROM FINANCIAL_METRICS WHERE condition = 'value'",2.297276532229434,571769,SUCCESS,
af3bf314-60e9-4e03-bbf0-cb4ca4c830f5,2025-09-01T10:15:00,57eba2d7-a4fe-48aa-aa7b-ad0e6f1296b7,jose46,BI_WH_MEDIUM,"SELECT COUNT(*) FROM MARKETING_CAMPAIGNS GROUP BY date_trunc('day', created_at)",2.9850144707801354,806135,SUCCESS,
44dadf02-80fb-4544-8dab-6f299aa51644,2025-09-01T10:15:00,ac5e7ada-2f2f-4292-a0e4-18083982547a,lliu,ETL_WH_MEDIUM,"SELECT COUNT(*) FROM USER_ACTIVITY_LOGS GROUP BY date_trunc('day', created_at)",3.167097356279475,492719,SUCCESS,
36a6978f-e2d2-460b-a75e-46df9343e471,2025-09-01T10:15:00,5fb2a072-2bab-4b94-9109-9cbea70c5438,bryancuevas,PROD_WH_SMALL,SELECT * FROM SALES_TRANSACTIONS LIMIT 1000,1.6146947547482091,325605,SUCCESS,
f6f91ad5-9697-4b08-a3c8-47211312f9ce,2025-09-01T10:15:00,7cd584de-ca92-465c-8ea8-5f7ad356bee6,danasandoval,PROD_WH_X-SMALL,"SELECT * FROM USER_ACTIVITY_LOGS WHERE created_at >= dateadd('day', -7, current_date())",4.733850609081313,876106,SUCCESS,
0929683f-d95e-4074-97c3-a832a026564b,2025-09-01T10:15:00,4b7e389e-8c78-4e72-ab0b-774df43b399e,hardinjennifer,BI_WH_X-SMALL,SELECT * FROM CUSTOMER_DATA LIMIT 1000,1.4942187542847294,436882,SUCCESS,
bb775a3d-5f80-4b82-bb52-3f27f8c51544,2025-09-01T10:15:00,57eba2d7-a4fe-48aa-aa7b-ad0e6f1296b7,jose46,ETL_WH_X-SMALL,"SELECT COUNT(*) FROM FINANCIAL_METRICS GROUP BY date_trunc('day', created_at)",2.2371564885638517,515819,SUCCESS,
56d5b4d1-e80a-4a9c-8d02-a6f7c69b67e4,2025-09-01T10:15:00,f22aa1cf-fe8b-4e78-8492-b46e0f46ffda,brandtmisty,BI_WH_LARGE,"SELECT * FROM SALES_TRANSACTIONS WHERE created_at >= dateadd('day', -7, current_date())",4.945591170368308,631748,SUCCESS,
91dde2ac-9b2c-4a8e-8698-3d44fc32ee8b,2025-09-01T10:15:00,7cd584de-ca92-465c-8ea8-5f7ad356bee6,danasandoval,ETL_WH_LARGE,"SELECT COUNT(*) FROM MARKETING_CAMPAIGNS GROUP BY date_trunc('day', created_at)",2.8265915042232224,482218,SUCCESS,
2ee985f8-4319-4eb1-908b-0bcc434d5ead,2025-09-01T10:30:00,4663d48b-596a-4f39-b714-8d69ac9a7d2a,robert93,ETL_WH_MEDIUM,"SELECT COUNT(*) FROM MARKETING_CAMPAIGNS GROUP BY date_trunc('day', created_at)",4.9141052544937205,368771,SUCCESS,
46f0cccd-f81a-41a7-9a6a-eb36baae0c59,2025-09-01T10:30:00,da0f0f7a-8d2c-4ca9-b82e-cda33fba6610,rachel35,PROD_WH_MEDIUM,"SELECT DISTINCT column1, column2 FROM SALES_TRANSACTIONS WHERE condition = 'value'",3.5457559407167234,48392,SUCCESS,
6c09b754-ecfa-4f90-9aaf-80b25c9050bf,2025-09-01T10:30:00,57eba2d7-a4fe-48aa-aa7b-ad0e6f1296b7,jose46,BI_WH_MEDIUM,"SELECT COUNT(*) FROM CUSTOMER_DATA GROUP BY date_trunc('day', created_at)",1.1820129851970973,283791,SUCCESS,
301b4af6-01e3-4e64-9d8b-9b58fb25e129,2025-09-01T10:30:00,a3a85592-9f3f-4845-87b8-dd199fcdc3cc,gmoreno,BI_WH_X-SMALL,"SELECT COUNT(*) FROM CUSTOMER_DATA GROUP BY date_trunc('day', created_at)",4.433517312627009,482943,SUCCESS,
e646e7ba-ae28-49de-8ebb-8b221e69858d,2025-09-01T10:30:00,89e53854-09b7-4b59-8352-a231c51f8687,glarsen,PROD_WH_SMALL,"SELECT DISTINCT column1, column2 FROM MARKETING_CAMPAIGNS WHERE condition = 'value'",0.6079113809311567,717572,SUCCESS,
dd0b3d4e-1af2-45ef-ab12-74e8e625d5c4,2025-09-01T10:30:00,3d8cc43f-0f00-40bd-b8b2-34ac61fc0360,rwilliams,ETL_WH_LARGE,"SELECT DISTINCT column1, column2 FROM CUSTOMER_DATA WHERE condition = 'value'",4.869653059178734,904862,SUCCESS,
942c304a-501d-4e33-843e-840e76e4f8ee,2025-09-01T10:30:00,89e53854-09b7-4b59-8352-a231c51f8687,glarsen,BI_WH_MEDIUM,"SELECT * FROM FINANCIAL_METRICS WHERE created_at >= dateadd('day', -7, current_date())",1.097156898787114,188674,SUCCESS,
7aab8e45-6de9-4edb-9d39-1c1aa5b4e194,2025-09-01T10:30:00,00f99f6f-5fcc-490a-84f9-6b24911c0b2e,emilyhamilton,ETL_WH_LARGE,"SELECT DISTINCT column1, column2 FROM PRODUCT_INVENTORY WHERE condition = 'value'",4.892649522258446,241478,SUCCESS,
2c6c339f-b8de-4fd1-9cbd-43a8fc9de213,2025-09-01T10:30:00,f0c2cfac-cf3b-4053-9e79-a6a4c6bbd187,garciaalison,BI_WH_MEDIUM,"SELECT COUNT(*) FROM MARKETING_CAMPAIGNS GROUP BY date_trunc('day', created_at)",2.6951194315505136,583672,SUCCESS,
a9f9ce62-1893-4a86-b6ac-f7e14afd450e,2025-09-01T10:30:00,da0f0f7a-8d2c-4ca9-b82e-cda33fba6610,rachel35,BI_WH_SMALL,"SELECT * FROM SYSTEM_EVENTS WHERE created_at >= dateadd('day', -7, current_date())",0.19573583105036685,67091,SUCCESS,
8727e225-b9de-4783-87f3-b36245dff3ba,2025-09-01T10:38:00,82e7a6a3-1f49-4f5a-8a2a-96e5a654a185,codyoconnor,BI_WH_SMALL,"SELECT * FROM MARKETING_CAMPAIGNS WHERE created_at >= dateadd('day', -7, current_date())",1.9060668279302722,803120,SUCCESS,
fdd55ff7-1dc1-4ce9-aa4d-1abd10bedbee,2025-09-01T10:38:00,5fb2a072-2bab-4b94-9109-9cbea70c5438,bryancuevas,BI_WH_SMALL,"SELECT COUNT(*) FROM SALES_TRANSACTIONS GROUP BY date_trunc('day', created_at)",0.35431629983427104,650917,SUCCESS,
c228d181-50ad-4c9e-8767-d1e238dfc8d4,2025-09-01T10:38:00,b92c2609-888c-471e-bf61-4363556df9d8,frank26,BI_WH_SMALL,"SELECT DISTINCT column1, column2 FROM SALES_TRANSACTIONS WHERE condition = 'value'",2.201249609074042,38790,SUCCESS,
9b23cb12-c635-4f2c-8576-8538e4fe12d9,2025-09-01T10:38:00,a3a85592-9f3f-4845-87b8-dd199fcdc3cc,gmoreno,PROD_WH_X-SMALL,"SELECT COUNT(*) FROM FINANCIAL_METRICS GROUP BY date_trunc('day', created_at)",3.555839517603961,770325,SUCCESS,
d3565199-8ad1-4534-8655-7e4edf86304e,2025-09-01T10:38:00,00f99f6f-5fcc-490a-84f9-6b24911c0b2e,emilyhamilton,PROD_WH_MEDIUM,"SELECT * FROM SALES_TRANSACTIONS WHERE created_at >= dateadd('day', -7, current_date())",1.6458590098340142,879911,SUCCESS,
eae655d6-e716-4c59-81e0-d51cc6544b69,2025-09-01T10:38:00,4bc8b8f2-4d6e-4d5e-8d40-a7b6b3d6bb03,amandamitchell,ETL_WH_SMALL,"SELECT DISTINCT column1, column2 FROM SALES_TRANSACTIONS WHERE condition = 'value'",4.139616323554952,558742,SUCCESS,
b55cc629-7879-4896-a889-36d480e7dec1,2025-09-01T10:38:00,cea2e75f-1ee1-4b1d-90f5-242f82a02bed,erickennedy,DEV_WH_X-SMALL,SELECT * FROM USER_ACTIVITY_LOGS LIMIT 1000,2.3496138333327257,588773,SUCCESS,
18ccf759-f763-47cd-be0e-c8621be3d287,2025-09-01T10:38:00,b92c2609-888c-471e-bf61-4363556df9d8,frank26,ETL_WH_SMALL,"SELECT DISTINCT column1, column2 FROM PRODUCT_INVENTORY WHERE condition = 'value'",1.4913021144210192,646077,SUCCESS,
2b21763d-820e-42fa-bd64-50d1de97623e,2025-09-01T10:38:00,5fb2a072-2bab-4b94-9109-9cbea70c5438,bryancuevas,ETL_WH_LARGE,"SELECT COUNT(*) FROM SALES_TRANSACTIONS GROUP BY date_trunc('day', created_at)",3.257824591718771,463554,SUCCESS,
fe0975d8-5d08-450b-974a-c4f0d7d18a30,2025-09-01T10:38:00,4bc8b8f2-4d6e-4d5e-8d40-a7b6b3d6bb03,amandamitchell,PROD_WH_LARGE,"SELECT COUNT(*) FROM FINANCIAL_METRICS GROUP BY date_trunc('day', created_at)",1.1724340223911778,255772,SUCCESS,
75ec6ea0-3f5c-4dc0-8de9-801a72dc1315,2025-09-01T10:52:00,00f99f6f-5fcc-490a-84f9-6b24911c0b2e,emilyhamilton,DEV_WH_SMALL,"SELECT COUNT(*) FROM CUSTOMER_DATA GROUP BY date_trunc('day', created_at)",4.098795766539481,828332,SUCCESS,
e13f4f76-de57-47a7-a80b-6fffa923e0d6,2025-09-01T10:52:00,879c852e-e8e8-45c3-9ead-5fa56c9ecfbc,egarcia,BI_WH_SMALL,SELECT * FROM CUSTOMER_DATA LIMIT 1000,1.6844894045681476,854342,SUCCESS,
c470589d-be8d-4832-bbc6-ceffb180a80a,2025-09-01T10:52:00,4b7e389e-8c78-4e72-ab0b-774df43b399e,hardinjennifer,DEV_WH_MEDIUM,SELECT * FROM FINANCIAL_METRICS LIMIT 1000,4.36763170263459,646386,SUCCESS,
d3829792-b3c1-46e7-9924-ae96c8f35fc9,2025-09-01T10:52:00,f0c2cfac-cf3b-4053-9e79-a6a4c6bbd187,garciaalison,PROD_WH_SMALL,"SELECT * FROM SYSTEM_EVENTS WHERE created_at >= dateadd('day', -7, current_date())",4.0013450099671575,33649,SUCCESS,
1104e51c-027d-4cce-b772-66d6819b530b,2025-09-01T10:52:00,5fb2a072-2bab-4b94-9109-9cbea70c5438,bryancuevas,ETL_WH_MEDIUM,SELECT * FROM MARKETING_CAMPAIGNS LIMIT 1000,3.373131743896389,789783,SUCCESS,
0c96b191-8553-4eea-91bb-774fcc889806,2025-09-01T10:52:00,4663d48b-596a-4f39-b714-8d69ac9a7d2a,robert93,PROD_WH_X-SMALL,"SELECT COUNT(*) FROM PRODUCT_INVENTORY GROUP BY date_trunc('day', created_at)",2.172472808353698,92064,SUCCESS,
f501f949-2927-4377-a72c-ad46d9a79ca2,2025-09-01T10:52:00,82e7a6a3-1f49-4f5a-8a2a-96e5a654a185,codyoconnor,ETL_WH_X-SMALL,"SELECT DISTINCT column1, column2 FROM USER_ACTIVITY_LOGS WHERE condition = 'value'",0.334405175303974,748727,SUCCESS,
7a7edee6-6649-4077-ba9c-8e603e63c2a5,2025-09-01T10:52:00,4663d48b-596a-4f39-b714-8d69ac9a7d2a,robert93,ETL_WH_LARGE,"SELECT COUNT(*) FROM SALES_TRANSACTIONS GROUP BY date_trunc('day', created_at)",0.4260555865872797,734257,SUCCESS,
8087f033-4732-4711-882e-6bee9a598c44,2025-09-01T10:52:00,879c852e-e8e8-45c3-9ead-5fa56c9ecfbc,egarcia,PROD_WH_SMALL,"SELECT DISTINCT column1, column2 FROM PRODUCT_INVENTORY WHERE condition = 'value'",4.900904034840285,329610,SUCCESS,
0aabe636-71f1-49be-b951-2fe8051a6edb,2025-09-01T10:52:00,a3a85592-9f3f-4845-87b8-dd199fcdc3cc,gmoreno,PROD_WH_X-SMALL,"SELECT * FROM SYSTEM_EVENTS WHERE created_at >= dateadd('day', -7, current_date())",1.4351073453726493,37396,SUCCESS,
16e1dd25-8450-4331-9711-1ce8ab66b21f,2025-09-01T11:02:00,859c34dd-4540-49a3-b26d-f82b1455d905,oatkinson,PROD_WH_MEDIUM,SELECT * FROM FINANCIAL_METRICS LIMIT 1000,0.4712685788597363,795062,SUCCESS,
e31d695c-4d73-4106-9ffb-8be7086f0de4,2025-09-01T11:02:00,f0c2cfac-cf3b-4053-9e79-a6a4c6bbd187,garciaalison,DEV_WH_X-SMALL,"SELECT DISTINCT column1, column2 FROM PRODUCT_INVENTORY WHERE condition = 'value'",1.5427175423102937,457625,SUCCESS,
cde8b5f6-d78b-4155-b6cc-73dc1af30820,2025-09-01T11:02:00,cea2e75f-1ee1-4b1d-90f5-242f82a02bed,erickennedy,BI_WH_LARGE,"SELECT COUNT(*) FROM EMPLOYEE_RECORDS GROUP BY date_trunc('day', created_at)",0.644538261723024,627391,SUCCESS,
5f07d330-fee8-4fa8-806f-a59c4d09103d,2025-09-01T11:02:00,a3a85592-9f3f-4845-87b8-dd199fcdc3cc,gmoreno,PROD_WH_MEDIUM,"SELECT * FROM SYSTEM_EVENTS WHERE created_at >= dateadd('day', -7, current_date())",1.9339003176279597,486285,SUCCESS,
fad2fbcc-c8ee-432b-9d49-48783f18d22a,2025-09-01T11:02:00,4b7e389e-8c78-4e72-ab0b-774df43b399e,hardinjennifer,DEV_WH_LARGE,"SELECT COUNT(*) FROM SALES_TRANSACTIONS GROUP BY date_trunc('day', created_at)",4.439562781452047,626481,SUCCESS,
2417b4d2-da04-4ddc-98d3-136e0b86b1d9,2025-09-01T11:02:00,f22aa1cf-fe8b-4e78-8492-b46e0f46ffda,brandtmisty,DEV_WH_SMALL,SELECT * FROM EMPLOYEE_RECORDS LIMIT 1000,2.545626924049994,75981,SUCCESS,
71a04212-b0b5-472f-a552-cd98bfbe01ad,2025-09-01T11:02:00,b92c2609-888c-471e-bf61-4363556df9d8,frank26,PROD_WH_LARGE,SELECT * FROM EMPLOYEE_RECORDS LIMIT 1000,2.9440002016084326,28777,SUCCESS,
f1385d64-cde2-4c47-9432-99a9c2cf550c,2025-09-01T11:02:00,f22aa1cf-fe8b-4e78-8492-b46e0f46ffda,brandtmisty,ETL_WH_MEDIUM,"SELECT DISTINCT column1, column2 FROM FINANCIAL_METRICS WHERE condition = 'value'",4.9332196365759104,27492,SUCCESS,
7332b066-3d3f-484d-b129-ad6dda2fcc8e,2025-09-01T11:02:00,4663d48b-596a-4f39-b714-8d69ac9a7d2a,robert93,PROD_WH_SMALL,SELECT * FROM MARKETING_CAMPAIGNS LIMIT 1000,3.606280209247867,848153,SUCCESS,
76699847-8d93-40a3-aaa6-e3f19a44bb8e,2025-09-01T11:02:00,89e53854-09b7-4b59-8352-a231c51f8687,glarsen,ETL_WH_SMALL,"SELECT DISTINCT column1, column2 FROM SYSTEM_EVENTS WHERE condition = 'value'",2.0459220550913355,947100,SUCCESS,
42f0b9ad-0481-401f-8828-6f416448c022,2025-09-01T11:08:00,5fb2a072-2bab-4b94-9109-9cbea70c5438,bryancuevas,ETL_WH_MEDIUM,SELECT * FROM SYSTEM_EVENTS LIMIT 1000,3.8324085200060765,963329,SUCCESS,
9a3568bc-bef8-4d7e-9a60-08c848c6f002,2025-09-01T11:08:00,ac5e7ada-2f2f-4292-a0e4-18083982547a,lliu,ETL_WH_LARGE,"SELECT * FROM CUSTOMER_DATA WHERE created_at >= dateadd('day', -7, current_date())",4.8569193704021725,916083,SUCCESS,
79c4d6cc-2408-494f-a13d-fb1b9fff5bf3,2025-09-01T11:08:00,3d8cc43f-0f00-40bd-b8b2-34ac61fc0360,rwilliams,ETL_WH_SMALL,"SELECT DISTINCT column1, column2 FROM EMPLOYEE_RECORDS WHERE condition = 'value'",4.952121511579552,863887,SUCCESS,
cef46449-7b61-4dbf-b12a-a79a8556876f,2025-09-01T11:08:00,7cd584de-ca92-465c-8ea8-5f7ad356bee6,danasandoval,DEV_WH_X-SMALL,"SELECT COUNT(*) FROM PRODUCT_INVENTORY GROUP BY date_trunc('day', created_at)",3.398009201242629,215862,SUCCESS,
14e722e8-c4f6-4c74-9943-3558040378bc,2025-09-01T11:08:00,00f99f6f-5fcc-490a-84f9-6b24911c0b2e,emilyhamilton,BI_WH_SMALL,"SELECT COUNT(*) FROM FINANCIAL_METRICS GROUP BY date_trunc('day', created_at)",2.3084194287798887,613426,SUCCESS,
e7bcc430-d370-4078-b034-55b81538cd34,2025-09-01T11:08:00,7cd584de-ca92-465c-8ea8-5f7ad356bee6,danasandoval,BI_WH_X-SMALL,"SELECT COUNT(*) FROM SYSTEM_EVENTS GROUP BY date_trunc('day', created_at)",3.4828163402716212,456623,SUCCESS,
27bede32-edaa-4d5a-884a-83b3c3e70377,2025-09-01T11:08:00,f0c2cfac-cf3b-4053-9e79-a6a4c6bbd187,garciaalison,BI_WH_LARGE,"SELECT * FROM EMPLOYEE_RECORDS WHERE created_at >= dateadd('day', -7, current_date())",1.4579492043472368,272481,SUCCESS,
f901579b-cc54-407b-b1ba-ad9d670ffef0,2025-09-01T11:08:00,9a7a68c7-1b0c-4669-859f-6d352b1e386f,andrew16,ETL_WH_LARGE,"SELECT COUNT(*) FROM SALES_TRANSACTIONS GROUP BY date_trunc('day', created_at)",3.881405837548077,841665,SUCCESS,
fd3dc0b0-42e8-43d5-a962-a19a08e4b8f4,2025-09-01T11:08:00,f0c2cfac-cf3b-4053-9e79-a6a4c6bbd187,garciaalison,PROD_WH_SMALL,SELECT * FROM SALES_TRANSACTIONS LIMIT 1000,3.2501754479238643,114415,SUCCESS,
86bd573a-dcaf-4922-9a77-799b2ba7477d,2025-09-01T11:08:00,4b7e389e-8c78-4e72-ab0b-774df43b399e,hardinjennifer,DEV_WH_X-SMALL,SELECT * FROM MARKETING_CAMPAIGNS LIMIT 1000,1.2315012066287043,225063,SUCCESS,
0d4fe5f6-262e-4e4b-a7ff-452f1ce615c7,2025-09-01T11:13:00,3d8cc43f-0f00-40bd-b8b2-34ac61fc0360,rwilliams,BI_WH_MEDIUM,"SELECT DISTINCT column1, column2 FROM SYSTEM_EVENTS WHERE condition = 'value'",4.3500763744790305,327907,SUCCESS,
bdabd5ba-889f-4f15-84c2-77ed5d4d141d,2025-09-01T11:13:00,4663d48b-596a-4f39-b714-8d69ac9a7d2a,robert93,DEV_WH_LARGE,"SELECT COUNT(*) FROM SYSTEM_EVENTS GROUP BY date_trunc('day', created_at)",0.3872607332197514,562506,SUCCESS,
31317bf3-5d2a-433f-9867-912391392984,2025-09-01T11:13:00,4bc8b8f2-4d6e-4d5e-8d40-a7b6b3d6bb03,amandamitchell,ETL_WH_LARGE,"SELECT * FROM CUSTOMER_DATA WHERE created_at >= dateadd('day', -7, current_date())",1.9106150452314672,675343,SUCCESS,
2952e7a0-2884-4590-82d8-190d37dfbc2b,2025-09-01T11:13:00,879c852e-e8e8-45c3-9ead-5fa56c9ecfbc,egarcia,BI_WH_SMALL,"SELECT DISTINCT column1, column2 FROM MARKETING_CAMPAIGNS WHERE condition = 'value'",4.019899722935136,19078,SUCCESS,
74da92e6-5b62-41e3-9706-b085ec95e7a1,2025-09-01T11:13:00,4b7e389e-8c78-4e72-ab0b-774df43b399e,hardinjennifer,PROD_WH_MEDIUM,"SELECT COUNT(*) FROM SALES_TRANSACTIONS GROUP BY date_trunc('day', created_at)",3.518736116137829,531205,SUCCESS,
2b3c1dd0-3834-4bda-8524-d5c0855dab31,2025-09-01T11:13:00,89e53854-09b7-4b59-8352-a231c51f8687,glarsen,ETL_WH_MEDIUM,"SELECT * FROM EMPLOYEE_RECORDS WHERE created_at >= dateadd('day', -7, current_date())",2.2914757365212095,360987,SUCCESS,
93994830-ee54-4fcc-802c-993bd3a0aaa2,2025-09-01T11:13:00,00f99f6f-5fcc-490a-84f9-6b24911c0b2e,emilyhamilton,PROD_WH_X-SMALL,SELECT * FROM MARKETING_CAMPAIGNS LIMIT 1000,0.7079222778361569,225677,SUCCESS,
423920ca-f447-44bf-9d97-a4b53cdeab0a,2025-09-01T11:13:00,9a7a68c7-1b0c-4669-859f-6d352b1e386f,andrew16,BI_WH_SMALL,"SELECT * FROM FINANCIAL_METRICS WHERE created_at >= dateadd('day', -7, current_date())",3.9424249349915486,850699,SUCCESS,
ca50c8fa-df5d-4b43-ba44-ba0e91c582ba,2025-09-01T11:13:00,a3a85592-9f3f-4845-87b8-dd199fcdc3cc,gmoreno,DEV_WH_SMALL,"SELECT * FROM FINANCIAL_METRICS WHERE created_at >= dateadd('day', -7, current_date())",0.6626466020721431,721268,SUCCESS,
e71311b6-6991-42a4-82e2-6225daa2798f,2025-09-01T11:13:00,57eba2d7-a4fe-48aa-aa7b-ad0e6f1296b7,jose46,BI_WH_LARGE,SELECT * FROM PRODUCT_INVENTORY LIMIT 1000,1.7167646288173715,71943,SUCCESS,
3fa31047-0f05-4341-85ab-ef53c23548b5,2025-09-01T11:19:00,3d8cc43f-0f00-40bd-b8b2-34ac61fc0360,rwilliams,ETL_WH_LARGE,"SELECT DISTINCT column1, column2 FROM EMPLOYEE_RECORDS WHERE condition = 'value'",3.504859383379274,159456,SUCCESS,
62a954b4-aa92-4b9c-b8c7-358b82961250,2025-09-01T11:19:00,4b7e389e-8c78-4e72-ab0b-774df43b399e,hardinjennifer,DEV_WH_SMALL,"SELECT COUNT(*) FROM SYSTEM_EVENTS GROUP BY date_trunc('day', created_at)",2.2637329407493847,259285,SUCCESS,
68776e56-8906-414a-bee1-43712c6406ec,2025-09-01T11:19:00,ac5e7ada-2f2f-4292-a0e4-18083982547a,lliu,BI_WH_SMALL,"SELECT DISTINCT column1, column2 FROM MARKETING_CAMPAIGNS WHERE condition = 'value'",0.26058408100812447,151320,SUCCESS,
ee5f4959-90b4-42da-944d-c99d2c79245c,2025-09-01T11:19:00,9a7a68c7-1b0c-4669-859f-6d352b1e386f,andrew16,BI_WH_LARGE,SELECT * FROM USER_ACTIVITY_LOGS LIMIT 1000,2.0277041777723213,908065,SUCCESS,
8a41ae38-aa03-43b3-a64b-e2b23b05bbe5,2025-09-01T11:19:00,f22aa1cf-fe8b-4e78-8492-b46e0f46ffda,brandtmisty,DEV_WH_SMALL,SELECT * FROM USER_ACTIVITY_LOGS LIMIT 1000,1.0719883543378803,422798,SUCCESS,
88b7110f-79c6-4f66-8ce0-4b024d02615b,2025-09-01T11:19:00,f22aa1cf-fe8b-4e78-8492-b46e0f46ffda,brandtmisty,BI_WH_MEDIUM,SELECT * FROM MARKETING_CAMPAIGNS LIMIT 1000,0.31478037279581683,376220,SUCCESS,
9cd030c9-9e08-42e9-bdbf-5ffcff7c5777,2025-09-01T11:19:00,a3a85592-9f3f-4845-87b8-dd199fcdc3cc,gmoreno,PROD_WH_MEDIUM,"SELECT COUNT(*) FROM CUSTOMER_DATA GROUP BY date_trunc('day', created_at)",1.2841758506697591,95642,SUCCESS,
16addb42-3512-4f29-aac2-e2c5d2d45dc3,2025-09-01T11:19:00,ac5e7ada-2f2f-4292-a0e4-18083982547a,lliu,DEV_WH_LARGE,"SELECT COUNT(*) FROM PRODUCT_INVENTORY GROUP BY date_trunc('day', created_at)",0.5727373997067994,79872,SUCCESS,
83a7569d-8251-480a-9f18-8ca68b9f8818,2025-09-01T11:19:00,89e53854-09b7-4b59-8352-a231c51f8687,glarsen,PROD_WH_SMALL,"SELECT * FROM SYSTEM_EVENTS WHERE created_at >= dateadd('day', -7, current_date())",2.5487687785150084,675848,SUCCESS,
37f3f550-5402-4ca0-8f40-f4cba506aef3,2025-09-01T11:19:00,4663d48b-596a-4f39-b714-8d69ac9a7d2a,robert93,PROD_WH_MEDIUM,SELECT * FROM PRODUCT_INVENTORY LIMIT 1000,0.1707930774518011,981849,SUCCESS,
5de6add6-ba4d-4540-818c-7e059ce57a59,2025-09-01T11:24:00,00f99f6f-5fcc-490a-84f9-6b24911c0b2e,emilyhamilton,ETL_WH_SMALL,"SELECT COUNT(*) FROM SYSTEM_EVENTS GROUP BY date_trunc('day', created_at)",4.917097591807491,449378,SUCCESS,
66813a58-349c-4679-82da-811c6096d9f6,2025-09-01T11:24:00,3d8cc43f-0f00-40bd-b8b2-34ac61fc0360,rwilliams,PROD_WH_LARGE,"SELECT COUNT(*) FROM SALES_TRANSACTIONS GROUP BY date_trunc('day', created_at)",3.938866035707539,193073,SUCCESS,
3970be74-4d3f-4d1c-a1df-aff1bfa52dfa,2025-09-01T11:24:00,5fb2a072-2bab-4b94-9109-9cbea70c5438,bryancuevas,PROD_WH_MEDIUM,"SELECT DISTINCT column1, column2 FROM PRODUCT_INVENTORY WHERE condition = 'value'",4.962140776150602,978056,SUCCESS,
5f0f0d88-337e-4311-9da3-f31aa08b81f1,2025-09-01T11:24:00,ac5e7ada-2f2f-4292-a0e4-18083982547a,lliu,BI_WH_MEDIUM,SELECT * FROM FINANCIAL_METRICS LIMIT 1000,2.0465036252524014,972798,SUCCESS,
e298c6cd-911b-4eca-95fe-216e74a8f4e5,2025-09-01T11:24:00,ac5e7ada-2f2f-4292-a0e4-18083982547a,lliu,BI_WH_LARGE,"SELECT * FROM CUSTOMER_DATA WHERE created_at >= dateadd('day', -7, current_date())",0.8434413656125372,758057,SUCCESS,
2a68a061-3ad3-4b21-a22e-6cdd29b25832,2025-09-01T11:24:00,3d8cc43f-0f00-40bd-b8b2-34ac61fc0360,rwilliams,DEV_WH_MEDIUM,"SELECT COUNT(*) FROM MARKETING_CAMPAIGNS GROUP BY date_trunc('day', created_at)",2.3065954066487193,762762,SUCCESS,
8a8b6fdd-0fa3-4cd2-857a-f74e6c03925d,2025-09-01T11:24:00,82e7a6a3-1f49-4f5a-8a2a-96e5a654a185,codyoconnor,PROD_WH_MEDIUM,SELECT * FROM SALES_TRANSACTIONS LIMIT 1000,0.6414076368043848,347874,SUCCESS,
f84e1072-3158-43b2-8625-375d610082f5,2025-09-01T11:24:00,9a7a68c7-1b0c-4669-859f-6d352b1e386f,andrew16,PROD_WH_SMALL,"SELECT COUNT(*) FROM SYSTEM_EVENTS GROUP BY date_trunc('day', created_at)",1.2763796159682954,923344,SUCCESS,
44a66e87-a6e7-47f6-9e23-a6983639334b,2025-09-01T11:24:00,859c34dd-4540-49a3-b26d-f82b1455d905,oatkinson,ETL_WH_MEDIUM,"SELECT COUNT(*) FROM EMPLOYEE_RECORDS GROUP BY date_trunc('day', created_at)",0.9921059771116176,382582,SUCCESS,
918f4494-1f67-4b16-ac66-edba686cd31a,2025-09-01T11:24:00,f0c2cfac-cf3b-4053-9e79-a6a4c6bbd187,garciaalison,BI_WH_X-SMALL,"SELECT DISTINCT column1, column2 FROM PRODUCT_INVENTORY WHERE condition = 'value'",4.778514262875107,387047,SUCCESS,
f6d65fee-fa7a-4fc1-81c4-acd41974ea56,2025-09-01T11:31:00,f22aa1cf-fe8b-4e78-8492-b46e0f46ffda,brandtmisty,PROD_WH_SMALL,"SELECT DISTINCT column1, column2 FROM SALES_TRANSACTIONS WHERE condition = 'value'",4.5034421408990095,470609,SUCCESS,
25c6f826-f83f-4ca4-af3f-190992b9fa69,2025-09-01T11:31:00,4b7e389e-8c78-4e72-ab0b-774df43b399e,hardinjennifer,ETL_WH_LARGE,SELECT * FROM PRODUCT_INVENTORY LIMIT 1000,4.529286582503319,821818,SUCCESS,
534f2f32-48eb-496b-94df-eed51ff02772,2025-09-01T11:31:00,859c34dd-4540-49a3-b26d-f82b1455d905,oatkinson,ETL_WH_MEDIUM,"SELECT DISTINCT column1, column2 FROM MARKETING_CAMPAIGNS WHERE condition = 'value'",4.779939831111441,723689,SUCCESS,
bfa513f1-5845-4a70-b8ac-8655142ef8a5,2025-09-01T11:31:00,a3a85592-9f3f-4845-87b8-dd199fcdc3cc,gmoreno,BI_WH_X-SMALL,"SELECT COUNT(*) FROM SYSTEM_EVENTS GROUP BY date_trunc('day', created_at)",0.45601951717340683,660373,SUCCESS,
6f36d978-3698-4d32-a361-65083ac5627f,2025-09-01T11:31:00,4b7e389e-8c78-4e72-ab0b-774df43b399e,hardinjennifer,ETL_WH_X-SMALL,"SELECT COUNT(*) FROM EMPLOYEE_RECORDS GROUP BY date_trunc('day', created_at)",4.871974414113577,969190,SUCCESS,
eecc0c0b-e23c-4f76-91fe-481343b0e246,2025-09-01T11:31:00,4663d48b-596a-4f39-b714-8d69ac9a7d2a,robert93,DEV_WH_LARGE,SELECT * FROM EMPLOYEE_RECORDS LIMIT 1000,2.8731659256850346,976538,SUCCESS,
67c3d61a-8256-41c0-8437-fcf45843e483,2025-09-01T11:31:00,57eba2d7-a4fe-48aa-aa7b-ad0e6f1296b7,jose46,BI_WH_X-SMALL,"SELECT * FROM FINANCIAL_METRICS WHERE created_at >= dateadd('day', -7, current_date())",2.953093919890476,266808,SUCCESS,
980ba143-9ad8-4362-b741-cf8dd1885559,2025-09-01T11:31:00,cea2e75f-1ee1-4b1d-90f5-242f82a02bed,erickennedy,ETL_WH_LARGE,"SELECT * FROM PRODUCT_INVENTORY WHERE created_at >= dateadd('day', -7, current_date())",1.8149107302051486,281453,SUCCESS,
2150471e-32d6-4bf1-b54b-4ef2c64aef55,2025-09-01T11:31:00,4bc8b8f2-4d6e-4d5e-8d40-a7b6b3d6bb03,amandamitchell,ETL_WH_X-SMALL,"SELECT COUNT(*) FROM FINANCIAL_METRICS GROUP BY date_trunc('day', created_at)",1.0006438063327538,125330,SUCCESS,
5e2c8314-2208-47ce-abcc-8a2969f456f2,2025-09-01T11:31:00,82e7a6a3-1f49-4f5a-8a2a-96e5a654a185,codyoconnor,BI_WH_MEDIUM,"SELECT * FROM SALES_TRANSACTIONS WHERE created_at >= dateadd('day', -7, current_date())",0.7901773183381536,27286,SUCCESS,
b95ac518-b1d6-450a-9f7b-38318421085b,2025-09-01T11:37:00,00f99f6f-5fcc-490a-84f9-6b24911c0b2e,emilyhamilton,ETL_WH_X-SMALL,"SELECT DISTINCT column1, column2 FROM EMPLOYEE_RECORDS WHERE condition = 'value'",3.9520298242061855,578498,SUCCESS,
bf7163a5-bcc3-4184-9c85-6b164df7363e,2025-09-01T11:37:00,9a7a68c7-1b0c-4669-859f-6d352b1e386f,andrew16,BI_WH_X-SMALL,"SELECT COUNT(*) FROM PRODUCT_INVENTORY GROUP BY date_trunc('day', created_at)",0.25721180419223844,540379,SUCCESS,
f9e3a37e-6089-45c8-9552-5c1061e7b5cb,2025-09-01T11:37:00,b92c2609-888c-471e-bf61-4363556df9d8,frank26,DEV_WH_X-SMALL,SELECT * FROM EMPLOYEE_RECORDS LIMIT 1000,2.7455494626269754,193435,SUCCESS,
19a6bdbe-10c7-47df-9cd6-9a51a95e3bc7,2025-09-01T11:37:00,ac5e7ada-2f2f-4292-a0e4-18083982547a,lliu,DEV_WH_X-SMALL,"SELECT * FROM USER_ACTIVITY_LOGS WHERE created_at >= dateadd('day', -7, current_date())",3.8608559618040874,934191,SUCCESS,
a402f0be-b9e8-41f6-a508-e8d5c42426e3,2025-09-01T11:37:00,3d8cc43f-0f00-40bd-b8b2-34ac61fc0360,rwilliams,ETL_WH_MEDIUM,"SELECT COUNT(*) FROM PRODUCT_INVENTORY GROUP BY date_trunc('day', created_at)",4.240353712217317,76315,SUCCESS,
b5ff645c-e7e4-4b7d-836c-743d224a9a8d,2025-09-01T11:37:00,5fb2a072-2bab-4b94-9109-9cbea70c5438,bryancuevas,ETL_WH_MEDIUM,"SELECT * FROM PRODUCT_INVENTORY WHERE created_at >= dateadd('day', -7, current_date())",4.318474142297496,517510,SUCCESS,
247eea34-5f0b-4783-9e6e-a884e94e9db2,2025-09-01T11:37:00,ac5e7ada-2f2f-4292-a0e4-18083982547a,lliu,BI_WH_X-SMALL,"SELECT * FROM MARKETING_CAMPAIGNS WHERE created_at >= dateadd('day', -7, current_date())",1.4869932412584217,688737,SUCCESS,
f8833cd0-73ec-4ff3-ab6c-8e2ec85f0399,2025-09-01T11:37:00,82e7a6a3-1f49-4f5a-8a2a-96e5a654a185,codyoconnor,DEV_WH_MEDIUM,"SELECT * FROM MARKETING_CAMPAIGNS WHERE created_at >= dateadd('day', -7, current_date())",4.474027742926534,67534,SUCCESS,
127ab76a-8bea-4761-89bd-88dd6a89ab2c,2025-09-01T11:37:00,3d8cc43f-0f00-40bd-b8b2-34ac61fc0360,rwilliams,PROD_WH_X-SMALL,"SELECT COUNT(*) FROM CUSTOMER_DATA GROUP BY date_trunc('day', created_at)",1.2651803351273083,695982,SUCCESS,
1b8b25bf-0e7a-433b-82fa-082b55f932b2,2025-09-01T11:37:00,da0f0f7a-8d2c-4ca9-b82e-cda33fba6610,rachel35,ETL_WH_X-SMALL,"SELECT COUNT(*) FROM MARKETING_CAMPAIGNS GROUP BY date_trunc('day', created_at)",1.6101839083131557,891813,SUCCESS,
79f93c1b-747a-4133-894c-255fb7acd488,2025-09-01T11:44:00,859c34dd-4540-49a3-b26d-f82b1455d905,oatkinson,BI_WH_SMALL,"SELECT COUNT(*) FROM EMPLOYEE_RECORDS GROUP BY date_trunc('day', created_at)",1.7463061140938905,240151,SUCCESS,
ca7d968e-dffb-49a9-a301-8a0120a73fd5,2025-09-01T11:44:00,4663d48b-596a-4f39-b714-8d69ac9a7d2a,robert93,PROD_WH_MEDIUM,SELECT * FROM CUSTOMER_DATA LIMIT 1000,2.244730106706503,357146,SUCCESS,
286ec2a7-7dd5-46d6-ac4e-49d9c6276ab5,2025-09-01T11:44:00,b92c2609-888c-471e-bf61-4363556df9d8,frank26,PROD_WH_LARGE,"SELECT COUNT(*) FROM USER_ACTIVITY_LOGS GROUP BY date_trunc('day', created_at)",0.20800169738634017,267031,SUCCESS,
f9a153b6-fa60-4048-aedc-38315b3f7055,2025-09-01T11:44:00,4663d48b-596a-4f39-b714-8d69ac9a7d2a,robert93,BI_WH_SMALL,"SELECT COUNT(*) FROM PRODUCT_INVENTORY GROUP BY date_trunc('day', created_at)",2.661796814251197,333917,SUCCESS,
6def5748-54a0-4c76-8f94-90ca19c9024b,2025-09-01T11:44:00,00f99f6f-5fcc-490a-84f9-6b24911c0b2e,emilyhamilton,DEV_WH_MEDIUM,"SELECT COUNT(*) FROM USER_ACTIVITY_LOGS GROUP BY date_trunc('day', created_at)",2.3088349648839483,77483,SUCCESS,
0483f336-4f09-41f5-9beb-83493c34b009,2025-09-01T11:44:00,879c852e-e8e8-45c3-9ead-5fa56c9ecfbc,egarcia,DEV_WH_MEDIUM,"SELECT * FROM CUSTOMER_DATA WHERE created_at >= dateadd('day', -7, current_date())",3.203924509774289,644904,SUCCESS,
91dcac88-f187-483a-90ae-d43d294959bb,2025-09-01T11:44:00,9a7a68c7-1b0c-4669-859f-6d352b1e386f,andrew16,ETL_WH_SMALL,"SELECT * FROM SYSTEM_EVENTS WHERE created_at >= dateadd('day', -7, current_date())",2.365184441960631,478881,SUCCESS,
2a8990ab-cb4a-45b5-9ee9-a1fe26c1237c,2025-09-01T11:44:00,b92c2609-888c-471e-bf61-4363556df9d8,frank26,ETL_WH_LARGE,SELECT * FROM USER_ACTIVITY_LOGS LIMIT 1000,3.063232488170078,97635,SUCCESS,
e157d5ed-0143-4df7-90ee-38d441c6476d,2025-09-01T11:44:00,4bc8b8f2-4d6e-4d5e-8d40-a7b6b3d6bb03,amandamitchell,BI_WH_LARGE,"SELECT DISTINCT column1, column2 FROM EMPLOYEE_RECORDS WHERE condition = 'value'",4.793829417659912,857353,SUCCESS,
be8e8716-c904-4d19-b14d-358ac20cee29,2025-09-01T11:44:00,82e7a6a3-1f49-4f5a-8a2a-96e5a654a185,codyoconnor,ETL_WH_X-SMALL,"SELECT DISTINCT column1, column2 FROM PRODUCT_INVENTORY WHERE condition = 'value'",0.755214517499545,649243,SUCCESS,
2d354bf1-83e4-48ad-b38c-bca6c714dabd,2025-09-01T11:52:00,b92c2609-888c-471e-bf61-4363556df9d8,frank26,BI_WH_X-SMALL,"SELECT * FROM SYSTEM_EVENTS WHERE created_at >= dateadd('day', -7, current_date())",1.7225638276006319,428157,SUCCESS,
c7be299a-c260-46cd-a9b3-90df64cb0b5e,2025-09-01T11:52:00,7cd584de-ca92-465c-8ea8-5f7ad356bee6,danasandoval,ETL_WH_X-SMALL,"SELECT * FROM FINANCIAL_METRICS WHERE created_at >= dateadd('day', -7, current_date())",0.3020358958237354,307222,SUCCESS,
4cd48386-77a3-4a12-9c48-538d6d771996,2025-09-01T11:52:00,9a7a68c7-1b0c-4669-859f-6d352b1e386f,andrew16,DEV_WH_X-SMALL,"SELECT * FROM SALES_TRANSACTIONS WHERE created_at >= dateadd('day', -7, current_date())",4.086052128295997,432750,SUCCESS,
be64f699-9153-4d29-80e1-b7b92f4a183d,2025-09-01T11:52:00,9a7a68c7-1b0c-4669-859f-6d352b1e386f,andrew16,ETL_WH_LARGE,SELECT * FROM CUSTOMER_DATA LIMIT 1000,2.901212717432896,363151,SUCCESS,
f3298406-dcf5-46d0-9a3a-b2809f370783,2025-09-01T11:52:00,57eba2d7-a4fe-48aa-aa7b-ad0e6f1296b7,jose46,DEV_WH_SMALL,"SELECT DISTINCT column1, column2 FROM SALES_TRANSACTIONS WHERE condition = 'value'",4.6731463963734985,706495,SUCCESS,
dbe9dbfd-dcec-460a-9c86-8ca681e02605,2025-09-01T11:52:00,57eba2d7-a4fe-48aa-aa7b-ad0e6f1296b7,jose46,ETL_WH_MEDIUM,"SELECT DISTINCT column1, column2 FROM USER_ACTIVITY_LOGS WHERE condition = 'value'",3.86383322346237,553948,SUCCESS,
0bcd23bd-82b9-4702-8811-1a482c580005,2025-09-01T11:52:00,00f99f6f-5fcc-490a-84f9-6b24911c0b2e,emilyhamilton,DEV_WH_X-SMALL,"SELECT * FROM MARKETING_CAMPAIGNS WHERE created_at >= dateadd('day', -7, current_date())",2.1304368211365903,821347,SUCCESS,
a72fdb5a-c0bd-459d-8444-38017d86fa20,2025-09-01T11:52:00,5fb2a072-2bab-4b94-9109-9cbea70c5438,bryancuevas,BI_WH_MEDIUM,"SELECT DISTINCT column1, column2 FROM PRODUCT_INVENTORY WHERE condition = 'value'",3.5433699860116303,267989,SUCCESS,
5d186369-71c3-4853-bad2-3de8dc2520e1,2025-09-01T11:52:00,879c852e-e8e8-45c3-9ead-5fa56c9ecfbc,egarcia,PROD_WH_MEDIUM,SELECT * FROM SYSTEM_EVENTS LIMIT 1000,0.3779997545514513,833072,SUCCESS,
6a01433d-65dc-4fe4-b2cf-de75bbcb5fab,2025-09-01T11:52:00,5fb2a072-2bab-4b94-9109-9cbea70c5438,bryancuevas,PROD_WH_X-SMALL,"SELECT COUNT(*) FROM SYSTEM_EVENTS GROUP BY date_trunc('day', created_at)",4.587149118930554,151151,SUCCESS,
99c05bdc-8a1d-408b-a675-efb865f5308c,2025-09-01T12:03:00,7cd584de-ca92-465c-8ea8-5f7ad356bee6,danasandoval,BI_WH_X-SMALL,SELECT * FROM CUSTOMER_DATA LIMIT 1000,2.812413737529216,537737,SUCCESS,
f698a65d-c558-4b9a-9f88-f76f8dad0e52,2025-09-01T12:03:00,4b7e389e-8c78-4e72-ab0b-774df43b399e,hardinjennifer,PROD_WH_SMALL,"SELECT COUNT(*) FROM FINANCIAL_METRICS GROUP BY date_trunc('day', created_at)",1.2926044665208454,5409,SUCCESS,
7cf33938-7817-4779-bcbb-27a917b5ef8f,2025-09-01T12:03:00,82e7a6a3-1f49-4f5a-8a2a-96e5a654a185,codyoconnor,BI_WH_LARGE,SELECT * FROM MARKETING_CAMPAIGNS LIMIT 1000,2.6907916760858175,82785,SUCCESS,
c2b64f5f-4a9e-4d5b-a0f0-153d7a88d868,2025-09-01T12:03:00,00f99f6f-5fcc-490a-84f9-6b24911c0b2e,emilyhamilton,BI_WH_SMALL,"SELECT DISTINCT column1, column2 FROM EMPLOYEE_RECORDS WHERE condition = 'value'",3.6635839888993917,297061,SUCCESS,
6505b8e8-746f-4d0a-b11a-7f8f15e899b0,2025-09-01T12:03:00,57eba2d7-a4fe-48aa-aa7b-ad0e6f1296b7,jose46,PROD_WH_X-SMALL,"SELECT COUNT(*) FROM USER_ACTIVITY_LOGS GROUP BY date_trunc('day', created_at)",0.4916877437773097,167076,SUCCESS,
1afb0e3e-9793-4ab6-8735-55a840f74296,2025-09-01T12:03:00,f0c2cfac-cf3b-4053-9e79-a6a4c6bbd187,garciaalison,DEV_WH_LARGE,SELECT * FROM SALES_TRANSACTIONS LIMIT 1000,2.287882297416028,161172,SUCCESS,
71ceff20-6f1e-48f3-b048-3490cdc8eb7f,2025-09-01T12:03:00,57eba2d7-a4fe-48aa-aa7b-ad0e6f1296b7,jose46,DEV_WH_MEDIUM,SELECT * FROM SYSTEM_EVENTS LIMIT 1000,1.7046958196811643,924860,SUCCESS,
144a633a-1f49-4711-a145-afad6a32bd9d,2025-09-01T12:03:00,9a7a68c7-1b0c-4669-859f-6d352b1e386f,andrew16,DEV_WH_SMALL,"SELECT COUNT(*) FROM MARKETING_CAMPAIGNS GROUP BY date_trunc('day', created_at)",4.860036390007736,648198,SUCCESS,
64d42086-2796-4ddb-aa14-493ac22651d5,2025-09-01T12:03:00,4663d48b-596a-4f39-b714-8d69ac9a7d2a,robert93,DEV_WH_SMALL,SELECT * FROM SALES_TRANSACTIONS LIMIT 1000,2.011504349382866,960646,SUCCESS,
be286d53-75c4-430e-8977-aeb61f66da02,2025-09-01T12:03:00,4b7e389e-8c78-4e72-ab0b-774df43b399e,hardinjennifer,DEV_WH_SMALL,"SELECT COUNT(*) FROM USER_ACTIVITY_LOGS GROUP BY date_trunc('day', created_at)",1.2128538598252385,51775,SUCCESS,
c47f4892-7759-4604-97e7-a3f6bb8daf60,2025-09-01T12:12:00,879c852e-e8e8-45c3-9ead-5fa56c9ecfbc,egarcia,ETL_WH_X-SMALL,"SELECT DISTINCT column1, column2 FROM SYSTEM_EVENTS WHERE condition = 'value'",1.354711511913707,168775,SUCCESS,
0c40bab3-d397-44ae-bd41-0ced2b99734d,2025-09-01T12:12:00,82e7a6a3-1f49-4f5a-8a2a-96e5a654a185,codyoconnor,PROD_WH_SMALL,"SELECT DISTINCT column1, column2 FROM CUSTOMER_DATA WHERE condition = 'value'",2.907666117953887,945857,SUCCESS,
432391c9-6509-4e91-b62a-32522439ac0f,2025-09-01T12:12:00,cea2e75f-1ee1-4b1d-90f5-242f82a02bed,erickennedy,PROD_WH_X-SMALL,SELECT * FROM USER_ACTIVITY_LOGS LIMIT 1000,1.2733407987831347,116268,SUCCESS,
c777cb8d-ae44-443b-a51a-7a6ddf105201,2025-09-01T12:12:00,cea2e75f-1ee1-4b1d-90f5-242f82a02bed,erickennedy,DEV_WH_SMALL,SELECT * FROM MARKETING_CAMPAIGNS LIMIT 1000,0.7615217056652807,34818,SUCCESS,
3270afc9-800d-4125-94f1-f81362b8d4f7,2025-09-01T12:12:00,b92c2609-888c-471e-bf61-4363556df9d8,frank26,BI_WH_X-SMALL,"SELECT DISTINCT column1, column2 FROM MARKETING_CAMPAIGNS WHERE condition = 'value'",2.2927907605936477,844110,SUCCESS,
4cbe2208-9200-4a4b-bb56-9f5a7c8e8b3c,2025-09-01T12:12:00,89e53854-09b7-4b59-8352-a231c51f8687,glarsen,PROD_WH_SMALL,SELECT * FROM FINANCIAL_METRICS LIMIT 1000,4.550389238675085,741467,SUCCESS,
b17bc19a-9a97-4921-af39-63acc3e9e4da,2025-09-01T12:12:00,f22aa1cf-fe8b-4e78-8492-b46e0f46ffda,brandtmisty,ETL_WH_SMALL,SELECT * FROM SYSTEM_EVENTS LIMIT 1000,0.9922874299817024,180565,SUCCESS,
aabcdca5-c322-4b88-8b43-22be8b1be950,2025-09-01T12:12:00,4663d48b-596a-4f39-b714-8d69ac9a7d2a,robert93,ETL_WH_MEDIUM,"SELECT DISTINCT column1, column2 FROM MARKETING_CAMPAIGNS WHERE condition = 'value'",1.8991501301718055,393637,SUCCESS,
eef430b3-3509-4e0b-a0af-db441172c486,2025-09-01T12:12:00,4bc8b8f2-4d6e-4d5e-8d40-a7b6b3d6bb03,amandamitchell,BI_WH_MEDIUM,"SELECT * FROM MARKETING_CAMPAIGNS WHERE created_at >= dateadd('day', -7, current_date())",1.0725808784946345,415748,SUCCESS,
723674af-00f7-423c-9917-da100f0ef86c,2025-09-01T12:12:00,4663d48b-596a-4f39-b714-8d69ac9a7d2a,robert93,ETL_WH_X-SMALL,"SELECT COUNT(*) FROM SYSTEM_EVENTS GROUP BY date_trunc('day', created_at)",1.0558093394267203,997605,SUCCESS,
6e24d537-6901-4402-b9b0-2d273a6192e4,2025-09-01T12:23:00,f22aa1cf-fe8b-4e78-8492-b46e0f46ffda,brandtmisty,PROD_WH_X-SMALL,"SELECT COUNT(*) FROM EMPLOYEE_RECORDS GROUP BY date_trunc('day', created_at)",4.537009813440966,425589,SUCCESS,
bdf8ab91-b822-4d7b-8def-65f9d0c7bd04,2025-09-01T12:23:00,4663d48b-596a-4f39-b714-8d69ac9a7d2a,robert93,BI_WH_MEDIUM,"SELECT DISTINCT column1, column2 FROM MARKETING_CAMPAIGNS WHERE condition = 'value'",1.8780613350325004,685110,SUCCESS,
787af8a4-32bf-4290-a00a-d4ca62bf46dd,2025-09-01T12:23:00,879c852e-e8e8-45c3-9ead-5fa56c9ecfbc,egarcia,BI_WH_SMALL,"SELECT COUNT(*) FROM EMPLOYEE_RECORDS GROUP BY date_trunc('day', created_at)",4.031137078581838,75483,SUCCESS,
ceecce65-c5cd-49b3-a016-a728a4ce7f62,2025-09-01T12:23:00,4b7e389e-8c78-4e72-ab0b-774df43b399e,hardinjennifer,DEV_WH_MEDIUM,"SELECT * FROM FINANCIAL_METRICS WHERE created_at >= dateadd('day', -7, current_date())",3.66944033289637,298502,SUCCESS,
c9b0e260-8303-44dd-bb5f-260382b32bdb,2025-09-01T12:23:00,7cd584de-ca92-465c-8ea8-5f7ad356bee6,danasandoval,PROD_WH_LARGE,"SELECT DISTINCT column1, column2 FROM EMPLOYEE_RECORDS WHERE condition = 'value'",3.4560126576885017,239827,SUCCESS,
e474cf83-1dac-4b2b-b398-24919a02a6a2,2025-09-01T12:23:00,879c852e-e8e8-45c3-9ead-5fa56c9ecfbc,egarcia,BI_WH_LARGE,"SELECT * FROM FINANCIAL_METRICS WHERE created_at >= dateadd('day', -7, current_date())",2.9336041282304377,57963,SUCCESS,
d1483cf3-8194-4526-9f07-b03009744444,2025-09-01T12:23:00,f0c2cfac-cf3b-4053-9e79-a6a4c6bbd187,garciaalison,ETL_WH_LARGE,SELECT * FROM SALES_TRANSACTIONS LIMIT 1000,2.525153739297318,251044,SUCCESS,
ad538f19-c620-4425-9ce6-f3cc9175d535,2025-09-01T12:23:00,da0f0f7a-8d2c-4ca9-b82e-cda33fba6610,rachel35,BI_WH_SMALL,"SELECT COUNT(*) FROM EMPLOYEE_RECORDS GROUP BY date_trunc('day', created_at)",0.759162467386331,952306,SUCCESS,
d06001bb-69e6-4617-9dfc-7176d9ec404d,2025-09-01T12:23:00,b92c2609-888c-471e-bf61-4363556df9d8,frank26,BI_WH_SMALL,SELECT * FROM MARKETING_CAMPAIGNS LIMIT 1000,0.7731232861619215,552157,SUCCESS,
51e2dc78-5b72-4c7e-be25-0598ac193afe,2025-09-01T12:23:00,a3a85592-9f3f-4845-87b8-dd199fcdc3cc,gmoreno,DEV_WH_SMALL,SELECT * FROM MARKETING_CAMPAIGNS LIMIT 1000,2.095609596369961,415754,SUCCESS,
3a11edcb-bc87-4921-9727-e33b99f87b64,2025-09-01T12:30:00,5fb2a072-2bab-4b94-9109-9cbea70c5438,bryancuevas,PROD_WH_X-SMALL,"SELECT COUNT(*) FROM FINANCIAL_METRICS GROUP BY date_trunc('day', created_at)",2.366240376314417,234470,SUCCESS,
62ce1568-4861-46ac-8622-390d487e81b1,2025-09-01T12:30:00,82e7a6a3-1f49-4f5a-8a2a-96e5a654a185,codyoconnor,PROD_WH_MEDIUM,"SELECT DISTINCT column1, column2 FROM FINANCIAL_METRICS WHERE condition = 'value'",0.6390303257162555,190680,SUCCESS,
33246670-5307-4c63-86e9-14f9ea41d33f,2025-09-01T12:30:00,ac5e7ada-2f2f-4292-a0e4-18083982547a,lliu,DEV_WH_X-SMALL,"SELECT COUNT(*) FROM CUSTOMER_DATA GROUP BY date_trunc('day', created_at)",1.1676319357959017,933698,SUCCESS,
06cb0508-2928-428d-8948-f9fb4c7b49c7,2025-09-01T12:30:00,b92c2609-888c-471e-bf61-4363556df9d8,frank26,PROD_WH_LARGE,"SELECT DISTINCT column1, column2 FROM EMPLOYEE_RECORDS WHERE condition = 'value'",2.627909983665026,995200,SUCCESS,
16727b0f-23f5-468b-b96c-c7de827f4878,2025-09-01T12:30:00,a3a85592-9f3f-4845-87b8-dd199fcdc3cc,gmoreno,PROD_WH_MEDIUM,"SELECT DISTINCT column1, column2 FROM CUSTOMER_DATA WHERE condition = 'value'",0.30172309311463,405110,SUCCESS,
82271cf2-6b76-48bb-831e-67cfa05d0522,2025-09-01T12:30:00,da0f0f7a-8d2c-4ca9-b82e-cda33fba6610,rachel35,ETL_WH_X-SMALL,"SELECT COUNT(*) FROM PRODUCT_INVENTORY GROUP BY date_trunc('day', created_at)",3.333090000568653,874289,SUCCESS,
cee9dd51-f922-4d38-80b6-4b311402f782,2025-09-01T12:30:00,4bc8b8f2-4d6e-4d5e-8d40-a7b6b3d6bb03,amandamitchell,DEV_WH_LARGE,"SELECT COUNT(*) FROM USER_ACTIVITY_LOGS GROUP BY date_trunc('day', created_at)",3.199987460372612,72846,SUCCESS,
0ac0ae48-5bcf-4359-8893-349391f63f1c,2025-09-01T12:30:00,7cd584de-ca92-465c-8ea8-5f7ad356bee6,danasandoval,ETL_WH_LARGE,"SELECT DISTINCT column1, column2 FROM MARKETING_CAMPAIGNS WHERE condition = 'value'",0.7633173792239815,233187,SUCCESS,
2bf9bbef-e8f5-4d32-b5be-5448cca39ab8,2025-09-01T12:30:00,879c852e-e8e8-45c3-9ead-5fa56c9ecfbc,egarcia,BI_WH_X-SMALL,"SELECT DISTINCT column1, column2 FROM SYSTEM_EVENTS WHERE condition = 'value'",1.58140280164077,74242,SUCCESS,
2ea3eb62-a452-4b00-a015-c391cf8f5772,2025-09-01T12:30:00,57eba2d7-a4fe-48aa-aa7b-ad0e6f1296b7,jose46,BI_WH_SMALL,"SELECT * FROM MARKETING_CAMPAIGNS WHERE created_at >= dateadd('day', -7, current_date())",1.82386578438515,678170,SUCCESS,
4d9f127f-d7f8-4b21-b0bf-e45e42194af6,2025-09-01T12:38:00,859c34dd-4540-49a3-b26d-f82b1455d905,oatkinson,BI_WH_MEDIUM,"SELECT * FROM EMPLOYEE_RECORDS WHERE created_at >= dateadd('day', -7, current_date())",0.6186511992206782,500081,SUCCESS,
61521791-a8d5-46e0-9bbc-d28373d2ca03,2025-09-01T12:38:00,a3a85592-9f3f-4845-87b8-dd199fcdc3cc,gmoreno,PROD_WH_X-SMALL,"SELECT DISTINCT column1, column2 FROM SYSTEM_EVENTS WHERE condition = 'value'",3.100157583232653,486817,SUCCESS,
1a725329-5870-46a6-bd01-2a27ffd1d3f9,2025-09-01T12:38:00,3d8cc43f-0f00-40bd-b8b2-34ac61fc0360,rwilliams,DEV_WH_LARGE,"SELECT DISTINCT column1, column2 FROM PRODUCT_INVENTORY WHERE condition = 'value'",4.278109181308822,352034,SUCCESS,
2673ed30-c698-4efb-b013-3be39167c4fc,2025-09-01T12:38:00,7cd584de-ca92-465c-8ea8-5f7ad356bee6,danasandoval,ETL_WH_LARGE,"SELECT COUNT(*) FROM PRODUCT_INVENTORY GROUP BY date_trunc('day', created_at)",0.997485478201697,208876,SUCCESS,
f039a913-4891-47f9-8c05-7aae04092a65,2025-09-01T12:38:00,5fb2a072-2bab-4b94-9109-9cbea70c5438,bryancuevas,BI_WH_SMALL,SELECT * FROM FINANCIAL_METRICS LIMIT 1000,1.4022792433178775,702997,SUCCESS,
baf9e9f5-c178-430b-bf1a-2d995d228e9a,2025-09-01T12:38:00,89e53854-09b7-4b59-8352-a231c51f8687,glarsen,PROD_WH_SMALL,SELECT * FROM SALES_TRANSACTIONS LIMIT 1000,4.094946588124664,857240,SUCCESS,
ab2851b5-fdf6-4fd4-8e62-25c5d9c0799a,2025-09-01T12:38:00,5fb2a072-2bab-4b94-9109-9cbea70c5438,bryancuevas,ETL_WH_SMALL,"SELECT COUNT(*) FROM PRODUCT_INVENTORY GROUP BY date_trunc('day', created_at)",4.404350629273083,479509,SUCCESS,
0611d84d-d810-472e-8da5-17785c9d01b9,2025-09-01T12:38:00,3d8cc43f-0f00-40bd-b8b2-34ac61fc0360,rwilliams,DEV_WH_X-SMALL,"SELECT * FROM SALES_TRANSACTIONS WHERE created_at >= dateadd('day', -7, current_date())",4.952058086326123,90902,SUCCESS,
93570fba-a991-4438-b998-0b1b39ccb934,2025-09-01T12:38:00,859c34dd-4540-49a3-b26d-f82b1455d905,oatkinson,ETL_WH_LARGE,"SELECT COUNT(*) FROM USER_ACTIVITY_LOGS GROUP BY date_trunc('day', created_at)",0.3762056033911074,316637,SUCCESS,
d1f4b674-4f3c-453b-9f10-5ba32a8726f6,2025-09-01T12:38:00,ac5e7ada-2f2f-4292-a0e4-18083982547a,lliu,PROD_WH_SMALL,SELECT * FROM CUSTOMER_DATA LIMIT 1000,4.835912842714623,74975,SUCCESS,
b90b560f-f303-4a8d-94bb-dea0c6237431,2025-09-01T12:43:00,4b7e389e-8c78-4e72-ab0b-774df43b399e,hardinjennifer,PROD_WH_SMALL,SELECT * FROM SYSTEM_EVENTS LIMIT 1000,3.8371153807967913,548069,SUCCESS,
b164b01b-bc83-45ef-ae52-c86a18da799d,2025-09-01T12:43:00,7cd584de-ca92-465c-8ea8-5f7ad356bee6,danasandoval,ETL_WH_LARGE,SELECT * FROM FINANCIAL_METRICS LIMIT 1000,2.4853299445944694,959405,SUCCESS,
5309b7dd-d9b8-4599-ab6f-913c65eb29e4,2025-09-01T12:43:00,3d8cc43f-0f00-40bd-b8b2-34ac61fc0360,rwilliams,DEV_WH_X-SMALL,SELECT * FROM USER_ACTIVITY_LOGS LIMIT 1000,3.349319989206476,41995,SUCCESS,
cdf8e416-d924-4c58-8dbd-79e02d37de3b,2025-09-01T12:43:00,f22aa1cf-fe8b-4e78-8492-b46e0f46ffda,brandtmisty,ETL_WH_X-SMALL,"SELECT DISTINCT column1, column2 FROM CUSTOMER_DATA WHERE condition = 'value'",2.817532892425733,391512,SUCCESS,
0a589ecc-189f-4fb0-b6c8-0907e56c9479,2025-09-01T12:43:00,4b7e389e-8c78-4e72-ab0b-774df43b399e,hardinjennifer,PROD_WH_MEDIUM,SELECT * FROM FINANCIAL_METRICS LIMIT 1000,2.6490727157360823,964179,SUCCESS,
f1b7885a-7e62-4877-bed6-39516cad4b5d,2025-09-01T12:43:00,57eba2d7-a4fe-48aa-aa7b-ad0e6f1296b7,jose46,BI_WH_MEDIUM,"SELECT COUNT(*) FROM CUSTOMER_DATA GROUP BY date_trunc('day', created_at)",4.351909826811946,243138,SUCCESS,
2f35a304-7b6a-489e-83fd-b3fd282e9b8e,2025-09-01T12:43:00,879c852e-e8e8-45c3-9ead-5fa56c9ecfbc,egarcia,DEV_WH_MEDIUM,"SELECT * FROM MARKETING_CAMPAIGNS WHERE created_at >= dateadd('day', -7, current_date())",3.302255642540636,810407,SUCCESS,
9f156cbd-a82c-4f3f-86b9-d87981ff9e35,2025-09-01T12:43:00,00f99f6f-5fcc-490a-84f9-6b24911c0b2e,emilyhamilton,DEV_WH_LARGE,"SELECT DISTINCT column1, column2 FROM SALES_TRANSACTIONS WHERE condition = 'value'",4.263165717984341,49121,SUCCESS,
476de61c-dc38-4eae-8039-8dee74d86e9c,2025-09-01T12:43:00,cea2e75f-1ee1-4b1d-90f5-242f82a02bed,erickennedy,DEV_WH_X-SMALL,"SELECT DISTINCT column1, column2 FROM PRODUCT_INVENTORY WHERE condition = 'value'",4.630820661410976,893854,SUCCESS,
00b6c402-79d0-4c1d-a207-a6a2e95b441d,2025-09-01T12:43:00,a3a85592-9f3f-4845-87b8-dd199fcdc3cc,gmoreno,PROD_WH_X-SMALL,"SELECT * FROM MARKETING_CAMPAIGNS WHERE created_at >= dateadd('day', -7, current_date())",4.82349177124451,740663,SUCCESS,
146b16cb-b83f-428d-9ab5-6baf97891c1a,2025-09-01T12:58:00,9a7a68c7-1b0c-4669-859f-6d352b1e386f,andrew16,DEV_WH_SMALL,SELECT * FROM MARKETING_CAMPAIGNS LIMIT 1000,1.7701600395333597,540672,SUCCESS,
263cf2ab-e4ef-4413-a08f-b2cc5ac7b81f,2025-09-01T12:58:00,82e7a6a3-1f49-4f5a-8a2a-96e5a654a185,codyoconnor,BI_WH_SMALL,SELECT * FROM CUSTOMER_DATA LIMIT 1000,4.354990912012758,143335,SUCCESS,
bf93dd0e-6c09-48bd-a9f2-3c068218ccf2,2025-09-01T12:58:00,da0f0f7a-8d2c-4ca9-b82e-cda33fba6610,rachel35,BI_WH_MEDIUM,"SELECT DISTINCT column1, column2 FROM EMPLOYEE_RECORDS WHERE condition = 'value'",4.864003471248168,948547,SUCCESS,
8fa67459-d5fd-4980-83de-291055cb0e9e,2025-09-01T12:58:00,ac5e7ada-2f2f-4292-a0e4-18083982547a,lliu,ETL_WH_LARGE,"SELECT COUNT(*) FROM EMPLOYEE_RECORDS GROUP BY date_trunc('day', created_at)",2.0431908786424877,948923,SUCCESS,
a2983424-5f9c-40a9-84f6-c7310be55921,2025-09-01T12:58:00,3d8cc43f-0f00-40bd-b8b2-34ac61fc0360,rwilliams,BI_WH_SMALL,"SELECT * FROM SALES_TRANSACTIONS WHERE created_at >= dateadd('day', -7, current_date())",1.142056545052859,326926,SUCCESS,
f0317bf8-3187-4bbc-bdba-fa9ecd731cd8,2025-09-01T12:58:00,3d8cc43f-0f00-40bd-b8b2-34ac61fc0360,rwilliams,DEV_WH_LARGE,"SELECT * FROM PRODUCT_INVENTORY WHERE created_at >= dateadd('day', -7, current_date())",0.7702711123605398,432153,SUCCESS,
4c1d0771-446d-40f1-85ce-3379b1e6ff84,2025-09-01T12:58:00,4bc8b8f2-4d6e-4d5e-8d40-a7b6b3d6bb03,amandamitchell,BI_WH_LARGE,"SELECT DISTINCT column1, column2 FROM CUSTOMER_DATA WHERE condition = 'value'",4.035710491087438,352763,SUCCESS,
cb5a9c09-0148-48f3-942c-adfc72dce593,2025-09-01T12:58:00,7cd584de-ca92-465c-8ea8-5f7ad356bee6,danasandoval,PROD_WH_X-SMALL,"SELECT DISTINCT column1, column2 FROM FINANCIAL_METRICS WHERE condition = 'value'",0.36150916401361444,582695,SUCCESS,
8027af49-34c8-4043-9d6b-04b11a039d4c,2025-09-01T12:58:00,ac5e7ada-2f2f-4292-a0e4-18083982547a,lliu,ETL_WH_X-SMALL,"SELECT COUNT(*) FROM USER_ACTIVITY_LOGS GROUP BY date_trunc('day', created_at)",1.9015810976512861,814471,SUCCESS,
967d6092-3e0c-4d8b-be84-c71b0c9b797b,2025-09-01T12:58:00,7cd584de-ca92-465c-8ea8-5f7ad356bee6,danasandoval,DEV_WH_SMALL,"SELECT DISTINCT column1, column2 FROM FINANCIAL_METRICS WHERE condition = 'value'",1.7779551464059724,641799,SUCCESS,
0f1c0180-b5c3-4aa9-8203-fd445b68398f,2025-09-01T13:09:00,5fb2a072-2bab-4b94-9109-9cbea70c5438,bryancuevas,DEV_WH_X-SMALL,"SELECT * FROM SALES_TRANSACTIONS WHERE created_at >= dateadd('day', -7, current_date())",1.60749563498929,582315,SUCCESS,
d16c0c0b-4d3f-4a03-bc41-2aca99a2bfd0,2025-09-01T13:09:00,89e53854-09b7-4b59-8352-a231c51f8687,glarsen,DEV_WH_X-SMALL,"SELECT COUNT(*) FROM MARKETING_CAMPAIGNS GROUP BY date_trunc('day', created_at)",0.31326592657086816,361046,SUCCESS,
c269f1ec-a73e-4e0c-892f-96f66d691b7d,2025-09-01T13:09:00,ac5e7ada-2f2f-4292-a0e4-18083982547a,lliu,DEV_WH_LARGE,"SELECT * FROM PRODUCT_INVENTORY WHERE created_at >= dateadd('day', -7, current_date())",3.9153081867026662,239287,SUCCESS,
7107cd4f-12c8-4427-b90a-140bab967d35,2025-09-01T13:09:00,859c34dd-4540-49a3-b26d-f82b1455d905,oatkinson,ETL_WH_SMALL,"SELECT * FROM USER_ACTIVITY_LOGS WHERE created_at >= dateadd('day', -7, current_date())",4.3402790148265105,977521,SUCCESS,
49fbf625-d40a-4eb9-b2d7-daf90b6399d7,2025-09-01T13:09:00,89e53854-09b7-4b59-8352-a231c51f8687,glarsen,PROD_WH_SMALL,"SELECT COUNT(*) FROM SYSTEM_EVENTS GROUP BY date_trunc('day', created_at)",1.6608316646244328,865441,SUCCESS,
8da36537-453e-44ff-a699-b6d9f4959058,2025-09-01T13:09:00,4663d48b-596a-4f39-b714-8d69ac9a7d2a,robert93,PROD_WH_X-SMALL,"SELECT * FROM MARKETING_CAMPAIGNS WHERE created_at >= dateadd('day', -7, current_date())",2.163354430733967,378454,SUCCESS,
eb9786da-05e2-41b6-ac73-7ad2bcdf56db,2025-09-01T13:09:00,82e7a6a3-1f49-4f5a-8a2a-96e5a654a185,codyoconnor,PROD_WH_MEDIUM,"SELECT COUNT(*) FROM PRODUCT_INVENTORY GROUP BY date_trunc('day', created_at)",1.1352490484649713,983121,SUCCESS,
47bdafd7-9063-4635-9c30-a6468d9e0fb7,2025-09-01T13:09:00,ac5e7ada-2f2f-4292-a0e4-18083982547a,lliu,BI_WH_MEDIUM,"SELECT DISTINCT column1, column2 FROM FINANCIAL_METRICS WHERE condition = 'value'",4.806196666956126,322873,SUCCESS,
301111ca-0f5a-4f39-bdc8-4198f17e0a7c,2025-09-01T13:09:00,879c852e-e8e8-45c3-9ead-5fa56c9ecfbc,egarcia,ETL_WH_MEDIUM,"SELECT * FROM MARKETING_CAMPAIGNS WHERE created_at >= dateadd('day', -7, current_date())",2.5736675681965058,786213,SUCCESS,
d1be8dd3-6c6f-4568-bde8-78cff6df9ddf,2025-09-01T13:09:00,b92c2609-888c-471e-bf61-4363556df9d8,frank26,PROD_WH_SMALL,SELECT * FROM FINANCIAL_METRICS LIMIT 1000,3.4724139355191737,295499,SUCCESS,
8e1271ed-26a3-4f7e-8ef1-2ed46c670f2c,2025-09-01T13:21:00,9a7a68c7-1b0c-4669-859f-6d352b1e386f,andrew16,ETL_WH_SMALL,"SELECT * FROM MARKETING_CAMPAIGNS WHERE created_at >= dateadd('day', -7, current_date())",0.41191175151244364,710313,SUCCESS,
ef4d38e9-eb96-4eac-8a5a-996331ab4fca,2025-09-01T13:21:00,da0f0f7a-8d2c-4ca9-b82e-cda33fba6610,rachel35,PROD_WH_LARGE,"SELECT * FROM SALES_TRANSACTIONS WHERE created_at >= dateadd('day', -7, current_date())",0.26192146339142763,563389,SUCCESS,
816dd430-b7a2-47b4-bf75-d25a40274757,2025-09-01T13:21:00,cea2e75f-1ee1-4b1d-90f5-242f82a02bed,erickennedy,BI_WH_X-SMALL,"SELECT * FROM EMPLOYEE_RECORDS WHERE created_at >= dateadd('day', -7, current_date())",0.36590610719564376,258164,SUCCESS,
ca310b77-0b06-425e-a5f2-4bcf228a83af,2025-09-01T13:21:00,cea2e75f-1ee1-4b1d-90f5-242f82a02bed,erickennedy,BI_WH_SMALL,"SELECT COUNT(*) FROM EMPLOYEE_RECORDS GROUP BY date_trunc('day', created_at)",3.6577214429550193,252432,SUCCESS,
5e3e7a01-2b47-4ae7-be62-6b0f4ec85ee5,2025-09-01T13:21:00,859c34dd-4540-49a3-b26d-f82b1455d905,oatkinson,PROD_WH_LARGE,"SELECT DISTINCT column1, column2 FROM CUSTOMER_DATA WHERE condition = 'value'",0.5777894018169646,152343,SUCCESS,
230f8526-261d-452d-9427-daeaf319139a,2025-09-01T13:21:00,ac5e7ada-2f2f-4292-a0e4-18083982547a,lliu,ETL_WH_SMALL,SELECT * FROM FINANCIAL_METRICS LIMIT 1000,0.3533665922989653,855677,SUCCESS,
ca70b585-54cb-4099-aa35-08c284dd0993,2025-09-01T13:21:00,5fb2a072-2bab-4b94-9109-9cbea70c5438,bryancuevas,BI_WH_LARGE,"SELECT COUNT(*) FROM SALES_TRANSACTIONS GROUP BY date_trunc('day', created_at)",4.790152858993077,77187,SUCCESS,
c6a6c7f5-163b-4822-a807-193647546281,2025-09-01T13:21:00,b92c2609-888c-471e-bf61-4363556df9d8,frank26,DEV_WH_LARGE,"SELECT COUNT(*) FROM CUSTOMER_DATA GROUP BY date_trunc('day', created_at)",0.7905715415705731,896227,SUCCESS,
5f2431fc-b8c1-48c5-92d3-bc78a6e6b900,2025-09-01T13:21:00,879c852e-e8e8-45c3-9ead-5fa56c9ecfbc,egarcia,PROD_WH_X-SMALL,SELECT * FROM EMPLOYEE_RECORDS LIMIT 1000,0.7683654462560442,135356,SUCCESS,
2e15d3e9-f53c-4ef6-b4f0-7c365ab854bb,2025-09-01T13:21:00,5fb2a072-2bab-4b94-9109-9cbea70c5438,bryancuevas,PROD_WH_X-SMALL,"SELECT DISTINCT column1, column2 FROM PRODUCT_INVENTORY WHERE condition = 'value'",2.396975382450451,700642,SUCCESS,
7117c8a1-2fea-4001-ae32-b8aeeddb0153,2025-09-01T13:26:00,5fb2a072-2bab-4b94-9109-9cbea70c5438,bryancuevas,DEV_WH_MEDIUM,SELECT * FROM EMPLOYEE_RECORDS LIMIT 1000,4.903339258018523,213106,SUCCESS,
aec9a043-18df-482b-9514-5220fde8dfd1,2025-09-01T13:26:00,89e53854-09b7-4b59-8352-a231c51f8687,glarsen,PROD_WH_SMALL,SELECT * FROM SALES_TRANSACTIONS LIMIT 1000,1.7721388300793754,157133,SUCCESS,
df37f904-2f43-4a5a-b9c8-fcb7abfd2fa8,2025-09-01T13:26:00,f0c2cfac-cf3b-4053-9e79-a6a4c6bbd187,garciaalison,PROD_WH_MEDIUM,"SELECT COUNT(*) FROM SYSTEM_EVENTS GROUP BY date_trunc('day', created_at)",1.363069919891447,828590,SUCCESS,
1f8369d4-3732-42f9-a9c6-ad89d06b6cd1,2025-09-01T13:26:00,7cd584de-ca92-465c-8ea8-5f7ad356bee6,danasandoval,BI_WH_MEDIUM,SELECT * FROM USER_ACTIVITY_LOGS LIMIT 1000,1.451558840413671,992784,SUCCESS,
7a778de6-e630-4d93-9f80-e0ec0e768b0b,2025-09-01T13:26:00,4bc8b8f2-4d6e-4d5e-8d40-a7b6b3d6bb03,amandamitchell,ETL_WH_MEDIUM,"SELECT COUNT(*) FROM PRODUCT_INVENTORY GROUP BY date_trunc('day', created_at)",3.0263827599437785,318593,SUCCESS,
e2c4acef-f55c-44bc-b928-ae7c7b69f588,2025-09-01T13:26:00,89e53854-09b7-4b59-8352-a231c51f8687,glarsen,DEV_WH_MEDIUM,"SELECT * FROM USER_ACTIVITY_LOGS WHERE created_at >= dateadd('day', -7, current_date())",1.4221281706913174,830464,SUCCESS,
433f8224-1c0a-44dd-bc47-4d83c65a57ac,2025-09-01T13:26:00,82e7a6a3-1f49-4f5a-8a2a-96e5a654a185,codyoconnor,BI_WH_SMALL,"SELECT DISTINCT column1, column2 FROM FINANCIAL_METRICS WHERE condition = 'value'",3.846103696772362,68165,SUCCESS,
7d600e2d-1bd7-4cb4-9fd3-66833f0243d2,2025-09-01T13:26:00,7cd584de-ca92-465c-8ea8-5f7ad356bee6,danasandoval,PROD_WH_SMALL,"SELECT COUNT(*) FROM EMPLOYEE_RECORDS GROUP BY date_trunc('day', created_at)",4.2415345569794844,670945,SUCCESS,
ce0a5885-1fe1-47d8-aaad-4a265c7e27ac,2025-09-01T13:26:00,ac5e7ada-2f2f-4292-a0e4-18083982547a,lliu,ETL_WH_SMALL,"SELECT * FROM USER_ACTIVITY_LOGS WHERE created_at >= dateadd('day', -7, current_date())",4.909873820039894,885416,SUCCESS,
4a7e1026-5b65-4286-9d1e-201288178783,2025-09-01T13:26:00,4663d48b-596a-4f39-b714-8d69ac9a7d2a,robert93,PROD_WH_MEDIUM,"SELECT COUNT(*) FROM CUSTOMER_DATA GROUP BY date_trunc('day', created_at)",4.521275806124302,105365,SUCCESS,
b317eb4a-1b5a-49f9-a211-c4556028e7e3,2025-09-01T13:34:00,ac5e7ada-2f2f-4292-a0e4-18083982547a,lliu,ETL_WH_X-SMALL,"SELECT DISTINCT column1, column2 FROM CUSTOMER_DATA WHERE condition = 'value'",1.7180293329006704,978559,SUCCESS,
0be19dc3-17c1-44bf-be2d-9c008e222ae6,2025-09-01T13:34:00,82e7a6a3-1f49-4f5a-8a2a-96e5a654a185,codyoconnor,BI_WH_X-SMALL,SELECT * FROM PRODUCT_INVENTORY LIMIT 1000,2.810127020837547,182736,SUCCESS,
41b01b67-d3cd-47df-a93a-10ae59bd4627,2025-09-01T13:34:00,879c852e-e8e8-45c3-9ead-5fa56c9ecfbc,egarcia,ETL_WH_MEDIUM,"SELECT COUNT(*) FROM SALES_TRANSACTIONS GROUP BY date_trunc('day', created_at)",2.7072877978018606,369567,SUCCESS,
1561fab2-cfef-41ab-897d-1060cf4c15de,2025-09-01T13:34:00,cea2e75f-1ee1-4b1d-90f5-242f82a02bed,erickennedy,ETL_WH_LARGE,"SELECT COUNT(*) FROM CUSTOMER_DATA GROUP BY date_trunc('day', created_at)",3.898618082223774,847640,SUCCESS,
6b52fd56-450f-43d6-a74e-9e27456154ad,2025-09-01T13:34:00,da0f0f7a-8d2c-4ca9-b82e-cda33fba6610,rachel35,BI_WH_X-SMALL,"SELECT DISTINCT column1, column2 FROM FINANCIAL_METRICS WHERE condition = 'value'",3.6644772334974114,899670,SUCCESS,
0213a75f-fe36-41a1-a4bc-73e434e57e19,2025-09-01T13:34:00,a3a85592-9f3f-4845-87b8-dd199fcdc3cc,gmoreno,DEV_WH_MEDIUM,"SELECT DISTINCT column1, column2 FROM SYSTEM_EVENTS WHERE condition = 'value'",2.7435114085261643,612528,SUCCESS,
2f8d1e9b-ae9d-4cf0-9664-de80832d625a,2025-09-01T13:34:00,82e7a6a3-1f49-4f5a-8a2a-96e5a654a185,codyoconnor,ETL_WH_LARGE,"SELECT DISTINCT column1, column2 FROM MARKETING_CAMPAIGNS WHERE condition = 'value'",1.840110951353454,325698,SUCCESS,
f7b6345a-5476-4498-88f0-79759a5c3d89,2025-09-01T13:34:00,f0c2cfac-cf3b-4053-9e79-a6a4c6bbd187,garciaalison,DEV_WH_SMALL,"SELECT COUNT(*) FROM EMPLOYEE_RECORDS GROUP BY date_trunc('day', created_at)",0.7150346616230723,671488,SUCCESS,
06381265-6abd-41ba-b820-bb904fe34a74,2025-09-01T13:34:00,a3a85592-9f3f-4845-87b8-dd199fcdc3cc,gmoreno,DEV_WH_X-SMALL,"SELECT * FROM SALES_TRANSACTIONS WHERE created_at >= dateadd('day', -7, current_date())",2.789327227131816,850139,SUCCESS,
c1a7d003-030b-44d5-abdc-07d04cb540ac,2025-09-01T13:34:00,4663d48b-596a-4f39-b714-8d69ac9a7d2a,robert93,BI_WH_MEDIUM,"SELECT COUNT(*) FROM SALES_TRANSACTIONS GROUP BY date_trunc('day', created_at)",4.403696756713885,978230,SUCCESS,
3fae5b4e-f859-4318-bb5e-a8505c068fe7,2025-09-01T13:45:00,57eba2d7-a4fe-48aa-aa7b-ad0e6f1296b7,jose46,ETL_WH_SMALL,"SELECT COUNT(*) FROM SYSTEM_EVENTS GROUP BY date_trunc('day', created_at)",1.6319864999121418,965653,SUCCESS,
19020555-ea04-47d3-bb37-986e6f292cf6,2025-09-01T13:45:00,cea2e75f-1ee1-4b1d-90f5-242f82a02bed,erickennedy,BI_WH_SMALL,"SELECT * FROM EMPLOYEE_RECORDS WHERE created_at >= dateadd('day', -7, current_date())",1.0151995509819904,653450,SUCCESS,
1c227ca1-3e60-42bf-8cf2-c29a4468395b,2025-09-01T13:45:00,879c852e-e8e8-45c3-9ead-5fa56c9ecfbc,egarcia,DEV_WH_X-SMALL,"SELECT COUNT(*) FROM CUSTOMER_DATA GROUP BY date_trunc('day', created_at)",4.425512145007952,976039,SUCCESS,
680a84ef-be20-44b8-90c3-5a6b7531ab1f,2025-09-01T13:45:00,f22aa1cf-fe8b-4e78-8492-b46e0f46ffda,brandtmisty,ETL_WH_SMALL,"SELECT DISTINCT column1, column2 FROM PRODUCT_INVENTORY WHERE condition = 'value'",0.18376004158126147,165358,SUCCESS,
fafa1e57-0f1d-48a3-9b63-ee933197e00d,2025-09-01T13:45:00,5fb2a072-2bab-4b94-9109-9cbea70c5438,bryancuevas,PROD_WH_X-SMALL,SELECT * FROM PRODUCT_INVENTORY LIMIT 1000,1.9889841507239117,106669,SUCCESS,
b416d7b4-166d-4ae5-867a-2f586fac6ab1,2025-09-01T13:45:00,f0c2cfac-cf3b-4053-9e79-a6a4c6bbd187,garciaalison,DEV_WH_LARGE,"SELECT COUNT(*) FROM SYSTEM_EVENTS GROUP BY date_trunc('day', created_at)",1.9473234812589626,922162,SUCCESS,
811ce5d7-798d-4e4e-aa41-5f870c1cbbe8,2025-09-01T13:45:00,859c34dd-4540-49a3-b26d-f82b1455d905,oatkinson,DEV_WH_MEDIUM,"SELECT DISTINCT column1, column2 FROM EMPLOYEE_RECORDS WHERE condition = 'value'",1.7452492511936406,601185,SUCCESS,
6e14d96b-be6b-456a-8e06-f0d75de341fb,2025-09-01T13:45:00,cea2e75f-1ee1-4b1d-90f5-242f82a02bed,erickennedy,PROD_WH_MEDIUM,SELECT * FROM SYSTEM_EVENTS LIMIT 1000,3.102318836677855,445229,SUCCESS,
06efd9a8-7a64-4a9c-9429-7121163aa609,2025-09-01T13:45:00,7cd584de-ca92-465c-8ea8-5f7ad356bee6,danasandoval,BI_WH_X-SMALL,SELECT * FROM MARKETING_CAMPAIGNS LIMIT 1000,2.7448518171467633,398544,SUCCESS,
426a57d4-718a-4337-b5e6-4d6eb763d46a,2025-09-01T13:45:00,4bc8b8f2-4d6e-4d5e-8d40-a7b6b3d6bb03,amandamitchell,DEV_WH_MEDIUM,"SELECT COUNT(*) FROM SYSTEM_EVENTS GROUP BY date_trunc('day', created_at)",1.5635980421288862,576352,SUCCESS,
2725d891-5f02-4250-888d-06de3ffcb767,2025-09-01T13:58:00,57eba2d7-a4fe-48aa-aa7b-ad0e6f1296b7,jose46,BI_WH_SMALL,"SELECT DISTINCT column1, column2 FROM CUSTOMER_DATA WHERE condition = 'value'",1.0273397423091823,998128,SUCCESS,
9be71872-114b-4f3a-85ef-eb5da38c86cf,2025-09-01T13:58:00,b92c2609-888c-471e-bf61-4363556df9d8,frank26,DEV_WH_MEDIUM,"SELECT COUNT(*) FROM MARKETING_CAMPAIGNS GROUP BY date_trunc('day', created_at)",0.8655369593383757,887431,SUCCESS,
3e08451b-35ad-41a0-a56a-b3b3ee014704,2025-09-01T13:58:00,4663d48b-596a-4f39-b714-8d69ac9a7d2a,robert93,DEV_WH_X-SMALL,SELECT * FROM USER_ACTIVITY_LOGS LIMIT 1000,1.4347169903309414,709841,SUCCESS,
5e175bd7-3577-4489-b202-286cbf4ae24d,2025-09-01T13:58:00,f0c2cfac-cf3b-4053-9e79-a6a4c6bbd187,garciaalison,BI_WH_SMALL,"SELECT * FROM PRODUCT_INVENTORY WHERE created_at >= dateadd('day', -7, current_date())",0.9832186272211176,312916,SUCCESS,
bfd1df0b-27da-4461-b9a2-75ff47bd58fa,2025-09-01T13:58:00,a3a85592-9f3f-4845-87b8-dd199fcdc3cc,gmoreno,ETL_WH_X-SMALL,"SELECT * FROM SYSTEM_EVENTS WHERE created_at >= dateadd('day', -7, current_date())",1.5229069964561956,406235,SUCCESS,
c905ad25-afb5-4953-9f7e-43e2d6337117,2025-09-01T13:58:00,f22aa1cf-fe8b-4e78-8492-b46e0f46ffda,brandtmisty,PROD_WH_MEDIUM,"SELECT COUNT(*) FROM SALES_TRANSACTIONS GROUP BY date_trunc('day', created_at)",3.6292340571322694,652085,SUCCESS,
d1b28e74-0919-415c-885c-db48ea63a7da,2025-09-01T13:58:00,5fb2a072-2bab-4b94-9109-9cbea70c5438,bryancuevas,BI_WH_X-SMALL,SELECT * FROM MARKETING_CAMPAIGNS LIMIT 1000,2.789031345148168,119988,SUCCESS,
220c25a6-7399-4055-9620-ff906c0abc2b,2025-09-01T13:58:00,a3a85592-9f3f-4845-87b8-dd199fcdc3cc,gmoreno,DEV_WH_X-SMALL,SELECT * FROM EMPLOYEE_RECORDS LIMIT 1000,4.694343336829852,559094,SUCCESS,
6c4faae8-636b-40b6-af78-b3c76129ed82,2025-09-01T13:58:00,f22aa1cf-fe8b-4e78-8492-b46e0f46ffda,brandtmisty,BI_WH_X-SMALL,"SELECT DISTINCT column1, column2 FROM CUSTOMER_DATA WHERE condition = 'value'",2.654014595707435,416975,SUCCESS,
02a26ace-266a-47da-a29c-a9e35552a699,2025-09-01T13:58:00,3d8cc43f-0f00-40bd-b8b2-34ac61fc0360,rwilliams,PROD_WH_X-SMALL,"SELECT COUNT(*) FROM SYSTEM_EVENTS GROUP BY date_trunc('day', created_at)",1.8523724081550375,708373,SUCCESS,
91f11f9a-ba65-40a7-84a4-c71462f3b5c7,2025-09-01T14:08:00,82e7a6a3-1f49-4f5a-8a2a-96e5a654a185,codyoconnor,DEV_WH_SMALL,"SELECT COUNT(*) FROM SALES_TRANSACTIONS GROUP BY date_trunc('day', created_at)",2.2133963874641505,241458,SUCCESS,
1642b480-befb-47a5-af6a-bccb9e8c0797,2025-09-01T14:08:00,da0f0f7a-8d2c-4ca9-b82e-cda33fba6610,rachel35,DEV_WH_SMALL,"SELECT COUNT(*) FROM SYSTEM_EVENTS GROUP BY date_trunc('day', created_at)",2.828383349652467,234329,SUCCESS,
b91b6ebe-0949-42eb-84b4-71d842f6d5e0,2025-09-01T14:08:00,4663d48b-596a-4f39-b714-8d69ac9a7d2a,robert93,PROD_WH_MEDIUM,"SELECT COUNT(*) FROM PRODUCT_INVENTORY GROUP BY date_trunc('day', created_at)",2.414179261040096,617275,SUCCESS,
cce8e87e-310c-4199-a298-f6134a185ed1,2025-09-01T14:08:00,cea2e75f-1ee1-4b1d-90f5-242f82a02bed,erickennedy,BI_WH_LARGE,"SELECT DISTINCT column1, column2 FROM SYSTEM_EVENTS WHERE condition = 'value'",1.1195873171438533,561363,SUCCESS,
b50d9ddb-b4c4-42ad-9a3b-344acc8e7644,2025-09-01T14:08:00,4663d48b-596a-4f39-b714-8d69ac9a7d2a,robert93,PROD_WH_X-SMALL,"SELECT DISTINCT column1, column2 FROM SALES_TRANSACTIONS WHERE condition = 'value'",2.5114483105122893,698185,SUCCESS,
27f49545-54b8-4ff2-8b73-468b53bbe2c4,2025-09-01T14:08:00,da0f0f7a-8d2c-4ca9-b82e-cda33fba6610,rachel35,BI_WH_LARGE,"SELECT DISTINCT column1, column2 FROM EMPLOYEE_RECORDS WHERE condition = 'value'",0.5866609958181329,591706,SUCCESS,
adf4d3df-f88a-43da-8954-3bffba8d0040,2025-09-01T14:08:00,57eba2d7-a4fe-48aa-aa7b-ad0e6f1296b7,jose46,ETL_WH_LARGE,"SELECT * FROM SYSTEM_EVENTS WHERE created_at >= dateadd('day', -7, current_date())",1.7387838986415267,54685,SUCCESS,
f92c73bf-6d74-4e79-a6c5-226d03feef70,2025-09-01T14:08:00,89e53854-09b7-4b59-8352-a231c51f8687,glarsen,BI_WH_SMALL,"SELECT DISTINCT column1, column2 FROM EMPLOYEE_RECORDS WHERE condition = 'value'",0.32529028628965656,769023,SUCCESS,
ae57bcb6-7368-4efe-ba70-0308660b9e64,2025-09-01T14:08:00,b92c2609-888c-471e-bf61-4363556df9d8,frank26,ETL_WH_LARGE,SELECT * FROM SYSTEM_EVENTS LIMIT 1000,2.4025994020002894,98907,SUCCESS,
6e9c08ea-4d2e-4f75-80bb-077e189608e9,2025-09-01T14:08:00,da0f0f7a-8d2c-4ca9-b82e-cda33fba6610,rachel35,BI_WH_SMALL,"SELECT COUNT(*) FROM EMPLOYEE_RECORDS GROUP BY date_trunc('day', created_at)",1.5935165112037517,375317,SUCCESS,
cf5e6425-25f1-4be1-bfb7-c9fe11ca8204,2025-09-01T14:17:00,4b7e389e-8c78-4e72-ab0b-774df43b399e,hardinjennifer,ETL_WH_LARGE,"SELECT * FROM MARKETING_CAMPAIGNS WHERE created_at >= dateadd('day', -7, current_date())",0.15741213254723718,598779,SUCCESS,
a7840ab8-f4c0-4618-b0a1-42b84d1f5203,2025-09-01T14:17:00,ac5e7ada-2f2f-4292-a0e4-18083982547a,lliu,PROD_WH_LARGE,"SELECT COUNT(*) FROM SYSTEM_EVENTS GROUP BY date_trunc('day', created_at)",4.872498788403437,265930,SUCCESS,
eb076bc1-ac25-4faf-88e2-40827362e83c,2025-09-01T14:17:00,3d8cc43f-0f00-40bd-b8b2-34ac61fc0360,rwilliams,ETL_WH_MEDIUM,"SELECT COUNT(*) FROM USER_ACTIVITY_LOGS GROUP BY date_trunc('day', created_at)",3.331579957596842,481489,SUCCESS,
5e697369-fa1c-49a8-9ac9-006b93f320bb,2025-09-01T14:17:00,f0c2cfac-cf3b-4053-9e79-a6a4c6bbd187,garciaalison,DEV_WH_SMALL,SELECT * FROM CUSTOMER_DATA LIMIT 1000,1.427669426633037,675361,SUCCESS,
a85398f8-1ca7-4ea0-929e-21f4d6626e46,2025-09-01T14:17:00,cea2e75f-1ee1-4b1d-90f5-242f82a02bed,erickennedy,PROD_WH_SMALL,SELECT * FROM SALES_TRANSACTIONS LIMIT 1000,2.1747419253614866,454403,SUCCESS,
e54ecfdb-44ab-49af-9399-c769e09d144d,2025-09-01T14:17:00,da0f0f7a-8d2c-4ca9-b82e-cda33fba6610,rachel35,ETL_WH_SMALL,"SELECT COUNT(*) FROM SALES_TRANSACTIONS GROUP BY date_trunc('day', created_at)",1.4548523753923832,651289,SUCCESS,
1be9376b-3519-4d2f-9e83-ba4d60a3983c,2025-09-01T14:17:00,4663d48b-596a-4f39-b714-8d69ac9a7d2a,robert93,BI_WH_MEDIUM,"SELECT * FROM EMPLOYEE_RECORDS WHERE created_at >= dateadd('day', -7, current_date())",0.4120730888952797,957431,SUCCESS,
869ad8f6-392e-4f54-9a3f-3edb386d684b,2025-09-01T14:17:00,57eba2d7-a4fe-48aa-aa7b-ad0e6f1296b7,jose46,BI_WH_SMALL,SELECT * FROM SALES_TRANSACTIONS LIMIT 1000,1.3457357485668595,204622,SUCCESS,
8ca6be53-c4eb-4313-a466-4de5a2eb7892,2025-09-01T14:17:00,4b7e389e-8c78-4e72-ab0b-774df43b399e,hardinjennifer,BI_WH_MEDIUM,"SELECT DISTINCT column1, column2 FROM EMPLOYEE_RECORDS WHERE condition = 'value'",3.5410332715711106,792218,SUCCESS,
21f8496b-fd9a-4c9d-a493-6e7fa0e8fa36,2025-09-01T14:17:00,da0f0f7a-8d2c-4ca9-b82e-cda33fba6610,rachel35,BI_WH_SMALL,"SELECT DISTINCT column1, column2 FROM PRODUCT_INVENTORY WHERE condition = 'value'",2.8549422454009235,113309,SUCCESS,
895f8e78-dd22-489e-ab2a-c7452592b354,2025-09-01T14:27:00,b92c2609-888c-471e-bf61-4363556df9d8,frank26,ETL_WH_SMALL,SELECT * FROM PRODUCT_INVENTORY LIMIT 1000,2.379483178471118,957481,SUCCESS,
a4b9cee0-da44-4a1f-9638-650ba77f75b9,2025-09-01T14:27:00,f0c2cfac-cf3b-4053-9e79-a6a4c6bbd187,garciaalison,PROD_WH_LARGE,"SELECT COUNT(*) FROM EMPLOYEE_RECORDS GROUP BY date_trunc('day', created_at)",2.9308472785055733,101051,SUCCESS,
d74f7187-a96f-430a-9d04-6d7f86a377c1,2025-09-01T14:27:00,f22aa1cf-fe8b-4e78-8492-b46e0f46ffda,brandtmisty,DEV_WH_SMALL,SELECT * FROM MARKETING_CAMPAIGNS LIMIT 1000,4.569347239840919,282509,SUCCESS,
411eaaaf-0eec-49ee-8992-ea319773f972,2025-09-01T14:27:00,57eba2d7-a4fe-48aa-aa7b-ad0e6f1296b7,jose46,BI_WH_MEDIUM,"SELECT * FROM FINANCIAL_METRICS WHERE created_at >= dateadd('day', -7, current_date())",1.2222119873831974,102630,SUCCESS,
82b05544-5ae4-473d-8124-66b83e3fc9ff,2025-09-01T14:27:00,00f99f6f-5fcc-490a-84f9-6b24911c0b2e,emilyhamilton,PROD_WH_SMALL,"SELECT * FROM SYSTEM_EVENTS WHERE created_at >= dateadd('day', -7, current_date())",4.872949743279551,63022,SUCCESS,
2ab727e9-2049-4db4-9852-6c46edc22be2,2025-09-01T14:27:00,82e7a6a3-1f49-4f5a-8a2a-96e5a654a185,codyoconnor,BI_WH_LARGE,"SELECT DISTINCT column1, column2 FROM SYSTEM_EVENTS WHERE condition = 'value'",1.2497563287994697,935263,SUCCESS,
f392fea0-52b7-4799-90f6-b068c817e4a7,2025-09-01T14:27:00,5fb2a072-2bab-4b94-9109-9cbea70c5438,bryancuevas,DEV_WH_MEDIUM,"SELECT DISTINCT column1, column2 FROM CUSTOMER_DATA WHERE condition = 'value'",1.87097648287989,205657,SUCCESS,
3ec74a0a-f9f5-483f-8dd5-52c31e52757a,2025-09-01T14:27:00,f0c2cfac-cf3b-4053-9e79-a6a4c6bbd187,garciaalison,BI_WH_LARGE,"SELECT COUNT(*) FROM MARKETING_CAMPAIGNS GROUP BY date_trunc('day', created_at)",4.59870359998564,677392,SUCCESS,
d3f0495c-dc3b-4bf9-8d35-3e69ffd9dbfd,2025-09-01T14:27:00,f0c2cfac-cf3b-4053-9e79-a6a4c6bbd187,garciaalison,BI_WH_MEDIUM,"SELECT COUNT(*) FROM PRODUCT_INVENTORY GROUP BY date_trunc('day', created_at)",3.6851739949901674,165578,SUCCESS,
0840e719-3153-4876-8e5d-f0b8a524f84c,2025-09-01T14:27:00,a3a85592-9f3f-4845-87b8-dd199fcdc3cc,gmoreno,ETL_WH_LARGE,SELECT * FROM SYSTEM_EVENTS LIMIT 1000,3.3162827124818945,527638,SUCCESS,
3ba76b94-eb99-4f4a-ace0-454d7369efe7,2025-09-01T14:40:00,5fb2a072-2bab-4b94-9109-9cbea70c5438,bryancuevas,BI_WH_MEDIUM,"SELECT DISTINCT column1, column2 FROM FINANCIAL_METRICS WHERE condition = 'value'",1.5747672225849765,151425,SUCCESS,
5c4b3861-2ec3-4b75-b2e8-0257e9f66079,2025-09-01T14:40:00,b92c2609-888c-471e-bf61-4363556df9d8,frank26,BI_WH_SMALL,"SELECT COUNT(*) FROM CUSTOMER_DATA GROUP BY date_trunc('day', created_at)",2.3760410704916297,579890,SUCCESS,
19e9d92c-60db-49fc-b14a-8a1edc45c015,2025-09-01T14:40:00,da0f0f7a-8d2c-4ca9-b82e-cda33fba6610,rachel35,DEV_WH_X-SMALL,"SELECT * FROM CUSTOMER_DATA WHERE created_at >= dateadd('day', -7, current_date())",4.238692783232776,556608,SUCCESS,
c0e0f26d-6cb6-4eda-9b36-b7b68fc0c788,2025-09-01T14:40:00,f0c2cfac-cf3b-4053-9e79-a6a4c6bbd187,garciaalison,ETL_WH_LARGE,"SELECT * FROM EMPLOYEE_RECORDS WHERE created_at >= dateadd('day', -7, current_date())",0.24272149186662048,906839,SUCCESS,
934e342e-dd47-4b90-8265-3cf0a6fffd63,2025-09-01T14:40:00,f0c2cfac-cf3b-4053-9e79-a6a4c6bbd187,garciaalison,DEV_WH_LARGE,"SELECT COUNT(*) FROM FINANCIAL_METRICS GROUP BY date_trunc('day', created_at)",3.622185149009219,722692,SUCCESS,
da085728-dcc6-46d8-9fa4-6dba33b2e9a8,2025-09-01T14:40:00,f0c2cfac-cf3b-4053-9e79-a6a4c6bbd187,garciaalison,BI_WH_MEDIUM,"SELECT * FROM USER_ACTIVITY_LOGS WHERE created_at >= dateadd('day', -7, current_date())",4.163350903160683,258708,SUCCESS,
2266ee8b-a0ca-40f3-9e16-60e710892e38,2025-09-01T14:40:00,a3a85592-9f3f-4845-87b8-dd199fcdc3cc,gmoreno,DEV_WH_MEDIUM,"SELECT * FROM USER_ACTIVITY_LOGS WHERE created_at >= dateadd('day', -7, current_date())",0.20861453893779824,77310,SUCCESS,
c5ab2409-fcc7-43e2-b476-732be5a1a371,2025-09-01T14:40:00,f22aa1cf-fe8b-4e78-8492-b46e0f46ffda,brandtmisty,ETL_WH_X-SMALL,"SELECT DISTINCT column1, column2 FROM MARKETING_CAMPAIGNS WHERE condition = 'value'",4.601278055636005,880851,SUCCESS,
8df7a8b7-8b4d-4804-a3a1-e2da79e37a66,2025-09-01T14:40:00,82e7a6a3-1f49-4f5a-8a2a-96e5a654a185,codyoconnor,DEV_WH_LARGE,SELECT * FROM USER_ACTIVITY_LOGS LIMIT 1000,4.896987769342219,592257,SUCCESS,
52b0998e-e58e-413d-8872-8a051c45eadb,2025-09-01T14:40:00,da0f0f7a-8d2c-4ca9-b82e-cda33fba6610,rachel35,PROD_WH_LARGE,SELECT * FROM PRODUCT_INVENTORY LIMIT 1000,0.3335512380367718,565845,SUCCESS,
7fe08c71-b4da-4cf6-99ff-5b8dcdf9a1a8,2025-09-01T14:47:00,5fb2a072-2bab-4b94-9109-9cbea70c5438,bryancuevas,PROD_WH_LARGE,SELECT * FROM CUSTOMER_DATA LIMIT 1000,1.2969890564688515,605865,SUCCESS,
b5ed2bef-4389-4655-9943-05656f2a4508,2025-09-01T14:47:00,82e7a6a3-1f49-4f5a-8a2a-96e5a654a185,codyoconnor,ETL_WH_LARGE,"SELECT DISTINCT column1, column2 FROM USER_ACTIVITY_LOGS WHERE condition = 'value'",3.965146556566743,490980,SUCCESS,
aaf2737a-402e-4341-955b-824a4e87894b,2025-09-01T14:47:00,82e7a6a3-1f49-4f5a-8a2a-96e5a654a185,codyoconnor,PROD_WH_SMALL,SELECT * FROM EMPLOYEE_RECORDS LIMIT 1000,3.4338629680066948,706209,SUCCESS,
c8587cf8-7c17-4275-9819-0ea48ab29bb7,2025-09-01T14:47:00,4b7e389e-8c78-4e72-ab0b-774df43b399e,hardinjennifer,PROD_WH_MEDIUM,SELECT * FROM SYSTEM_EVENTS LIMIT 1000,0.44023190781123644,754987,SUCCESS,
5edeab07-9f53-4359-a9b8-4933d9617aa8,2025-09-01T14:47:00,5fb2a072-2bab-4b94-9109-9cbea70c5438,bryancuevas,BI_WH_X-SMALL,"SELECT DISTINCT column1, column2 FROM PRODUCT_INVENTORY WHERE condition = 'value'",2.13433794382123,595167,SUCCESS,
d3d258f7-248f-403c-8535-d2fc398430db,2025-09-01T14:47:00,9a7a68c7-1b0c-4669-859f-6d352b1e386f,andrew16,ETL_WH_SMALL,"SELECT * FROM SALES_TRANSACTIONS WHERE created_at >= dateadd('day', -7, current_date())",4.665279645761774,789340,SUCCESS,
74cb30a4-29df-4c68-b318-f3ab6c804da6,2025-09-01T14:47:00,cea2e75f-1ee1-4b1d-90f5-242f82a02bed,erickennedy,BI_WH_MEDIUM,"SELECT * FROM CUSTOMER_DATA WHERE created_at >= dateadd('day', -7, current_date())",1.3605778779063173,752371,SUCCESS,
63dfcbdf-2661-4616-8637-9fb16988908c,2025-09-01T14:47:00,5fb2a072-2bab-4b94-9109-9cbea70c5438,bryancuevas,BI_WH_LARGE,SELECT * FROM SYSTEM_EVENTS LIMIT 1000,1.0676142528084307,471687,SUCCESS,
8fef1592-5654-41d5-ad93-85d5d1a705d1,2025-09-01T14:47:00,5fb2a072-2bab-4b94-9109-9cbea70c5438,bryancuevas,PROD_WH_MEDIUM,"SELECT DISTINCT column1, column2 FROM SYSTEM_EVENTS WHERE condition = 'value'",4.241375476354424,808942,SUCCESS,
c47d83c3-bed9-4fd8-a28f-cc97a5d877c8,2025-09-01T14:47:00,da0f0f7a-8d2c-4ca9-b82e-cda33fba6610,rachel35,PROD_WH_X-SMALL,"SELECT COUNT(*) FROM CUSTOMER_DATA GROUP BY date_trunc('day', created_at)",0.6493877201291061,816534,SUCCESS,
5b579bc9-f32e-48db-8060-66aa9275d56f,2025-09-01T15:00:00,ac5e7ada-2f2f-4292-a0e4-18083982547a,lliu,BI_WH_LARGE,"SELECT * FROM FINANCIAL_METRICS WHERE created_at >= dateadd('day', -7, current_date())",0.434709427248527,48137,SUCCESS,
03e16723-043d-4f78-be62-69804d8c6f12,2025-09-01T15:00:00,859c34dd-4540-49a3-b26d-f82b1455d905,oatkinson,PROD_WH_SMALL,"SELECT COUNT(*) FROM FINANCIAL_METRICS GROUP BY date_trunc('day', created_at)",3.03296690924956,243326,SUCCESS,
09efdd45-f200-456b-b372-af5b647e8c0a,2025-09-01T15:00:00,a3a85592-9f3f-4845-87b8-dd199fcdc3cc,gmoreno,BI_WH_X-SMALL,"SELECT DISTINCT column1, column2 FROM PRODUCT_INVENTORY WHERE condition = 'value'",2.3020609258826474,568783,SUCCESS,
d73544bd-1dbb-4883-b452-393839fe1970,2025-09-01T15:00:00,3d8cc43f-0f00-40bd-b8b2-34ac61fc0360,rwilliams,BI_WH_SMALL,"SELECT DISTINCT column1, column2 FROM SYSTEM_EVENTS WHERE condition = 'value'",3.209348883885551,300291,SUCCESS,
03f3781a-e829-418c-9076-86d751a80b60,2025-09-01T15:00:00,7cd584de-ca92-465c-8ea8-5f7ad356bee6,danasandoval,ETL_WH_SMALL,"SELECT DISTINCT column1, column2 FROM EMPLOYEE_RECORDS WHERE condition = 'value'",3.734824022293278,813688,SUCCESS,
01c2957a-521a-4df0-8437-c0df2c93f61d,2025-09-01T15:00:00,da0f0f7a-8d2c-4ca9-b82e-cda33fba6610,rachel35,DEV_WH_LARGE,"SELECT COUNT(*) FROM MARKETING_CAMPAIGNS GROUP BY date_trunc('day', created_at)",0.7901694199351605,377399,SUCCESS,
c43e8dbc-9de5-468a-a2a1-24d73c444fb8,2025-09-01T15:00:00,879c852e-e8e8-45c3-9ead-5fa56c9ecfbc,egarcia,DEV_WH_LARGE,"SELECT * FROM FINANCIAL_METRICS WHERE created_at >= dateadd('day', -7, current_date())",4.926157572887704,900758,SUCCESS,
7c0285c5-0050-4689-8021-4f7c1caa2956,2025-09-01T15:00:00,859c34dd-4540-49a3-b26d-f82b1455d905,oatkinson,PROD_WH_LARGE,"SELECT DISTINCT column1, column2 FROM CUSTOMER_DATA WHERE condition = 'value'",1.357452347932867,224424,SUCCESS,
df38ff8c-f613-4523-9ab1-277b42acda13,2025-09-01T15:00:00,7cd584de-ca92-465c-8ea8-5f7ad356bee6,danasandoval,PROD_WH_SMALL,"SELECT * FROM USER_ACTIVITY_LOGS WHERE created_at >= dateadd('day', -7, current_date())",2.161412820658423,682023,SUCCESS,
af9351b8-a701-47ec-b0a1-ae28f319bb30,2025-09-01T15:00:00,00f99f6f-5fcc-490a-84f9-6b24911c0b2e,emilyhamilton,BI_WH_LARGE,"SELECT * FROM EMPLOYEE_RECORDS WHERE created_at >= dateadd('day', -7, current_date())",1.7659881504853678,326152,SUCCESS,
f51495da-b7c4-4c1b-953b-8f43a1c0933f,2025-09-01T15:14:00,9a7a68c7-1b0c-4669-859f-6d352b1e386f,andrew16,ETL_WH_SMALL,"SELECT * FROM USER_ACTIVITY_LOGS WHERE created_at >= dateadd('day', -7, current_date())",1.3021351878476597,827424,SUCCESS,
9d0ef080-6dbb-49b5-bf30-32913a9b0af8,2025-09-01T15:14:00,4b7e389e-8c78-4e72-ab0b-774df43b399e,hardinjennifer,BI_WH_LARGE,SELECT * FROM EMPLOYEE_RECORDS LIMIT 1000,4.721323055893738,401171,SUCCESS,
7b0e4871-d0c8-45f4-ab59-c21d47961199,2025-09-01T15:14:00,00f99f6f-5fcc-490a-84f9-6b24911c0b2e,emilyhamilton,DEV_WH_LARGE,SELECT * FROM EMPLOYEE_RECORDS LIMIT 1000,1.273576634242498,969085,SUCCESS,
61fe7b43-c607-459b-8096-513d6fb365eb,2025-09-01T15:14:00,859c34dd-4540-49a3-b26d-f82b1455d905,oatkinson,BI_WH_LARGE,SELECT * FROM SALES_TRANSACTIONS LIMIT 1000,1.7141891933530669,315552,SUCCESS,
6f37ca25-d72c-40a7-a095-fc71560f97b7,2025-09-01T15:14:00,859c34dd-4540-49a3-b26d-f82b1455d905,oatkinson,BI_WH_X-SMALL,"SELECT DISTINCT column1, column2 FROM CUSTOMER_DATA WHERE condition = 'value'",1.5134409305209215,313672,SUCCESS,
e71e7f13-cf7f-4126-b144-d45830baf136,2025-09-01T15:14:00,4b7e389e-8c78-4e72-ab0b-774df43b399e,hardinjennifer,ETL_WH_MEDIUM,SELECT * FROM FINANCIAL_METRICS LIMIT 1000,3.957891267763415,983934,SUCCESS,
f41eb5b4-61f6-47f3-ae42-ef2c5cb80c03,2025-09-01T15:14:00,b92c2609-888c-471e-bf61-4363556df9d8,frank26,ETL_WH_SMALL,"SELECT DISTINCT column1, column2 FROM SYSTEM_EVENTS WHERE condition = 'value'",0.28777557325742886,553074,SUCCESS,
7df589bc-0423-4b84-ae9f-ef20110defb9,2025-09-01T15:14:00,57eba2d7-a4fe-48aa-aa7b-ad0e6f1296b7,jose46,ETL_WH_LARGE,"SELECT * FROM FINANCIAL_METRICS WHERE created_at >= dateadd('day', -7, current_date())",1.5253192016126442,668807,SUCCESS,
d43587a8-835a-4b91-b6a4-f14fb05ba81b,2025-09-01T15:14:00,ac5e7ada-2f2f-4292-a0e4-18083982547a,lliu,ETL_WH_MEDIUM,"SELECT COUNT(*) FROM CUSTOMER_DATA GROUP BY date_trunc('day', created_at)",2.9157716393139794,301850,SUCCESS,
6cfdc57e-4c58-4d2a-8b41-5bbf72c836b6,2025-09-01T15:14:00,89e53854-09b7-4b59-8352-a231c51f8687,glarsen,ETL_WH_LARGE,"SELECT DISTINCT column1, column2 FROM FINANCIAL_METRICS WHERE condition = 'value'",1.585425525730561,141656,SUCCESS,
a3f066a8-b639-45e5-8347-bc5b433054dd,2025-09-01T15:29:00,b92c2609-888c-471e-bf61-4363556df9d8,frank26,ETL_WH_MEDIUM,"SELECT DISTINCT column1, column2 FROM FINANCIAL_METRICS WHERE condition = 'value'",3.6263895007787355,64942,SUCCESS,
a7a2ecb7-c517-475c-8d1f-f29b2d8a5c12,2025-09-01T15:29:00,3d8cc43f-0f00-40bd-b8b2-34ac61fc0360,rwilliams,DEV_WH_SMALL,SELECT * FROM PRODUCT_INVENTORY LIMIT 1000,1.6352364673456814,876300,SUCCESS,
3407c947-0b7d-4c20-acf1-a5ee999465d9,2025-09-01T15:29:00,b92c2609-888c-471e-bf61-4363556df9d8,frank26,BI_WH_LARGE,"SELECT DISTINCT column1, column2 FROM MARKETING_CAMPAIGNS WHERE condition = 'value'",0.4540133401077573,428491,SUCCESS,
747fefdb-6187-48c0-ac61-2f83bb79d34e,2025-09-01T15:29:00,89e53854-09b7-4b59-8352-a231c51f8687,glarsen,PROD_WH_SMALL,"SELECT DISTINCT column1, column2 FROM SYSTEM_EVENTS WHERE condition = 'value'",2.225515271665065,616409,SUCCESS,
cbf416f9-fab8-4bc0-8bcd-34b864a94bfd,2025-09-01T15:29:00,3d8cc43f-0f00-40bd-b8b2-34ac61fc0360,rwilliams,DEV_WH_MEDIUM,"SELECT COUNT(*) FROM FINANCIAL_METRICS GROUP BY date_trunc('day', created_at)",1.4024803815259945,821027,SUCCESS,
47832f2f-736f-4067-b2c2-dfeb89cfbf6b,2025-09-01T15:29:00,5fb2a072-2bab-4b94-9109-9cbea70c5438,bryancuevas,PROD_WH_MEDIUM,"SELECT COUNT(*) FROM MARKETING_CAMPAIGNS GROUP BY date_trunc('day', created_at)",4.517673460761232,390731,SUCCESS,
8079995c-84eb-40ff-b10c-0b070e51af80,2025-09-01T15:29:00,b92c2609-888c-471e-bf61-4363556df9d8,frank26,PROD_WH_X-SMALL,"SELECT COUNT(*) FROM MARKETING_CAMPAIGNS GROUP BY date_trunc('day', created_at)",1.1877427888831191,914008,SUCCESS,
06120b27-ee3f-43d7-be0d-11a8ebbbdc83,2025-09-01T15:29:00,4bc8b8f2-4d6e-4d5e-8d40-a7b6b3d6bb03,amandamitchell,DEV_WH_X-SMALL,"SELECT * FROM PRODUCT_INVENTORY WHERE created_at >= dateadd('day', -7, current_date())",0.22042398616957812,761162,SUCCESS,
0883abaa-c48d-4072-97f0-d4e4e9c800ed,2025-09-01T15:29:00,f22aa1cf-fe8b-4e78-8492-b46e0f46ffda,brandtmisty,PROD_WH_LARGE,SELECT * FROM EMPLOYEE_RECORDS LIMIT 1000,0.7478961408954248,856586,SUCCESS,
985fdbef-ca25-4dc5-a890-7945f9416371,2025-09-01T15:29:00,3d8cc43f-0f00-40bd-b8b2-34ac61fc0360,rwilliams,DEV_WH_LARGE,SELECT * FROM SALES_TRANSACTIONS LIMIT 1000,2.2178209354789087,846962,SUCCESS,
0373bdbb-6426-4cdf-924d-56111b9ca1e7,2025-09-01T15:41:00,cea2e75f-1ee1-4b1d-90f5-242f82a02bed,erickennedy,PROD_WH_X-SMALL,"SELECT COUNT(*) FROM SYSTEM_EVENTS GROUP BY date_trunc('day', created_at)",4.254685669093942,732274,SUCCESS,
9b204392-9411-4b13-b473-2932eb608c3a,2025-09-01T15:41:00,a3a85592-9f3f-4845-87b8-dd199fcdc3cc,gmoreno,DEV_WH_X-SMALL,"SELECT * FROM FINANCIAL_METRICS WHERE created_at >= dateadd('day', -7, current_date())",1.366273258829245,341977,SUCCESS,
3e09c817-9c56-44ad-b6bb-92d90358ae56,2025-09-01T15:41:00,cea2e75f-1ee1-4b1d-90f5-242f82a02bed,erickennedy,ETL_WH_LARGE,"SELECT * FROM SALES_TRANSACTIONS WHERE created_at >= dateadd('day', -7, current_date())",2.633291396693619,489013,SUCCESS,
d1321c19-fccd-415b-9b27-5dea8305a368,2025-09-01T15:41:00,ac5e7ada-2f2f-4292-a0e4-18083982547a,lliu,PROD_WH_LARGE,"SELECT COUNT(*) FROM SYSTEM_EVENTS GROUP BY date_trunc('day', created_at)",2.901625937145326,764382,SUCCESS,
c066d1c2-7c2d-4820-add5-1e26b182f23b,2025-09-01T15:41:00,89e53854-09b7-4b59-8352-a231c51f8687,glarsen,DEV_WH_SMALL,SELECT * FROM PRODUCT_INVENTORY LIMIT 1000,1.2334413310452745,587177,SUCCESS,
4b708964-d8bf-4310-9099-f9e17f774b3f,2025-09-01T15:41:00,a3a85592-9f3f-4845-87b8-dd199fcdc3cc,gmoreno,DEV_WH_LARGE,"SELECT COUNT(*) FROM FINANCIAL_METRICS GROUP BY date_trunc('day', created_at)",1.0886109755415465,962772,SUCCESS,
0e9bb8f6-3033-4629-ab97-3f61cfd5cb0a,2025-09-01T15:41:00,cea2e75f-1ee1-4b1d-90f5-242f82a02bed,erickennedy,BI_WH_LARGE,"SELECT * FROM SYSTEM_EVENTS WHERE created_at >= dateadd('day', -7, current_date())",0.25992860168104615,405736,SUCCESS,
a6194d3e-1abd-4ef7-b9b1-2021a0bd82e3,2025-09-01T15:41:00,859c34dd-4540-49a3-b26d-f82b1455d905,oatkinson,ETL_WH_X-SMALL,SELECT * FROM FINANCIAL_METRICS LIMIT 1000,0.8450217879413496,447936,SUCCESS,
f7afcbc4-ef45-482e-bbb1-e853f52685f4,2025-09-01T15:41:00,57eba2d7-a4fe-48aa-aa7b-ad0e6f1296b7,jose46,BI_WH_MEDIUM,"SELECT DISTINCT column1, column2 FROM CUSTOMER_DATA WHERE condition = 'value'",3.7872734017451752,420373,SUCCESS,
9bba958f-ae17-46ff-938c-fb41031b0e37,2025-09-01T15:41:00,b92c2609-888c-471e-bf61-4363556df9d8,frank26,PROD_WH_MEDIUM,"SELECT * FROM MARKETING_CAMPAIGNS WHERE created_at >= dateadd('day', -7, current_date())",3.434839165053834,909270,SUCCESS,
dd582a3a-90a8-41a1-87da-2cb093a75f3d,2025-09-01T15:53:00,b92c2609-888c-471e-bf61-4363556df9d8,frank26,BI_WH_SMALL,"SELECT DISTINCT column1, column2 FROM EMPLOYEE_RECORDS WHERE condition = 'value'",2.813218239645214,498539,SUCCESS,
9fdd1397-0b41-4b09-b9d4-4e202b12f4ad,2025-09-01T15:53:00,5fb2a072-2bab-4b94-9109-9cbea70c5438,bryancuevas,DEV_WH_SMALL,"SELECT COUNT(*) FROM FINANCIAL_METRICS GROUP BY date_trunc('day', created_at)",1.3216583016777272,666588,SUCCESS,
dbc6e0ac-e169-4ddc-b47c-32364afe986b,2025-09-01T15:53:00,4b7e389e-8c78-4e72-ab0b-774df43b399e,hardinjennifer,PROD_WH_SMALL,"SELECT * FROM USER_ACTIVITY_LOGS WHERE created_at >= dateadd('day', -7, current_date())",1.0007764658150633,58420,SUCCESS,
009f37cc-0fd8-4e15-9a89-3b76bdc13732,2025-09-01T15:53:00,da0f0f7a-8d2c-4ca9-b82e-cda33fba6610,rachel35,BI_WH_SMALL,"SELECT * FROM USER_ACTIVITY_LOGS WHERE created_at >= dateadd('day', -7, current_date())",3.708123547706907,140738,SUCCESS,
14551bfd-c215-4cff-aa2e-f05fb9b84b25,2025-09-01T15:53:00,57eba2d7-a4fe-48aa-aa7b-ad0e6f1296b7,jose46,PROD_WH_X-SMALL,"SELECT * FROM SALES_TRANSACTIONS WHERE created_at >= dateadd('day', -7, current_date())",3.4542904433665815,899312,SUCCESS,
1528379c-c304-4eee-966b-3bb178b10737,2025-09-01T15:53:00,89e53854-09b7-4b59-8352-a231c51f8687,glarsen,BI_WH_X-SMALL,"SELECT * FROM PRODUCT_INVENTORY WHERE created_at >= dateadd('day', -7, current_date())",1.703923447702881,876961,SUCCESS,
5d797da4-4077-4d96-af7e-fdb4a577e1a3,2025-09-01T15:53:00,ac5e7ada-2f2f-4292-a0e4-18083982547a,lliu,DEV_WH_LARGE,"SELECT * FROM SYSTEM_EVENTS WHERE created_at >= dateadd('day', -7, current_date())",1.2883975923015913,21580,SUCCESS,
bfdb1545-91cd-441c-99ef-65859e043132,2025-09-01T15:53:00,89e53854-09b7-4b59-8352-a231c51f8687,glarsen,DEV_WH_MEDIUM,"SELECT DISTINCT column1, column2 FROM SYSTEM_EVENTS WHERE condition = 'value'",3.677671911319749,546276,SUCCESS,
088edba6-024b-4726-a8e2-802d1a6f8f18,2025-09-01T15:53:00,f22aa1cf-fe8b-4e78-8492-b46e0f46ffda,brandtmisty,ETL_WH_MEDIUM,SELECT * FROM EMPLOYEE_RECORDS LIMIT 1000,0.11578724563851753,698856,SUCCESS,
c9cd0b5c-2bfc-416c-a223-1830569f8837,2025-09-01T15:53:00,89e53854-09b7-4b59-8352-a231c51f8687,glarsen,PROD_WH_X-SMALL,"SELECT * FROM SALES_TRANSACTIONS WHERE created_at >= dateadd('day', -7, current_date())",0.39191684538588556,426522,SUCCESS,
a58a479f-e5bc-40a4-bf1f-adec8599f827,2025-09-01T16:01:00,7cd584de-ca92-465c-8ea8-5f7ad356bee6,danasandoval,ETL_WH_LARGE,"SELECT * FROM MARKETING_CAMPAIGNS WHERE created_at >= dateadd('day', -7, current_date())",3.469244509310194,284939,SUCCESS,
9d4bfbaf-52f7-47ce-9c61-5683f14a7649,2025-09-01T16:01:00,a3a85592-9f3f-4845-87b8-dd199fcdc3cc,gmoreno,DEV_WH_X-SMALL,SELECT * FROM EMPLOYEE_RECORDS LIMIT 1000,1.6063784114045534,151608,SUCCESS,
9f79c729-aa75-49ec-a709-a3e48bb15c09,2025-09-01T16:01:00,4663d48b-596a-4f39-b714-8d69ac9a7d2a,robert93,ETL_WH_SMALL,"SELECT COUNT(*) FROM CUSTOMER_DATA GROUP BY date_trunc('day', created_at)",1.5632246587553305,197509,SUCCESS,
b600879f-c68c-4ce4-97eb-c75b325af401,2025-09-01T16:01:00,f0c2cfac-cf3b-4053-9e79-a6a4c6bbd187,garciaalison,DEV_WH_SMALL,"SELECT * FROM FINANCIAL_METRICS WHERE created_at >= dateadd('day', -7, current_date())",0.9840007121734518,401099,SUCCESS,
422f7d3f-4d5e-49e8-afd4-1e9c080e91b8,2025-09-01T16:01:00,7cd584de-ca92-465c-8ea8-5f7ad356bee6,danasandoval,ETL_WH_LARGE,"SELECT COUNT(*) FROM FINANCIAL_METRICS GROUP BY date_trunc('day', created_at)",3.0840101233126926,557007,SUCCESS,
956b944c-f291-47a8-b24c-e04acf55be25,2025-09-01T16:01:00,859c34dd-4540-49a3-b26d-f82b1455d905,oatkinson,ETL_WH_SMALL,SELECT * FROM EMPLOYEE_RECORDS LIMIT 1000,0.9394915071000535,710105,SUCCESS,
db578796-f56b-44be-8ef3-75719fc0a2aa,2025-09-01T16:01:00,cea2e75f-1ee1-4b1d-90f5-242f82a02bed,erickennedy,PROD_WH_MEDIUM,"SELECT COUNT(*) FROM USER_ACTIVITY_LOGS GROUP BY date_trunc('day', created_at)",3.981834114600313,106810,SUCCESS,
524eea52-98c9-4c22-951d-fbd5a33178f3,2025-09-01T16:01:00,7cd584de-ca92-465c-8ea8-5f7ad356bee6,danasandoval,DEV_WH_LARGE,"SELECT DISTINCT column1, column2 FROM USER_ACTIVITY_LOGS WHERE condition = 'value'",0.11831234537296817,34940,SUCCESS,
e02ea66f-b552-47be-9fdf-46bec076851f,2025-09-01T16:01:00,cea2e75f-1ee1-4b1d-90f5-242f82a02bed,erickennedy,DEV_WH_LARGE,"SELECT DISTINCT column1, column2 FROM MARKETING_CAMPAIGNS WHERE condition = 'value'",1.5562213944115697,750717,SUCCESS,
e2850d06-f5ba-4774-9bd4-1b53d40d7075,2025-09-01T16:01:00,00f99f6f-5fcc-490a-84f9-6b24911c0b2e,emilyhamilton,DEV_WH_LARGE,SELECT * FROM EMPLOYEE_RECORDS LIMIT 1000,4.504540597417192,424771,SUCCESS,
37281088-7141-426f-b6c7-e175b700b3df,2025-09-01T16:12:00,82e7a6a3-1f49-4f5a-8a2a-96e5a654a185,codyoconnor,ETL_WH_X-SMALL,SELECT * FROM SYSTEM_EVENTS LIMIT 1000,4.832056541331791,7930,SUCCESS,
b5466140-16f0-4ef4-89b8-50595bb22e4f,2025-09-01T16:12:00,9a7a68c7-1b0c-4669-859f-6d352b1e386f,andrew16,BI_WH_X-SMALL,"SELECT * FROM FINANCIAL_METRICS WHERE created_at >= dateadd('day', -7, current_date())",2.3506637770148613,32769,SUCCESS,
c750fd3c-99e8-4853-905f-7dfa26f97820,2025-09-01T16:12:00,4bc8b8f2-4d6e-4d5e-8d40-a7b6b3d6bb03,amandamitchell,ETL_WH_X-SMALL,SELECT * FROM PRODUCT_INVENTORY LIMIT 1000,0.935535391356803,31350,SUCCESS,
9c5c7733-8bf0-401a-95fe-4032c5eea269,2025-09-01T16:12:00,89e53854-09b7-4b59-8352-a231c51f8687,glarsen,PROD_WH_X-SMALL,SELECT * FROM FINANCIAL_METRICS LIMIT 1000,2.521590059596016,389303,SUCCESS,
13d1c030-7079-4685-afd9-baf0fc488256,2025-09-01T16:12:00,57eba2d7-a4fe-48aa-aa7b-ad0e6f1296b7,jose46,ETL_WH_X-SMALL,"SELECT DISTINCT column1, column2 FROM MARKETING_CAMPAIGNS WHERE condition = 'value'",0.46690572357115545,76353,SUCCESS,
edc56dd2-2ba1-40a2-9222-bec18c71955a,2025-09-01T16:12:00,859c34dd-4540-49a3-b26d-f82b1455d905,oatkinson,BI_WH_X-SMALL,"SELECT COUNT(*) FROM FINANCIAL_METRICS GROUP BY date_trunc('day', created_at)",4.8716868133861135,677598,SUCCESS,
96ccd8f9-fdc1-4b99-884e-8848ccb00fa0,2025-09-01T16:12:00,00f99f6f-5fcc-490a-84f9-6b24911c0b2e,emilyhamilton,ETL_WH_SMALL,"SELECT * FROM PRODUCT_INVENTORY WHERE created_at >= dateadd('day', -7, current_date())",1.4457584885827062,921615,SUCCESS,
d2252273-2e7c-471d-9927-7cb324faf30f,2025-09-01T16:12:00,4bc8b8f2-4d6e-4d5e-8d40-a7b6b3d6bb03,amandamitchell,PROD_WH_MEDIUM,"SELECT COUNT(*) FROM EMPLOYEE_RECORDS GROUP BY date_trunc('day', created_at)",4.922358710537819,179824,SUCCESS,
331e03fa-fcff-4308-9d79-8a8a71407b7b,2025-09-01T16:12:00,a3a85592-9f3f-4845-87b8-dd199fcdc3cc,gmoreno,PROD_WH_LARGE,"SELECT COUNT(*) FROM SYSTEM_EVENTS GROUP BY date_trunc('day', created_at)",2.5377849526049423,489462,SUCCESS,
7f6273b4-9a1e-4be3-85ed-ff695bdda82f,2025-09-01T16:12:00,4b7e389e-8c78-4e72-ab0b-774df43b399e,hardinjennifer,PROD_WH_SMALL,"SELECT DISTINCT column1, column2 FROM MARKETING_CAMPAIGNS WHERE condition = 'value'",4.290443995036262,343766,SUCCESS,
413dba7d-5c9c-4a79-b2f1-998683f4871f,2025-09-01T16:18:00,3d8cc43f-0f00-40bd-b8b2-34ac61fc0360,rwilliams,PROD_WH_LARGE,"SELECT COUNT(*) FROM FINANCIAL_METRICS GROUP BY date_trunc('day', created_at)",3.879214162396855,831524,SUCCESS,
11732cad-3389-473a-a403-3794ae8a8583,2025-09-01T16:18:00,00f99f6f-5fcc-490a-84f9-6b24911c0b2e,emilyhamilton,DEV_WH_SMALL,"SELECT DISTINCT column1, column2 FROM MARKETING_CAMPAIGNS WHERE condition = 'value'",1.6081516656453267,597527,SUCCESS,
042ea48f-56a9-4036-aadd-b8e9dfb925a1,2025-09-01T16:18:00,879c852e-e8e8-45c3-9ead-5fa56c9ecfbc,egarcia,BI_WH_SMALL,"SELECT * FROM MARKETING_CAMPAIGNS WHERE created_at >= dateadd('day', -7, current_date())",1.7276769818834385,216179,SUCCESS,
ce87dbad-2da9-49ab-a7ed-8e5f4a09423c,2025-09-01T16:18:00,f0c2cfac-cf3b-4053-9e79-a6a4c6bbd187,garciaalison,ETL_WH_MEDIUM,"SELECT * FROM USER_ACTIVITY_LOGS WHERE created_at >= dateadd('day', -7, current_date())",0.5867109017933655,413442,SUCCESS,
4134bd55-a7e5-4766-91e3-0c74f114293f,2025-09-01T16:18:00,3d8cc43f-0f00-40bd-b8b2-34ac61fc0360,rwilliams,ETL_WH_SMALL,SELECT * FROM SALES_TRANSACTIONS LIMIT 1000,4.639437241114109,494712,SUCCESS,
c1d25ed4-d63c-4a35-9bd3-b45200c36c02,2025-09-01T16:18:00,00f99f6f-5fcc-490a-84f9-6b24911c0b2e,emilyhamilton,ETL_WH_MEDIUM,SELECT * FROM CUSTOMER_DATA LIMIT 1000,3.344941980535013,939094,SUCCESS,
dec5cdb9-b4a0-4e2e-8dd8-8e63d59d7907,2025-09-01T16:18:00,a3a85592-9f3f-4845-87b8-dd199fcdc3cc,gmoreno,BI_WH_MEDIUM,"SELECT DISTINCT column1, column2 FROM PRODUCT_INVENTORY WHERE condition = 'value'",3.9850396211364627,706079,SUCCESS,
e8d93546-ec42-450a-b6c2-03300640c2e3,2025-09-01T16:18:00,cea2e75f-1ee1-4b1d-90f5-242f82a02bed,erickennedy,BI_WH_LARGE,"SELECT COUNT(*) FROM CUSTOMER_DATA GROUP BY date_trunc('day', created_at)",2.4099347252935672,635143,SUCCESS,
566fd59f-ad82-4a03-b996-4548718f3a78,2025-09-01T16:18:00,f0c2cfac-cf3b-4053-9e79-a6a4c6bbd187,garciaalison,ETL_WH_LARGE,"SELECT DISTINCT column1, column2 FROM SYSTEM_EVENTS WHERE condition = 'value'",0.685490048657468,452055,SUCCESS,
55961932-e01b-4d31-9c47-a5cdbf4ee966,2025-09-01T16:18:00,859c34dd-4540-49a3-b26d-f82b1455d905,oatkinson,PROD_WH_LARGE,"SELECT * FROM FINANCIAL_METRICS WHERE created_at >= dateadd('day', -7, current_date())",4.250608484642075,716357,SUCCESS,
2bc7c2d8-1a7a-4b3b-a2fd-3b8c801f7189,2025-09-01T16:31:00,879c852e-e8e8-45c3-9ead-5fa56c9ecfbc,egarcia,PROD_WH_SMALL,"SELECT * FROM CUSTOMER_DATA WHERE created_at >= dateadd('day', -7, current_date())",2.2777000548087964,38709,SUCCESS,
0723e775-cd0d-441a-a81e-73e042f68363,2025-09-01T16:31:00,5fb2a072-2bab-4b94-9109-9cbea70c5438,bryancuevas,PROD_WH_LARGE,"SELECT COUNT(*) FROM SYSTEM_EVENTS GROUP BY date_trunc('day', created_at)",0.6072921567885408,344896,SUCCESS,
becfed0f-8a0a-4100-b84b-3265f0b37654,2025-09-01T16:31:00,4bc8b8f2-4d6e-4d5e-8d40-a7b6b3d6bb03,amandamitchell,ETL_WH_LARGE,"SELECT * FROM SALES_TRANSACTIONS WHERE created_at >= dateadd('day', -7, current_date())",1.7057616875730486,485083,SUCCESS,
052f6976-0e35-4dc3-a394-ef16e1092db0,2025-09-01T16:31:00,4663d48b-596a-4f39-b714-8d69ac9a7d2a,robert93,BI_WH_SMALL,"SELECT COUNT(*) FROM PRODUCT_INVENTORY GROUP BY date_trunc('day', created_at)",1.896802157494258,670327,SUCCESS,
d6abf145-062f-49f0-bebf-d189d17e44bc,2025-09-01T16:31:00,ac5e7ada-2f2f-4292-a0e4-18083982547a,lliu,PROD_WH_LARGE,"SELECT * FROM MARKETING_CAMPAIGNS WHERE created_at >= dateadd('day', -7, current_date())",1.128684496486735,893031,SUCCESS,
3cc06ed0-6759-4831-a84c-5ab9bde5e75e,2025-09-01T16:31:00,57eba2d7-a4fe-48aa-aa7b-ad0e6f1296b7,jose46,ETL_WH_X-SMALL,SELECT * FROM CUSTOMER_DATA LIMIT 1000,3.6385700112487243,584322,SUCCESS,
172660f2-a38b-47e2-8c21-c976e139798d,2025-09-01T16:31:00,f0c2cfac-cf3b-4053-9e79-a6a4c6bbd187,garciaalison,DEV_WH_LARGE,"SELECT * FROM MARKETING_CAMPAIGNS WHERE created_at >= dateadd('day', -7, current_date())",3.17900415641468,991335,SUCCESS,
77035eda-9caf-4a4a-81ff-0d4dc2b2094f,2025-09-01T16:31:00,ac5e7ada-2f2f-4292-a0e4-18083982547a,lliu,PROD_WH_LARGE,SELECT * FROM CUSTOMER_DATA LIMIT 1000,0.5594882781797406,69082,SUCCESS,
4a5d0b0e-622b-4fe0-b335-5b817d59afc3,2025-09-01T16:31:00,00f99f6f-5fcc-490a-84f9-6b24911c0b2e,emilyhamilton,ETL_WH_MEDIUM,"SELECT DISTINCT column1, column2 FROM CUSTOMER_DATA WHERE condition = 'value'",1.6888358787170326,405515,SUCCESS,
b0b9bd50-2795-41b1-a1a6-539a69377248,2025-09-01T16:31:00,4b7e389e-8c78-4e72-ab0b-774df43b399e,hardinjennifer,ETL_WH_X-SMALL,"SELECT * FROM SYSTEM_EVENTS WHERE created_at >= dateadd('day', -7, current_date())",0.8771152016768897,345218,SUCCESS,
7dd438d4-b015-4bcc-bbeb-fe0e45d3ef92,2025-09-01T16:44:00,879c852e-e8e8-45c3-9ead-5fa56c9ecfbc,egarcia,BI_WH_LARGE,"SELECT DISTINCT column1, column2 FROM SALES_TRANSACTIONS WHERE condition = 'value'",3.3326389359055306,749889,SUCCESS,
401b63cc-92df-4068-bc27-826069a3dd76,2025-09-01T16:44:00,cea2e75f-1ee1-4b1d-90f5-242f82a02bed,erickennedy,PROD_WH_SMALL,"SELECT * FROM SYSTEM_EVENTS WHERE created_at >= dateadd('day', -7, current_date())",3.674250371057643,739853,SUCCESS,
8cdc1f26-3c66-4fdd-91d3-b75cf67536e4,2025-09-01T16:44:00,a3a85592-9f3f-4845-87b8-dd199fcdc3cc,gmoreno,ETL_WH_MEDIUM,"SELECT COUNT(*) FROM SALES_TRANSACTIONS GROUP BY date_trunc('day', created_at)",0.7133176760773469,911944,SUCCESS,
70140e38-6274-4f62-9811-584f3721e2b3,2025-09-01T16:44:00,b92c2609-888c-471e-bf61-4363556df9d8,frank26,BI_WH_X-SMALL,"SELECT COUNT(*) FROM CUSTOMER_DATA GROUP BY date_trunc('day', created_at)",2.707017969346153,240466,SUCCESS,
274e70f6-76f4-4053-8b67-f99ad3506832,2025-09-01T16:44:00,859c34dd-4540-49a3-b26d-f82b1455d905,oatkinson,ETL_WH_LARGE,"SELECT * FROM MARKETING_CAMPAIGNS WHERE created_at >= dateadd('day', -7, current_date())",2.067538884744307,721049,SUCCESS,
b16a04e7-22af-4755-a476-c2bf4f98a6ed,2025-09-01T16:44:00,4bc8b8f2-4d6e-4d5e-8d40-a7b6b3d6bb03,amandamitchell,ETL_WH_MEDIUM,"SELECT * FROM USER_ACTIVITY_LOGS WHERE created_at >= dateadd('day', -7, current_date())",3.9773407233354567,50704,SUCCESS,
95dd2efa-fb18-4e01-a3d7-402e0524468e,2025-09-01T16:44:00,da0f0f7a-8d2c-4ca9-b82e-cda33fba6610,rachel35,PROD_WH_MEDIUM,"SELECT COUNT(*) FROM SYSTEM_EVENTS GROUP BY date_trunc('day', created_at)",2.90461611993154,547373,SUCCESS,
96e94356-ada8-4114-9208-65dfba52e5aa,2025-09-01T16:44:00,a3a85592-9f3f-4845-87b8-dd199fcdc3cc,gmoreno,DEV_WH_SMALL,"SELECT DISTINCT column1, column2 FROM CUSTOMER_DATA WHERE condition = 'value'",4.463670637738233,542869,SUCCESS,
f0f7b194-1ad6-4d13-ab85-8ceec7051b96,2025-09-01T16:44:00,ac5e7ada-2f2f-4292-a0e4-18083982547a,lliu,DEV_WH_X-SMALL,"SELECT COUNT(*) FROM EMPLOYEE_RECORDS GROUP BY date_trunc('day', created_at)",2.9162668173393356,905914,SUCCESS,
466ba645-4b7d-4881-b1b4-f5ef83441f98,2025-09-01T16:44:00,4b7e389e-8c78-4e72-ab0b-774df43b399e,hardinjennifer,BI_WH_LARGE,SELECT * FROM FINANCIAL_METRICS LIMIT 1000,3.2335260821068927,965696,SUCCESS,
30cc9d22-0349-40c0-82d1-789f798dd267,2025-09-01T16:53:00,9a7a68c7-1b0c-4669-859f-6d352b1e386f,andrew16,ETL_WH_LARGE,SELECT * FROM MARKETING_CAMPAIGNS LIMIT 1000,1.9924948074691307,55982,SUCCESS,
0f62cf52-19cc-4f5c-9ab0-98f7916873b3,2025-09-01T16:53:00,7cd584de-ca92-465c-8ea8-5f7ad356bee6,danasandoval,BI_WH_SMALL,SELECT * FROM CUSTOMER_DATA LIMIT 1000,1.229385884329822,284630,SUCCESS,
ad646d06-bf00-45aa-bbe7-37c2a0df9a36,2025-09-01T16:53:00,b92c2609-888c-471e-bf61-4363556df9d8,frank26,ETL_WH_LARGE,SELECT * FROM USER_ACTIVITY_LOGS LIMIT 1000,1.9576067147647938,269680,SUCCESS,
5c03f6b4-5bdf-44be-8740-90cbe87e4aa0,2025-09-01T16:53:00,da0f0f7a-8d2c-4ca9-b82e-cda33fba6610,rachel35,DEV_WH_LARGE,"SELECT COUNT(*) FROM FINANCIAL_METRICS GROUP BY date_trunc('day', created_at)",2.799697946360564,775624,SUCCESS,
4b943924-bde6-460d-9666-29b91494b960,2025-09-01T16:53:00,5fb2a072-2bab-4b94-9109-9cbea70c5438,bryancuevas,BI_WH_X-SMALL,"SELECT * FROM FINANCIAL_METRICS WHERE created_at >= dateadd('day', -7, current_date())",1.9891695953664907,139767,SUCCESS,
b9d11dac-5ae1-4507-bfe6-86ee73e37efc,2025-09-01T16:53:00,4663d48b-596a-4f39-b714-8d69ac9a7d2a,robert93,DEV_WH_MEDIUM,"SELECT COUNT(*) FROM EMPLOYEE_RECORDS GROUP BY date_trunc('day', created_at)",3.14246964992599,818700,SUCCESS,
ab052f42-66ed-4ae8-9c42-4fb3d089b60e,2025-09-01T16:53:00,cea2e75f-1ee1-4b1d-90f5-242f82a02bed,erickennedy,PROD_WH_MEDIUM,"SELECT DISTINCT column1, column2 FROM SALES_TRANSACTIONS WHERE condition = 'value'",3.0166538516817343,960849,SUCCESS,
02331f9e-2299-4ba3-8e51-8679ce94e742,2025-09-01T16:53:00,879c852e-e8e8-45c3-9ead-5fa56c9ecfbc,egarcia,PROD_WH_X-SMALL,"SELECT COUNT(*) FROM MARKETING_CAMPAIGNS GROUP BY date_trunc('day', created_at)",2.870268173723386,683519,SUCCESS,
34e408f1-5426-4382-9be2-f84c5956dbd1,2025-09-01T16:53:00,57eba2d7-a4fe-48aa-aa7b-ad0e6f1296b7,jose46,BI_WH_X-SMALL,SELECT * FROM CUSTOMER_DATA LIMIT 1000,3.658169516370544,978028,SUCCESS,
72bdaabf-f543-459d-bc86-d776a782c85c,2025-09-01T16:53:00,82e7a6a3-1f49-4f5a-8a2a-96e5a654a185,codyoconnor,DEV_WH_LARGE,"SELECT * FROM SYSTEM_EVENTS WHERE created_at >= dateadd('day', -7, current_date())",3.3533139428629273,828084,SUCCESS,
85b4dd2f-0db1-44c0-90ea-d8622c98ec33,2025-09-01T16:59:00,4b7e389e-8c78-4e72-ab0b-774df43b399e,hardinjennifer,DEV_WH_LARGE,SELECT * FROM PRODUCT_INVENTORY LIMIT 1000,0.3983166290500906,804591,SUCCESS,
0485de9f-59ba-4bc7-8ada-71544d7d6455,2025-09-01T16:59:00,00f99f6f-5fcc-490a-84f9-6b24911c0b2e,emilyhamilton,PROD_WH_MEDIUM,SELECT * FROM SYSTEM_EVENTS LIMIT 1000,2.374356759194914,56381,SUCCESS,
c8cffc75-ed88-44bb-8d0d-fb65914a710e,2025-09-01T16:59:00,89e53854-09b7-4b59-8352-a231c51f8687,glarsen,ETL_WH_MEDIUM,"SELECT * FROM SALES_TRANSACTIONS WHERE created_at >= dateadd('day', -7, current_date())",2.0025904018924376,198761,SUCCESS,
571e28ab-e94d-4205-bad7-d6e3e726f8cb,2025-09-01T16:59:00,b92c2609-888c-471e-bf61-4363556df9d8,frank26,PROD_WH_MEDIUM,SELECT * FROM CUSTOMER_DATA LIMIT 1000,2.2305904508322367,253879,SUCCESS,
e3418030-59ea-4234-8477-541031c18f4d,2025-09-01T16:59:00,f22aa1cf-fe8b-4e78-8492-b46e0f46ffda,brandtmisty,PROD_WH_LARGE,"SELECT DISTINCT column1, column2 FROM MARKETING_CAMPAIGNS WHERE condition = 'value'",3.2479471120626777,246413,SUCCESS,
849f41da-8531-49cd-beca-3096bddddad5,2025-09-01T16:59:00,879c852e-e8e8-45c3-9ead-5fa56c9ecfbc,egarcia,PROD_WH_X-SMALL,"SELECT DISTINCT column1, column2 FROM USER_ACTIVITY_LOGS WHERE condition = 'value'",0.1855438713378154,786707,SUCCESS,
1ec9a3b6-61e0-461e-b2d7-d0276c38715c,2025-09-01T16:59:00,f22aa1cf-fe8b-4e78-8492-b46e0f46ffda,brandtmisty,BI_WH_SMALL,"SELECT DISTINCT column1, column2 FROM MARKETING_CAMPAIGNS WHERE condition = 'value'",1.241702645774342,931911,SUCCESS,
f3fecba7-d1b1-4d18-b2d1-bc45f8c34e34,2025-09-01T16:59:00,7cd584de-ca92-465c-8ea8-5f7ad356bee6,danasandoval,DEV_WH_X-SMALL,"SELECT DISTINCT column1, column2 FROM SYSTEM_EVENTS WHERE condition = 'value'",3.837543326426964,478057,SUCCESS,
85e6e49a-03bc-4268-a841-1849322ea4c3,2025-09-01T16:59:00,cea2e75f-1ee1-4b1d-90f5-242f82a02bed,erickennedy,BI_WH_MEDIUM,"SELECT * FROM CUSTOMER_DATA WHERE created_at >= dateadd('day', -7, current_date())",2.643515556885373,484061,SUCCESS,
a822c986-16d8-4c28-8f65-0ad7d0b7be92,2025-09-01T16:59:00,4663d48b-596a-4f39-b714-8d69ac9a7d2a,robert93,ETL_WH_LARGE,"SELECT COUNT(*) FROM PRODUCT_INVENTORY GROUP BY date_trunc('day', created_at)",2.6720815785220555,724768,SUCCESS,
3fe802e9-4461-4b2c-bfdd-81ccec32283c,2025-09-01T17:11:00,82e7a6a3-1f49-4f5a-8a2a-96e5a654a185,codyoconnor,ETL_WH_SMALL,SELECT * FROM MARKETING_CAMPAIGNS LIMIT 1000,3.4075833337730095,101300,SUCCESS,
19fbaf47-8354-492c-8d15-d56417d64fa5,2025-09-01T17:11:00,da0f0f7a-8d2c-4ca9-b82e-cda33fba6610,rachel35,DEV_WH_LARGE,"SELECT * FROM FINANCIAL_METRICS WHERE created_at >= dateadd('day', -7, current_date())",4.9852033339597766,9035,SUCCESS,
c1809ee6-0303-47da-aece-942a81a75400,2025-09-01T17:23:00,7cd584de-ca92-465c-8ea8-5f7ad356bee6,danasandoval,PROD_WH_SMALL,SELECT * FROM MARKETING_CAMPAIGNS LIMIT 1000,0.7620901173082321,158340,SUCCESS,
d7e18788-b65e-42be-8193-f16e9df3138f,2025-09-01T17:23:00,da0f0f7a-8d2c-4ca9-b82e-cda33fba6610,rachel35,ETL_WH_LARGE,"SELECT COUNT(*) FROM USER_ACTIVITY_LOGS GROUP BY date_trunc('day', created_at)",1.0333008456677581,126881,SUCCESS,
449e9c79-ee6b-4417-94a0-2054d88e4584,2025-09-01T17:30:00,f0c2cfac-cf3b-4053-9e79-a6a4c6bbd187,garciaalison,PROD_WH_SMALL,"SELECT COUNT(*) FROM PRODUCT_INVENTORY GROUP BY date_trunc('day', created_at)",0.8758869494125394,910170,SUCCESS,
d80a6e59-555e-4c84-8631-d795f947f582,2025-09-01T17:30:00,9a7a68c7-1b0c-4669-859f-6d352b1e386f,andrew16,ETL_WH_X-SMALL,"SELECT DISTINCT column1, column2 FROM MARKETING_CAMPAIGNS WHERE condition = 'value'",1.2288735322372017,692795,SUCCESS,
b530a4c3-9c98-4838-8172-9cda99cc6514,2025-09-01T17:35:00,5fb2a072-2bab-4b94-9109-9cbea70c5438,bryancuevas,BI_WH_X-SMALL,"SELECT COUNT(*) FROM EMPLOYEE_RECORDS GROUP BY date_trunc('day', created_at)",3.0229779831721166,135028,SUCCESS,
a2705167-c021-4186-ba33-89d89c601044,2025-09-01T17:35:00,89e53854-09b7-4b59-8352-a231c51f8687,glarsen,DEV_WH_LARGE,SELECT * FROM FINANCIAL_METRICS LIMIT 1000,0.300460997698084,907072,SUCCESS,
d4b1c8c0-dd71-4bbf-9b05-320891e17692,2025-09-01T17:40:00,4bc8b8f2-4d6e-4d5e-8d40-a7b6b3d6bb03,amandamitchell,BI_WH_LARGE,SELECT * FROM SYSTEM_EVENTS LIMIT 1000,0.8156048155154231,676026,SUCCESS,
497c4746-5e35-4de1-bcbc-243a98611f5d,2025-09-01T17:40:00,ac5e7ada-2f2f-4292-a0e4-18083982547a,lliu,BI_WH_SMALL,"SELECT * FROM FINANCIAL_METRICS WHERE created_at >= dateadd('day', -7, current_date())",3.349389310195661,455567,SUCCESS,
0664a657-cc37-409b-9837-0e6c31892fb8,2025-09-01T17:45:00,9a7a68c7-1b0c-4669-859f-6d352b1e386f,andrew16,ETL_WH_LARGE,SELECT * FROM MARKETING_CAMPAIGNS LIMIT 1000,3.091774644577884,389084,SUCCESS,
a1c8a017-8dfa-4976-8714-469599919bdf,2025-09-01T17:45:00,9a7a68c7-1b0c-4669-859f-6d352b1e386f,andrew16,DEV_WH_LARGE,"SELECT * FROM PRODUCT_INVENTORY WHERE created_at >= dateadd('day', -7, current_date())",3.2876514483026402,428691,SUCCESS,
68bbea6f-34d2-4bd1-9b2b-40340813c0c5,2025-09-01T17:57:00,b92c2609-888c-471e-bf61-4363556df9d8,frank26,PROD_WH_LARGE,"SELECT DISTINCT column1, column2 FROM CUSTOMER_DATA WHERE condition = 'value'",0.3536331359787548,836797,SUCCESS,
4edb6e0e-9d14-4033-ba0a-5b762a966021,2025-09-01T17:57:00,4bc8b8f2-4d6e-4d5e-8d40-a7b6b3d6bb03,amandamitchell,BI_WH_LARGE,SELECT * FROM SALES_TRANSACTIONS LIMIT 1000,4.124426404647574,947031,SUCCESS,
54e58576-eaaf-4dd4-98ba-2d8377da9d10,2025-09-01T18:03:00,7cd584de-ca92-465c-8ea8-5f7ad356bee6,danasandoval,PROD_WH_SMALL,"SELECT DISTINCT column1, column2 FROM MARKETING_CAMPAIGNS WHERE condition = 'value'",0.13606260454815733,229704,SUCCESS,
05778db7-50bc-4362-85e5-a15ce93d252d,2025-09-01T18:03:00,b92c2609-888c-471e-bf61-4363556df9d8,frank26,PROD_WH_SMALL,"SELECT DISTINCT column1, column2 FROM SALES_TRANSACTIONS WHERE condition = 'value'",0.22606746329183613,118970,SUCCESS,
f6fdcc71-0b45-45e5-90c0-d5bf53af4011,2025-09-01T18:11:00,cea2e75f-1ee1-4b1d-90f5-242f82a02bed,erickennedy,BI_WH_LARGE,"SELECT * FROM SALES_TRANSACTIONS WHERE created_at >= dateadd('day', -7, current_date())",3.485678268162069,101537,SUCCESS,
9776e04e-eade-495e-a287-9f5ac1cf6068,2025-09-01T18:11:00,3d8cc43f-0f00-40bd-b8b2-34ac61fc0360,rwilliams,BI_WH_LARGE,"SELECT DISTINCT column1, column2 FROM SYSTEM_EVENTS WHERE condition = 'value'",0.6076953083099772,376621,SUCCESS,
5fdd2a3a-cfe3-4610-a9d3-a9d613e62a42,2025-09-01T18:24:00,da0f0f7a-8d2c-4ca9-b82e-cda33fba6610,rachel35,PROD_WH_SMALL,"SELECT * FROM PRODUCT_INVENTORY WHERE created_at >= dateadd('day', -7, current_date())",0.2711269623450072,451573,SUCCESS,
5a10c624-0010-48cb-98c5-ef4432986689,2025-09-01T18:24:00,4b7e389e-8c78-4e72-ab0b-774df43b399e,hardinjennifer,BI_WH_LARGE,"SELECT * FROM FINANCIAL_METRICS WHERE created_at >= dateadd('day', -7, current_date())",0.3906919602190517,362781,SUCCESS,
79269ee2-798a-45c8-8a5c-89c9b91522cf,2025-09-01T18:30:00,5fb2a072-2bab-4b94-9109-9cbea70c5438,bryancuevas,DEV_WH_MEDIUM,SELECT * FROM SYSTEM_EVENTS LIMIT 1000,4.627177997098675,175495,SUCCESS,
af2faf86-e159-46bd-93bc-fd772dd60b05,2025-09-01T18:30:00,4b7e389e-8c78-4e72-ab0b-774df43b399e,hardinjennifer,PROD_WH_SMALL,"SELECT DISTINCT column1, column2 FROM USER_ACTIVITY_LOGS WHERE condition = 'value'",2.294566787412754,688778,SUCCESS,
50cac9ce-52c1-4d8d-9723-dc738e8765a7,2025-09-01T18:40:00,4b7e389e-8c78-4e72-ab0b-774df43b399e,hardinjennifer,DEV_WH_LARGE,"SELECT DISTINCT column1, column2 FROM FINANCIAL_METRICS WHERE condition = 'value'",3.983200827302391,99945,SUCCESS,
498f261a-6151-4c43-96cb-4e9f23d4e84c,2025-09-01T18:40:00,4bc8b8f2-4d6e-4d5e-8d40-a7b6b3d6bb03,amandamitchell,BI_WH_X-SMALL,SELECT * FROM PRODUCT_INVENTORY LIMIT 1000,0.8560065347311986,956539,SUCCESS,
08e8cf10-d2d1-41cd-a46d-7e4bd474e3b8,2025-09-01T18:50:00,4663d48b-596a-4f39-b714-8d69ac9a7d2a,robert93,ETL_WH_MEDIUM,"SELECT DISTINCT column1, column2 FROM EMPLOYEE_RECORDS WHERE condition = 'value'",2.4166626249891414,389849,SUCCESS,
75626c00-e3e7-4a1c-9272-145316312110,2025-09-01T18:50:00,879c852e-e8e8-45c3-9ead-5fa56c9ecfbc,egarcia,BI_WH_SMALL,SELECT * FROM PRODUCT_INVENTORY LIMIT 1000,2.239113040979594,485603,SUCCESS,
30ad9815-d0f3-45f4-ada9-d9b8bed0a1f6,2025-09-01T18:58:00,57eba2d7-a4fe-48aa-aa7b-ad0e6f1296b7,jose46,ETL_WH_X-SMALL,"SELECT * FROM EMPLOYEE_RECORDS WHERE created_at >= dateadd('day', -7, current_date())",3.9339606166528998,992589,SUCCESS,
fc99307a-adef-4788-92eb-f65d0829ba05,2025-09-01T18:58:00,3d8cc43f-0f00-40bd-b8b2-34ac61fc0360,rwilliams,BI_WH_SMALL,SELECT * FROM FINANCIAL_METRICS LIMIT 1000,4.459425568852679,816491,SUCCESS,
17ca05dc-dcd5-4f42-aa98-f42d7d7ed652,2025-09-01T19:12:00,cea2e75f-1ee1-4b1d-90f5-242f82a02bed,erickennedy,BI_WH_MEDIUM,"SELECT COUNT(*) FROM SYSTEM_EVENTS GROUP BY date_trunc('day', created_at)",4.357644787386133,814845,SUCCESS,
54e8ab17-1c32-4f47-be8b-b3071ea3c812,2025-09-01T19:12:00,859c34dd-4540-49a3-b26d-f82b1455d905,oatkinson,DEV_WH_MEDIUM,"SELECT * FROM CUSTOMER_DATA WHERE created_at >= dateadd('day', -7, current_date())",0.6743392518453826,477253,SUCCESS,
cd533357-cabb-4c88-aa48-2ff970002e52,2025-09-01T19:20:00,ac5e7ada-2f2f-4292-a0e4-18083982547a,lliu,BI_WH_X-SMALL,"SELECT DISTINCT column1, column2 FROM CUSTOMER_DATA WHERE condition = 'value'",2.941889710144595,414999,SUCCESS,
54a9adc4-9b14-4b8c-b371-85d2f119a5cb,2025-09-01T19:20:00,f0c2cfac-cf3b-4053-9e79-a6a4c6bbd187,garciaalison,ETL_WH_MEDIUM,SELECT * FROM CUSTOMER_DATA LIMIT 1000,4.931704519719582,454880,SUCCESS,
1d387639-1dbe-4aa3-ae48-54bd379d906a,2025-09-01T19:35:00,da0f0f7a-8d2c-4ca9-b82e-cda33fba6610,rachel35,PROD_WH_SMALL,"SELECT * FROM MARKETING_CAMPAIGNS WHERE created_at >= dateadd('day', -7, current_date())",2.8462624923942683,693561,SUCCESS,
d60aae4c-cff8-4bbb-acd5-c1716abb8168,2025-09-01T19:35:00,ac5e7ada-2f2f-4292-a0e4-18083982547a,lliu,PROD_WH_X-SMALL,"SELECT COUNT(*) FROM EMPLOYEE_RECORDS GROUP BY date_trunc('day', created_at)",4.330324784288811,272415,SUCCESS,
1d276c36-2eee-4017-8585-f8cb4e81b80f,2025-09-01T19:44:00,82e7a6a3-1f49-4f5a-8a2a-96e5a654a185,codyoconnor,BI_WH_SMALL,"SELECT DISTINCT column1, column2 FROM USER_ACTIVITY_LOGS WHERE condition = 'value'",0.7163293071902417,839036,SUCCESS,
ec0fbc32-0f9d-45dc-ae00-23a90f2b5303,2025-09-01T19:44:00,82e7a6a3-1f49-4f5a-8a2a-96e5a654a185,codyoconnor,ETL_WH_SMALL,"SELECT COUNT(*) FROM SYSTEM_EVENTS GROUP BY date_trunc('day', created_at)",0.471833613485213,635281,SUCCESS,
f5d13020-ac14-4d3d-854f-7b4f36e028a7,2025-09-01T19:52:00,7cd584de-ca92-465c-8ea8-5f7ad356bee6,danasandoval,BI_WH_MEDIUM,SELECT * FROM FINANCIAL_METRICS LIMIT 1000,3.685599934891262,754136,SUCCESS,
29fd0bfb-4fc1-4342-b263-cca5f9031e11,2025-09-01T19:52:00,57eba2d7-a4fe-48aa-aa7b-ad0e6f1296b7,jose46,ETL_WH_X-SMALL,"SELECT COUNT(*) FROM FINANCIAL_METRICS GROUP BY date_trunc('day', created_at)",0.8529560685955744,539513,SUCCESS,
b08a9efd-320f-4671-996a-923bf607e71f,2025-09-01T20:05:00,879c852e-e8e8-45c3-9ead-5fa56c9ecfbc,egarcia,DEV_WH_LARGE,"SELECT * FROM SYSTEM_EVENTS WHERE created_at >= dateadd('day', -7, current_date())",3.271711050815239,186396,SUCCESS,
0cca4830-2c1d-4134-89c5-7bcac164b060,2025-09-01T20:05:00,89e53854-09b7-4b59-8352-a231c51f8687,glarsen,BI_WH_X-SMALL,SELECT * FROM SALES_TRANSACTIONS LIMIT 1000,3.5574447134629437,70358,SUCCESS,
a5f7c478-73b6-497c-8cea-5984113934b8,2025-09-01T20:12:00,4bc8b8f2-4d6e-4d5e-8d40-a7b6b3d6bb03,amandamitchell,ETL_WH_X-SMALL,"SELECT * FROM EMPLOYEE_RECORDS WHERE created_at >= dateadd('day', -7, current_date())",4.9150010819838075,686698,SUCCESS,
3469a774-6d1a-4bcd-b041-8cd45a3d432e,2025-09-01T20:12:00,859c34dd-4540-49a3-b26d-f82b1455d905,oatkinson,PROD_WH_X-SMALL,SELECT * FROM SALES_TRANSACTIONS LIMIT 1000,1.3290011587641573,778696,SUCCESS,
75ac1791-6f87-47fa-b3bc-810adda6ea8a,2025-09-01T20:18:00,7cd584de-ca92-465c-8ea8-5f7ad356bee6,danasandoval,PROD_WH_X-SMALL,"SELECT DISTINCT column1, column2 FROM PRODUCT_INVENTORY WHERE condition = 'value'",3.5771966601406135,532645,SUCCESS,
147896c6-1c26-4341-aceb-de15f9459b15,2025-09-01T20:18:00,4bc8b8f2-4d6e-4d5e-8d40-a7b6b3d6bb03,amandamitchell,DEV_WH_X-SMALL,"SELECT COUNT(*) FROM EMPLOYEE_RECORDS GROUP BY date_trunc('day', created_at)",4.728308187236749,778269,SUCCESS,
dbdfd95f-5228-4dff-be84-7b512d05656c,2025-09-01T20:23:00,57eba2d7-a4fe-48aa-aa7b-ad0e6f1296b7,jose46,PROD_WH_X-SMALL,SELECT * FROM CUSTOMER_DATA LIMIT 1000,2.141155889641459,852045,SUCCESS,
d12b7e8e-27a9-4a39-b264-9905b38cbf7a,2025-09-01T20:23:00,3d8cc43f-0f00-40bd-b8b2-34ac61fc0360,rwilliams,DEV_WH_X-SMALL,SELECT * FROM FINANCIAL_METRICS LIMIT 1000,4.121725877788123,861473,SUCCESS,
77da91e5-2698-40ac-bd07-67621529b7cf,2025-09-01T20:35:00,b92c2609-888c-471e-bf61-4363556df9d8,frank26,PROD_WH_X-SMALL,SELECT * FROM EMPLOYEE_RECORDS LIMIT 1000,0.4622646276449355,892048,SUCCESS,
1561b48e-d584-4ac1-8c8d-9b9b64bd6298,2025-09-01T20:35:00,9a7a68c7-1b0c-4669-859f-6d352b1e386f,andrew16,PROD_WH_LARGE,"SELECT DISTINCT column1, column2 FROM MARKETING_CAMPAIGNS WHERE condition = 'value'",1.1827408636848822,59051,SUCCESS,
13e856e2-0455-420f-8273-2d3cf9052ca6,2025-09-01T20:46:00,9a7a68c7-1b0c-4669-859f-6d352b1e386f,andrew16,DEV_WH_X-SMALL,"SELECT COUNT(*) FROM PRODUCT_INVENTORY GROUP BY date_trunc('day', created_at)",4.320834657464641,884051,SUCCESS,
fed1b828-68e3-452d-b7a3-a13ad19a9670,2025-09-01T20:46:00,859c34dd-4540-49a3-b26d-f82b1455d905,oatkinson,ETL_WH_MEDIUM,"SELECT DISTINCT column1, column2 FROM SALES_TRANSACTIONS WHERE condition = 'value'",0.40877915731512116,402994,SUCCESS,
465b2a62-42de-466d-8ec2-c69233d2be8a,2025-09-01T20:56:00,859c34dd-4540-49a3-b26d-f82b1455d905,oatkinson,ETL_WH_X-SMALL,"SELECT COUNT(*) FROM SALES_TRANSACTIONS GROUP BY date_trunc('day', created_at)",0.8370484997998681,834040,SUCCESS,
061531ce-1a2b-49d1-9aab-c50e8c580d4d,2025-09-01T20:56:00,879c852e-e8e8-45c3-9ead-5fa56c9ecfbc,egarcia,PROD_WH_X-SMALL,SELECT * FROM FINANCIAL_METRICS LIMIT 1000,0.6152578693832688,686474,SUCCESS,
bae1571c-fb07-40fd-b524-cf02a3a31072,2025-09-01T21:09:00,3d8cc43f-0f00-40bd-b8b2-34ac61fc0360,rwilliams,ETL_WH_SMALL,"SELECT DISTINCT column1, column2 FROM FINANCIAL_METRICS WHERE condition = 'value'",3.4411237723186416,539462,SUCCESS,
8aed89aa-3933-4ac2-af68-f450dddd9561,2025-09-01T21:09:00,7cd584de-ca92-465c-8ea8-5f7ad356bee6,danasandoval,ETL_WH_LARGE,"SELECT COUNT(*) FROM CUSTOMER_DATA GROUP BY date_trunc('day', created_at)",4.5099598181887,976640,SUCCESS,
2622902d-8676-47a8-882c-3cda71027a88,2025-09-01T21:23:00,879c852e-e8e8-45c3-9ead-5fa56c9ecfbc,egarcia,ETL_WH_MEDIUM,"SELECT DISTINCT column1, column2 FROM FINANCIAL_METRICS WHERE condition = 'value'",2.2588695117719912,744649,SUCCESS,
0b50779a-8f51-4106-b101-03327ee369f7,2025-09-01T21:23:00,cea2e75f-1ee1-4b1d-90f5-242f82a02bed,erickennedy,BI_WH_MEDIUM,SELECT * FROM CUSTOMER_DATA LIMIT 1000,0.905401536734514,115959,SUCCESS,
b96c30b9-d1db-443e-aa92-60e36fb27ae7,2025-09-01T21:35:00,4663d48b-596a-4f39-b714-8d69ac9a7d2a,robert93,BI_WH_X-SMALL,"SELECT COUNT(*) FROM USER_ACTIVITY_LOGS GROUP BY date_trunc('day', created_at)",2.3667197235798128,629204,SUCCESS,
2b10cd86-689a-4cde-a4b3-1df28f36fa24,2025-09-01T21:35:00,57eba2d7-a4fe-48aa-aa7b-ad0e6f1296b7,jose46,ETL_WH_SMALL,SELECT * FROM CUSTOMER_DATA LIMIT 1000,1.2731894801646995,259002,SUCCESS,
ba8d96e0-fbfa-4e7e-ad8a-c10c63bd7433,2025-09-01T21:49:00,cea2e75f-1ee1-4b1d-90f5-242f82a02bed,erickennedy,PROD_WH_LARGE,"SELECT DISTINCT column1, column2 FROM SALES_TRANSACTIONS WHERE condition = 'value'",3.322049582287224,786326,SUCCESS,
6a47ca6a-9e77-4830-b128-0288c834f4a8,2025-09-01T21:49:00,3d8cc43f-0f00-40bd-b8b2-34ac61fc0360,rwilliams,BI_WH_MEDIUM,SELECT * FROM USER_ACTIVITY_LOGS LIMIT 1000,1.3046630539320767,353119,SUCCESS,
bb7bca40-6802-4886-aa36-fed61949cccc,2025-09-01T22:00:00,859c34dd-4540-49a3-b26d-f82b1455d905,oatkinson,DEV_WH_X-SMALL,"SELECT COUNT(*) FROM EMPLOYEE_RECORDS GROUP BY date_trunc('day', created_at)",0.20033449357262034,236531,SUCCESS,
594d51a9-2322-45dd-b2d6-d054da83577c,2025-09-01T22:00:00,89e53854-09b7-4b59-8352-a231c51f8687,glarsen,DEV_WH_LARGE,"SELECT * FROM PRODUCT_INVENTORY WHERE created_at >= dateadd('day', -7, current_date())",3.831856565877437,349775,SUCCESS,
9ac60f05-9f5f-4115-ae71-bfb8b458b82b,2025-09-01T22:07:00,00f99f6f-5fcc-490a-84f9-6b24911c0b2e,emilyhamilton,BI_WH_SMALL,"SELECT COUNT(*) FROM EMPLOYEE_RECORDS GROUP BY date_trunc('day', created_at)",1.8683196453570887,949495,SUCCESS,
3b952b11-ac06-4452-84e0-6a08a48e455a,2025-09-01T22:07:00,5fb2a072-2bab-4b94-9109-9cbea70c5438,bryancuevas,PROD_WH_LARGE,"SELECT * FROM SALES_TRANSACTIONS WHERE created_at >= dateadd('day', -7, current_date())",1.248669025923473,546150,SUCCESS,
9f5b7150-9e27-4ba6-8bea-7b28b4227e43,2025-09-01T22:16:00,b92c2609-888c-471e-bf61-4363556df9d8,frank26,ETL_WH_X-SMALL,SELECT * FROM FINANCIAL_METRICS LIMIT 1000,3.8586801914388915,92667,SUCCESS,
e1bff042-f495-4770-9849-09cf89533176,2025-09-01T22:16:00,4bc8b8f2-4d6e-4d5e-8d40-a7b6b3d6bb03,amandamitchell,PROD_WH_MEDIUM,"SELECT DISTINCT column1, column2 FROM EMPLOYEE_RECORDS WHERE condition = 'value'",1.289065551990127,13864,SUCCESS,
07fd768e-6da1-4d86-a8bb-06ae2d1b7a1e,2025-09-01T22:21:00,82e7a6a3-1f49-4f5a-8a2a-96e5a654a185,codyoconnor,ETL_WH_X-SMALL,"SELECT COUNT(*) FROM SYSTEM_EVENTS GROUP BY date_trunc('day', created_at)",2.743306178172516,686242,SUCCESS,
ff6e1cf3-e788-4af9-ae41-6fb42af8acab,2025-09-01T22:21:00,7cd584de-ca92-465c-8ea8-5f7ad356bee6,danasandoval,ETL_WH_X-SMALL,"SELECT * FROM SALES_TRANSACTIONS WHERE created_at >= dateadd('day', -7, current_date())",2.11599085252617,819744,SUCCESS,
997ad699-b4d6-4c87-b40b-b2cfb7249cdb,2025-09-01T22:33:00,4b7e389e-8c78-4e72-ab0b-774df43b399e,hardinjennifer,ETL_WH_X-SMALL,"SELECT DISTINCT column1, column2 FROM USER_ACTIVITY_LOGS WHERE condition = 'value'",0.9311305433685981,545522,SUCCESS,
f2f23321-dce2-4564-b137-bc2854b6359c,2025-09-01T22:33:00,82e7a6a3-1f49-4f5a-8a2a-96e5a654a185,codyoconnor,ETL_WH_SMALL,"SELECT DISTINCT column1, column2 FROM MARKETING_CAMPAIGNS WHERE condition = 'value'",2.2645981996930487,254514,SUCCESS,
80afb487-1aeb-4d64-a357-48062f760af0,2025-09-01T22:42:00,82e7a6a3-1f49-4f5a-8a2a-96e5a654a185,codyoconnor,ETL_WH_LARGE,"SELECT DISTINCT column1, column2 FROM PRODUCT_INVENTORY WHERE condition = 'value'",3.9329790062315686,197622,SUCCESS,
aa082335-3b99-4655-8df4-e423cd0406a0,2025-09-01T22:42:00,4b7e389e-8c78-4e72-ab0b-774df43b399e,hardinjennifer,DEV_WH_MEDIUM,"SELECT DISTINCT column1, column2 FROM EMPLOYEE_RECORDS WHERE condition = 'value'",2.5677771940945324,5674,SUCCESS,
805de8af-64d9-47d2-a1ee-8bb6658f6d6b,2025-09-01T22:49:00,4b7e389e-8c78-4e72-ab0b-774df43b399e,hardinjennifer,ETL_WH_SMALL,"SELECT COUNT(*) FROM CUSTOMER_DATA GROUP BY date_trunc('day', created_at)",4.983579551311508,792609,SUCCESS,
4bdb0d83-d26e-45af-af4b-f4bf92a3f54c,2025-09-01T22:49:00,4b7e389e-8c78-4e72-ab0b-774df43b399e,hardinjennifer,ETL_WH_LARGE,"SELECT COUNT(*) FROM FINANCIAL_METRICS GROUP BY date_trunc('day', created_at)",4.61438335597497,645067,SUCCESS,
b2b3cc07-dbde-4091-b6ab-80d36648f67c,2025-09-01T22:55:00,b92c2609-888c-471e-bf61-4363556df9d8,frank26,BI_WH_LARGE,"SELECT DISTINCT column1, column2 FROM SYSTEM_EVENTS WHERE condition = 'value'",3.019072280518999,32321,SUCCESS,
f9058d16-04d6-4a41-89fe-876047d05874,2025-09-01T22:55:00,4b7e389e-8c78-4e72-ab0b-774df43b399e,hardinjennifer,ETL_WH_X-SMALL,"SELECT * FROM SALES_TRANSACTIONS WHERE created_at >= dateadd('day', -7, current_date())",4.495283808033431,710177,SUCCESS,
9ece69a6-e9ea-4403-80a6-486926709d4a,2025-09-01T23:09:00,82e7a6a3-1f49-4f5a-8a2a-96e5a654a185,codyoconnor,DEV_WH_X-SMALL,"SELECT * FROM FINANCIAL_METRICS WHERE created_at >= dateadd('day', -7, current_date())",4.722778521959936,876647,SUCCESS,
91120a62-805b-4dae-9d14-1a88a93bc8d6,2025-09-01T23:09:00,879c852e-e8e8-45c3-9ead-5fa56c9ecfbc,egarcia,PROD_WH_LARGE,"SELECT DISTINCT column1, column2 FROM FINANCIAL_METRICS WHERE condition = 'value'",4.920225879730814,94924,SUCCESS,
a09c662b-3c9c-44f1-85a0-1e3ce33881b2,2025-09-01T23:17:00,ac5e7ada-2f2f-4292-a0e4-18083982547a,lliu,BI_WH_LARGE,"SELECT * FROM SYSTEM_EVENTS WHERE created_at >= dateadd('day', -7, current_date())",4.776389931010184,894783,SUCCESS,
e537f74c-b503-4974-a0c9-0087d153abb4,2025-09-01T23:17:00,4663d48b-596a-4f39-b714-8d69ac9a7d2a,robert93,ETL_WH_X-SMALL,"SELECT * FROM PRODUCT_INVENTORY WHERE created_at >= dateadd('day', -7, current_date())",4.361042106844327,336874,SUCCESS,
82f7e092-614f-4632-8731-6de901f4b4cd,2025-09-01T23:27:00,4b7e389e-8c78-4e72-ab0b-774df43b399e,hardinjennifer,ETL_WH_X-SMALL,SELECT * FROM FINANCIAL_METRICS LIMIT 1000,2.7092123217183146,391849,SUCCESS,
fee06ba2-fceb-4bd7-ac53-5707b978e86d,2025-09-01T23:27:00,57eba2d7-a4fe-48aa-aa7b-ad0e6f1296b7,jose46,ETL_WH_MEDIUM,SELECT * FROM EMPLOYEE_RECORDS LIMIT 1000,0.6217995521793777,512301,SUCCESS,
9861625e-da44-4166-8334-af8feef955fe,2025-09-01T23:41:00,7cd584de-ca92-465c-8ea8-5f7ad356bee6,danasandoval,ETL_WH_MEDIUM,SELECT * FROM USER_ACTIVITY_LOGS LIMIT 1000,0.3394718795903161,792796,SUCCESS,
d1f6cf73-1fd8-4a81-9f38-13d0e58e1159,2025-09-01T23:41:00,879c852e-e8e8-45c3-9ead-5fa56c9ecfbc,egarcia,BI_WH_LARGE,"SELECT COUNT(*) FROM MARKETING_CAMPAIGNS GROUP BY date_trunc('day', created_at)",0.9380916622605158,174422,SUCCESS,
c2b8112f-ba93-4865-a15c-212a1a9e3aaa,2025-09-01T23:51:00,7cd584de-ca92-465c-8ea8-5f7ad356bee6,danasandoval,PROD_WH_MEDIUM,SELECT * FROM MARKETING_CAMPAIGNS LIMIT 1000,3.0558550201900596,520137,SUCCESS,
ebfc803a-b799-4efb-9194-f5b2e4f5b7ba,2025-09-01T23:51:00,da0f0f7a-8d2c-4ca9-b82e-cda33fba6610,rachel35,PROD_WH_MEDIUM,SELECT * FROM EMPLOYEE_RECORDS LIMIT 1000,2.006426683145626,281896,SUCCESS,
fd07e654-f869-4c93-acb0-b612ca606138,2025-09-02T00:05:00,57eba2d7-a4fe-48aa-aa7b-ad0e6f1296b7,jose46,ETL_WH_SMALL,"SELECT DISTINCT column1, column2 FROM MARKETING_CAMPAIGNS WHERE condition = 'value'",4.079458511545337,907250,SUCCESS,
d0d7ad08-3f0c-4854-ab62-e3a4c37f7e03,2025-09-02T00:05:00,00f99f6f-5fcc-490a-84f9-6b24911c0b2e,emilyhamilton,ETL_WH_SMALL,"SELECT COUNT(*) FROM USER_ACTIVITY_LOGS GROUP BY date_trunc('day', created_at)",3.8973280014830474,711535,SUCCESS,
30e23dcf-a3f5-4337-93d8-bf4afe9fd6be,2025-09-02T00:12:00,82e7a6a3-1f49-4f5a-8a2a-96e5a654a185,codyoconnor,BI_WH_MEDIUM,"SELECT DISTINCT column1, column2 FROM PRODUCT_INVENTORY WHERE condition = 'value'",3.1288316570486567,539301,SUCCESS,
b141f135-6827-4aeb-8c3b-fe21366773ef,2025-09-02T00:12:00,da0f0f7a-8d2c-4ca9-b82e-cda33fba6610,rachel35,BI_WH_X-SMALL,"SELECT DISTINCT column1, column2 FROM FINANCIAL_METRICS WHERE condition = 'value'",3.3800663682068435,577879,SUCCESS,
b445a560-4649-41b0-9685-2f31fc7df6b3,2025-09-02T00:24:00,3d8cc43f-0f00-40bd-b8b2-34ac61fc0360,rwilliams,DEV_WH_MEDIUM,"SELECT DISTINCT column1, column2 FROM MARKETING_CAMPAIGNS WHERE condition = 'value'",1.3330905445939545,491599,SUCCESS,
be022c82-95cc-4865-893e-97f0184151ae,2025-09-02T00:24:00,5fb2a072-2bab-4b94-9109-9cbea70c5438,bryancuevas,DEV_WH_X-SMALL,"SELECT COUNT(*) FROM SALES_TRANSACTIONS GROUP BY date_trunc('day', created_at)",1.3444364476878754,672396,SUCCESS,
89636a36-3520-49b2-8e21-ff2134f54ceb,2025-09-02T00:37:00,a3a85592-9f3f-4845-87b8-dd199fcdc3cc,gmoreno,BI_WH_LARGE,"SELECT COUNT(*) FROM CUSTOMER_DATA GROUP BY date_trunc('day', created_at)",2.833130844117279,14812,SUCCESS,
41b1aada-74e8-4132-8471-94e51956127a,2025-09-02T00:37:00,da0f0f7a-8d2c-4ca9-b82e-cda33fba6610,rachel35,BI_WH_X-SMALL,"SELECT DISTINCT column1, column2 FROM SYSTEM_EVENTS WHERE condition = 'value'",3.0964746723837986,458505,SUCCESS,
20dfacd9-8fac-4bc7-b6a2-f5d4da26db3e,2025-09-02T00:49:00,4663d48b-596a-4f39-b714-8d69ac9a7d2a,robert93,DEV_WH_X-SMALL,"SELECT COUNT(*) FROM EMPLOYEE_RECORDS GROUP BY date_trunc('day', created_at)",0.9171592711790016,144058,SUCCESS,
e26e3e7f-3321-4fdd-8fa9-98ab4463a69f,2025-09-02T00:49:00,5fb2a072-2bab-4b94-9109-9cbea70c5438,bryancuevas,DEV_WH_SMALL,"SELECT DISTINCT column1, column2 FROM USER_ACTIVITY_LOGS WHERE condition = 'value'",1.977542414034982,342842,SUCCESS,
35ede8f1-c7ac-4e2e-9c3b-317b3856af28,2025-09-02T00:58:00,00f99f6f-5fcc-490a-84f9-6b24911c0b2e,emilyhamilton,BI_WH_X-SMALL,"SELECT * FROM EMPLOYEE_RECORDS WHERE created_at >= dateadd('day', -7, current_date())",4.38157443827425,787082,SUCCESS,
e58bd04b-5070-4183-bb2c-044bed5eaac4,2025-09-02T00:58:00,4b7e389e-8c78-4e72-ab0b-774df43b399e,hardinjennifer,ETL_WH_SMALL,"SELECT DISTINCT column1, column2 FROM PRODUCT_INVENTORY WHERE condition = 'value'",3.2048438864004747,21048,SUCCESS,
a956255d-f773-46ec-9caa-6212d60174ff,2025-09-02T01:09:00,cea2e75f-1ee1-4b1d-90f5-242f82a02bed,erickennedy,ETL_WH_SMALL,SELECT * FROM SALES_TRANSACTIONS LIMIT 1000,3.654782412397639,599312,SUCCESS,
b63ec146-8b9f-437d-9fa9-edea3ec50c76,2025-09-02T01:09:00,7cd584de-ca92-465c-8ea8-5f7ad356bee6,danasandoval,BI_WH_LARGE,"SELECT DISTINCT column1, column2 FROM FINANCIAL_METRICS WHERE condition = 'value'",1.9960665460712157,371263,SUCCESS,
f02c04bd-59d9-46ca-be6f-3333ca7ceec3,2025-09-02T01:21:00,da0f0f7a-8d2c-4ca9-b82e-cda33fba6610,rachel35,ETL_WH_X-SMALL,"SELECT * FROM CUSTOMER_DATA WHERE created_at >= dateadd('day', -7, current_date())",2.9594030050921742,190795,SUCCESS,
302aa2c1-93c4-4191-84e1-29467e9e8d0d,2025-09-02T01:21:00,82e7a6a3-1f49-4f5a-8a2a-96e5a654a185,codyoconnor,BI_WH_LARGE,"SELECT * FROM CUSTOMER_DATA WHERE created_at >= dateadd('day', -7, current_date())",3.9087317167953235,939010,SUCCESS,
ffcdcf82-53b0-447a-8591-0fdfb93eb1d6,2025-09-02T01:35:00,7cd584de-ca92-465c-8ea8-5f7ad356bee6,danasandoval,BI_WH_SMALL,"SELECT DISTINCT column1, column2 FROM MARKETING_CAMPAIGNS WHERE condition = 'value'",4.414088915191082,309199,SUCCESS,
441e6dc9-ab1e-4c13-8898-249862bef8aa,2025-09-02T01:35:00,3d8cc43f-0f00-40bd-b8b2-34ac61fc0360,rwilliams,ETL_WH_MEDIUM,"SELECT DISTINCT column1, column2 FROM EMPLOYEE_RECORDS WHERE condition = 'value'",3.9333945490557585,688464,SUCCESS,
1186ad12-0f13-47a1-9329-b44d89756523,2025-09-02T01:45:00,4b7e389e-8c78-4e72-ab0b-774df43b399e,hardinjennifer,BI_WH_LARGE,"SELECT COUNT(*) FROM MARKETING_CAMPAIGNS GROUP BY date_trunc('day', created_at)",2.422839913479412,597870,SUCCESS,
7bf0bf0c-83b2-4ae0-9725-fa5274ddeb3d,2025-09-02T01:45:00,ac5e7ada-2f2f-4292-a0e4-18083982547a,lliu,PROD_WH_MEDIUM,"SELECT * FROM FINANCIAL_METRICS WHERE created_at >= dateadd('day', -7, current_date())",4.633463352509564,918141,SUCCESS,
417bccb8-7655-4411-a13a-3b19dfa2c7fd,2025-09-02T02:00:00,5fb2a072-2bab-4b94-9109-9cbea70c5438,bryancuevas,DEV_WH_MEDIUM,"SELECT * FROM SYSTEM_EVENTS WHERE created_at >= dateadd('day', -7, current_date())",2.3445651014032474,857057,SUCCESS,
976206c1-6194-472f-aff8-420d72102ebd,2025-09-02T02:00:00,cea2e75f-1ee1-4b1d-90f5-242f82a02bed,erickennedy,ETL_WH_LARGE,SELECT * FROM SALES_TRANSACTIONS LIMIT 1000,4.247936286883632,18300,SUCCESS,
80ba3eba-e9c2-4221-a42f-84dd5d39cc45,2025-09-02T02:13:00,00f99f6f-5fcc-490a-84f9-6b24911c0b2e,emilyhamilton,ETL_WH_LARGE,SELECT * FROM MARKETING_CAMPAIGNS LIMIT 1000,4.252509446202117,465030,SUCCESS,
cb6349b7-8963-4594-bf5a-80d5358b0fe6,2025-09-02T02:13:00,57eba2d7-a4fe-48aa-aa7b-ad0e6f1296b7,jose46,PROD_WH_LARGE,SELECT * FROM FINANCIAL_METRICS LIMIT 1000,1.9785122206376156,450194,SUCCESS,
61598647-0264-461a-b56b-fe9e1ec9ee5f,2025-09-02T02:23:00,879c852e-e8e8-45c3-9ead-5fa56c9ecfbc,egarcia,DEV_WH_X-SMALL,"SELECT DISTINCT column1, column2 FROM SALES_TRANSACTIONS WHERE condition = 'value'",0.3344084694154998,835480,SUCCESS,
7a24bd39-9e03-43b9-af47-b92374852df5,2025-09-02T02:23:00,ac5e7ada-2f2f-4292-a0e4-18083982547a,lliu,DEV_WH_X-SMALL,SELECT * FROM SALES_TRANSACTIONS LIMIT 1000,3.45322679244101,552064,SUCCESS,
7fa2684a-57dd-4df3-b92f-e4c33edaad09,2025-09-02T02:33:00,a3a85592-9f3f-4845-87b8-dd199fcdc3cc,gmoreno,PROD_WH_X-SMALL,"SELECT * FROM EMPLOYEE_RECORDS WHERE created_at >= dateadd('day', -7, current_date())",2.600452411682295,699892,SUCCESS,
d1e3f714-e532-4291-be4c-0654231ecc06,2025-09-02T02:33:00,4b7e389e-8c78-4e72-ab0b-774df43b399e,hardinjennifer,ETL_WH_MEDIUM,"SELECT * FROM SYSTEM_EVENTS WHERE created_at >= dateadd('day', -7, current_date())",0.3984224380454776,486487,SUCCESS,
5cd11acf-5b78-4b8b-88cf-ce0542820868,2025-09-02T02:42:00,00f99f6f-5fcc-490a-84f9-6b24911c0b2e,emilyhamilton,BI_WH_SMALL,"SELECT DISTINCT column1, column2 FROM FINANCIAL_METRICS WHERE condition = 'value'",0.680525661627677,963082,SUCCESS,
99731c79-b57b-42bd-a034-cfb53ec55e79,2025-09-02T02:42:00,82e7a6a3-1f49-4f5a-8a2a-96e5a654a185,codyoconnor,BI_WH_MEDIUM,"SELECT COUNT(*) FROM USER_ACTIVITY_LOGS GROUP BY date_trunc('day', created_at)",3.9123600555594154,82301,SUCCESS,
0d65c59b-716a-4200-a007-ba74205707cc,2025-09-02T02:55:00,7cd584de-ca92-465c-8ea8-5f7ad356bee6,danasandoval,PROD_WH_SMALL,SELECT * FROM SALES_TRANSACTIONS LIMIT 1000,3.3410546669552392,535659,SUCCESS,
77f0325a-fad6-4482-aed0-517cb088e6b7,2025-09-02T02:55:00,9a7a68c7-1b0c-4669-859f-6d352b1e386f,andrew16,DEV_WH_X-SMALL,SELECT * FROM SYSTEM_EVENTS LIMIT 1000,0.8968501767429763,798880,SUCCESS,
9be9b5b4-e75f-4324-ad1a-7a4bd687586a,2025-09-02T03:01:00,b92c2609-888c-471e-bf61-4363556df9d8,frank26,ETL_WH_MEDIUM,"SELECT COUNT(*) FROM SALES_TRANSACTIONS GROUP BY date_trunc('day', created_at)",0.9653628263643798,758297,SUCCESS,
786646f7-c97b-4c96-853b-708f6e7fe3a1,2025-09-02T03:01:00,4b7e389e-8c78-4e72-ab0b-774df43b399e,hardinjennifer,DEV_WH_LARGE,"SELECT DISTINCT column1, column2 FROM PRODUCT_INVENTORY WHERE condition = 'value'",3.418825117073718,281940,SUCCESS,
c561e3ad-994e-428e-9135-22251e10b419,2025-09-02T03:12:00,f22aa1cf-fe8b-4e78-8492-b46e0f46ffda,brandtmisty,DEV_WH_X-SMALL,SELECT * FROM PRODUCT_INVENTORY LIMIT 1000,2.1571079327518135,684359,SUCCESS,
d0512d5d-313f-47c2-929e-551a10f9557b,2025-09-02T03:12:00,57eba2d7-a4fe-48aa-aa7b-ad0e6f1296b7,jose46,BI_WH_SMALL,"SELECT COUNT(*) FROM CUSTOMER_DATA GROUP BY date_trunc('day', created_at)",2.586610923386317,457601,SUCCESS,
9fceca25-5271-4807-ada3-ec067f2b5bbd,2025-09-02T03:20:00,89e53854-09b7-4b59-8352-a231c51f8687,glarsen,PROD_WH_MEDIUM,"SELECT * FROM SALES_TRANSACTIONS WHERE created_at >= dateadd('day', -7, current_date())",3.3153358700655606,243014,SUCCESS,
0be6a8ba-ea62-4b01-a000-4e9568172c85,2025-09-02T03:20:00,ac5e7ada-2f2f-4292-a0e4-18083982547a,lliu,ETL_WH_X-SMALL,SELECT * FROM EMPLOYEE_RECORDS LIMIT 1000,4.378091167514051,74475,SUCCESS,
8e420454-5b2e-4846-92a6-add94c38dd9b,2025-09-02T03:25:00,b92c2609-888c-471e-bf61-4363556df9d8,frank26,ETL_WH_SMALL,"SELECT COUNT(*) FROM SALES_TRANSACTIONS GROUP BY date_trunc('day', created_at)",1.5880716774592278,657226,SUCCESS,
da01992f-2404-4b6d-afdd-b66da6583cf4,2025-09-02T03:25:00,9a7a68c7-1b0c-4669-859f-6d352b1e386f,andrew16,BI_WH_SMALL,"SELECT COUNT(*) FROM SYSTEM_EVENTS GROUP BY date_trunc('day', created_at)",4.439452588293391,425533,SUCCESS,
02a13774-ab50-45af-bab3-a42ed46df643,2025-09-02T03:38:00,89e53854-09b7-4b59-8352-a231c51f8687,glarsen,DEV_WH_X-SMALL,SELECT * FROM USER_ACTIVITY_LOGS LIMIT 1000,2.5139103260700457,520035,SUCCESS,
2b2e1543-a3b0-430f-965d-d3aef38fcaa7,2025-09-02T03:38:00,89e53854-09b7-4b59-8352-a231c51f8687,glarsen,PROD_WH_MEDIUM,"SELECT COUNT(*) FROM SALES_TRANSACTIONS GROUP BY date_trunc('day', created_at)",3.7698453161508594,501052,SUCCESS,
272c975f-ab13-4f5b-83c6-92096b8ea1ea,2025-09-02T03:52:00,4b7e389e-8c78-4e72-ab0b-774df43b399e,hardinjennifer,ETL_WH_SMALL,"SELECT DISTINCT column1, column2 FROM CUSTOMER_DATA WHERE condition = 'value'",2.50964324074582,220111,SUCCESS,
61aee303-3d9d-4488-a0ad-3539bdd2e3ef,2025-09-02T03:52:00,4663d48b-596a-4f39-b714-8d69ac9a7d2a,robert93,BI_WH_LARGE,"SELECT DISTINCT column1, column2 FROM CUSTOMER_DATA WHERE condition = 'value'",1.5666003773703554,694627,SUCCESS,
5f7849d2-776b-4f13-8800-6d82d74535a2,2025-09-02T04:03:00,89e53854-09b7-4b59-8352-a231c51f8687,glarsen,PROD_WH_SMALL,SELECT * FROM MARKETING_CAMPAIGNS LIMIT 1000,4.6891428348192,514078,SUCCESS,
85b8d1e1-9f5d-4f59-85f2-3ad83506a138,2025-09-02T04:03:00,f0c2cfac-cf3b-4053-9e79-a6a4c6bbd187,garciaalison,PROD_WH_MEDIUM,"SELECT COUNT(*) FROM SALES_TRANSACTIONS GROUP BY date_trunc('day', created_at)",4.059506232198982,716073,SUCCESS,
2d65979a-1760-4017-94da-7ae2e0aa51b4,2025-09-02T04:17:00,4bc8b8f2-4d6e-4d5e-8d40-a7b6b3d6bb03,amandamitchell,DEV_WH_MEDIUM,"SELECT * FROM SYSTEM_EVENTS WHERE created_at >= dateadd('day', -7, current_date())",4.574888714437065,798251,SUCCESS,
87731c85-1848-4dce-aa83-4c39be3c266e,2025-09-02T04:17:00,00f99f6f-5fcc-490a-84f9-6b24911c0b2e,emilyhamilton,ETL_WH_X-SMALL,"SELECT COUNT(*) FROM SYSTEM_EVENTS GROUP BY date_trunc('day', created_at)",3.0307603289253047,136986,SUCCESS,
0186c478-ce91-4e71-9838-74facef48da1,2025-09-02T04:24:00,879c852e-e8e8-45c3-9ead-5fa56c9ecfbc,egarcia,DEV_WH_MEDIUM,"SELECT DISTINCT column1, column2 FROM SALES_TRANSACTIONS WHERE condition = 'value'",3.197742772071309,146118,SUCCESS,
562451a8-02f0-4a67-9d55-b48b5517fc6c,2025-09-02T04:24:00,4bc8b8f2-4d6e-4d5e-8d40-a7b6b3d6bb03,amandamitchell,DEV_WH_LARGE,"SELECT DISTINCT column1, column2 FROM SALES_TRANSACTIONS WHERE condition = 'value'",0.1862571896027148,355089,SUCCESS,
b24323fc-ee20-433b-b20a-353fb64a7c8c,2025-09-02T04:30:00,82e7a6a3-1f49-4f5a-8a2a-96e5a654a185,codyoconnor,PROD_WH_MEDIUM,"SELECT DISTINCT column1, column2 FROM PRODUCT_INVENTORY WHERE condition = 'value'",2.664014750581786,231099,SUCCESS,
6700c2b7-8c17-4b2c-8f5d-4a7bbdb3108b,2025-09-02T04:30:00,da0f0f7a-8d2c-4ca9-b82e-cda33fba6610,rachel35,DEV_WH_SMALL,"SELECT COUNT(*) FROM FINANCIAL_METRICS GROUP BY date_trunc('day', created_at)",1.5153965561622764,98322,SUCCESS,
2e2476b1-2f01-4bfd-9376-468c27d25fc0,2025-09-02T04:43:00,9a7a68c7-1b0c-4669-859f-6d352b1e386f,andrew16,DEV_WH_SMALL,SELECT * FROM CUSTOMER_DATA LIMIT 1000,4.918199303387155,75747,SUCCESS,
66002b2d-1f26-40ec-b18c-38e61bb51c19,2025-09-02T04:43:00,f0c2cfac-cf3b-4053-9e79-a6a4c6bbd187,garciaalison,ETL_WH_SMALL,SELECT * FROM SYSTEM_EVENTS LIMIT 1000,1.1557115565918976,908719,SUCCESS,
ed099f44-f002-4d61-bc25-1e0fc26c0278,2025-09-02T04:54:00,4bc8b8f2-4d6e-4d5e-8d40-a7b6b3d6bb03,amandamitchell,DEV_WH_SMALL,SELECT * FROM SYSTEM_EVENTS LIMIT 1000,3.8381706129984945,532267,SUCCESS,
0baa8b4d-5670-41c3-bad5-4661afe2f61f,2025-09-02T04:54:00,4663d48b-596a-4f39-b714-8d69ac9a7d2a,robert93,PROD_WH_LARGE,"SELECT DISTINCT column1, column2 FROM EMPLOYEE_RECORDS WHERE condition = 'value'",1.0255861699818485,938034,SUCCESS,
909ea1c7-ff69-4df1-a179-2bf332c33fb6,2025-09-02T05:07:00,7cd584de-ca92-465c-8ea8-5f7ad356bee6,danasandoval,BI_WH_X-SMALL,"SELECT DISTINCT column1, column2 FROM SALES_TRANSACTIONS WHERE condition = 'value'",2.7677577128112514,772116,SUCCESS,
79c7b3b3-cbce-43ec-a2e1-4637e27f418a,2025-09-02T05:07:00,4663d48b-596a-4f39-b714-8d69ac9a7d2a,robert93,PROD_WH_SMALL,"SELECT COUNT(*) FROM USER_ACTIVITY_LOGS GROUP BY date_trunc('day', created_at)",4.568994024471676,830682,SUCCESS,
3fe253fd-5418-453a-98f6-b634c84e6c1c,2025-09-02T05:12:00,da0f0f7a-8d2c-4ca9-b82e-cda33fba6610,rachel35,PROD_WH_MEDIUM,"SELECT DISTINCT column1, column2 FROM FINANCIAL_METRICS WHERE condition = 'value'",3.069557304945998,363573,SUCCESS,
92bef422-d19f-4e46-b31b-2a4314e1935a,2025-09-02T05:12:00,82e7a6a3-1f49-4f5a-8a2a-96e5a654a185,codyoconnor,ETL_WH_SMALL,SELECT * FROM MARKETING_CAMPAIGNS LIMIT 1000,0.411135396785433,888128,SUCCESS,
a1f6ff33-4529-41cf-9245-d186c9ae4c0b,2025-09-02T05:26:00,3d8cc43f-0f00-40bd-b8b2-34ac61fc0360,rwilliams,PROD_WH_MEDIUM,SELECT * FROM SALES_TRANSACTIONS LIMIT 1000,0.7079879866485411,471682,SUCCESS,
8808c8da-f1b6-423f-ae2a-8b57fc0da9ca,2025-09-02T05:26:00,b92c2609-888c-471e-bf61-4363556df9d8,frank26,BI_WH_MEDIUM,"SELECT COUNT(*) FROM USER_ACTIVITY_LOGS GROUP BY date_trunc('day', created_at)",3.629076189935404,50010,SUCCESS,
7cd46e1c-a86f-4ee9-a935-f8de9ece1011,2025-09-02T05:39:00,a3a85592-9f3f-4845-87b8-dd199fcdc3cc,gmoreno,BI_WH_X-SMALL,"SELECT DISTINCT column1, column2 FROM SALES_TRANSACTIONS WHERE condition = 'value'",4.962896465296577,285732,SUCCESS,
d402a2b2-6673-4d8a-836e-b548e03f325e,2025-09-02T05:39:00,859c34dd-4540-49a3-b26d-f82b1455d905,oatkinson,DEV_WH_LARGE,"SELECT * FROM EMPLOYEE_RECORDS WHERE created_at >= dateadd('day', -7, current_date())",0.8716938297795386,589268,SUCCESS,
a2161489-7bf0-444f-8384-d853ed6dec13,2025-09-02T05:50:00,4663d48b-596a-4f39-b714-8d69ac9a7d2a,robert93,DEV_WH_SMALL,"SELECT * FROM SALES_TRANSACTIONS WHERE created_at >= dateadd('day', -7, current_date())",3.5601136930678927,582888,SUCCESS,
7248a87a-9384-42d0-a9bf-040eb9835cc4,2025-09-02T05:50:00,4bc8b8f2-4d6e-4d5e-8d40-a7b6b3d6bb03,amandamitchell,PROD_WH_X-SMALL,"SELECT COUNT(*) FROM PRODUCT_INVENTORY GROUP BY date_trunc('day', created_at)",4.870198137291967,116743,SUCCESS,
a31cef85-6632-4965-a4cc-c5eaf34ec420,2025-09-02T06:01:00,f22aa1cf-fe8b-4e78-8492-b46e0f46ffda,brandtmisty,BI_WH_MEDIUM,"SELECT COUNT(*) FROM USER_ACTIVITY_LOGS GROUP BY date_trunc('day', created_at)",2.6764785150865777,365144,SUCCESS,
bd88c4e6-9d05-44ad-8931-e19c80cc5470,2025-09-02T06:01:00,b92c2609-888c-471e-bf61-4363556df9d8,frank26,PROD_WH_MEDIUM,"SELECT DISTINCT column1, column2 FROM SYSTEM_EVENTS WHERE condition = 'value'",3.8195761973320272,394560,SUCCESS,
27018a20-6b3d-4f36-9003-f446b6fa5de2,2025-09-02T06:12:00,cea2e75f-1ee1-4b1d-90f5-242f82a02bed,erickennedy,ETL_WH_LARGE,"SELECT * FROM SYSTEM_EVENTS WHERE created_at >= dateadd('day', -7, current_date())",3.804191406116496,770679,SUCCESS,
40c4a370-ab9b-4bd2-b16a-5a60f27c195c,2025-09-02T06:12:00,4bc8b8f2-4d6e-4d5e-8d40-a7b6b3d6bb03,amandamitchell,PROD_WH_LARGE,"SELECT * FROM MARKETING_CAMPAIGNS WHERE created_at >= dateadd('day', -7, current_date())",2.856648240183076,818984,SUCCESS,
08d64e50-fe6a-4651-b343-e7a9cd61a1a4,2025-09-02T06:24:00,4663d48b-596a-4f39-b714-8d69ac9a7d2a,robert93,DEV_WH_MEDIUM,"SELECT COUNT(*) FROM USER_ACTIVITY_LOGS GROUP BY date_trunc('day', created_at)",0.46880029459847317,825935,SUCCESS,
e1fdac75-9eed-4fee-90dc-38b7df3b682e,2025-09-02T06:24:00,5fb2a072-2bab-4b94-9109-9cbea70c5438,bryancuevas,DEV_WH_SMALL,"SELECT DISTINCT column1, column2 FROM MARKETING_CAMPAIGNS WHERE condition = 'value'",4.219635126790295,201134,SUCCESS,
26447bdf-440a-49a4-9b07-69a850d4a228,2025-09-02T06:37:00,cea2e75f-1ee1-4b1d-90f5-242f82a02bed,erickennedy,ETL_WH_LARGE,"SELECT DISTINCT column1, column2 FROM SYSTEM_EVENTS WHERE condition = 'value'",0.8680640022730397,443890,SUCCESS,
6a0a1f79-488a-4791-84f8-e33e01509ba4,2025-09-02T06:37:00,ac5e7ada-2f2f-4292-a0e4-18083982547a,lliu,BI_WH_SMALL,SELECT * FROM SALES_TRANSACTIONS LIMIT 1000,0.5185275717753179,95516,SUCCESS,
3873a988-b80c-4507-9535-40545f6e77d9,2025-09-02T06:50:00,f22aa1cf-fe8b-4e78-8492-b46e0f46ffda,brandtmisty,BI_WH_MEDIUM,"SELECT COUNT(*) FROM SALES_TRANSACTIONS GROUP BY date_trunc('day', created_at)",0.8494213255953538,772020,SUCCESS,
20f9a9f3-8872-43f0-84eb-32e1eb6fc0ca,2025-09-02T06:50:00,3d8cc43f-0f00-40bd-b8b2-34ac61fc0360,rwilliams,DEV_WH_MEDIUM,SELECT * FROM MARKETING_CAMPAIGNS LIMIT 1000,2.7956920161485064,178792,SUCCESS,
2bada63f-de3c-4e9f-8330-17d071031591,2025-09-02T06:59:00,89e53854-09b7-4b59-8352-a231c51f8687,glarsen,DEV_WH_X-SMALL,SELECT * FROM USER_ACTIVITY_LOGS LIMIT 1000,1.217063932513563,88950,SUCCESS,
5717db97-b2b5-4f5a-a803-c4feeaafc73d,2025-09-02T06:59:00,cea2e75f-1ee1-4b1d-90f5-242f82a02bed,erickennedy,ETL_WH_X-SMALL,"SELECT * FROM USER_ACTIVITY_LOGS WHERE created_at >= dateadd('day', -7, current_date())",1.56236996059435,143772,SUCCESS,
679ac879-5dcc-49f0-8115-7b461c1d45e1,2025-09-02T07:11:00,4b7e389e-8c78-4e72-ab0b-774df43b399e,hardinjennifer,DEV_WH_SMALL,"SELECT DISTINCT column1, column2 FROM SALES_TRANSACTIONS WHERE condition = 'value'",4.016986157742319,361112,SUCCESS,
05d4b47b-cf4f-4761-bcb4-072801a92bb2,2025-09-02T07:11:00,f0c2cfac-cf3b-4053-9e79-a6a4c6bbd187,garciaalison,PROD_WH_SMALL,SELECT * FROM USER_ACTIVITY_LOGS LIMIT 1000,2.38106593454326,996850,SUCCESS,
e9623a0f-9be0-4814-bbfc-46c6c410a60e,2025-09-02T07:16:00,89e53854-09b7-4b59-8352-a231c51f8687,glarsen,BI_WH_LARGE,"SELECT DISTINCT column1, column2 FROM PRODUCT_INVENTORY WHERE condition = 'value'",3.9123073925795206,562799,SUCCESS,
c3abdaa3-271a-4b64-b5be-fa74052a2c37,2025-09-02T07:16:00,4b7e389e-8c78-4e72-ab0b-774df43b399e,hardinjennifer,ETL_WH_SMALL,"SELECT COUNT(*) FROM EMPLOYEE_RECORDS GROUP BY date_trunc('day', created_at)",1.6497360569493391,735136,SUCCESS,
3fc77501-b4a7-4f93-b9ab-68fa4991fad6,2025-09-02T07:31:00,a3a85592-9f3f-4845-87b8-dd199fcdc3cc,gmoreno,ETL_WH_MEDIUM,"SELECT COUNT(*) FROM MARKETING_CAMPAIGNS GROUP BY date_trunc('day', created_at)",2.6813458887556942,272772,SUCCESS,
50d8db7e-59db-4db3-8979-08a1e2291a19,2025-09-02T07:31:00,859c34dd-4540-49a3-b26d-f82b1455d905,oatkinson,ETL_WH_SMALL,"SELECT COUNT(*) FROM CUSTOMER_DATA GROUP BY date_trunc('day', created_at)",4.25061231655046,522149,SUCCESS,
7ccebdcd-6d3b-413c-9d87-7d8f2d359d16,2025-09-02T07:45:00,f22aa1cf-fe8b-4e78-8492-b46e0f46ffda,brandtmisty,ETL_WH_X-SMALL,"SELECT * FROM USER_ACTIVITY_LOGS WHERE created_at >= dateadd('day', -7, current_date())",1.4657897058550977,132630,SUCCESS,
3d0d45e8-94b3-4317-9789-a6c1c3893e4d,2025-09-02T07:45:00,f0c2cfac-cf3b-4053-9e79-a6a4c6bbd187,garciaalison,PROD_WH_X-SMALL,SELECT * FROM SALES_TRANSACTIONS LIMIT 1000,0.8815158172788419,331328,SUCCESS,
64d8fedf-deff-4815-82a4-f639513c4934,2025-09-02T07:50:00,3d8cc43f-0f00-40bd-b8b2-34ac61fc0360,rwilliams,PROD_WH_X-SMALL,SELECT * FROM CUSTOMER_DATA LIMIT 1000,2.790885670363728,759729,SUCCESS,
8b6eca47-3ba7-4088-a463-48e4c2f2a642,2025-09-02T07:50:00,a3a85592-9f3f-4845-87b8-dd199fcdc3cc,gmoreno,ETL_WH_SMALL,"SELECT DISTINCT column1, column2 FROM CUSTOMER_DATA WHERE condition = 'value'",0.13340912950713818,586713,SUCCESS,
d4112f99-e29d-47d1-b1d7-3c5ad3b8beee,2025-09-02T07:55:00,879c852e-e8e8-45c3-9ead-5fa56c9ecfbc,egarcia,ETL_WH_MEDIUM,"SELECT DISTINCT column1, column2 FROM FINANCIAL_METRICS WHERE condition = 'value'",2.678279591949019,213269,SUCCESS,
d46ce2c4-db1f-4278-a87d-be71cccd1794,2025-09-02T07:55:00,4bc8b8f2-4d6e-4d5e-8d40-a7b6b3d6bb03,amandamitchell,PROD_WH_X-SMALL,"SELECT COUNT(*) FROM FINANCIAL_METRICS GROUP BY date_trunc('day', created_at)",4.899593094353187,813132,SUCCESS,
549a052f-be52-4888-a196-ee98801b8cf6,2025-09-02T08:10:00,a3a85592-9f3f-4845-87b8-dd199fcdc3cc,gmoreno,BI_WH_LARGE,"SELECT COUNT(*) FROM EMPLOYEE_RECORDS GROUP BY date_trunc('day', created_at)",4.33729120597902,234339,SUCCESS,
8430dce3-0a92-4bdd-8695-4d4e7bc92c46,2025-09-02T08:10:00,00f99f6f-5fcc-490a-84f9-6b24911c0b2e,emilyhamilton,BI_WH_SMALL,"SELECT * FROM USER_ACTIVITY_LOGS WHERE created_at >= dateadd('day', -7, current_date())",1.514508694941483,904596,SUCCESS,
8cbbec32-7cfd-463d-91b7-eec4d768e004,2025-09-02T08:21:00,00f99f6f-5fcc-490a-84f9-6b24911c0b2e,emilyhamilton,DEV_WH_MEDIUM,"SELECT * FROM FINANCIAL_METRICS WHERE created_at >= dateadd('day', -7, current_date())",0.21284097726468643,132203,SUCCESS,
41fc4d96-abb1-419a-8a41-c1ffd809e4c7,2025-09-02T08:21:00,3d8cc43f-0f00-40bd-b8b2-34ac61fc0360,rwilliams,PROD_WH_X-SMALL,"SELECT * FROM USER_ACTIVITY_LOGS WHERE created_at >= dateadd('day', -7, current_date())",1.2863019579014945,830676,SUCCESS,
1c60c853-2bf9-48f3-9baa-0bb812d7c4a2,2025-09-02T08:26:00,57eba2d7-a4fe-48aa-aa7b-ad0e6f1296b7,jose46,ETL_WH_LARGE,"SELECT DISTINCT column1, column2 FROM EMPLOYEE_RECORDS WHERE condition = 'value'",2.8514861684237394,881957,SUCCESS,
39c61d58-be0e-4123-9f4b-3f69bcc3f23f,2025-09-02T08:26:00,4b7e389e-8c78-4e72-ab0b-774df43b399e,hardinjennifer,BI_WH_LARGE,"SELECT COUNT(*) FROM SALES_TRANSACTIONS GROUP BY date_trunc('day', created_at)",4.5745248136874475,845921,SUCCESS,
a1c56e11-cab7-481a-ba9a-8ad1d0af19e1,2025-09-02T08:37:00,3d8cc43f-0f00-40bd-b8b2-34ac61fc0360,rwilliams,ETL_WH_SMALL,SELECT * FROM FINANCIAL_METRICS LIMIT 1000,3.01781526544979,13529,SUCCESS,
09311ee0-8450-4317-8e88-a1930a661ae8,2025-09-02T08:37:00,f0c2cfac-cf3b-4053-9e79-a6a4c6bbd187,garciaalison,DEV_WH_SMALL,SELECT * FROM SYSTEM_EVENTS LIMIT 1000,2.7538448209290047,656192,SUCCESS,
2778a80b-9abf-4805-8efc-681d8fef954c,2025-09-02T08:42:00,4bc8b8f2-4d6e-4d5e-8d40-a7b6b3d6bb03,amandamitchell,ETL_WH_MEDIUM,SELECT * FROM EMPLOYEE_RECORDS LIMIT 1000,2.304202018093003,570667,SUCCESS,
a593d5ea-6c92-461b-8392-6d9c8ed099bc,2025-09-02T08:42:00,da0f0f7a-8d2c-4ca9-b82e-cda33fba6610,rachel35,BI_WH_MEDIUM,"SELECT DISTINCT column1, column2 FROM FINANCIAL_METRICS WHERE condition = 'value'",2.35849193260416,913488,SUCCESS,
2525d6ae-c848-40e6-a37f-4af684ad8979,2025-09-02T08:52:00,879c852e-e8e8-45c3-9ead-5fa56c9ecfbc,egarcia,ETL_WH_SMALL,"SELECT * FROM SALES_TRANSACTIONS WHERE created_at >= dateadd('day', -7, current_date())",2.1917444903966876,513021,SUCCESS,
d4bceba9-2073-4c8e-99ff-b09e9e120bec,2025-09-02T08:52:00,f22aa1cf-fe8b-4e78-8492-b46e0f46ffda,brandtmisty,ETL_WH_LARGE,"SELECT * FROM PRODUCT_INVENTORY WHERE created_at >= dateadd('day', -7, current_date())",0.47073992470735626,167083,SUCCESS,
67533f1f-9c00-4d91-9ee0-cd8e8927e12e,2025-09-02T09:02:00,4b7e389e-8c78-4e72-ab0b-774df43b399e,hardinjennifer,DEV_WH_X-SMALL,"SELECT COUNT(*) FROM SALES_TRANSACTIONS GROUP BY date_trunc('day', created_at)",3.007305528630611,263791,SUCCESS,
7fa82c98-92a2-4d83-b10c-fabab8444075,2025-09-02T09:02:00,5fb2a072-2bab-4b94-9109-9cbea70c5438,bryancuevas,ETL_WH_LARGE,"SELECT * FROM USER_ACTIVITY_LOGS WHERE created_at >= dateadd('day', -7, current_date())",1.2323814097459056,827095,SUCCESS,
8d42f7ac-76d5-4ca7-8446-e9bfe96877f3,2025-09-02T09:02:00,f0c2cfac-cf3b-4053-9e79-a6a4c6bbd187,garciaalison,PROD_WH_X-SMALL,"SELECT * FROM SALES_TRANSACTIONS WHERE created_at >= dateadd('day', -7, current_date())",0.7509993739808739,759648,SUCCESS,
b52de94e-4d41-4873-b389-5fec5c9688bf,2025-09-02T09:02:00,4bc8b8f2-4d6e-4d5e-8d40-a7b6b3d6bb03,amandamitchell,DEV_WH_X-SMALL,"SELECT COUNT(*) FROM PRODUCT_INVENTORY GROUP BY date_trunc('day', created_at)",2.870787354239811,290823,SUCCESS,
f7d0388e-12dc-4163-81fc-34977a0d44b2,2025-09-02T09:02:00,b92c2609-888c-471e-bf61-4363556df9d8,frank26,ETL_WH_LARGE,SELECT * FROM EMPLOYEE_RECORDS LIMIT 1000,2.3296300615140764,58474,SUCCESS,
6f64c8bc-0b80-46bb-8905-b804219c210c,2025-09-02T09:02:00,f0c2cfac-cf3b-4053-9e79-a6a4c6bbd187,garciaalison,DEV_WH_SMALL,"SELECT * FROM EMPLOYEE_RECORDS WHERE created_at >= dateadd('day', -7, current_date())",3.371864507577526,566955,SUCCESS,
da07539e-db16-4f23-8b55-045ce89ecd9e,2025-09-02T09:02:00,ac5e7ada-2f2f-4292-a0e4-18083982547a,lliu,PROD_WH_SMALL,"SELECT DISTINCT column1, column2 FROM SYSTEM_EVENTS WHERE condition = 'value'",2.9619877170140705,94573,SUCCESS,
fbe2ab7e-4652-478f-812a-26a6a9e2ef5e,2025-09-02T09:02:00,a3a85592-9f3f-4845-87b8-dd199fcdc3cc,gmoreno,BI_WH_LARGE,"SELECT DISTINCT column1, column2 FROM PRODUCT_INVENTORY WHERE condition = 'value'",3.3036986199939506,971465,SUCCESS,
e9d16532-ae76-41b4-a2c1-77cb9b5cd6de,2025-09-02T09:02:00,ac5e7ada-2f2f-4292-a0e4-18083982547a,lliu,PROD_WH_X-SMALL,"SELECT COUNT(*) FROM FINANCIAL_METRICS GROUP BY date_trunc('day', created_at)",1.0501210710439701,104458,SUCCESS,
c68942a4-351d-4242-a651-a4312dc4ca10,2025-09-02T09:02:00,b92c2609-888c-471e-bf61-4363556df9d8,frank26,PROD_WH_MEDIUM,"SELECT DISTINCT column1, column2 FROM SYSTEM_EVENTS WHERE condition = 'value'",1.381395170643344,95980,SUCCESS,
f456ccc8-0cc7-42c1-855c-bb8b35e14acd,2025-09-02T09:10:00,5fb2a072-2bab-4b94-9109-9cbea70c5438,bryancuevas,PROD_WH_X-SMALL,"SELECT COUNT(*) FROM CUSTOMER_DATA GROUP BY date_trunc('day', created_at)",1.0510260263920674,770435,SUCCESS,
a1ddeac2-cfc1-4158-823a-f591942c1c1d,2025-09-02T09:10:00,b92c2609-888c-471e-bf61-4363556df9d8,frank26,DEV_WH_SMALL,"SELECT * FROM SYSTEM_EVENTS WHERE created_at >= dateadd('day', -7, current_date())",2.747918806344141,378833,SUCCESS,
0ed051a1-1535-4c47-8136-93a14b7b5f35,2025-09-02T09:10:00,4b7e389e-8c78-4e72-ab0b-774df43b399e,hardinjennifer,ETL_WH_SMALL,"SELECT * FROM SALES_TRANSACTIONS WHERE created_at >= dateadd('day', -7, current_date())",1.9622836485890698,37439,SUCCESS,
b1e8882c-5cdf-4d21-abea-b86e9796fd53,2025-09-02T09:10:00,3d8cc43f-0f00-40bd-b8b2-34ac61fc0360,rwilliams,PROD_WH_SMALL,"SELECT DISTINCT column1, column2 FROM EMPLOYEE_RECORDS WHERE condition = 'value'",4.3086798856217765,540588,SUCCESS,
f98e5bb8-eb0b-4e19-afea-5c60ba60063d,2025-09-02T09:10:00,cea2e75f-1ee1-4b1d-90f5-242f82a02bed,erickennedy,PROD_WH_LARGE,"SELECT COUNT(*) FROM MARKETING_CAMPAIGNS GROUP BY date_trunc('day', created_at)",4.146717285642706,612022,SUCCESS,
8c2fffb1-5030-400f-962a-a450aba63d8c,2025-09-02T09:10:00,ac5e7ada-2f2f-4292-a0e4-18083982547a,lliu,BI_WH_X-SMALL,SELECT * FROM EMPLOYEE_RECORDS LIMIT 1000,4.570773504710589,240040,SUCCESS,
9f27830c-4e5e-4768-8d1e-073d91ee2565,2025-09-02T09:10:00,f22aa1cf-fe8b-4e78-8492-b46e0f46ffda,brandtmisty,BI_WH_MEDIUM,"SELECT * FROM PRODUCT_INVENTORY WHERE created_at >= dateadd('day', -7, current_date())",1.2375306535492745,924554,SUCCESS,
31594a61-4751-4e95-9915-66ce09ce5346,2025-09-02T09:10:00,89e53854-09b7-4b59-8352-a231c51f8687,glarsen,PROD_WH_X-SMALL,SELECT * FROM SYSTEM_EVENTS LIMIT 1000,1.1331387945719946,406080,SUCCESS,
e4939fb4-1e86-402a-bae6-d423a8b52b88,2025-09-02T09:10:00,b92c2609-888c-471e-bf61-4363556df9d8,frank26,DEV_WH_X-SMALL,SELECT * FROM PRODUCT_INVENTORY LIMIT 1000,2.091407477131064,907690,SUCCESS,
9082ef17-4c82-41bc-a07e-0cdb100e31d3,2025-09-02T09:10:00,3d8cc43f-0f00-40bd-b8b2-34ac61fc0360,rwilliams,BI_WH_LARGE,"SELECT COUNT(*) FROM MARKETING_CAMPAIGNS GROUP BY date_trunc('day', created_at)",2.809176397350694,93542,SUCCESS,
dee282b3-ca09-43c7-b260-3edadc1221dd,2025-09-02T09:19:00,859c34dd-4540-49a3-b26d-f82b1455d905,oatkinson,PROD_WH_X-SMALL,"SELECT COUNT(*) FROM SYSTEM_EVENTS GROUP BY date_trunc('day', created_at)",3.3141045659885715,958105,SUCCESS,
a0f647e3-a481-46c7-8e05-dbe334f68f19,2025-09-02T09:19:00,cea2e75f-1ee1-4b1d-90f5-242f82a02bed,erickennedy,DEV_WH_X-SMALL,"SELECT DISTINCT column1, column2 FROM FINANCIAL_METRICS WHERE condition = 'value'",1.048207261613014,217191,SUCCESS,
a39d3c63-70b7-42e2-9502-c9c399e2f166,2025-09-02T09:19:00,7cd584de-ca92-465c-8ea8-5f7ad356bee6,danasandoval,PROD_WH_X-SMALL,"SELECT COUNT(*) FROM PRODUCT_INVENTORY GROUP BY date_trunc('day', created_at)",4.122272901490371,849407,SUCCESS,
2c662961-fa5a-4924-906a-f5dcfcc46521,2025-09-02T09:19:00,4b7e389e-8c78-4e72-ab0b-774df43b399e,hardinjennifer,DEV_WH_SMALL,"SELECT DISTINCT column1, column2 FROM CUSTOMER_DATA WHERE condition = 'value'",3.3752263901524824,682980,SUCCESS,
a15b0d95-aab1-49cc-9c64-5f565b1c10ee,2025-09-02T09:19:00,7cd584de-ca92-465c-8ea8-5f7ad356bee6,danasandoval,PROD_WH_SMALL,SELECT * FROM SALES_TRANSACTIONS LIMIT 1000,2.770452888709106,13763,SUCCESS,
4f04cff0-3ca9-421c-aa32-3faf37fafb4a,2025-09-02T09:19:00,f0c2cfac-cf3b-4053-9e79-a6a4c6bbd187,garciaalison,DEV_WH_MEDIUM,"SELECT * FROM MARKETING_CAMPAIGNS WHERE created_at >= dateadd('day', -7, current_date())",4.455991411122345,463293,SUCCESS,
7cace727-8d26-45f6-af83-4a6a58278b30,2025-09-02T09:19:00,4b7e389e-8c78-4e72-ab0b-774df43b399e,hardinjennifer,PROD_WH_MEDIUM,"SELECT COUNT(*) FROM MARKETING_CAMPAIGNS GROUP BY date_trunc('day', created_at)",2.510116352302445,695225,SUCCESS,
2abd3770-1e2d-456f-a6e9-8497d1564f90,2025-09-02T09:19:00,859c34dd-4540-49a3-b26d-f82b1455d905,oatkinson,ETL_WH_SMALL,"SELECT * FROM PRODUCT_INVENTORY WHERE created_at >= dateadd('day', -7, current_date())",0.7849030308432114,709445,SUCCESS,
915e1591-4aad-4a2f-a362-d01264b4475e,2025-09-02T09:19:00,859c34dd-4540-49a3-b26d-f82b1455d905,oatkinson,ETL_WH_X-SMALL,"SELECT * FROM SALES_TRANSACTIONS WHERE created_at >= dateadd('day', -7, current_date())",0.2231250658092192,811443,SUCCESS,
b4ed8726-20be-48e9-9fb3-315808c79d42,2025-09-02T09:19:00,7cd584de-ca92-465c-8ea8-5f7ad356bee6,danasandoval,DEV_WH_X-SMALL,SELECT * FROM USER_ACTIVITY_LOGS LIMIT 1000,1.4643533695005937,255113,SUCCESS,
ace016d3-a975-4ec1-9877-ac9b17c905e4,2025-09-02T09:29:00,cea2e75f-1ee1-4b1d-90f5-242f82a02bed,erickennedy,DEV_WH_X-SMALL,SELECT * FROM SYSTEM_EVENTS LIMIT 1000,2.1714909872864823,230834,SUCCESS,
046732bc-7e02-42b5-8cba-f4bace8a01a6,2025-09-02T09:29:00,4663d48b-596a-4f39-b714-8d69ac9a7d2a,robert93,DEV_WH_SMALL,"SELECT COUNT(*) FROM EMPLOYEE_RECORDS GROUP BY date_trunc('day', created_at)",4.6153586335298105,680322,SUCCESS,
d027c6e5-3a53-4094-8b5e-2ab337cb84e1,2025-09-02T09:29:00,4b7e389e-8c78-4e72-ab0b-774df43b399e,hardinjennifer,PROD_WH_X-SMALL,"SELECT DISTINCT column1, column2 FROM CUSTOMER_DATA WHERE condition = 'value'",4.49716057979853,73151,SUCCESS,
7fd52f54-4731-4353-b061-214f06b6b966,2025-09-02T09:29:00,89e53854-09b7-4b59-8352-a231c51f8687,glarsen,DEV_WH_MEDIUM,"SELECT COUNT(*) FROM EMPLOYEE_RECORDS GROUP BY date_trunc('day', created_at)",4.8392983803710505,395033,SUCCESS,
d8977e6c-a3e3-4dca-9376-e09656516f8c,2025-09-02T09:29:00,da0f0f7a-8d2c-4ca9-b82e-cda33fba6610,rachel35,PROD_WH_LARGE,SELECT * FROM SYSTEM_EVENTS LIMIT 1000,2.8921189626325647,50167,SUCCESS,
033db806-b450-411c-8e1b-5659a6d6f3d0,2025-09-02T09:29:00,a3a85592-9f3f-4845-87b8-dd199fcdc3cc,gmoreno,PROD_WH_MEDIUM,"SELECT COUNT(*) FROM EMPLOYEE_RECORDS GROUP BY date_trunc('day', created_at)",1.8015694609816417,276171,SUCCESS,
ba40fd0a-8b3d-405a-a4f5-3ce9932b565e,2025-09-02T09:29:00,ac5e7ada-2f2f-4292-a0e4-18083982547a,lliu,DEV_WH_X-SMALL,SELECT * FROM CUSTOMER_DATA LIMIT 1000,1.3809060492635832,586556,SUCCESS,
d426df5b-3e59-4ffa-916b-ee0a47e0bf46,2025-09-02T09:29:00,ac5e7ada-2f2f-4292-a0e4-18083982547a,lliu,BI_WH_LARGE,"SELECT COUNT(*) FROM PRODUCT_INVENTORY GROUP BY date_trunc('day', created_at)",4.169215181867184,836411,SUCCESS,
9f2b576e-d711-4ab6-bd9e-ad536a57e81c,2025-09-02T09:29:00,57eba2d7-a4fe-48aa-aa7b-ad0e6f1296b7,jose46,PROD_WH_LARGE,"SELECT DISTINCT column1, column2 FROM SYSTEM_EVENTS WHERE condition = 'value'",3.0113548902960403,208675,SUCCESS,
1cfdcebc-629c-4cc9-a29f-c394f830df3b,2025-09-02T09:29:00,4bc8b8f2-4d6e-4d5e-8d40-a7b6b3d6bb03,amandamitchell,BI_WH_X-SMALL,"SELECT * FROM FINANCIAL_METRICS WHERE created_at >= dateadd('day', -7, current_date())",2.1337457865351386,100072,SUCCESS,
cb57af27-f1bd-4768-b6c3-698f30a1636f,2025-09-02T09:34:00,00f99f6f-5fcc-490a-84f9-6b24911c0b2e,emilyhamilton,ETL_WH_X-SMALL,"SELECT * FROM CUSTOMER_DATA WHERE created_at >= dateadd('day', -7, current_date())",0.3295192527387788,619731,SUCCESS,
ba8ed72a-a3db-41d3-a11b-1e0789e67b89,2025-09-02T09:34:00,9a7a68c7-1b0c-4669-859f-6d352b1e386f,andrew16,PROD_WH_MEDIUM,"SELECT DISTINCT column1, column2 FROM SYSTEM_EVENTS WHERE condition = 'value'",0.5969894881233766,315245,SUCCESS,
f70277ab-9e9b-4281-aa73-bc922386aba8,2025-09-02T09:34:00,f22aa1cf-fe8b-4e78-8492-b46e0f46ffda,brandtmisty,PROD_WH_LARGE,"SELECT DISTINCT column1, column2 FROM PRODUCT_INVENTORY WHERE condition = 'value'",3.5785194115059746,351259,SUCCESS,
6885baa4-7fb6-456c-abd1-7994eb42c20b,2025-09-02T09:34:00,4b7e389e-8c78-4e72-ab0b-774df43b399e,hardinjennifer,DEV_WH_SMALL,"SELECT * FROM USER_ACTIVITY_LOGS WHERE created_at >= dateadd('day', -7, current_date())",1.625010376178738,28819,SUCCESS,
d8585778-4bd7-43ac-87e7-757872865943,2025-09-02T09:34:00,4663d48b-596a-4f39-b714-8d69ac9a7d2a,robert93,DEV_WH_X-SMALL,"SELECT * FROM FINANCIAL_METRICS WHERE created_at >= dateadd('day', -7, current_date())",3.4118402407616437,613732,SUCCESS,
60654133-fa42-4258-96af-7281c2fd4ec7,2025-09-02T09:34:00,4663d48b-596a-4f39-b714-8d69ac9a7d2a,robert93,ETL_WH_X-SMALL,"SELECT * FROM CUSTOMER_DATA WHERE created_at >= dateadd('day', -7, current_date())",2.7851325050794444,652566,SUCCESS,
0e36d516-1695-4d0e-9c64-2e0aa9359ada,2025-09-02T09:34:00,00f99f6f-5fcc-490a-84f9-6b24911c0b2e,emilyhamilton,ETL_WH_MEDIUM,"SELECT * FROM SALES_TRANSACTIONS WHERE created_at >= dateadd('day', -7, current_date())",4.4877795058041325,63774,SUCCESS,
2a13348d-b77f-4344-b5c2-e6aa179ec990,2025-09-02T09:34:00,7cd584de-ca92-465c-8ea8-5f7ad356bee6,danasandoval,DEV_WH_X-SMALL,SELECT * FROM FINANCIAL_METRICS LIMIT 1000,1.5507944432376584,842797,SUCCESS,
29aa01e9-cfde-4eb6-8fb4-142f58d43cd5,2025-09-02T09:34:00,ac5e7ada-2f2f-4292-a0e4-18083982547a,lliu,DEV_WH_SMALL,SELECT * FROM FINANCIAL_METRICS LIMIT 1000,2.276834990156958,603336,SUCCESS,
40b1084f-7ca7-4858-834e-5fc191dd6de5,2025-09-02T09:34:00,4663d48b-596a-4f39-b714-8d69ac9a7d2a,robert93,BI_WH_X-SMALL,"SELECT COUNT(*) FROM SYSTEM_EVENTS GROUP BY date_trunc('day', created_at)",1.5685598368599478,789127,SUCCESS,
15c1d840-7ba1-4d74-bb63-9654ad618460,2025-09-02T09:46:00,4663d48b-596a-4f39-b714-8d69ac9a7d2a,robert93,BI_WH_LARGE,"SELECT * FROM SALES_TRANSACTIONS WHERE created_at >= dateadd('day', -7, current_date())",0.7199769064885848,484831,SUCCESS,
2a38df65-c717-4118-b6c9-5c066dfddff9,2025-09-02T09:46:00,9a7a68c7-1b0c-4669-859f-6d352b1e386f,andrew16,DEV_WH_MEDIUM,"SELECT COUNT(*) FROM CUSTOMER_DATA GROUP BY date_trunc('day', created_at)",2.5570331185683117,405558,SUCCESS,
1dff03e6-e84e-4fd7-a785-7e2e5e187516,2025-09-02T09:46:00,f22aa1cf-fe8b-4e78-8492-b46e0f46ffda,brandtmisty,DEV_WH_MEDIUM,SELECT * FROM SALES_TRANSACTIONS LIMIT 1000,3.8175824652209975,418277,SUCCESS,
a87046a7-7c6e-4f08-8ae2-d8467fcd15bc,2025-09-02T09:46:00,7cd584de-ca92-465c-8ea8-5f7ad356bee6,danasandoval,BI_WH_LARGE,"SELECT COUNT(*) FROM FINANCIAL_METRICS GROUP BY date_trunc('day', created_at)",3.8650188386861313,203293,SUCCESS,
71aef2a2-1aea-4f40-b7c7-ef3b172e7aec,2025-09-02T09:46:00,7cd584de-ca92-465c-8ea8-5f7ad356bee6,danasandoval,ETL_WH_LARGE,"SELECT COUNT(*) FROM EMPLOYEE_RECORDS GROUP BY date_trunc('day', created_at)",2.4854113661578134,55515,SUCCESS,
c7748c19-839d-4e3f-8fe5-97a41767c02c,2025-09-02T09:46:00,cea2e75f-1ee1-4b1d-90f5-242f82a02bed,erickennedy,ETL_WH_X-SMALL,"SELECT COUNT(*) FROM MARKETING_CAMPAIGNS GROUP BY date_trunc('day', created_at)",3.6980350203713,46515,SUCCESS,
b0c56160-25db-43e9-874e-a85d103da9b2,2025-09-02T09:46:00,4b7e389e-8c78-4e72-ab0b-774df43b399e,hardinjennifer,DEV_WH_MEDIUM,"SELECT DISTINCT column1, column2 FROM SALES_TRANSACTIONS WHERE condition = 'value'",1.1804772808316095,442159,SUCCESS,
5424f98d-61a2-4035-8c5d-5d910844c855,2025-09-02T09:46:00,859c34dd-4540-49a3-b26d-f82b1455d905,oatkinson,DEV_WH_SMALL,"SELECT COUNT(*) FROM CUSTOMER_DATA GROUP BY date_trunc('day', created_at)",3.2074026935399265,928529,SUCCESS,
ca85ac34-f103-4806-b327-2bb1c820da51,2025-09-02T09:46:00,f22aa1cf-fe8b-4e78-8492-b46e0f46ffda,brandtmisty,ETL_WH_LARGE,"SELECT DISTINCT column1, column2 FROM CUSTOMER_DATA WHERE condition = 'value'",1.1673350275438314,723041,SUCCESS,
7fa517b3-cfa4-4ae6-a7cb-dbd4fe09e918,2025-09-02T09:46:00,f0c2cfac-cf3b-4053-9e79-a6a4c6bbd187,garciaalison,DEV_WH_X-SMALL,SELECT * FROM EMPLOYEE_RECORDS LIMIT 1000,0.6726913243926681,616706,SUCCESS,
b5744451-b52b-401d-999e-8249cbec1ddb,2025-09-02T09:53:00,9a7a68c7-1b0c-4669-859f-6d352b1e386f,andrew16,DEV_WH_MEDIUM,"SELECT DISTINCT column1, column2 FROM EMPLOYEE_RECORDS WHERE condition = 'value'",4.07196968514068,896507,SUCCESS,
771f1b5a-9085-4510-8755-7df02992ecc8,2025-09-02T09:53:00,00f99f6f-5fcc-490a-84f9-6b24911c0b2e,emilyhamilton,ETL_WH_LARGE,SELECT * FROM MARKETING_CAMPAIGNS LIMIT 1000,1.8576174310022457,374470,SUCCESS,
30284252-5328-404c-ac9e-f3032cc7c678,2025-09-02T09:53:00,82e7a6a3-1f49-4f5a-8a2a-96e5a654a185,codyoconnor,BI_WH_X-SMALL,"SELECT * FROM FINANCIAL_METRICS WHERE created_at >= dateadd('day', -7, current_date())",3.4777644923869158,740879,SUCCESS,
83728cf8-89f2-476e-b3d1-a495fceace39,2025-09-02T09:53:00,b92c2609-888c-471e-bf61-4363556df9d8,frank26,DEV_WH_X-SMALL,"SELECT DISTINCT column1, column2 FROM FINANCIAL_METRICS WHERE condition = 'value'",0.4740095949072781,907047,SUCCESS,
83e74516-708f-49f5-9381-ff11055c05ca,2025-09-02T09:53:00,859c34dd-4540-49a3-b26d-f82b1455d905,oatkinson,DEV_WH_LARGE,SELECT * FROM FINANCIAL_METRICS LIMIT 1000,1.8536221709060239,193253,SUCCESS,
5927e6ea-407d-44f0-8f22-58fda0908e44,2025-09-02T09:53:00,57eba2d7-a4fe-48aa-aa7b-ad0e6f1296b7,jose46,ETL_WH_LARGE,"SELECT * FROM FINANCIAL_METRICS WHERE created_at >= dateadd('day', -7, current_date())",1.966861325059085,213711,SUCCESS,
88dafec9-1e36-4145-9e33-aec1bc4afe52,2025-09-02T09:53:00,a3a85592-9f3f-4845-87b8-dd199fcdc3cc,gmoreno,DEV_WH_X-SMALL,SELECT * FROM SYSTEM_EVENTS LIMIT 1000,0.7029219479521227,926904,SUCCESS,
6949208b-0825-4e39-8dbc-1e5f0b142b8e,2025-09-02T09:53:00,f22aa1cf-fe8b-4e78-8492-b46e0f46ffda,brandtmisty,ETL_WH_X-SMALL,"SELECT * FROM SALES_TRANSACTIONS WHERE created_at >= dateadd('day', -7, current_date())",3.7578878027535305,658861,SUCCESS,
1b106cdf-e6c6-4274-a93e-86322ee997cb,2025-09-02T09:53:00,4663d48b-596a-4f39-b714-8d69ac9a7d2a,robert93,PROD_WH_LARGE,SELECT * FROM EMPLOYEE_RECORDS LIMIT 1000,1.0545954898340864,185058,SUCCESS,
e3504ee4-20f4-4aac-a510-6f8ccf7dec84,2025-09-02T09:53:00,4663d48b-596a-4f39-b714-8d69ac9a7d2a,robert93,PROD_WH_SMALL,SELECT * FROM USER_ACTIVITY_LOGS LIMIT 1000,4.913333616290891,918526,SUCCESS,
737f2d50-e908-4110-869b-2af16a704d20,2025-09-02T10:02:00,f0c2cfac-cf3b-4053-9e79-a6a4c6bbd187,garciaalison,ETL_WH_LARGE,"SELECT DISTINCT column1, column2 FROM CUSTOMER_DATA WHERE condition = 'value'",4.405409863853851,499297,SUCCESS,
8c83adba-bd5b-4c1a-9a60-4bc23e094ddb,2025-09-02T10:02:00,cea2e75f-1ee1-4b1d-90f5-242f82a02bed,erickennedy,PROD_WH_LARGE,SELECT * FROM SYSTEM_EVENTS LIMIT 1000,1.4498033180244563,789252,SUCCESS,
1d2199dc-1b2f-4f1f-99e0-a64b07a2b22c,2025-09-02T10:02:00,3d8cc43f-0f00-40bd-b8b2-34ac61fc0360,rwilliams,PROD_WH_X-SMALL,"SELECT COUNT(*) FROM SALES_TRANSACTIONS GROUP BY date_trunc('day', created_at)",3.511047054721711,99922,SUCCESS,
f18725bd-d4f6-4782-a89a-7a25f8009a12,2025-09-02T10:02:00,da0f0f7a-8d2c-4ca9-b82e-cda33fba6610,rachel35,DEV_WH_SMALL,"SELECT DISTINCT column1, column2 FROM SALES_TRANSACTIONS WHERE condition = 'value'",1.9972621257606358,150321,SUCCESS,
e9316dc6-90aa-4402-9d84-a142d4740971,2025-09-02T10:02:00,f22aa1cf-fe8b-4e78-8492-b46e0f46ffda,brandtmisty,DEV_WH_SMALL,"SELECT COUNT(*) FROM PRODUCT_INVENTORY GROUP BY date_trunc('day', created_at)",0.1515284579834408,286967,SUCCESS,
3ae33217-4ab0-4d32-b107-8e6570de77cb,2025-09-02T10:02:00,879c852e-e8e8-45c3-9ead-5fa56c9ecfbc,egarcia,ETL_WH_SMALL,SELECT * FROM USER_ACTIVITY_LOGS LIMIT 1000,1.1938871634589692,207496,SUCCESS,
5249f46c-6518-4888-8dd9-a0bd5d497a41,2025-09-02T10:02:00,f0c2cfac-cf3b-4053-9e79-a6a4c6bbd187,garciaalison,PROD_WH_LARGE,SELECT * FROM PRODUCT_INVENTORY LIMIT 1000,1.1823654263997823,450473,SUCCESS,
76072f72-a758-48cb-9256-94fc0419a173,2025-09-02T10:02:00,f22aa1cf-fe8b-4e78-8492-b46e0f46ffda,brandtmisty,DEV_WH_SMALL,"SELECT COUNT(*) FROM PRODUCT_INVENTORY GROUP BY date_trunc('day', created_at)",0.4769400526202594,280577,SUCCESS,
67813bca-e0e5-43bc-84cd-1818ec46c7a7,2025-09-02T10:02:00,7cd584de-ca92-465c-8ea8-5f7ad356bee6,danasandoval,DEV_WH_SMALL,"SELECT * FROM MARKETING_CAMPAIGNS WHERE created_at >= dateadd('day', -7, current_date())",1.9911053461412997,660403,SUCCESS,
6af109dc-57f8-4ce7-a032-9035438b6f9e,2025-09-02T10:02:00,859c34dd-4540-49a3-b26d-f82b1455d905,oatkinson,PROD_WH_MEDIUM,"SELECT COUNT(*) FROM CUSTOMER_DATA GROUP BY date_trunc('day', created_at)",1.1671343892615231,478352,SUCCESS,
114768e8-6b22-4376-984b-aa0e0b4fd9af,2025-09-02T10:16:00,b92c2609-888c-471e-bf61-4363556df9d8,frank26,BI_WH_X-SMALL,"SELECT COUNT(*) FROM SALES_TRANSACTIONS GROUP BY date_trunc('day', created_at)",0.3011170798497784,203277,SUCCESS,
39f920bf-8403-4241-a15b-e288606c18b3,2025-09-02T10:16:00,7cd584de-ca92-465c-8ea8-5f7ad356bee6,danasandoval,ETL_WH_SMALL,"SELECT DISTINCT column1, column2 FROM CUSTOMER_DATA WHERE condition = 'value'",0.3436603124689429,396361,SUCCESS,
09bb9460-56fb-4a61-94c0-1d873eeddb87,2025-09-02T10:16:00,4b7e389e-8c78-4e72-ab0b-774df43b399e,hardinjennifer,PROD_WH_X-SMALL,"SELECT * FROM FINANCIAL_METRICS WHERE created_at >= dateadd('day', -7, current_date())",4.507393415230452,945766,SUCCESS,
293b52d0-ffe8-428c-897b-0f84061e26b9,2025-09-02T10:16:00,4b7e389e-8c78-4e72-ab0b-774df43b399e,hardinjennifer,PROD_WH_X-SMALL,"SELECT * FROM MARKETING_CAMPAIGNS WHERE created_at >= dateadd('day', -7, current_date())",2.1728408394882743,269696,SUCCESS,
d0426a2e-5f49-40d3-9c60-f4c65942d33d,2025-09-02T10:16:00,b92c2609-888c-471e-bf61-4363556df9d8,frank26,BI_WH_LARGE,"SELECT * FROM USER_ACTIVITY_LOGS WHERE created_at >= dateadd('day', -7, current_date())",2.8989214008591078,284077,SUCCESS,
e722f966-89ad-428a-a92b-c7d0bc544d5a,2025-09-02T10:16:00,a3a85592-9f3f-4845-87b8-dd199fcdc3cc,gmoreno,PROD_WH_LARGE,"SELECT COUNT(*) FROM EMPLOYEE_RECORDS GROUP BY date_trunc('day', created_at)",4.365561178659072,937488,SUCCESS,
947272f0-04d3-460d-95b3-e420bc5e7fb1,2025-09-02T10:16:00,89e53854-09b7-4b59-8352-a231c51f8687,glarsen,DEV_WH_X-SMALL,"SELECT DISTINCT column1, column2 FROM CUSTOMER_DATA WHERE condition = 'value'",3.753195884301483,690460,SUCCESS,
6ac4531d-78a4-417f-bb36-5efb7d0deec6,2025-09-02T10:16:00,7cd584de-ca92-465c-8ea8-5f7ad356bee6,danasandoval,BI_WH_LARGE,"SELECT * FROM PRODUCT_INVENTORY WHERE created_at >= dateadd('day', -7, current_date())",4.701267358654832,945277,SUCCESS,
5bcbc0ad-1dc2-4cfc-9ec4-cdba20cc954f,2025-09-02T10:16:00,b92c2609-888c-471e-bf61-4363556df9d8,frank26,ETL_WH_LARGE,"SELECT * FROM PRODUCT_INVENTORY WHERE created_at >= dateadd('day', -7, current_date())",4.555004039646916,663688,SUCCESS,
d2a2048a-6c15-45d1-a115-0dee603d15a1,2025-09-02T10:16:00,a3a85592-9f3f-4845-87b8-dd199fcdc3cc,gmoreno,BI_WH_SMALL,"SELECT DISTINCT column1, column2 FROM SYSTEM_EVENTS WHERE condition = 'value'",4.326496942191396,50445,SUCCESS,
4e667198-8fc3-47b2-bddb-03291faa4012,2025-09-02T10:31:00,f22aa1cf-fe8b-4e78-8492-b46e0f46ffda,brandtmisty,ETL_WH_SMALL,"SELECT COUNT(*) FROM PRODUCT_INVENTORY GROUP BY date_trunc('day', created_at)",3.449108420539173,408322,SUCCESS,
566a3bd1-5815-4346-bbc1-bc0a8d124e3b,2025-09-02T10:31:00,859c34dd-4540-49a3-b26d-f82b1455d905,oatkinson,DEV_WH_SMALL,SELECT * FROM EMPLOYEE_RECORDS LIMIT 1000,0.6809862199267551,25561,SUCCESS,
55389269-4277-40b0-85fd-6504d089e8b3,2025-09-02T10:31:00,4663d48b-596a-4f39-b714-8d69ac9a7d2a,robert93,DEV_WH_LARGE,"SELECT COUNT(*) FROM SYSTEM_EVENTS GROUP BY date_trunc('day', created_at)",4.5019399820619155,122579,SUCCESS,
9fadfecd-1b66-4d5b-8df0-0e2c2af56066,2025-09-02T10:31:00,89e53854-09b7-4b59-8352-a231c51f8687,glarsen,BI_WH_MEDIUM,"SELECT * FROM SALES_TRANSACTIONS WHERE created_at >= dateadd('day', -7, current_date())",2.1058747710919716,290606,SUCCESS,
46cbf72f-fa01-4616-ac2a-c9949550119c,2025-09-02T10:31:00,82e7a6a3-1f49-4f5a-8a2a-96e5a654a185,codyoconnor,ETL_WH_SMALL,"SELECT DISTINCT column1, column2 FROM EMPLOYEE_RECORDS WHERE condition = 'value'",1.1435085177589157,102688,SUCCESS,
c9147b57-983d-4fb8-952b-50014c1ae465,2025-09-02T10:31:00,4bc8b8f2-4d6e-4d5e-8d40-a7b6b3d6bb03,amandamitchell,BI_WH_MEDIUM,"SELECT DISTINCT column1, column2 FROM SALES_TRANSACTIONS WHERE condition = 'value'",0.14277135923965714,762580,SUCCESS,
7137d732-6189-4bad-9f69-99c027105b28,2025-09-02T10:31:00,da0f0f7a-8d2c-4ca9-b82e-cda33fba6610,rachel35,BI_WH_SMALL,"SELECT COUNT(*) FROM PRODUCT_INVENTORY GROUP BY date_trunc('day', created_at)",0.5501149138020334,929046,SUCCESS,
28e8e536-e33f-4bb7-b704-9ff299795c6f,2025-09-02T10:31:00,a3a85592-9f3f-4845-87b8-dd199fcdc3cc,gmoreno,PROD_WH_X-SMALL,SELECT * FROM USER_ACTIVITY_LOGS LIMIT 1000,4.603407341704063,292836,SUCCESS,
afb3057b-6afc-4e6e-8c6f-4d9bc99e3ba0,2025-09-02T10:31:00,879c852e-e8e8-45c3-9ead-5fa56c9ecfbc,egarcia,DEV_WH_X-SMALL,"SELECT COUNT(*) FROM CUSTOMER_DATA GROUP BY date_trunc('day', created_at)",4.198351615776976,191219,SUCCESS,
d376d09c-3a60-47fd-a7c2-1736e740f8c6,2025-09-02T10:31:00,57eba2d7-a4fe-48aa-aa7b-ad0e6f1296b7,jose46,PROD_WH_SMALL,"SELECT * FROM MARKETING_CAMPAIGNS WHERE created_at >= dateadd('day', -7, current_date())",3.1504542793988746,408330,SUCCESS,
22a6a326-12eb-489d-86c3-877343b15079,2025-09-02T10:42:00,a3a85592-9f3f-4845-87b8-dd199fcdc3cc,gmoreno,BI_WH_LARGE,"SELECT DISTINCT column1, column2 FROM SALES_TRANSACTIONS WHERE condition = 'value'",1.702423519361743,216672,SUCCESS,
cdf21eaa-ca6e-4565-afe7-dd3f684dcd53,2025-09-02T10:42:00,4bc8b8f2-4d6e-4d5e-8d40-a7b6b3d6bb03,amandamitchell,PROD_WH_SMALL,"SELECT * FROM USER_ACTIVITY_LOGS WHERE created_at >= dateadd('day', -7, current_date())",4.246180002880577,151759,SUCCESS,
7de54589-b53c-44cf-ab0d-72b8726cb025,2025-09-02T10:42:00,ac5e7ada-2f2f-4292-a0e4-18083982547a,lliu,PROD_WH_SMALL,"SELECT COUNT(*) FROM FINANCIAL_METRICS GROUP BY date_trunc('day', created_at)",0.44321515001687806,515811,SUCCESS,
8f00b658-72d1-461c-a19a-629cdcc3c47a,2025-09-02T10:42:00,ac5e7ada-2f2f-4292-a0e4-18083982547a,lliu,DEV_WH_LARGE,SELECT * FROM CUSTOMER_DATA LIMIT 1000,2.636199520394919,543340,SUCCESS,
257ac572-4a69-4b3e-b1d1-edc2575dae08,2025-09-02T10:42:00,9a7a68c7-1b0c-4669-859f-6d352b1e386f,andrew16,PROD_WH_SMALL,"SELECT DISTINCT column1, column2 FROM SALES_TRANSACTIONS WHERE condition = 'value'",1.9178549187312262,268621,SUCCESS,
df11e15b-71ec-49a0-b94a-5eed5d6d3836,2025-09-02T10:42:00,f0c2cfac-cf3b-4053-9e79-a6a4c6bbd187,garciaalison,DEV_WH_LARGE,"SELECT * FROM SYSTEM_EVENTS WHERE created_at >= dateadd('day', -7, current_date())",4.411363297718788,472562,SUCCESS,
6054e3b5-bf57-4015-bc31-26f32af0c438,2025-09-02T10:42:00,4bc8b8f2-4d6e-4d5e-8d40-a7b6b3d6bb03,amandamitchell,BI_WH_MEDIUM,"SELECT DISTINCT column1, column2 FROM FINANCIAL_METRICS WHERE condition = 'value'",4.004041625166256,732695,SUCCESS,
c0d31ced-eaf7-43d1-aaca-91d00af90046,2025-09-02T10:42:00,00f99f6f-5fcc-490a-84f9-6b24911c0b2e,emilyhamilton,BI_WH_LARGE,"SELECT COUNT(*) FROM PRODUCT_INVENTORY GROUP BY date_trunc('day', created_at)",3.7673974237089323,940899,SUCCESS,
97ecce0f-fe99-4720-9dee-98e932031b90,2025-09-02T10:42:00,9a7a68c7-1b0c-4669-859f-6d352b1e386f,andrew16,ETL_WH_LARGE,"SELECT * FROM SALES_TRANSACTIONS WHERE created_at >= dateadd('day', -7, current_date())",4.291664032309894,937085,SUCCESS,
ca08450b-acab-4f6b-9152-10b40aa1ca15,2025-09-02T10:42:00,57eba2d7-a4fe-48aa-aa7b-ad0e6f1296b7,jose46,ETL_WH_X-SMALL,SELECT * FROM CUSTOMER_DATA LIMIT 1000,1.0629879938541802,694423,SUCCESS,
845d7b97-7ce6-4162-9a4d-ec61cdfef5cb,2025-09-02T10:50:00,b92c2609-888c-471e-bf61-4363556df9d8,frank26,ETL_WH_LARGE,"SELECT COUNT(*) FROM FINANCIAL_METRICS GROUP BY date_trunc('day', created_at)",2.008255787381591,85896,SUCCESS,
17253e68-a643-4306-b315-4720896b9de3,2025-09-02T10:50:00,ac5e7ada-2f2f-4292-a0e4-18083982547a,lliu,DEV_WH_SMALL,"SELECT DISTINCT column1, column2 FROM SALES_TRANSACTIONS WHERE condition = 'value'",1.6386135084961808,774242,SUCCESS,
86dc112c-b131-4889-9d42-ef48f6af335a,2025-09-02T10:50:00,4b7e389e-8c78-4e72-ab0b-774df43b399e,hardinjennifer,ETL_WH_X-SMALL,SELECT * FROM PRODUCT_INVENTORY LIMIT 1000,2.1486939852730114,833144,SUCCESS,
b748433d-5449-431c-8b42-6ba75695a6d4,2025-09-02T10:50:00,da0f0f7a-8d2c-4ca9-b82e-cda33fba6610,rachel35,DEV_WH_MEDIUM,"SELECT COUNT(*) FROM SYSTEM_EVENTS GROUP BY date_trunc('day', created_at)",4.767121668113441,527753,SUCCESS,
a045b4d7-6c82-4af8-a991-4889d08a30db,2025-09-02T10:50:00,82e7a6a3-1f49-4f5a-8a2a-96e5a654a185,codyoconnor,ETL_WH_MEDIUM,"SELECT DISTINCT column1, column2 FROM SYSTEM_EVENTS WHERE condition = 'value'",4.337888848101801,330743,SUCCESS,
e6813be7-1566-4651-9bde-b9c30cc68c78,2025-09-02T10:50:00,da0f0f7a-8d2c-4ca9-b82e-cda33fba6610,rachel35,DEV_WH_SMALL,"SELECT * FROM CUSTOMER_DATA WHERE created_at >= dateadd('day', -7, current_date())",4.627915657333002,233636,SUCCESS,
ceae62cc-201f-422b-a1a2-4cf728340a29,2025-09-02T10:50:00,4b7e389e-8c78-4e72-ab0b-774df43b399e,hardinjennifer,PROD_WH_SMALL,"SELECT COUNT(*) FROM FINANCIAL_METRICS GROUP BY date_trunc('day', created_at)",3.008270737238473,613083,SUCCESS,
0a6c918d-6550-47f3-9bee-0c7d9b7da2bf,2025-09-02T10:50:00,859c34dd-4540-49a3-b26d-f82b1455d905,oatkinson,PROD_WH_SMALL,SELECT * FROM SALES_TRANSACTIONS LIMIT 1000,3.7705872756878103,135843,SUCCESS,
4cc62fca-d0ed-4a31-ab15-fd6be8ecc1ba,2025-09-02T10:50:00,4b7e389e-8c78-4e72-ab0b-774df43b399e,hardinjennifer,BI_WH_SMALL,SELECT * FROM MARKETING_CAMPAIGNS LIMIT 1000,1.74379118555285,591134,SUCCESS,
2f2d69ee-7112-4389-b104-c5fe6715e92f,2025-09-02T10:50:00,da0f0f7a-8d2c-4ca9-b82e-cda33fba6610,rachel35,DEV_WH_LARGE,"SELECT * FROM MARKETING_CAMPAIGNS WHERE created_at >= dateadd('day', -7, current_date())",3.5283970977654113,45976,SUCCESS,
2ecc03e7-6bbf-404a-8d5c-de8b21ff3d86,2025-09-02T10:59:00,5fb2a072-2bab-4b94-9109-9cbea70c5438,bryancuevas,ETL_WH_SMALL,"SELECT COUNT(*) FROM SYSTEM_EVENTS GROUP BY date_trunc('day', created_at)",0.3448715846549089,362063,SUCCESS,
3670027c-e7fa-473d-a5da-ab5f7d70bbb5,2025-09-02T10:59:00,4b7e389e-8c78-4e72-ab0b-774df43b399e,hardinjennifer,BI_WH_X-SMALL,"SELECT COUNT(*) FROM PRODUCT_INVENTORY GROUP BY date_trunc('day', created_at)",4.636446397962543,741325,SUCCESS,
3650a4f8-51f4-480f-a10a-ac2957b302e9,2025-09-02T10:59:00,f22aa1cf-fe8b-4e78-8492-b46e0f46ffda,brandtmisty,PROD_WH_MEDIUM,"SELECT * FROM PRODUCT_INVENTORY WHERE created_at >= dateadd('day', -7, current_date())",4.910928865908586,881819,SUCCESS,
3b1e6d63-6726-469c-8e4a-1cb450e17e34,2025-09-02T10:59:00,f22aa1cf-fe8b-4e78-8492-b46e0f46ffda,brandtmisty,BI_WH_MEDIUM,"SELECT * FROM FINANCIAL_METRICS WHERE created_at >= dateadd('day', -7, current_date())",0.5773626107132628,425008,SUCCESS,
6c551d98-5a56-4070-804f-dbda00c856ca,2025-09-02T10:59:00,57eba2d7-a4fe-48aa-aa7b-ad0e6f1296b7,jose46,DEV_WH_SMALL,"SELECT COUNT(*) FROM PRODUCT_INVENTORY GROUP BY date_trunc('day', created_at)",2.4705627255995886,933275,SUCCESS,
3488992c-7424-47c3-9a47-58b734fb8319,2025-09-02T10:59:00,879c852e-e8e8-45c3-9ead-5fa56c9ecfbc,egarcia,PROD_WH_LARGE,"SELECT DISTINCT column1, column2 FROM USER_ACTIVITY_LOGS WHERE condition = 'value'",2.0030543724631453,786922,SUCCESS,
ae2d2096-647a-4fd2-9193-b769491b1749,2025-09-02T10:59:00,00f99f6f-5fcc-490a-84f9-6b24911c0b2e,emilyhamilton,BI_WH_MEDIUM,SELECT * FROM CUSTOMER_DATA LIMIT 1000,4.801327121871778,81872,SUCCESS,
39d89422-15fe-44bf-8da5-7482f3cc0cdc,2025-09-02T10:59:00,f0c2cfac-cf3b-4053-9e79-a6a4c6bbd187,garciaalison,BI_WH_X-SMALL,SELECT * FROM MARKETING_CAMPAIGNS LIMIT 1000,0.5770960739366044,174284,SUCCESS,
ece878a2-65f9-4fdf-ad44-0fe33c2e3668,2025-09-02T10:59:00,4b7e389e-8c78-4e72-ab0b-774df43b399e,hardinjennifer,PROD_WH_LARGE,"SELECT DISTINCT column1, column2 FROM PRODUCT_INVENTORY WHERE condition = 'value'",0.5848943715709302,314038,SUCCESS,
8c1f26e8-bd79-4769-b28f-e9b6788f40a4,2025-09-02T10:59:00,5fb2a072-2bab-4b94-9109-9cbea70c5438,bryancuevas,BI_WH_X-SMALL,SELECT * FROM MARKETING_CAMPAIGNS LIMIT 1000,2.6473946783620748,907124,SUCCESS,
dedf4554-ef29-4343-b29d-3b67fa88a086,2025-09-02T11:07:00,7cd584de-ca92-465c-8ea8-5f7ad356bee6,danasandoval,ETL_WH_MEDIUM,"SELECT * FROM MARKETING_CAMPAIGNS WHERE created_at >= dateadd('day', -7, current_date())",0.9493098731229346,265605,SUCCESS,
211c3208-1fdc-437a-968d-e8b05fe0a348,2025-09-02T11:07:00,4663d48b-596a-4f39-b714-8d69ac9a7d2a,robert93,PROD_WH_SMALL,"SELECT * FROM FINANCIAL_METRICS WHERE created_at >= dateadd('day', -7, current_date())",2.762526276828248,730248,SUCCESS,
7490530d-b736-4163-8896-0a0f9fc11ed6,2025-09-02T11:07:00,859c34dd-4540-49a3-b26d-f82b1455d905,oatkinson,ETL_WH_SMALL,"SELECT DISTINCT column1, column2 FROM EMPLOYEE_RECORDS WHERE condition = 'value'",2.948580688001538,491901,SUCCESS,
47e8fc77-928d-45db-a935-86f8007bb888,2025-09-02T11:07:00,9a7a68c7-1b0c-4669-859f-6d352b1e386f,andrew16,DEV_WH_X-SMALL,"SELECT DISTINCT column1, column2 FROM USER_ACTIVITY_LOGS WHERE condition = 'value'",4.200334108820865,857857,SUCCESS,
4aa20a1d-4751-4d0a-a341-9863030ba20d,2025-09-02T11:07:00,f0c2cfac-cf3b-4053-9e79-a6a4c6bbd187,garciaalison,DEV_WH_LARGE,SELECT * FROM EMPLOYEE_RECORDS LIMIT 1000,0.53709725569714,302049,SUCCESS,
36f7b263-9744-467b-8476-47cc30b155be,2025-09-02T11:07:00,00f99f6f-5fcc-490a-84f9-6b24911c0b2e,emilyhamilton,DEV_WH_MEDIUM,"SELECT DISTINCT column1, column2 FROM SALES_TRANSACTIONS WHERE condition = 'value'",1.416667630398852,696889,SUCCESS,
c88430ce-82de-4ef2-b103-edbab0bccf9a,2025-09-02T11:07:00,a3a85592-9f3f-4845-87b8-dd199fcdc3cc,gmoreno,BI_WH_MEDIUM,"SELECT COUNT(*) FROM FINANCIAL_METRICS GROUP BY date_trunc('day', created_at)",4.5647441713593695,225790,SUCCESS,
5bc832e0-808d-40fd-ad4e-b352020f385b,2025-09-02T11:07:00,4b7e389e-8c78-4e72-ab0b-774df43b399e,hardinjennifer,DEV_WH_MEDIUM,SELECT * FROM USER_ACTIVITY_LOGS LIMIT 1000,3.780830769379268,308709,SUCCESS,
af2ad3fa-4893-4285-b2eb-34d2d921635f,2025-09-02T11:07:00,89e53854-09b7-4b59-8352-a231c51f8687,glarsen,DEV_WH_MEDIUM,"SELECT COUNT(*) FROM USER_ACTIVITY_LOGS GROUP BY date_trunc('day', created_at)",3.5209772297769217,731011,SUCCESS,
a22bddb7-c484-454c-ad50-f0d290e6094f,2025-09-02T11:07:00,da0f0f7a-8d2c-4ca9-b82e-cda33fba6610,rachel35,DEV_WH_LARGE,"SELECT COUNT(*) FROM MARKETING_CAMPAIGNS GROUP BY date_trunc('day', created_at)",4.171084164956796,303843,SUCCESS,
2117ceb3-0f79-427e-aad4-02b0bb9a9b74,2025-09-02T11:12:00,859c34dd-4540-49a3-b26d-f82b1455d905,oatkinson,ETL_WH_LARGE,SELECT * FROM MARKETING_CAMPAIGNS LIMIT 1000,4.676545436741989,14931,SUCCESS,
f1ea877f-3f86-40ca-aca1-12550eb77e59,2025-09-02T11:12:00,4663d48b-596a-4f39-b714-8d69ac9a7d2a,robert93,BI_WH_LARGE,"SELECT DISTINCT column1, column2 FROM SALES_TRANSACTIONS WHERE condition = 'value'",1.2870460595151854,411902,SUCCESS,
be67e00f-7169-4c5a-834f-440f493d0a6e,2025-09-02T11:12:00,89e53854-09b7-4b59-8352-a231c51f8687,glarsen,BI_WH_X-SMALL,SELECT * FROM CUSTOMER_DATA LIMIT 1000,3.4393040164183875,487510,SUCCESS,
8d26696a-9730-4d95-89cd-8c1c6016c77f,2025-09-02T11:12:00,4b7e389e-8c78-4e72-ab0b-774df43b399e,hardinjennifer,PROD_WH_LARGE,"SELECT * FROM MARKETING_CAMPAIGNS WHERE created_at >= dateadd('day', -7, current_date())",2.0503839778548234,807224,SUCCESS,
563c9bc0-0a01-4479-8985-33d5a2845643,2025-09-02T11:12:00,ac5e7ada-2f2f-4292-a0e4-18083982547a,lliu,ETL_WH_X-SMALL,"SELECT COUNT(*) FROM SALES_TRANSACTIONS GROUP BY date_trunc('day', created_at)",2.9334231891476943,879934,SUCCESS,
0624e3ae-1538-4c28-bfbc-0ea913d8a649,2025-09-02T11:12:00,f0c2cfac-cf3b-4053-9e79-a6a4c6bbd187,garciaalison,ETL_WH_MEDIUM,"SELECT COUNT(*) FROM PRODUCT_INVENTORY GROUP BY date_trunc('day', created_at)",1.5164612643065774,865032,SUCCESS,
f012c41b-4efd-4047-a9a4-117e01423b4c,2025-09-02T11:12:00,4663d48b-596a-4f39-b714-8d69ac9a7d2a,robert93,PROD_WH_MEDIUM,SELECT * FROM PRODUCT_INVENTORY LIMIT 1000,3.2664691234056433,222567,SUCCESS,
4e1f2182-e9f1-4dab-a00a-5f60132924e5,2025-09-02T11:12:00,7cd584de-ca92-465c-8ea8-5f7ad356bee6,danasandoval,ETL_WH_SMALL,"SELECT * FROM FINANCIAL_METRICS WHERE created_at >= dateadd('day', -7, current_date())",0.5204242511894978,732946,SUCCESS,
7de9be5d-2ce1-4c49-b43f-ebb3a8e6ceec,2025-09-02T11:12:00,879c852e-e8e8-45c3-9ead-5fa56c9ecfbc,egarcia,ETL_WH_LARGE,"SELECT * FROM USER_ACTIVITY_LOGS WHERE created_at >= dateadd('day', -7, current_date())",2.8875823262853464,407910,SUCCESS,
2b4597a2-bcdc-42ee-8f9c-f256d70be95f,2025-09-02T11:12:00,4b7e389e-8c78-4e72-ab0b-774df43b399e,hardinjennifer,DEV_WH_LARGE,SELECT * FROM PRODUCT_INVENTORY LIMIT 1000,2.091041048920161,732722,SUCCESS,
93055c7f-a574-4b98-9c3f-56daea0535e6,2025-09-02T11:21:00,3d8cc43f-0f00-40bd-b8b2-34ac61fc0360,rwilliams,BI_WH_MEDIUM,SELECT * FROM EMPLOYEE_RECORDS LIMIT 1000,0.3244312948797492,324318,SUCCESS,
f21c4f61-8222-49c0-95e5-93e4eefab1af,2025-09-02T11:21:00,9a7a68c7-1b0c-4669-859f-6d352b1e386f,andrew16,PROD_WH_LARGE,"SELECT DISTINCT column1, column2 FROM USER_ACTIVITY_LOGS WHERE condition = 'value'",4.878730994932552,458015,SUCCESS,
fa22d32a-a952-4542-865f-34b4ef349fda,2025-09-02T11:21:00,da0f0f7a-8d2c-4ca9-b82e-cda33fba6610,rachel35,BI_WH_MEDIUM,"SELECT COUNT(*) FROM MARKETING_CAMPAIGNS GROUP BY date_trunc('day', created_at)",2.5029565480324902,220985,SUCCESS,
7d9f4c2c-4c22-4448-baac-eb48719592f8,2025-09-02T11:21:00,00f99f6f-5fcc-490a-84f9-6b24911c0b2e,emilyhamilton,DEV_WH_SMALL,"SELECT DISTINCT column1, column2 FROM MARKETING_CAMPAIGNS WHERE condition = 'value'",1.3518980704952865,580614,SUCCESS,
b1e30349-f8eb-422e-8e4b-e68265d2819a,2025-09-02T11:21:00,4bc8b8f2-4d6e-4d5e-8d40-a7b6b3d6bb03,amandamitchell,PROD_WH_X-SMALL,"SELECT COUNT(*) FROM USER_ACTIVITY_LOGS GROUP BY date_trunc('day', created_at)",3.167799150418807,655944,SUCCESS,
968b0091-10b3-4693-a612-8a5025ccff07,2025-09-02T11:21:00,7cd584de-ca92-465c-8ea8-5f7ad356bee6,danasandoval,BI_WH_X-SMALL,"SELECT DISTINCT column1, column2 FROM EMPLOYEE_RECORDS WHERE condition = 'value'",3.169287335133265,712029,SUCCESS,
fbf81293-9235-4910-83d3-40a1955de6d1,2025-09-02T11:21:00,f0c2cfac-cf3b-4053-9e79-a6a4c6bbd187,garciaalison,DEV_WH_SMALL,"SELECT * FROM PRODUCT_INVENTORY WHERE created_at >= dateadd('day', -7, current_date())",2.4984473678358166,109641,SUCCESS,
532af27c-6fe9-4e29-ac17-ef5d7531b57e,2025-09-02T11:21:00,3d8cc43f-0f00-40bd-b8b2-34ac61fc0360,rwilliams,ETL_WH_X-SMALL,"SELECT COUNT(*) FROM CUSTOMER_DATA GROUP BY date_trunc('day', created_at)",2.339696710519798,834769,SUCCESS,
a5aa75f5-861c-4c3a-a26f-3355864e2466,2025-09-02T11:21:00,9a7a68c7-1b0c-4669-859f-6d352b1e386f,andrew16,PROD_WH_MEDIUM,SELECT * FROM EMPLOYEE_RECORDS LIMIT 1000,2.702327139424111,235197,SUCCESS,
eb6e36dd-0f92-480e-ae7e-2676b97b5a67,2025-09-02T11:21:00,f22aa1cf-fe8b-4e78-8492-b46e0f46ffda,brandtmisty,PROD_WH_X-SMALL,"SELECT * FROM SALES_TRANSACTIONS WHERE created_at >= dateadd('day', -7, current_date())",0.2907708138280939,55359,SUCCESS,
0f11a6fb-eb4f-4ae5-b45d-3edd1b4b8876,2025-09-02T11:27:00,cea2e75f-1ee1-4b1d-90f5-242f82a02bed,erickennedy,PROD_WH_X-SMALL,"SELECT COUNT(*) FROM PRODUCT_INVENTORY GROUP BY date_trunc('day', created_at)",4.726776912892494,615098,SUCCESS,
f32f5e09-5d22-48fd-aaa0-87a2b33d4bad,2025-09-02T11:27:00,3d8cc43f-0f00-40bd-b8b2-34ac61fc0360,rwilliams,DEV_WH_SMALL,"SELECT * FROM USER_ACTIVITY_LOGS WHERE created_at >= dateadd('day', -7, current_date())",4.024432828791935,788549,SUCCESS,
68ce7d23-fa20-4d28-b165-b57d68b64e4f,2025-09-02T11:27:00,82e7a6a3-1f49-4f5a-8a2a-96e5a654a185,codyoconnor,DEV_WH_LARGE,"SELECT COUNT(*) FROM CUSTOMER_DATA GROUP BY date_trunc('day', created_at)",4.715720206305148,472458,SUCCESS,
91890bdd-990e-4241-9528-f7d341ee78b9,2025-09-02T11:27:00,4663d48b-596a-4f39-b714-8d69ac9a7d2a,robert93,PROD_WH_LARGE,SELECT * FROM FINANCIAL_METRICS LIMIT 1000,4.480421036689761,642580,SUCCESS,
e1dc28de-7bb2-41cc-8d6b-afe96ebd3f09,2025-09-02T11:27:00,4663d48b-596a-4f39-b714-8d69ac9a7d2a,robert93,PROD_WH_SMALL,"SELECT * FROM USER_ACTIVITY_LOGS WHERE created_at >= dateadd('day', -7, current_date())",3.087389538001846,826891,SUCCESS,
b00ccca2-3404-455b-83c8-689225c0d63a,2025-09-02T11:27:00,82e7a6a3-1f49-4f5a-8a2a-96e5a654a185,codyoconnor,ETL_WH_X-SMALL,"SELECT * FROM USER_ACTIVITY_LOGS WHERE created_at >= dateadd('day', -7, current_date())",3.5097912573887973,458380,SUCCESS,
1c072598-25c0-4074-8551-76d3864d3ae7,2025-09-02T11:27:00,f22aa1cf-fe8b-4e78-8492-b46e0f46ffda,brandtmisty,DEV_WH_X-SMALL,"SELECT * FROM SYSTEM_EVENTS WHERE created_at >= dateadd('day', -7, current_date())",0.9268462367064928,598905,SUCCESS,
ab16a928-3b75-4902-ba36-31bed995ea10,2025-09-02T11:27:00,9a7a68c7-1b0c-4669-859f-6d352b1e386f,andrew16,PROD_WH_X-SMALL,SELECT * FROM PRODUCT_INVENTORY LIMIT 1000,0.4121306462862475,321838,SUCCESS,
c0ea6b41-900c-46b3-8e94-6f5203fa3941,2025-09-02T11:27:00,89e53854-09b7-4b59-8352-a231c51f8687,glarsen,PROD_WH_MEDIUM,"SELECT * FROM PRODUCT_INVENTORY WHERE created_at >= dateadd('day', -7, current_date())",0.11203297514062027,342507,SUCCESS,
b0c644ca-2bc2-4397-a150-82d4b3c0780b,2025-09-02T11:27:00,cea2e75f-1ee1-4b1d-90f5-242f82a02bed,erickennedy,DEV_WH_MEDIUM,SELECT * FROM SYSTEM_EVENTS LIMIT 1000,1.3256638772354683,817522,SUCCESS,
6f507f70-b53f-4419-9a0e-c74dd67383f4,2025-09-02T11:34:00,57eba2d7-a4fe-48aa-aa7b-ad0e6f1296b7,jose46,BI_WH_SMALL,"SELECT COUNT(*) FROM EMPLOYEE_RECORDS GROUP BY date_trunc('day', created_at)",0.9951175089674212,523437,SUCCESS,
e94e6f24-5a52-44dc-9ac5-e18ce6d09f90,2025-09-02T11:34:00,b92c2609-888c-471e-bf61-4363556df9d8,frank26,DEV_WH_SMALL,"SELECT COUNT(*) FROM CUSTOMER_DATA GROUP BY date_trunc('day', created_at)",1.298312702982488,45900,SUCCESS,
2e7b15ed-30ca-4793-ab52-165981ec91a3,2025-09-02T11:34:00,7cd584de-ca92-465c-8ea8-5f7ad356bee6,danasandoval,ETL_WH_MEDIUM,"SELECT COUNT(*) FROM EMPLOYEE_RECORDS GROUP BY date_trunc('day', created_at)",1.11499205926749,790252,SUCCESS,
525c51ec-5923-482a-8157-5defe4404b79,2025-09-02T11:34:00,a3a85592-9f3f-4845-87b8-dd199fcdc3cc,gmoreno,ETL_WH_MEDIUM,"SELECT COUNT(*) FROM USER_ACTIVITY_LOGS GROUP BY date_trunc('day', created_at)",0.9763786517628618,463809,SUCCESS,
b6c76daa-0ee4-4e57-abf7-b3bef0e7ed9f,2025-09-02T11:34:00,4b7e389e-8c78-4e72-ab0b-774df43b399e,hardinjennifer,PROD_WH_MEDIUM,"SELECT * FROM SALES_TRANSACTIONS WHERE created_at >= dateadd('day', -7, current_date())",1.4956559015468962,780681,SUCCESS,
7a715bb0-f57e-4e84-b9e8-ed09de4c6683,2025-09-02T11:34:00,ac5e7ada-2f2f-4292-a0e4-18083982547a,lliu,DEV_WH_SMALL,"SELECT DISTINCT column1, column2 FROM FINANCIAL_METRICS WHERE condition = 'value'",3.7673439058499407,201065,SUCCESS,
f4b75546-eee8-4030-abac-1dfe33d22f65,2025-09-02T11:34:00,82e7a6a3-1f49-4f5a-8a2a-96e5a654a185,codyoconnor,BI_WH_MEDIUM,SELECT * FROM SYSTEM_EVENTS LIMIT 1000,0.4941627130969287,65028,SUCCESS,
6e72eed7-a0d0-48de-b245-588554984563,2025-09-02T11:34:00,ac5e7ada-2f2f-4292-a0e4-18083982547a,lliu,ETL_WH_LARGE,SELECT * FROM PRODUCT_INVENTORY LIMIT 1000,0.259806195825639,711642,SUCCESS,
853bd955-e985-4ba6-bf89-603ace53667a,2025-09-02T11:34:00,89e53854-09b7-4b59-8352-a231c51f8687,glarsen,PROD_WH_X-SMALL,"SELECT * FROM FINANCIAL_METRICS WHERE created_at >= dateadd('day', -7, current_date())",0.7581625863747047,435740,SUCCESS,
13da7181-ec80-4e9f-94f2-4fddc8733342,2025-09-02T11:34:00,f22aa1cf-fe8b-4e78-8492-b46e0f46ffda,brandtmisty,DEV_WH_MEDIUM,"SELECT * FROM CUSTOMER_DATA WHERE created_at >= dateadd('day', -7, current_date())",3.8188867046224813,59917,SUCCESS,
cb923d97-0316-4b47-8171-5a2d4d7828a5,2025-09-02T11:43:00,4b7e389e-8c78-4e72-ab0b-774df43b399e,hardinjennifer,ETL_WH_MEDIUM,SELECT * FROM EMPLOYEE_RECORDS LIMIT 1000,4.6996702980719745,3556,SUCCESS,
b5952a50-9a19-4231-a7d4-4b6a86471a8a,2025-09-02T11:43:00,4b7e389e-8c78-4e72-ab0b-774df43b399e,hardinjennifer,ETL_WH_LARGE,SELECT * FROM USER_ACTIVITY_LOGS LIMIT 1000,1.578063019611373,481767,SUCCESS,
2233501b-f72b-46c4-9e6a-c3fa7f9f29b1,2025-09-02T11:43:00,89e53854-09b7-4b59-8352-a231c51f8687,glarsen,DEV_WH_SMALL,"SELECT COUNT(*) FROM EMPLOYEE_RECORDS GROUP BY date_trunc('day', created_at)",2.5268402676896065,543282,SUCCESS,
b526b4e6-ea0c-4175-96b7-771a132c8586,2025-09-02T11:43:00,00f99f6f-5fcc-490a-84f9-6b24911c0b2e,emilyhamilton,PROD_WH_LARGE,"SELECT * FROM PRODUCT_INVENTORY WHERE created_at >= dateadd('day', -7, current_date())",0.9489909048022683,490849,SUCCESS,
c1d1f79e-ac4b-4b5b-9c88-f7179b4c5082,2025-09-02T11:43:00,7cd584de-ca92-465c-8ea8-5f7ad356bee6,danasandoval,PROD_WH_SMALL,"SELECT COUNT(*) FROM SALES_TRANSACTIONS GROUP BY date_trunc('day', created_at)",2.273307723967324,333926,SUCCESS,
91880e2e-665f-4495-a9b0-f0a74951f6cf,2025-09-02T11:43:00,da0f0f7a-8d2c-4ca9-b82e-cda33fba6610,rachel35,BI_WH_SMALL,"SELECT * FROM SALES_TRANSACTIONS WHERE created_at >= dateadd('day', -7, current_date())",0.9335082762836568,508172,SUCCESS,
5d531c17-01d7-4950-985c-a230e2243d05,2025-09-02T11:43:00,a3a85592-9f3f-4845-87b8-dd199fcdc3cc,gmoreno,ETL_WH_SMALL,"SELECT COUNT(*) FROM CUSTOMER_DATA GROUP BY date_trunc('day', created_at)",1.8388942746091523,117491,SUCCESS,
fc709f8b-1a9d-46bd-b5c9-dea7c45a0ae5,2025-09-02T11:43:00,da0f0f7a-8d2c-4ca9-b82e-cda33fba6610,rachel35,ETL_WH_LARGE,"SELECT DISTINCT column1, column2 FROM SALES_TRANSACTIONS WHERE condition = 'value'",0.8123428180917842,137063,SUCCESS,
3085fb82-8702-4b2b-8850-c01d584d81fd,2025-09-02T11:43:00,f22aa1cf-fe8b-4e78-8492-b46e0f46ffda,brandtmisty,DEV_WH_SMALL,SELECT * FROM EMPLOYEE_RECORDS LIMIT 1000,2.3509895788561894,240054,SUCCESS,
7cda119f-fe55-437c-9edb-14f0ec661ff7,2025-09-02T11:43:00,a3a85592-9f3f-4845-87b8-dd199fcdc3cc,gmoreno,DEV_WH_LARGE,"SELECT COUNT(*) FROM CUSTOMER_DATA GROUP BY date_trunc('day', created_at)",2.705908670591518,928891,SUCCESS,
fc2f4399-f9e4-40cb-b86a-1ce45bef339a,2025-09-02T11:58:00,00f99f6f-5fcc-490a-84f9-6b24911c0b2e,emilyhamilton,BI_WH_LARGE,"SELECT COUNT(*) FROM FINANCIAL_METRICS GROUP BY date_trunc('day', created_at)",4.188894146159068,68466,SUCCESS,
62fcd7fb-83e7-4903-a323-f6bf65991390,2025-09-02T11:58:00,9a7a68c7-1b0c-4669-859f-6d352b1e386f,andrew16,BI_WH_LARGE,"SELECT * FROM MARKETING_CAMPAIGNS WHERE created_at >= dateadd('day', -7, current_date())",4.452942523863762,458138,SUCCESS,
f291ac97-e8e8-49be-8d4c-e08d26242abd,2025-09-02T11:58:00,89e53854-09b7-4b59-8352-a231c51f8687,glarsen,BI_WH_LARGE,"SELECT COUNT(*) FROM CUSTOMER_DATA GROUP BY date_trunc('day', created_at)",1.8827867570292212,217490,SUCCESS,
e3f1e1e7-634f-45c9-96e8-29d2bcf4ec3b,2025-09-02T11:58:00,4663d48b-596a-4f39-b714-8d69ac9a7d2a,robert93,ETL_WH_LARGE,"SELECT * FROM PRODUCT_INVENTORY WHERE created_at >= dateadd('day', -7, current_date())",4.7803259173853565,919629,SUCCESS,
c1617403-5f26-488a-8a96-ac8f6e296acb,2025-09-02T11:58:00,00f99f6f-5fcc-490a-84f9-6b24911c0b2e,emilyhamilton,ETL_WH_X-SMALL,"SELECT DISTINCT column1, column2 FROM FINANCIAL_METRICS WHERE condition = 'value'",4.129808050371562,310123,SUCCESS,
a7208a5a-4450-4396-ae8e-567b0cea0949,2025-09-02T11:58:00,57eba2d7-a4fe-48aa-aa7b-ad0e6f1296b7,jose46,DEV_WH_MEDIUM,"SELECT * FROM USER_ACTIVITY_LOGS WHERE created_at >= dateadd('day', -7, current_date())",1.8925444301572454,640402,SUCCESS,
93207d98-fb8d-469b-9fe7-ec541dbb8428,2025-09-02T11:58:00,879c852e-e8e8-45c3-9ead-5fa56c9ecfbc,egarcia,BI_WH_SMALL,"SELECT COUNT(*) FROM FINANCIAL_METRICS GROUP BY date_trunc('day', created_at)",3.1040444585009874,904523,SUCCESS,
b042f44b-972c-4fbc-b892-993aa4328c63,2025-09-02T11:58:00,4b7e389e-8c78-4e72-ab0b-774df43b399e,hardinjennifer,PROD_WH_SMALL,"SELECT COUNT(*) FROM EMPLOYEE_RECORDS GROUP BY date_trunc('day', created_at)",0.26991240927775917,965906,SUCCESS,
49bdae53-73d7-4132-a09f-a3613e5eb721,2025-09-02T11:58:00,f0c2cfac-cf3b-4053-9e79-a6a4c6bbd187,garciaalison,ETL_WH_LARGE,"SELECT COUNT(*) FROM CUSTOMER_DATA GROUP BY date_trunc('day', created_at)",1.4826243183303087,33893,SUCCESS,
917da807-0b1d-4235-8c9d-074e6808acb9,2025-09-02T11:58:00,a3a85592-9f3f-4845-87b8-dd199fcdc3cc,gmoreno,ETL_WH_LARGE,SELECT * FROM SALES_TRANSACTIONS LIMIT 1000,2.9908022019741924,405533,SUCCESS,
438948ad-0765-4430-954a-c7cb56a4b3c7,2025-09-02T12:11:00,4b7e389e-8c78-4e72-ab0b-774df43b399e,hardinjennifer,PROD_WH_X-SMALL,SELECT * FROM PRODUCT_INVENTORY LIMIT 1000,4.756114824206197,48342,SUCCESS,
81df2f5a-a141-4411-b5aa-cf411fd740e2,2025-09-02T12:11:00,f22aa1cf-fe8b-4e78-8492-b46e0f46ffda,brandtmisty,DEV_WH_LARGE,"SELECT COUNT(*) FROM SYSTEM_EVENTS GROUP BY date_trunc('day', created_at)",2.6248820677255984,653379,SUCCESS,
9939118d-a0c9-48c2-bfa9-f32093092a3f,2025-09-02T12:11:00,cea2e75f-1ee1-4b1d-90f5-242f82a02bed,erickennedy,DEV_WH_SMALL,"SELECT COUNT(*) FROM USER_ACTIVITY_LOGS GROUP BY date_trunc('day', created_at)",2.9792534519503198,958641,SUCCESS,
3943289d-f9fc-4f9e-b0af-87174d3219a2,2025-09-02T12:11:00,859c34dd-4540-49a3-b26d-f82b1455d905,oatkinson,ETL_WH_LARGE,"SELECT COUNT(*) FROM MARKETING_CAMPAIGNS GROUP BY date_trunc('day', created_at)",0.9763160308374921,172713,SUCCESS,
8a474a38-8f18-46a6-b2ac-20142e67cad7,2025-09-02T12:11:00,879c852e-e8e8-45c3-9ead-5fa56c9ecfbc,egarcia,DEV_WH_X-SMALL,"SELECT COUNT(*) FROM CUSTOMER_DATA GROUP BY date_trunc('day', created_at)",3.1375144501061105,942581,SUCCESS,
e39f79d9-fb63-4cc7-a7ab-b972a255e6f2,2025-09-02T12:11:00,859c34dd-4540-49a3-b26d-f82b1455d905,oatkinson,DEV_WH_X-SMALL,SELECT * FROM SALES_TRANSACTIONS LIMIT 1000,1.5460812972708,684648,SUCCESS,
7e15f11e-ee67-4567-a734-2f51cd38ecfa,2025-09-02T12:11:00,a3a85592-9f3f-4845-87b8-dd199fcdc3cc,gmoreno,BI_WH_X-SMALL,"SELECT * FROM SYSTEM_EVENTS WHERE created_at >= dateadd('day', -7, current_date())",4.8146516212431605,570200,SUCCESS,
29ce781f-ef51-48ef-8141-819a92a6c273,2025-09-02T12:11:00,879c852e-e8e8-45c3-9ead-5fa56c9ecfbc,egarcia,ETL_WH_MEDIUM,"SELECT * FROM EMPLOYEE_RECORDS WHERE created_at >= dateadd('day', -7, current_date())",4.698771809604537,974760,SUCCESS,
8f5a9374-87df-4707-b528-e73be4d44c2a,2025-09-02T12:11:00,82e7a6a3-1f49-4f5a-8a2a-96e5a654a185,codyoconnor,PROD_WH_MEDIUM,"SELECT * FROM PRODUCT_INVENTORY WHERE created_at >= dateadd('day', -7, current_date())",4.739926864078936,109272,SUCCESS,
a30f302f-2cd8-4ea0-97fc-6157d0bbdbb6,2025-09-02T12:11:00,f0c2cfac-cf3b-4053-9e79-a6a4c6bbd187,garciaalison,ETL_WH_MEDIUM,"SELECT * FROM MARKETING_CAMPAIGNS WHERE created_at >= dateadd('day', -7, current_date())",3.1971801159719617,678195,SUCCESS,
08139795-5e07-47a8-9081-0dbc39bae039,2025-09-02T12:20:00,859c34dd-4540-49a3-b26d-f82b1455d905,oatkinson,PROD_WH_LARGE,"SELECT * FROM SYSTEM_EVENTS WHERE created_at >= dateadd('day', -7, current_date())",3.0324024395264346,503000,SUCCESS,
3fa45b88-c6fb-4b1b-b671-5fb9897b7484,2025-09-02T12:20:00,cea2e75f-1ee1-4b1d-90f5-242f82a02bed,erickennedy,DEV_WH_MEDIUM,"SELECT COUNT(*) FROM SYSTEM_EVENTS GROUP BY date_trunc('day', created_at)",3.589921559292325,139196,SUCCESS,
0c8fd045-c621-457c-a8c4-720bb07f2c09,2025-09-02T12:20:00,9a7a68c7-1b0c-4669-859f-6d352b1e386f,andrew16,BI_WH_MEDIUM,"SELECT DISTINCT column1, column2 FROM CUSTOMER_DATA WHERE condition = 'value'",4.797186600573366,725898,SUCCESS,
0f598a2b-a1e2-45c4-b30a-34ba51a15f8f,2025-09-02T12:20:00,4663d48b-596a-4f39-b714-8d69ac9a7d2a,robert93,PROD_WH_SMALL,SELECT * FROM MARKETING_CAMPAIGNS LIMIT 1000,3.8765266643476672,398451,SUCCESS,
aacf89c9-fee9-45a2-bbb8-f979cc1c7340,2025-09-02T12:20:00,da0f0f7a-8d2c-4ca9-b82e-cda33fba6610,rachel35,BI_WH_X-SMALL,SELECT * FROM SALES_TRANSACTIONS LIMIT 1000,1.788641057104483,708045,SUCCESS,
047e1c7e-bea0-4629-91ef-25f5ed65332c,2025-09-02T12:20:00,cea2e75f-1ee1-4b1d-90f5-242f82a02bed,erickennedy,DEV_WH_X-SMALL,SELECT * FROM CUSTOMER_DATA LIMIT 1000,2.226092555629778,906425,SUCCESS,
2a78376d-4298-4da7-aae0-a0ca673c9a7a,2025-09-02T12:20:00,b92c2609-888c-471e-bf61-4363556df9d8,frank26,ETL_WH_X-SMALL,"SELECT COUNT(*) FROM PRODUCT_INVENTORY GROUP BY date_trunc('day', created_at)",1.62974219584433,829837,SUCCESS,
cd3993a1-54ec-44a7-af00-90432f4bbf5a,2025-09-02T12:20:00,7cd584de-ca92-465c-8ea8-5f7ad356bee6,danasandoval,BI_WH_LARGE,"SELECT * FROM USER_ACTIVITY_LOGS WHERE created_at >= dateadd('day', -7, current_date())",3.442303163187542,670098,SUCCESS,
c16b527a-ba61-473b-9f71-8819f906b3db,2025-09-02T12:20:00,7cd584de-ca92-465c-8ea8-5f7ad356bee6,danasandoval,ETL_WH_LARGE,SELECT * FROM FINANCIAL_METRICS LIMIT 1000,2.432296425025636,400004,SUCCESS,
de2639c0-52da-432e-a99f-78144cd3239d,2025-09-02T12:20:00,cea2e75f-1ee1-4b1d-90f5-242f82a02bed,erickennedy,PROD_WH_LARGE,SELECT * FROM PRODUCT_INVENTORY LIMIT 1000,4.047106167576579,883102,SUCCESS,
b8ea318e-73df-49bf-85ad-49d1a1c84220,2025-09-02T12:31:00,5fb2a072-2bab-4b94-9109-9cbea70c5438,bryancuevas,ETL_WH_X-SMALL,"SELECT * FROM EMPLOYEE_RECORDS WHERE created_at >= dateadd('day', -7, current_date())",3.7941037343208617,900154,SUCCESS,
c9288928-3d2a-4816-8060-a9e33030103c,2025-09-02T12:31:00,4b7e389e-8c78-4e72-ab0b-774df43b399e,hardinjennifer,DEV_WH_LARGE,"SELECT * FROM SALES_TRANSACTIONS WHERE created_at >= dateadd('day', -7, current_date())",0.9469886410782097,654454,SUCCESS,
9dc8cf4c-2be3-41d1-bb46-7ccf29223159,2025-09-02T12:31:00,b92c2609-888c-471e-bf61-4363556df9d8,frank26,PROD_WH_SMALL,"SELECT DISTINCT column1, column2 FROM PRODUCT_INVENTORY WHERE condition = 'value'",4.197887794967695,746961,SUCCESS,
646971c5-d121-41a4-b1ef-0d2c6b1641d3,2025-09-02T12:31:00,7cd584de-ca92-465c-8ea8-5f7ad356bee6,danasandoval,PROD_WH_X-SMALL,"SELECT DISTINCT column1, column2 FROM PRODUCT_INVENTORY WHERE condition = 'value'",1.515463907873521,710900,SUCCESS,
00dc4986-c683-4f13-ab68-3eb0f19d336a,2025-09-02T12:31:00,879c852e-e8e8-45c3-9ead-5fa56c9ecfbc,egarcia,BI_WH_SMALL,SELECT * FROM SYSTEM_EVENTS LIMIT 1000,4.537913115556588,581104,SUCCESS,
77680f88-5e20-481b-a91d-1da2a4701074,2025-09-02T12:31:00,89e53854-09b7-4b59-8352-a231c51f8687,glarsen,DEV_WH_MEDIUM,SELECT * FROM EMPLOYEE_RECORDS LIMIT 1000,4.171142396358312,756355,SUCCESS,
9eac1363-a274-49f6-918e-c7fbf818c36f,2025-09-02T12:31:00,7cd584de-ca92-465c-8ea8-5f7ad356bee6,danasandoval,PROD_WH_LARGE,"SELECT DISTINCT column1, column2 FROM EMPLOYEE_RECORDS WHERE condition = 'value'",2.585369080191851,312782,SUCCESS,
2633dc43-2378-4090-ac66-88166549dc24,2025-09-02T12:31:00,f0c2cfac-cf3b-4053-9e79-a6a4c6bbd187,garciaalison,ETL_WH_MEDIUM,"SELECT * FROM MARKETING_CAMPAIGNS WHERE created_at >= dateadd('day', -7, current_date())",3.3716944793000323,199661,SUCCESS,
5695ea07-d82b-4288-a5f7-22c8bc9e7cdc,2025-09-02T12:31:00,82e7a6a3-1f49-4f5a-8a2a-96e5a654a185,codyoconnor,PROD_WH_LARGE,"SELECT * FROM USER_ACTIVITY_LOGS WHERE created_at >= dateadd('day', -7, current_date())",4.467015803799947,22119,SUCCESS,
0c37e025-7693-4e48-90c0-d775835a3123,2025-09-02T12:31:00,ac5e7ada-2f2f-4292-a0e4-18083982547a,lliu,ETL_WH_SMALL,"SELECT COUNT(*) FROM SALES_TRANSACTIONS GROUP BY date_trunc('day', created_at)",1.8424225272233015,210496,SUCCESS,
eb9cac84-64da-4c03-88c8-62871d0be114,2025-09-02T12:45:00,82e7a6a3-1f49-4f5a-8a2a-96e5a654a185,codyoconnor,DEV_WH_LARGE,"SELECT * FROM SALES_TRANSACTIONS WHERE created_at >= dateadd('day', -7, current_date())",3.862389337376445,43292,SUCCESS,
eaf7a242-54f1-4cba-b8f4-b7b60bb81d60,2025-09-02T12:45:00,5fb2a072-2bab-4b94-9109-9cbea70c5438,bryancuevas,BI_WH_LARGE,SELECT * FROM USER_ACTIVITY_LOGS LIMIT 1000,3.147201308457867,729648,SUCCESS,
8f7f2f28-2f21-402f-9262-a3fbd11d7ae5,2025-09-02T12:45:00,f22aa1cf-fe8b-4e78-8492-b46e0f46ffda,brandtmisty,BI_WH_MEDIUM,"SELECT COUNT(*) FROM USER_ACTIVITY_LOGS GROUP BY date_trunc('day', created_at)",2.702892816095127,920945,SUCCESS,
4700ccb4-e727-4f8d-baf7-4a85032cc21f,2025-09-02T12:45:00,f22aa1cf-fe8b-4e78-8492-b46e0f46ffda,brandtmisty,BI_WH_SMALL,"SELECT * FROM SYSTEM_EVENTS WHERE created_at >= dateadd('day', -7, current_date())",3.058105800207415,712861,SUCCESS,
afb1d458-479f-4d6e-b144-2e07c6fcb75d,2025-09-02T12:45:00,4663d48b-596a-4f39-b714-8d69ac9a7d2a,robert93,BI_WH_SMALL,"SELECT * FROM CUSTOMER_DATA WHERE created_at >= dateadd('day', -7, current_date())",2.610771419752659,954745,SUCCESS,
9492a472-cb1e-4890-8c9e-9882c3208bed,2025-09-02T12:45:00,da0f0f7a-8d2c-4ca9-b82e-cda33fba6610,rachel35,PROD_WH_LARGE,SELECT * FROM FINANCIAL_METRICS LIMIT 1000,3.672651519096638,258543,SUCCESS,
c31f1ec4-c7e8-41e1-b1bd-262750b40ff2,2025-09-02T12:45:00,9a7a68c7-1b0c-4669-859f-6d352b1e386f,andrew16,DEV_WH_X-SMALL,"SELECT COUNT(*) FROM EMPLOYEE_RECORDS GROUP BY date_trunc('day', created_at)",2.2149864398718226,190505,SUCCESS,
df9e4665-c400-4fd8-b428-6d00420723e5,2025-09-02T12:45:00,82e7a6a3-1f49-4f5a-8a2a-96e5a654a185,codyoconnor,PROD_WH_SMALL,SELECT * FROM USER_ACTIVITY_LOGS LIMIT 1000,1.8761568267153819,809068,SUCCESS,
33a2dbf7-6ca8-4b13-bdfe-f659df781ae5,2025-09-02T12:45:00,879c852e-e8e8-45c3-9ead-5fa56c9ecfbc,egarcia,ETL_WH_MEDIUM,"SELECT DISTINCT column1, column2 FROM SALES_TRANSACTIONS WHERE condition = 'value'",3.5773060575180695,323466,SUCCESS,
5573ccae-ac0a-4555-a1f7-4bda842f6324,2025-09-02T12:45:00,4663d48b-596a-4f39-b714-8d69ac9a7d2a,robert93,ETL_WH_X-SMALL,"SELECT COUNT(*) FROM SYSTEM_EVENTS GROUP BY date_trunc('day', created_at)",1.0006714550006492,470123,SUCCESS,
36fc3739-b989-411d-b7fa-35c74810fbb4,2025-09-02T12:54:00,9a7a68c7-1b0c-4669-859f-6d352b1e386f,andrew16,ETL_WH_MEDIUM,"SELECT COUNT(*) FROM MARKETING_CAMPAIGNS GROUP BY date_trunc('day', created_at)",3.5459611919742313,726822,SUCCESS,
db5667a0-8dc4-4e46-9fc7-03c7550653bd,2025-09-02T12:54:00,00f99f6f-5fcc-490a-84f9-6b24911c0b2e,emilyhamilton,ETL_WH_LARGE,"SELECT * FROM USER_ACTIVITY_LOGS WHERE created_at >= dateadd('day', -7, current_date())",3.9845519700962084,17042,SUCCESS,
51dbaa8e-6af3-4a41-8173-6987e7b6a431,2025-09-02T12:54:00,a3a85592-9f3f-4845-87b8-dd199fcdc3cc,gmoreno,PROD_WH_MEDIUM,"SELECT DISTINCT column1, column2 FROM FINANCIAL_METRICS WHERE condition = 'value'",3.484830076916115,882365,SUCCESS,
97ea1ea7-8753-429c-9216-cd005ef7fe65,2025-09-02T12:54:00,3d8cc43f-0f00-40bd-b8b2-34ac61fc0360,rwilliams,PROD_WH_X-SMALL,"SELECT * FROM EMPLOYEE_RECORDS WHERE created_at >= dateadd('day', -7, current_date())",3.2303897152783714,909427,SUCCESS,
8e4abe4b-39ed-4722-a306-dd81e2b3d9e7,2025-09-02T12:54:00,ac5e7ada-2f2f-4292-a0e4-18083982547a,lliu,BI_WH_SMALL,"SELECT COUNT(*) FROM SYSTEM_EVENTS GROUP BY date_trunc('day', created_at)",3.282464291499098,53638,SUCCESS,
cb8261cd-29e7-428d-8486-69fd36cf63ad,2025-09-02T12:54:00,3d8cc43f-0f00-40bd-b8b2-34ac61fc0360,rwilliams,PROD_WH_LARGE,"SELECT DISTINCT column1, column2 FROM USER_ACTIVITY_LOGS WHERE condition = 'value'",1.7529534946107577,600823,SUCCESS,
84823a07-20e5-4896-aff9-1316eb9b73b8,2025-09-02T12:54:00,4b7e389e-8c78-4e72-ab0b-774df43b399e,hardinjennifer,DEV_WH_MEDIUM,"SELECT DISTINCT column1, column2 FROM PRODUCT_INVENTORY WHERE condition = 'value'",4.032336606303292,270344,SUCCESS,
6e3b09e3-58ac-48be-bc02-5f0bd89c85d1,2025-09-02T12:54:00,a3a85592-9f3f-4845-87b8-dd199fcdc3cc,gmoreno,PROD_WH_SMALL,"SELECT * FROM SYSTEM_EVENTS WHERE created_at >= dateadd('day', -7, current_date())",2.6977690522618203,174732,SUCCESS,
3725443e-20c1-4785-826b-41d3e493dc8b,2025-09-02T12:54:00,879c852e-e8e8-45c3-9ead-5fa56c9ecfbc,egarcia,BI_WH_X-SMALL,"SELECT * FROM CUSTOMER_DATA WHERE created_at >= dateadd('day', -7, current_date())",3.493486336813086,754612,SUCCESS,
d9f4ffad-4165-424f-a6b5-815bfc2ebecf,2025-09-02T12:54:00,f0c2cfac-cf3b-4053-9e79-a6a4c6bbd187,garciaalison,PROD_WH_X-SMALL,"SELECT DISTINCT column1, column2 FROM CUSTOMER_DATA WHERE condition = 'value'",1.2514296074609659,107668,SUCCESS,
3c3d3c42-8a17-424f-a115-aba674a95337,2025-09-02T13:01:00,ac5e7ada-2f2f-4292-a0e4-18083982547a,lliu,PROD_WH_MEDIUM,SELECT * FROM SALES_TRANSACTIONS LIMIT 1000,0.76278641104395,938551,SUCCESS,
08a1acf1-f6da-4d63-a592-01057fd55963,2025-09-02T13:01:00,859c34dd-4540-49a3-b26d-f82b1455d905,oatkinson,PROD_WH_SMALL,"SELECT COUNT(*) FROM PRODUCT_INVENTORY GROUP BY date_trunc('day', created_at)",3.1380051056268745,696783,SUCCESS,
1de6ebd4-fadc-4656-9d38-fdd521b06d12,2025-09-02T13:01:00,ac5e7ada-2f2f-4292-a0e4-18083982547a,lliu,BI_WH_X-SMALL,"SELECT COUNT(*) FROM USER_ACTIVITY_LOGS GROUP BY date_trunc('day', created_at)",0.9711687455994374,413754,SUCCESS,
ee6fc865-7a5c-414e-afb7-eb2c75072b73,2025-09-02T13:01:00,3d8cc43f-0f00-40bd-b8b2-34ac61fc0360,rwilliams,DEV_WH_X-SMALL,SELECT * FROM USER_ACTIVITY_LOGS LIMIT 1000,1.4677695010296476,714968,SUCCESS,
35e85820-b4c6-440e-a54c-a7e515f4dc03,2025-09-02T13:01:00,cea2e75f-1ee1-4b1d-90f5-242f82a02bed,erickennedy,DEV_WH_MEDIUM,SELECT * FROM SALES_TRANSACTIONS LIMIT 1000,2.151727376688076,807653,SUCCESS,
0c04bfc6-ef95-4dea-9958-3e6a78e0692c,2025-09-02T13:01:00,89e53854-09b7-4b59-8352-a231c51f8687,glarsen,ETL_WH_LARGE,"SELECT DISTINCT column1, column2 FROM PRODUCT_INVENTORY WHERE condition = 'value'",3.587021490284419,732522,SUCCESS,
bf43186f-506b-4071-a596-a27b4516df36,2025-09-02T13:01:00,57eba2d7-a4fe-48aa-aa7b-ad0e6f1296b7,jose46,ETL_WH_X-SMALL,SELECT * FROM MARKETING_CAMPAIGNS LIMIT 1000,1.2433836667115588,141646,SUCCESS,
5e6608d7-4845-4790-8bec-683a62942897,2025-09-02T13:01:00,859c34dd-4540-49a3-b26d-f82b1455d905,oatkinson,ETL_WH_SMALL,"SELECT COUNT(*) FROM SYSTEM_EVENTS GROUP BY date_trunc('day', created_at)",4.936455252656885,618686,SUCCESS,
4a52c3db-6d8b-454e-a37f-4e8fc4399373,2025-09-02T13:01:00,5fb2a072-2bab-4b94-9109-9cbea70c5438,bryancuevas,ETL_WH_X-SMALL,"SELECT DISTINCT column1, column2 FROM USER_ACTIVITY_LOGS WHERE condition = 'value'",3.9686634986517073,230487,SUCCESS,
e04bc215-9485-430b-8802-4c47c224e93f,2025-09-02T13:01:00,ac5e7ada-2f2f-4292-a0e4-18083982547a,lliu,ETL_WH_SMALL,"SELECT * FROM MARKETING_CAMPAIGNS WHERE created_at >= dateadd('day', -7, current_date())",0.4384579522862856,888724,SUCCESS,
d36bdc7c-eed0-4383-ac13-be71f5af092c,2025-09-02T13:16:00,da0f0f7a-8d2c-4ca9-b82e-cda33fba6610,rachel35,PROD_WH_MEDIUM,"SELECT COUNT(*) FROM CUSTOMER_DATA GROUP BY date_trunc('day', created_at)",3.027699463916435,57264,SUCCESS,
6c857146-5485-42a6-9b3e-ae520feaf2ba,2025-09-02T13:16:00,9a7a68c7-1b0c-4669-859f-6d352b1e386f,andrew16,PROD_WH_MEDIUM,"SELECT DISTINCT column1, column2 FROM SYSTEM_EVENTS WHERE condition = 'value'",1.993752636563569,84985,SUCCESS,
7bb3b598-a7de-401f-ac75-0c28febe75c4,2025-09-02T13:16:00,89e53854-09b7-4b59-8352-a231c51f8687,glarsen,BI_WH_X-SMALL,SELECT * FROM CUSTOMER_DATA LIMIT 1000,0.9757816900124143,187768,SUCCESS,
beb86a8f-0efd-4b36-96ba-82269b32a969,2025-09-02T13:16:00,f0c2cfac-cf3b-4053-9e79-a6a4c6bbd187,garciaalison,DEV_WH_SMALL,"SELECT DISTINCT column1, column2 FROM FINANCIAL_METRICS WHERE condition = 'value'",2.2227803613382218,934124,SUCCESS,
54a913f7-4540-4d5a-899c-b9ad425ea1a1,2025-09-02T13:16:00,f22aa1cf-fe8b-4e78-8492-b46e0f46ffda,brandtmisty,DEV_WH_SMALL,"SELECT COUNT(*) FROM MARKETING_CAMPAIGNS GROUP BY date_trunc('day', created_at)",4.8576326729940105,711097,SUCCESS,
129434fd-812c-40d5-969a-234070ab0ca8,2025-09-02T13:16:00,f22aa1cf-fe8b-4e78-8492-b46e0f46ffda,brandtmisty,ETL_WH_MEDIUM,"SELECT COUNT(*) FROM USER_ACTIVITY_LOGS GROUP BY date_trunc('day', created_at)",0.8517308723841345,672356,SUCCESS,
9494f7c5-3b5b-48cf-be59-ab4b19446269,2025-09-02T13:16:00,00f99f6f-5fcc-490a-84f9-6b24911c0b2e,emilyhamilton,BI_WH_X-SMALL,"SELECT DISTINCT column1, column2 FROM EMPLOYEE_RECORDS WHERE condition = 'value'",3.8386603834668063,173652,SUCCESS,
b8e1b232-a784-448a-9afc-ec8c1ad93767,2025-09-02T13:16:00,879c852e-e8e8-45c3-9ead-5fa56c9ecfbc,egarcia,PROD_WH_X-SMALL,SELECT * FROM SALES_TRANSACTIONS LIMIT 1000,2.9901145122220854,664752,SUCCESS,
8802ead3-5ba7-4197-9e50-bb2f2e0f9960,2025-09-02T13:16:00,9a7a68c7-1b0c-4669-859f-6d352b1e386f,andrew16,PROD_WH_SMALL,"SELECT DISTINCT column1, column2 FROM EMPLOYEE_RECORDS WHERE condition = 'value'",3.3436025136304592,940795,SUCCESS,
81e9b865-9d2b-4d18-be6f-a766396b897b,2025-09-02T13:16:00,879c852e-e8e8-45c3-9ead-5fa56c9ecfbc,egarcia,DEV_WH_MEDIUM,"SELECT COUNT(*) FROM SALES_TRANSACTIONS GROUP BY date_trunc('day', created_at)",4.108170521732371,72908,SUCCESS,
9cda9e06-e301-4260-bc96-b46511336365,2025-09-02T13:23:00,ac5e7ada-2f2f-4292-a0e4-18083982547a,lliu,PROD_WH_SMALL,"SELECT * FROM MARKETING_CAMPAIGNS WHERE created_at >= dateadd('day', -7, current_date())",1.6071457004670857,657621,SUCCESS,
0b759a8d-57ea-4070-a7b4-4f3785fb7359,2025-09-02T13:23:00,a3a85592-9f3f-4845-87b8-dd199fcdc3cc,gmoreno,DEV_WH_LARGE,"SELECT DISTINCT column1, column2 FROM SALES_TRANSACTIONS WHERE condition = 'value'",4.150025910197718,391124,SUCCESS,
208fbd92-c575-43b1-9e29-4ad4efa14722,2025-09-02T13:23:00,f22aa1cf-fe8b-4e78-8492-b46e0f46ffda,brandtmisty,ETL_WH_X-SMALL,"SELECT DISTINCT column1, column2 FROM CUSTOMER_DATA WHERE condition = 'value'",2.502968023151094,605255,SUCCESS,
fd95689e-d8d5-4ecc-a97a-a7836b1823a9,2025-09-02T13:23:00,f0c2cfac-cf3b-4053-9e79-a6a4c6bbd187,garciaalison,DEV_WH_LARGE,"SELECT * FROM FINANCIAL_METRICS WHERE created_at >= dateadd('day', -7, current_date())",3.083388432638733,480149,SUCCESS,
271e8159-a35e-42d8-ade9-d43a589c7efa,2025-09-02T13:23:00,00f99f6f-5fcc-490a-84f9-6b24911c0b2e,emilyhamilton,BI_WH_SMALL,"SELECT COUNT(*) FROM SYSTEM_EVENTS GROUP BY date_trunc('day', created_at)",2.0602768974664265,647355,SUCCESS,
200c8573-7e6a-487b-9043-fa118c13b410,2025-09-02T13:23:00,879c852e-e8e8-45c3-9ead-5fa56c9ecfbc,egarcia,BI_WH_SMALL,SELECT * FROM SALES_TRANSACTIONS LIMIT 1000,3.4093760558739468,717552,SUCCESS,
96d064dd-d43b-41cc-aa85-871d83d8fd50,2025-09-02T13:23:00,879c852e-e8e8-45c3-9ead-5fa56c9ecfbc,egarcia,BI_WH_X-SMALL,"SELECT COUNT(*) FROM PRODUCT_INVENTORY GROUP BY date_trunc('day', created_at)",2.7479617319768805,437972,SUCCESS,
8caad71a-f8f3-4db1-9467-1bc05b669239,2025-09-02T13:23:00,859c34dd-4540-49a3-b26d-f82b1455d905,oatkinson,DEV_WH_X-SMALL,"SELECT * FROM PRODUCT_INVENTORY WHERE created_at >= dateadd('day', -7, current_date())",0.2507829321773435,222049,SUCCESS,
ea954c22-5d44-4fb1-aea1-87fdba9b01d4,2025-09-02T13:23:00,859c34dd-4540-49a3-b26d-f82b1455d905,oatkinson,BI_WH_SMALL,SELECT * FROM PRODUCT_INVENTORY LIMIT 1000,2.5589926760536197,455528,SUCCESS,
2a8783be-0b29-4e02-a06d-95eeadc5763a,2025-09-02T13:23:00,57eba2d7-a4fe-48aa-aa7b-ad0e6f1296b7,jose46,PROD_WH_MEDIUM,SELECT * FROM EMPLOYEE_RECORDS LIMIT 1000,2.8975358708184378,709348,SUCCESS,
84e151b1-0731-48a6-9cda-99f80a6d4761,2025-09-02T13:30:00,89e53854-09b7-4b59-8352-a231c51f8687,glarsen,ETL_WH_MEDIUM,"SELECT COUNT(*) FROM MARKETING_CAMPAIGNS GROUP BY date_trunc('day', created_at)",4.111954551511785,62424,SUCCESS,
2f4b3868-5b29-440f-80ba-bf9602f96685,2025-09-02T13:30:00,3d8cc43f-0f00-40bd-b8b2-34ac61fc0360,rwilliams,ETL_WH_LARGE,"SELECT * FROM USER_ACTIVITY_LOGS WHERE created_at >= dateadd('day', -7, current_date())",2.578933096551385,474466,SUCCESS,
30da1632-1a9b-415f-b771-560b198fa15f,2025-09-02T13:30:00,a3a85592-9f3f-4845-87b8-dd199fcdc3cc,gmoreno,DEV_WH_X-SMALL,SELECT * FROM USER_ACTIVITY_LOGS LIMIT 1000,2.066742766493734,941056,SUCCESS,
d83fc4cb-e2f7-4145-a66c-4db9b1d0138f,2025-09-02T13:30:00,9a7a68c7-1b0c-4669-859f-6d352b1e386f,andrew16,ETL_WH_SMALL,"SELECT * FROM EMPLOYEE_RECORDS WHERE created_at >= dateadd('day', -7, current_date())",2.845819596087003,212900,SUCCESS,
4b100300-e71f-4721-b43b-af5b8d13ec0e,2025-09-02T13:30:00,57eba2d7-a4fe-48aa-aa7b-ad0e6f1296b7,jose46,PROD_WH_X-SMALL,"SELECT DISTINCT column1, column2 FROM MARKETING_CAMPAIGNS WHERE condition = 'value'",4.406745327307629,490882,SUCCESS,
a91074c2-56a0-4dd6-9411-4328463feea1,2025-09-02T13:30:00,879c852e-e8e8-45c3-9ead-5fa56c9ecfbc,egarcia,ETL_WH_SMALL,"SELECT DISTINCT column1, column2 FROM EMPLOYEE_RECORDS WHERE condition = 'value'",1.2320001350372656,192892,SUCCESS,
50af012f-258b-4883-a417-617fe9567792,2025-09-02T13:30:00,4663d48b-596a-4f39-b714-8d69ac9a7d2a,robert93,ETL_WH_SMALL,"SELECT DISTINCT column1, column2 FROM SALES_TRANSACTIONS WHERE condition = 'value'",2.253998577757201,326561,SUCCESS,
5f24a5d1-a215-4170-b401-5a14de5ec63a,2025-09-02T13:30:00,f22aa1cf-fe8b-4e78-8492-b46e0f46ffda,brandtmisty,BI_WH_MEDIUM,"SELECT COUNT(*) FROM SALES_TRANSACTIONS GROUP BY date_trunc('day', created_at)",4.1229634856549975,253491,SUCCESS,
68e55e0c-cee7-4a26-bc32-f8e6a449423e,2025-09-02T13:30:00,b92c2609-888c-471e-bf61-4363556df9d8,frank26,PROD_WH_LARGE,"SELECT DISTINCT column1, column2 FROM EMPLOYEE_RECORDS WHERE condition = 'value'",2.9455107073570757,144668,SUCCESS,
ca3ef6f3-c823-4e76-869d-111aaef83ac9,2025-09-02T13:30:00,b92c2609-888c-471e-bf61-4363556df9d8,frank26,BI_WH_LARGE,"SELECT COUNT(*) FROM USER_ACTIVITY_LOGS GROUP BY date_trunc('day', created_at)",3.3872268325746977,211039,SUCCESS,
6453f03e-d7ef-45bc-bc7e-006896c9954c,2025-09-02T13:43:00,ac5e7ada-2f2f-4292-a0e4-18083982547a,lliu,ETL_WH_LARGE,SELECT * FROM CUSTOMER_DATA LIMIT 1000,2.4155675208565968,266752,SUCCESS,
971ff598-208e-4193-bdd9-5b7bd3379948,2025-09-02T13:43:00,da0f0f7a-8d2c-4ca9-b82e-cda33fba6610,rachel35,ETL_WH_X-SMALL,SELECT * FROM SALES_TRANSACTIONS LIMIT 1000,0.1821474303364512,422023,SUCCESS,
8c30572d-3eb7-4755-aeca-8e1c6a3c35ff,2025-09-02T13:43:00,a3a85592-9f3f-4845-87b8-dd199fcdc3cc,gmoreno,BI_WH_SMALL,"SELECT DISTINCT column1, column2 FROM SALES_TRANSACTIONS WHERE condition = 'value'",0.5266218846807253,747548,SUCCESS,
f02ff191-cc0e-4414-8df2-1ddd0d96635b,2025-09-02T13:43:00,a3a85592-9f3f-4845-87b8-dd199fcdc3cc,gmoreno,ETL_WH_LARGE,SELECT * FROM USER_ACTIVITY_LOGS LIMIT 1000,3.1007468960332862,203095,SUCCESS,
b1661327-eab5-42e9-a925-63283866fd21,2025-09-02T13:43:00,89e53854-09b7-4b59-8352-a231c51f8687,glarsen,BI_WH_MEDIUM,"SELECT DISTINCT column1, column2 FROM FINANCIAL_METRICS WHERE condition = 'value'",4.56045682085596,840620,SUCCESS,
d1bba044-7337-40c9-835a-e3b6b35fd345,2025-09-02T13:43:00,f22aa1cf-fe8b-4e78-8492-b46e0f46ffda,brandtmisty,ETL_WH_X-SMALL,SELECT * FROM USER_ACTIVITY_LOGS LIMIT 1000,1.47369225535255,896127,SUCCESS,
4d60f684-b931-4e61-aa45-e25d5879174b,2025-09-02T13:43:00,859c34dd-4540-49a3-b26d-f82b1455d905,oatkinson,DEV_WH_X-SMALL,SELECT * FROM SALES_TRANSACTIONS LIMIT 1000,0.37867367832833476,344879,SUCCESS,
4f469bd8-f154-416f-b959-58d28e586e53,2025-09-02T13:43:00,4663d48b-596a-4f39-b714-8d69ac9a7d2a,robert93,ETL_WH_MEDIUM,SELECT * FROM USER_ACTIVITY_LOGS LIMIT 1000,2.17957986274725,893860,SUCCESS,
47a7e771-e1a6-443d-a45d-24306fb315be,2025-09-02T13:43:00,9a7a68c7-1b0c-4669-859f-6d352b1e386f,andrew16,BI_WH_SMALL,"SELECT COUNT(*) FROM FINANCIAL_METRICS GROUP BY date_trunc('day', created_at)",4.221256070931938,648111,SUCCESS,
ca00cdd5-e33b-4fd9-bc5f-09ae009d3670,2025-09-02T13:43:00,f0c2cfac-cf3b-4053-9e79-a6a4c6bbd187,garciaalison,ETL_WH_MEDIUM,SELECT * FROM MARKETING_CAMPAIGNS LIMIT 1000,1.6931922535668553,555033,SUCCESS,
4c7b5355-0c25-4c3f-bbad-e95dbb14a116,2025-09-02T13:58:00,82e7a6a3-1f49-4f5a-8a2a-96e5a654a185,codyoconnor,BI_WH_LARGE,"SELECT * FROM CUSTOMER_DATA WHERE created_at >= dateadd('day', -7, current_date())",1.3060552192288548,170712,SUCCESS,
753e79bb-7706-402c-8144-7269f137d52f,2025-09-02T13:58:00,57eba2d7-a4fe-48aa-aa7b-ad0e6f1296b7,jose46,PROD_WH_X-SMALL,"SELECT COUNT(*) FROM MARKETING_CAMPAIGNS GROUP BY date_trunc('day', created_at)",1.3117457062673616,873380,SUCCESS,
455f9414-8415-4fa8-a6b3-fa2f267fb959,2025-09-02T13:58:00,82e7a6a3-1f49-4f5a-8a2a-96e5a654a185,codyoconnor,DEV_WH_LARGE,SELECT * FROM CUSTOMER_DATA LIMIT 1000,1.1259466543693828,464576,SUCCESS,
72a4532b-85df-406d-bf14-c26637fd00be,2025-09-02T13:58:00,4bc8b8f2-4d6e-4d5e-8d40-a7b6b3d6bb03,amandamitchell,BI_WH_LARGE,"SELECT * FROM FINANCIAL_METRICS WHERE created_at >= dateadd('day', -7, current_date())",4.97350640605298,319951,SUCCESS,
4b4b8362-6afc-4f0c-b476-c85cb346d186,2025-09-02T13:58:00,879c852e-e8e8-45c3-9ead-5fa56c9ecfbc,egarcia,ETL_WH_MEDIUM,"SELECT COUNT(*) FROM MARKETING_CAMPAIGNS GROUP BY date_trunc('day', created_at)",1.8207932096507198,388720,SUCCESS,
dc816ba4-775e-4bd2-81a4-965128f6c2cd,2025-09-02T13:58:00,da0f0f7a-8d2c-4ca9-b82e-cda33fba6610,rachel35,BI_WH_SMALL,SELECT * FROM MARKETING_CAMPAIGNS LIMIT 1000,0.7329564930494561,571765,SUCCESS,
30379cc7-db5c-4a28-9822-19119ab029de,2025-09-02T13:58:00,7cd584de-ca92-465c-8ea8-5f7ad356bee6,danasandoval,ETL_WH_LARGE,SELECT * FROM EMPLOYEE_RECORDS LIMIT 1000,0.6603587511071505,891002,SUCCESS,
51924bf4-6ed4-45c9-ba62-31ad7897b0ad,2025-09-02T13:58:00,859c34dd-4540-49a3-b26d-f82b1455d905,oatkinson,BI_WH_LARGE,"SELECT DISTINCT column1, column2 FROM FINANCIAL_METRICS WHERE condition = 'value'",1.537906440047279,145940,SUCCESS,
83a4fb34-571a-406c-a1f5-bcc3914dead8,2025-09-02T13:58:00,89e53854-09b7-4b59-8352-a231c51f8687,glarsen,ETL_WH_X-SMALL,"SELECT COUNT(*) FROM PRODUCT_INVENTORY GROUP BY date_trunc('day', created_at)",4.68137109302184,983693,SUCCESS,
182c7fd5-f16a-40a6-9c86-9c30d28df8aa,2025-09-02T13:58:00,82e7a6a3-1f49-4f5a-8a2a-96e5a654a185,codyoconnor,PROD_WH_MEDIUM,"SELECT DISTINCT column1, column2 FROM USER_ACTIVITY_LOGS WHERE condition = 'value'",2.1297777319978595,757663,SUCCESS,
69571649-8b58-443c-aa91-f92d77983517,2025-09-02T14:05:00,4b7e389e-8c78-4e72-ab0b-774df43b399e,hardinjennifer,PROD_WH_X-SMALL,"SELECT COUNT(*) FROM USER_ACTIVITY_LOGS GROUP BY date_trunc('day', created_at)",0.42394939327523407,970287,SUCCESS,
d84fd6c9-35d9-4254-8d62-2cdf23f6216b,2025-09-02T14:05:00,f22aa1cf-fe8b-4e78-8492-b46e0f46ffda,brandtmisty,PROD_WH_X-SMALL,"SELECT DISTINCT column1, column2 FROM SYSTEM_EVENTS WHERE condition = 'value'",3.21802291047864,907754,SUCCESS,
1a9d3d7e-6573-4686-ae8e-12efe97ba723,2025-09-02T14:05:00,f22aa1cf-fe8b-4e78-8492-b46e0f46ffda,brandtmisty,PROD_WH_LARGE,SELECT * FROM MARKETING_CAMPAIGNS LIMIT 1000,1.978742548003576,181124,SUCCESS,
8e47aba2-1f41-40c7-86bd-bf834be0134d,2025-09-02T14:05:00,89e53854-09b7-4b59-8352-a231c51f8687,glarsen,ETL_WH_X-SMALL,"SELECT COUNT(*) FROM CUSTOMER_DATA GROUP BY date_trunc('day', created_at)",2.967982003592156,587576,SUCCESS,
3d3f5e9e-3226-4445-8de3-911d701d0a03,2025-09-02T14:05:00,cea2e75f-1ee1-4b1d-90f5-242f82a02bed,erickennedy,BI_WH_MEDIUM,SELECT * FROM SALES_TRANSACTIONS LIMIT 1000,2.7327552669399973,431617,SUCCESS,
273f04f5-378e-49f5-89ff-23535c5b6012,2025-09-02T14:05:00,82e7a6a3-1f49-4f5a-8a2a-96e5a654a185,codyoconnor,BI_WH_SMALL,"SELECT * FROM SYSTEM_EVENTS WHERE created_at >= dateadd('day', -7, current_date())",0.11886788821890046,475047,SUCCESS,
18b58d71-77e2-4d4d-923d-7e5e5a0d4e3e,2025-09-02T14:05:00,57eba2d7-a4fe-48aa-aa7b-ad0e6f1296b7,jose46,ETL_WH_SMALL,"SELECT * FROM CUSTOMER_DATA WHERE created_at >= dateadd('day', -7, current_date())",0.5653586932061454,771463,SUCCESS,
59b8441e-7f08-4c11-9bea-ef03c4758ef0,2025-09-02T14:05:00,4b7e389e-8c78-4e72-ab0b-774df43b399e,hardinjennifer,PROD_WH_LARGE,"SELECT * FROM SALES_TRANSACTIONS WHERE created_at >= dateadd('day', -7, current_date())",4.005224886841464,540172,SUCCESS,
9d6ad182-1534-4f0e-bfb7-441d6ff9a754,2025-09-02T14:05:00,4bc8b8f2-4d6e-4d5e-8d40-a7b6b3d6bb03,amandamitchell,PROD_WH_X-SMALL,"SELECT * FROM SALES_TRANSACTIONS WHERE created_at >= dateadd('day', -7, current_date())",2.9940068824548054,151654,SUCCESS,
359319af-6327-4b9a-a46e-46a3bbf6af1c,2025-09-02T14:05:00,4bc8b8f2-4d6e-4d5e-8d40-a7b6b3d6bb03,amandamitchell,PROD_WH_LARGE,SELECT * FROM PRODUCT_INVENTORY LIMIT 1000,3.9051526105480128,598715,SUCCESS,
088d5664-25a7-4575-a48b-8b511ead5d2d,2025-09-02T14:17:00,9a7a68c7-1b0c-4669-859f-6d352b1e386f,andrew16,DEV_WH_LARGE,"SELECT COUNT(*) FROM SYSTEM_EVENTS GROUP BY date_trunc('day', created_at)",2.4910697271849536,486887,SUCCESS,
072c4189-52a6-4854-b2e8-9a4234838cc3,2025-09-02T14:17:00,7cd584de-ca92-465c-8ea8-5f7ad356bee6,danasandoval,PROD_WH_SMALL,"SELECT * FROM MARKETING_CAMPAIGNS WHERE created_at >= dateadd('day', -7, current_date())",0.5344938840174008,292444,SUCCESS,
0c3b9511-a757-40b8-a8f0-4b5384641e44,2025-09-02T14:17:00,9a7a68c7-1b0c-4669-859f-6d352b1e386f,andrew16,PROD_WH_MEDIUM,"SELECT * FROM PRODUCT_INVENTORY WHERE created_at >= dateadd('day', -7, current_date())",4.157791861555167,917730,SUCCESS,
d78f035b-932c-4a42-8cff-2919274ab672,2025-09-02T14:17:00,a3a85592-9f3f-4845-87b8-dd199fcdc3cc,gmoreno,DEV_WH_X-SMALL,"SELECT * FROM SYSTEM_EVENTS WHERE created_at >= dateadd('day', -7, current_date())",2.9913516597039465,243252,SUCCESS,
95879ce9-b8e9-4153-b2af-84dd557d7fd5,2025-09-02T14:17:00,f22aa1cf-fe8b-4e78-8492-b46e0f46ffda,brandtmisty,BI_WH_MEDIUM,"SELECT * FROM MARKETING_CAMPAIGNS WHERE created_at >= dateadd('day', -7, current_date())",3.013494246432125,69013,SUCCESS,
e62a85e0-638b-42b0-b716-9026b5e74316,2025-09-02T14:17:00,4bc8b8f2-4d6e-4d5e-8d40-a7b6b3d6bb03,amandamitchell,DEV_WH_MEDIUM,"SELECT DISTINCT column1, column2 FROM USER_ACTIVITY_LOGS WHERE condition = 'value'",1.2328869561855758,839840,SUCCESS,
94ab1401-c320-4937-a3f8-94ee7e49778e,2025-09-02T14:17:00,cea2e75f-1ee1-4b1d-90f5-242f82a02bed,erickennedy,BI_WH_X-SMALL,"SELECT * FROM MARKETING_CAMPAIGNS WHERE created_at >= dateadd('day', -7, current_date())",0.1568156720583419,763539,SUCCESS,
8418efd5-d8e1-4cbc-bfea-6eee291cdf8c,2025-09-02T14:17:00,a3a85592-9f3f-4845-87b8-dd199fcdc3cc,gmoreno,DEV_WH_LARGE,SELECT * FROM EMPLOYEE_RECORDS LIMIT 1000,2.423119861329966,766757,SUCCESS,
ca8b7ad7-9970-4b4d-8372-d6e19808fff4,2025-09-02T14:17:00,f22aa1cf-fe8b-4e78-8492-b46e0f46ffda,brandtmisty,ETL_WH_SMALL,"SELECT * FROM SALES_TRANSACTIONS WHERE created_at >= dateadd('day', -7, current_date())",4.733695399418642,393935,SUCCESS,
af4f7e9b-d03e-4ab1-9e86-6fc70d84e493,2025-09-02T14:17:00,4663d48b-596a-4f39-b714-8d69ac9a7d2a,robert93,DEV_WH_MEDIUM,"SELECT DISTINCT column1, column2 FROM CUSTOMER_DATA WHERE condition = 'value'",4.674155760530125,986571,SUCCESS,
0197b8c7-64d9-4235-a541-7200c480fa31,2025-09-02T14:23:00,89e53854-09b7-4b59-8352-a231c51f8687,glarsen,PROD_WH_X-SMALL,"SELECT COUNT(*) FROM SYSTEM_EVENTS GROUP BY date_trunc('day', created_at)",4.1673409184770795,16396,SUCCESS,
8a1e9048-8eb4-44f2-adc4-b6f6edf10f5b,2025-09-02T14:23:00,57eba2d7-a4fe-48aa-aa7b-ad0e6f1296b7,jose46,BI_WH_LARGE,"SELECT DISTINCT column1, column2 FROM FINANCIAL_METRICS WHERE condition = 'value'",1.391865190107234,679391,SUCCESS,
181a468e-6050-49ae-b958-c31139b67985,2025-09-02T14:23:00,4bc8b8f2-4d6e-4d5e-8d40-a7b6b3d6bb03,amandamitchell,DEV_WH_LARGE,"SELECT * FROM SYSTEM_EVENTS WHERE created_at >= dateadd('day', -7, current_date())",3.217007734481212,526450,SUCCESS,
89032a89-1294-40f0-8dcb-3ff619e828a7,2025-09-02T14:23:00,879c852e-e8e8-45c3-9ead-5fa56c9ecfbc,egarcia,ETL_WH_LARGE,"SELECT COUNT(*) FROM PRODUCT_INVENTORY GROUP BY date_trunc('day', created_at)",3.1574400360550854,949073,SUCCESS,
ec501874-f0d3-4918-ab55-6b379e5ccf93,2025-09-02T14:23:00,00f99f6f-5fcc-490a-84f9-6b24911c0b2e,emilyhamilton,BI_WH_X-SMALL,"SELECT COUNT(*) FROM CUSTOMER_DATA GROUP BY date_trunc('day', created_at)",1.4738461733741335,577678,SUCCESS,
806a9e42-470f-42dd-8977-21c157f34d26,2025-09-02T14:23:00,4bc8b8f2-4d6e-4d5e-8d40-a7b6b3d6bb03,amandamitchell,ETL_WH_X-SMALL,"SELECT DISTINCT column1, column2 FROM PRODUCT_INVENTORY WHERE condition = 'value'",3.5592656125892232,329015,SUCCESS,
bad40312-a091-45d4-a893-35fd1953a880,2025-09-02T14:23:00,00f99f6f-5fcc-490a-84f9-6b24911c0b2e,emilyhamilton,DEV_WH_SMALL,"SELECT COUNT(*) FROM CUSTOMER_DATA GROUP BY date_trunc('day', created_at)",3.364347402210481,140838,SUCCESS,
2e6d2935-9f9e-4a2e-9c3e-ef11f3bab151,2025-09-02T14:23:00,a3a85592-9f3f-4845-87b8-dd199fcdc3cc,gmoreno,BI_WH_SMALL,"SELECT COUNT(*) FROM FINANCIAL_METRICS GROUP BY date_trunc('day', created_at)",0.4705848328886577,509167,SUCCESS,
26d536b8-64be-466e-8672-4c157f3465a1,2025-09-02T14:23:00,da0f0f7a-8d2c-4ca9-b82e-cda33fba6610,rachel35,DEV_WH_LARGE,"SELECT COUNT(*) FROM FINANCIAL_METRICS GROUP BY date_trunc('day', created_at)",3.377710350878955,821669,SUCCESS,
d188cc33-994a-4cf8-9e2c-5d7a5d4c64f2,2025-09-02T14:23:00,57eba2d7-a4fe-48aa-aa7b-ad0e6f1296b7,jose46,PROD_WH_SMALL,SELECT * FROM CUSTOMER_DATA LIMIT 1000,0.15754246290123552,591703,SUCCESS,
e634ffe3-feb2-4741-85c3-609a751e3ec8,2025-09-02T14:29:00,57eba2d7-a4fe-48aa-aa7b-ad0e6f1296b7,jose46,PROD_WH_SMALL,"SELECT DISTINCT column1, column2 FROM SYSTEM_EVENTS WHERE condition = 'value'",4.082115452552707,392436,SUCCESS,
cfeb67de-bbb5-47a7-ad6b-26703b345fef,2025-09-02T14:29:00,f22aa1cf-fe8b-4e78-8492-b46e0f46ffda,brandtmisty,PROD_WH_LARGE,SELECT * FROM EMPLOYEE_RECORDS LIMIT 1000,4.047469198540181,443405,SUCCESS,
95da8ed3-6b80-4072-99c0-f2270c978e4a,2025-09-02T14:29:00,9a7a68c7-1b0c-4669-859f-6d352b1e386f,andrew16,ETL_WH_LARGE,SELECT * FROM PRODUCT_INVENTORY LIMIT 1000,1.6979048436257513,246996,SUCCESS,
edcf2375-ec5c-45dc-ae89-72977f396214,2025-09-02T14:29:00,b92c2609-888c-471e-bf61-4363556df9d8,frank26,BI_WH_SMALL,"SELECT COUNT(*) FROM PRODUCT_INVENTORY GROUP BY date_trunc('day', created_at)",3.3180931545306462,129351,SUCCESS,
bcd2b89a-0e30-4a4e-8070-59bb4ee98575,2025-09-02T14:29:00,a3a85592-9f3f-4845-87b8-dd199fcdc3cc,gmoreno,DEV_WH_MEDIUM,SELECT * FROM PRODUCT_INVENTORY LIMIT 1000,2.7535490912791603,448544,SUCCESS,
cc32c35d-47ff-466f-9716-64403bebbc84,2025-09-02T14:29:00,da0f0f7a-8d2c-4ca9-b82e-cda33fba6610,rachel35,DEV_WH_LARGE,"SELECT * FROM SYSTEM_EVENTS WHERE created_at >= dateadd('day', -7, current_date())",1.586177607026525,18560,SUCCESS,
066a3bad-f90b-46ea-a773-eb6f83acfc9a,2025-09-02T14:29:00,ac5e7ada-2f2f-4292-a0e4-18083982547a,lliu,ETL_WH_MEDIUM,"SELECT * FROM SALES_TRANSACTIONS WHERE created_at >= dateadd('day', -7, current_date())",2.9744455255668285,120592,SUCCESS,
85034040-e895-4450-9d49-1d26467bbd29,2025-09-02T14:29:00,859c34dd-4540-49a3-b26d-f82b1455d905,oatkinson,ETL_WH_SMALL,"SELECT * FROM SYSTEM_EVENTS WHERE created_at >= dateadd('day', -7, current_date())",0.8608111903911547,293515,SUCCESS,
881b627d-56a9-4772-bb61-961798407a97,2025-09-02T14:29:00,4663d48b-596a-4f39-b714-8d69ac9a7d2a,robert93,ETL_WH_LARGE,"SELECT DISTINCT column1, column2 FROM SYSTEM_EVENTS WHERE condition = 'value'",2.4367671705555054,607436,SUCCESS,
7cde3108-7e50-4bba-89ac-218f8b4f656b,2025-09-02T14:29:00,3d8cc43f-0f00-40bd-b8b2-34ac61fc0360,rwilliams,DEV_WH_SMALL,"SELECT * FROM PRODUCT_INVENTORY WHERE created_at >= dateadd('day', -7, current_date())",0.7065774526848834,751553,SUCCESS,
2ff419cb-2f49-4715-b583-1ac57f17c30d,2025-09-02T14:35:00,89e53854-09b7-4b59-8352-a231c51f8687,glarsen,BI_WH_SMALL,"SELECT DISTINCT column1, column2 FROM SALES_TRANSACTIONS WHERE condition = 'value'",2.712974540945979,390214,SUCCESS,
2eda9787-3d85-4142-bd51-14fb8d78c341,2025-09-02T14:35:00,b92c2609-888c-471e-bf61-4363556df9d8,frank26,BI_WH_X-SMALL,SELECT * FROM SALES_TRANSACTIONS LIMIT 1000,3.3830138604308333,330109,SUCCESS,
e5aa7574-4d2f-4f7c-95da-2e6e2306387e,2025-09-02T14:35:00,4b7e389e-8c78-4e72-ab0b-774df43b399e,hardinjennifer,PROD_WH_SMALL,"SELECT COUNT(*) FROM SALES_TRANSACTIONS GROUP BY date_trunc('day', created_at)",3.721491625454853,753824,SUCCESS,
b9888439-c6e1-4caa-bdb7-e189f72197c5,2025-09-02T14:35:00,cea2e75f-1ee1-4b1d-90f5-242f82a02bed,erickennedy,BI_WH_MEDIUM,"SELECT DISTINCT column1, column2 FROM EMPLOYEE_RECORDS WHERE condition = 'value'",4.676102895447397,767339,SUCCESS,
78507f40-454c-4241-9173-d4465f341bcd,2025-09-02T14:35:00,4663d48b-596a-4f39-b714-8d69ac9a7d2a,robert93,PROD_WH_SMALL,SELECT * FROM CUSTOMER_DATA LIMIT 1000,4.197963381631224,743075,SUCCESS,
cbf55db1-b674-45be-be45-cd10699bdd69,2025-09-02T14:35:00,b92c2609-888c-471e-bf61-4363556df9d8,frank26,ETL_WH_X-SMALL,"SELECT DISTINCT column1, column2 FROM EMPLOYEE_RECORDS WHERE condition = 'value'",1.7077957584577004,875988,SUCCESS,
4b4aba74-6439-4764-9ac1-42fcaa2e2938,2025-09-02T14:35:00,3d8cc43f-0f00-40bd-b8b2-34ac61fc0360,rwilliams,PROD_WH_MEDIUM,"SELECT COUNT(*) FROM MARKETING_CAMPAIGNS GROUP BY date_trunc('day', created_at)",2.784011171851019,646900,SUCCESS,
4ab1a746-f8e2-48fe-8776-818b08934944,2025-09-02T14:35:00,f22aa1cf-fe8b-4e78-8492-b46e0f46ffda,brandtmisty,DEV_WH_LARGE,"SELECT * FROM CUSTOMER_DATA WHERE created_at >= dateadd('day', -7, current_date())",2.53849742389909,692767,SUCCESS,
7c6749bd-7900-4440-ba53-ae3910abd61c,2025-09-02T14:35:00,7cd584de-ca92-465c-8ea8-5f7ad356bee6,danasandoval,DEV_WH_SMALL,"SELECT COUNT(*) FROM PRODUCT_INVENTORY GROUP BY date_trunc('day', created_at)",1.4104041553369193,215034,SUCCESS,
a70dcecd-5b34-45c5-a26c-23b70114f65c,2025-09-02T14:35:00,89e53854-09b7-4b59-8352-a231c51f8687,glarsen,ETL_WH_SMALL,SELECT * FROM PRODUCT_INVENTORY LIMIT 1000,0.17098457732183908,431551,SUCCESS,
c914fdd4-0873-4e6e-9e78-48a63fa1108f,2025-09-02T14:44:00,a3a85592-9f3f-4845-87b8-dd199fcdc3cc,gmoreno,BI_WH_LARGE,"SELECT * FROM FINANCIAL_METRICS WHERE created_at >= dateadd('day', -7, current_date())",4.020318953632612,823303,SUCCESS,
bbc649ba-713e-45d9-a4be-b819604388ab,2025-09-02T14:44:00,ac5e7ada-2f2f-4292-a0e4-18083982547a,lliu,ETL_WH_SMALL,"SELECT COUNT(*) FROM USER_ACTIVITY_LOGS GROUP BY date_trunc('day', created_at)",0.7061081672931839,668724,SUCCESS,
01365580-967f-4b87-9783-99f569455d32,2025-09-02T14:44:00,4b7e389e-8c78-4e72-ab0b-774df43b399e,hardinjennifer,ETL_WH_SMALL,"SELECT * FROM PRODUCT_INVENTORY WHERE created_at >= dateadd('day', -7, current_date())",2.425138421061242,805859,SUCCESS,
959f10f9-a5b7-4272-9a5a-be30c7f6ec31,2025-09-02T14:44:00,da0f0f7a-8d2c-4ca9-b82e-cda33fba6610,rachel35,BI_WH_LARGE,"SELECT COUNT(*) FROM MARKETING_CAMPAIGNS GROUP BY date_trunc('day', created_at)",4.795081277536979,471464,SUCCESS,
c3f254c4-81dd-485b-9921-77d4b356c48d,2025-09-02T14:44:00,9a7a68c7-1b0c-4669-859f-6d352b1e386f,andrew16,BI_WH_SMALL,"SELECT DISTINCT column1, column2 FROM EMPLOYEE_RECORDS WHERE condition = 'value'",4.4855910705353725,171788,SUCCESS,
dcae147b-5912-4249-9af1-be6883e4c0e4,2025-09-02T14:44:00,4b7e389e-8c78-4e72-ab0b-774df43b399e,hardinjennifer,BI_WH_LARGE,"SELECT COUNT(*) FROM USER_ACTIVITY_LOGS GROUP BY date_trunc('day', created_at)",2.4366731958260535,963366,SUCCESS,
3fb9fc71-f0c0-4f67-ad13-d3a8ce40f260,2025-09-02T14:44:00,00f99f6f-5fcc-490a-84f9-6b24911c0b2e,emilyhamilton,BI_WH_X-SMALL,"SELECT * FROM MARKETING_CAMPAIGNS WHERE created_at >= dateadd('day', -7, current_date())",4.884313869198964,817455,SUCCESS,
3b17c444-8bc0-4f1a-bfb3-7c4cc024e1e8,2025-09-02T14:44:00,ac5e7ada-2f2f-4292-a0e4-18083982547a,lliu,BI_WH_MEDIUM,"SELECT * FROM EMPLOYEE_RECORDS WHERE created_at >= dateadd('day', -7, current_date())",1.7060593824361001,151008,SUCCESS,
0754d66a-2d37-4802-acd8-b602fc20a7a7,2025-09-02T14:44:00,b92c2609-888c-471e-bf61-4363556df9d8,frank26,BI_WH_X-SMALL,"SELECT DISTINCT column1, column2 FROM PRODUCT_INVENTORY WHERE condition = 'value'",1.5145260671756682,234629,SUCCESS,
cbb4214f-04e4-4a9f-a197-c6fc94bab58f,2025-09-02T14:44:00,4bc8b8f2-4d6e-4d5e-8d40-a7b6b3d6bb03,amandamitchell,BI_WH_LARGE,"SELECT * FROM SALES_TRANSACTIONS WHERE created_at >= dateadd('day', -7, current_date())",0.5028832374054565,305556,SUCCESS,
27e06b23-c5af-4bbc-910c-d6372607f323,2025-09-02T14:54:00,ac5e7ada-2f2f-4292-a0e4-18083982547a,lliu,DEV_WH_LARGE,"SELECT COUNT(*) FROM USER_ACTIVITY_LOGS GROUP BY date_trunc('day', created_at)",0.9299065928778741,655391,SUCCESS,
571ba95e-759d-46b6-8a8d-9a1483395cc0,2025-09-02T14:54:00,57eba2d7-a4fe-48aa-aa7b-ad0e6f1296b7,jose46,PROD_WH_X-SMALL,"SELECT DISTINCT column1, column2 FROM PRODUCT_INVENTORY WHERE condition = 'value'",4.7445350569335565,202497,SUCCESS,
893d735f-31f5-45c0-898f-109d90ac8c0d,2025-09-02T14:54:00,b92c2609-888c-471e-bf61-4363556df9d8,frank26,ETL_WH_LARGE,"SELECT COUNT(*) FROM EMPLOYEE_RECORDS GROUP BY date_trunc('day', created_at)",0.5030047398108746,245979,SUCCESS,
5043c83f-a488-4b63-a629-c5a212b42287,2025-09-02T14:54:00,b92c2609-888c-471e-bf61-4363556df9d8,frank26,DEV_WH_MEDIUM,"SELECT * FROM EMPLOYEE_RECORDS WHERE created_at >= dateadd('day', -7, current_date())",2.312505518308953,490582,SUCCESS,
02b0058e-10f1-4c8c-8971-f65703d497b2,2025-09-02T14:54:00,4bc8b8f2-4d6e-4d5e-8d40-a7b6b3d6bb03,amandamitchell,PROD_WH_MEDIUM,"SELECT DISTINCT column1, column2 FROM SALES_TRANSACTIONS WHERE condition = 'value'",0.5035860388596439,367052,SUCCESS,
e888c1c5-7391-4941-b08b-10c1960a2640,2025-09-02T14:54:00,7cd584de-ca92-465c-8ea8-5f7ad356bee6,danasandoval,DEV_WH_LARGE,SELECT * FROM USER_ACTIVITY_LOGS LIMIT 1000,0.6028926392671327,592438,SUCCESS,
a1be6852-a688-4ba7-9577-3616895190c8,2025-09-02T14:54:00,3d8cc43f-0f00-40bd-b8b2-34ac61fc0360,rwilliams,DEV_WH_LARGE,"SELECT * FROM PRODUCT_INVENTORY WHERE created_at >= dateadd('day', -7, current_date())",0.1943131485008094,59788,SUCCESS,
4f4dc890-e8da-4886-888d-7f371de7d41a,2025-09-02T14:54:00,7cd584de-ca92-465c-8ea8-5f7ad356bee6,danasandoval,PROD_WH_LARGE,"SELECT * FROM PRODUCT_INVENTORY WHERE created_at >= dateadd('day', -7, current_date())",3.028574418846306,688006,SUCCESS,
be3b7b4c-17c6-4dbb-9da4-07053cf59478,2025-09-02T14:54:00,b92c2609-888c-471e-bf61-4363556df9d8,frank26,PROD_WH_SMALL,SELECT * FROM CUSTOMER_DATA LIMIT 1000,4.772800904158175,246691,SUCCESS,
c9bef8fd-2daf-404e-9974-e2572ee55a78,2025-09-02T14:54:00,da0f0f7a-8d2c-4ca9-b82e-cda33fba6610,rachel35,DEV_WH_MEDIUM,"SELECT DISTINCT column1, column2 FROM EMPLOYEE_RECORDS WHERE condition = 'value'",2.8931665864192206,731717,SUCCESS,
4e0755ea-1443-4c09-894d-0bada2a8806c,2025-09-02T15:07:00,ac5e7ada-2f2f-4292-a0e4-18083982547a,lliu,ETL_WH_MEDIUM,SELECT * FROM EMPLOYEE_RECORDS LIMIT 1000,2.358557125890343,570086,SUCCESS,
5192990e-2278-4a03-ad1e-7a53c01e3e35,2025-09-02T15:07:00,89e53854-09b7-4b59-8352-a231c51f8687,glarsen,PROD_WH_LARGE,"SELECT COUNT(*) FROM SALES_TRANSACTIONS GROUP BY date_trunc('day', created_at)",0.26527566249995654,928114,SUCCESS,
431f0ea2-34cd-4411-8eaf-9c0d352504b5,2025-09-02T15:07:00,9a7a68c7-1b0c-4669-859f-6d352b1e386f,andrew16,PROD_WH_SMALL,"SELECT * FROM SALES_TRANSACTIONS WHERE created_at >= dateadd('day', -7, current_date())",1.8937519448800246,91384,SUCCESS,
dfa513d6-596c-48f9-99cc-a953719c4315,2025-09-02T15:07:00,859c34dd-4540-49a3-b26d-f82b1455d905,oatkinson,BI_WH_X-SMALL,SELECT * FROM SALES_TRANSACTIONS LIMIT 1000,1.8477325677522132,749745,SUCCESS,
961fc27a-dc5f-4dc2-a126-1b70ca15be76,2025-09-02T15:07:00,879c852e-e8e8-45c3-9ead-5fa56c9ecfbc,egarcia,PROD_WH_X-SMALL,"SELECT * FROM CUSTOMER_DATA WHERE created_at >= dateadd('day', -7, current_date())",0.10346697335539826,393291,SUCCESS,
c86f711a-1375-4e12-837e-32ea83ce6d71,2025-09-02T15:07:00,859c34dd-4540-49a3-b26d-f82b1455d905,oatkinson,PROD_WH_MEDIUM,"SELECT * FROM FINANCIAL_METRICS WHERE created_at >= dateadd('day', -7, current_date())",2.163187668172301,789261,SUCCESS,
e175d138-ce87-451e-8527-945d0647041b,2025-09-02T15:07:00,4b7e389e-8c78-4e72-ab0b-774df43b399e,hardinjennifer,BI_WH_X-SMALL,SELECT * FROM FINANCIAL_METRICS LIMIT 1000,3.661777908737668,72731,SUCCESS,
49ef1bd2-4546-43e1-8b41-3c5199d10b7e,2025-09-02T15:07:00,00f99f6f-5fcc-490a-84f9-6b24911c0b2e,emilyhamilton,BI_WH_X-SMALL,SELECT * FROM MARKETING_CAMPAIGNS LIMIT 1000,3.7179899870015967,211062,SUCCESS,
f4df65ac-d31f-4b5c-9b8a-139baf71ec5a,2025-09-02T15:07:00,5fb2a072-2bab-4b94-9109-9cbea70c5438,bryancuevas,PROD_WH_SMALL,"SELECT * FROM CUSTOMER_DATA WHERE created_at >= dateadd('day', -7, current_date())",2.3589891844680606,229139,SUCCESS,
4b1ce117-08af-4f50-a04c-5d9a36dfca1a,2025-09-02T15:07:00,5fb2a072-2bab-4b94-9109-9cbea70c5438,bryancuevas,PROD_WH_X-SMALL,"SELECT DISTINCT column1, column2 FROM PRODUCT_INVENTORY WHERE condition = 'value'",0.4112490066168636,802085,SUCCESS,
a561f511-7fc9-4b70-b6c2-09069a18a29a,2025-09-02T15:18:00,9a7a68c7-1b0c-4669-859f-6d352b1e386f,andrew16,ETL_WH_LARGE,"SELECT * FROM SALES_TRANSACTIONS WHERE created_at >= dateadd('day', -7, current_date())",0.36358047534111815,305442,SUCCESS,
06bbe744-6a28-4e08-ab3d-1fff31fa3a14,2025-09-02T15:18:00,9a7a68c7-1b0c-4669-859f-6d352b1e386f,andrew16,PROD_WH_X-SMALL,SELECT * FROM CUSTOMER_DATA LIMIT 1000,1.8879847891191173,128950,SUCCESS,
96c03acc-992c-47bd-b373-abb147eb91a7,2025-09-02T15:18:00,9a7a68c7-1b0c-4669-859f-6d352b1e386f,andrew16,ETL_WH_MEDIUM,"SELECT DISTINCT column1, column2 FROM SALES_TRANSACTIONS WHERE condition = 'value'",2.8392701289470796,493943,SUCCESS,
274aa729-1503-4f4f-9cbf-c1189d0ef510,2025-09-02T15:18:00,a3a85592-9f3f-4845-87b8-dd199fcdc3cc,gmoreno,PROD_WH_MEDIUM,"SELECT DISTINCT column1, column2 FROM SALES_TRANSACTIONS WHERE condition = 'value'",1.1952315536379334,946123,SUCCESS,
b6ce7b46-47dc-443a-ad88-c1759443f894,2025-09-02T15:18:00,ac5e7ada-2f2f-4292-a0e4-18083982547a,lliu,DEV_WH_LARGE,"SELECT * FROM MARKETING_CAMPAIGNS WHERE created_at >= dateadd('day', -7, current_date())",0.41800963239845135,484110,SUCCESS,
a44bf04f-7a10-41c6-8c55-b59908fba2a2,2025-09-02T15:18:00,5fb2a072-2bab-4b94-9109-9cbea70c5438,bryancuevas,DEV_WH_X-SMALL,"SELECT COUNT(*) FROM EMPLOYEE_RECORDS GROUP BY date_trunc('day', created_at)",1.9530194516405017,572758,SUCCESS,
e71c88ab-c504-4a4f-aa4a-7cb51ee65a0b,2025-09-02T15:18:00,57eba2d7-a4fe-48aa-aa7b-ad0e6f1296b7,jose46,PROD_WH_SMALL,"SELECT * FROM EMPLOYEE_RECORDS WHERE created_at >= dateadd('day', -7, current_date())",0.5874147490656001,634239,SUCCESS,
3457f67b-f92f-4975-970c-df6a8e20c18e,2025-09-02T15:18:00,82e7a6a3-1f49-4f5a-8a2a-96e5a654a185,codyoconnor,BI_WH_LARGE,"SELECT COUNT(*) FROM MARKETING_CAMPAIGNS GROUP BY date_trunc('day', created_at)",0.4499290271390357,863740,SUCCESS,
c6c8723b-1620-4d5f-bd8a-d676469d28ff,2025-09-02T15:18:00,859c34dd-4540-49a3-b26d-f82b1455d905,oatkinson,ETL_WH_X-SMALL,"SELECT DISTINCT column1, column2 FROM CUSTOMER_DATA WHERE condition = 'value'",4.06418954060857,723232,SUCCESS,
f68a1d1f-5563-49ba-bc88-ddea001bdd4b,2025-09-02T15:18:00,5fb2a072-2bab-4b94-9109-9cbea70c5438,bryancuevas,DEV_WH_MEDIUM,"SELECT * FROM USER_ACTIVITY_LOGS WHERE created_at >= dateadd('day', -7, current_date())",4.509690809579228,836936,SUCCESS,
d8372b84-5349-431e-9085-6f53945f18ab,2025-09-02T15:23:00,cea2e75f-1ee1-4b1d-90f5-242f82a02bed,erickennedy,ETL_WH_LARGE,SELECT * FROM PRODUCT_INVENTORY LIMIT 1000,3.479734142382866,671429,SUCCESS,
c222bb34-512a-4044-8cbd-706439e121c6,2025-09-02T15:23:00,da0f0f7a-8d2c-4ca9-b82e-cda33fba6610,rachel35,DEV_WH_X-SMALL,SELECT * FROM SALES_TRANSACTIONS LIMIT 1000,3.1326235415487487,313717,SUCCESS,
db844d63-4258-4e1c-8251-90577161f64f,2025-09-02T15:23:00,879c852e-e8e8-45c3-9ead-5fa56c9ecfbc,egarcia,ETL_WH_SMALL,"SELECT COUNT(*) FROM FINANCIAL_METRICS GROUP BY date_trunc('day', created_at)",0.5831794412823877,627367,SUCCESS,
af05e354-922b-43dd-882e-92b30fe5831b,2025-09-02T15:23:00,879c852e-e8e8-45c3-9ead-5fa56c9ecfbc,egarcia,ETL_WH_X-SMALL,"SELECT * FROM MARKETING_CAMPAIGNS WHERE created_at >= dateadd('day', -7, current_date())",1.867911025093487,338256,SUCCESS,
575d425b-4013-4ede-9b3c-1e30c325e2a5,2025-09-02T15:23:00,00f99f6f-5fcc-490a-84f9-6b24911c0b2e,emilyhamilton,ETL_WH_MEDIUM,"SELECT * FROM CUSTOMER_DATA WHERE created_at >= dateadd('day', -7, current_date())",2.9875747301207842,930858,SUCCESS,
7ef9266b-73e0-4a58-83d7-f49fa5462bc8,2025-09-02T15:23:00,5fb2a072-2bab-4b94-9109-9cbea70c5438,bryancuevas,BI_WH_LARGE,"SELECT * FROM EMPLOYEE_RECORDS WHERE created_at >= dateadd('day', -7, current_date())",3.2703823015927234,76675,SUCCESS,
71c43e74-e0a3-4d9a-b83c-784833f6a559,2025-09-02T15:23:00,ac5e7ada-2f2f-4292-a0e4-18083982547a,lliu,DEV_WH_LARGE,"SELECT COUNT(*) FROM CUSTOMER_DATA GROUP BY date_trunc('day', created_at)",4.909767652020255,392995,SUCCESS,
d2d5c0a4-e5c3-42b1-8840-4ee7cc7c2b5c,2025-09-02T15:23:00,4b7e389e-8c78-4e72-ab0b-774df43b399e,hardinjennifer,PROD_WH_LARGE,SELECT * FROM FINANCIAL_METRICS LIMIT 1000,1.4427098750631635,368586,SUCCESS,
09fe3ff0-7c1d-439b-ac5e-90c7ee9bf2d1,2025-09-02T15:23:00,859c34dd-4540-49a3-b26d-f82b1455d905,oatkinson,ETL_WH_X-SMALL,"SELECT COUNT(*) FROM EMPLOYEE_RECORDS GROUP BY date_trunc('day', created_at)",1.425160097989238,862255,SUCCESS,
c6844071-14a5-4972-999c-28fcac48d173,2025-09-02T15:23:00,a3a85592-9f3f-4845-87b8-dd199fcdc3cc,gmoreno,ETL_WH_LARGE,"SELECT * FROM SYSTEM_EVENTS WHERE created_at >= dateadd('day', -7, current_date())",4.983619553910228,349026,SUCCESS,
f4516f56-6b87-4645-88f6-ccc82ab6e7de,2025-09-02T15:37:00,879c852e-e8e8-45c3-9ead-5fa56c9ecfbc,egarcia,DEV_WH_LARGE,"SELECT DISTINCT column1, column2 FROM USER_ACTIVITY_LOGS WHERE condition = 'value'",0.6581031958056508,531325,SUCCESS,
596d08ef-498a-4025-b458-89f8a3a71fa5,2025-09-02T15:37:00,a3a85592-9f3f-4845-87b8-dd199fcdc3cc,gmoreno,DEV_WH_MEDIUM,"SELECT COUNT(*) FROM MARKETING_CAMPAIGNS GROUP BY date_trunc('day', created_at)",4.35949781812076,78158,SUCCESS,
955ac9f5-2804-499e-9901-c9aaea5ef78a,2025-09-02T15:37:00,82e7a6a3-1f49-4f5a-8a2a-96e5a654a185,codyoconnor,BI_WH_X-SMALL,"SELECT DISTINCT column1, column2 FROM CUSTOMER_DATA WHERE condition = 'value'",4.964317805353517,60471,SUCCESS,
6001247b-40c0-4019-9477-b14510444f30,2025-09-02T15:37:00,ac5e7ada-2f2f-4292-a0e4-18083982547a,lliu,PROD_WH_LARGE,"SELECT DISTINCT column1, column2 FROM PRODUCT_INVENTORY WHERE condition = 'value'",1.4116431987339098,311754,SUCCESS,
4711af5f-2093-4f78-b03c-ef1fe9af82d0,2025-09-02T15:37:00,f22aa1cf-fe8b-4e78-8492-b46e0f46ffda,brandtmisty,BI_WH_MEDIUM,"SELECT COUNT(*) FROM EMPLOYEE_RECORDS GROUP BY date_trunc('day', created_at)",4.461463405046222,575019,SUCCESS,
3a7f0546-89b3-4040-a72d-6b410ba97085,2025-09-02T15:37:00,5fb2a072-2bab-4b94-9109-9cbea70c5438,bryancuevas,ETL_WH_X-SMALL,SELECT * FROM PRODUCT_INVENTORY LIMIT 1000,4.041887440112273,474920,SUCCESS,
a14ba7a9-05e2-4911-828f-f0a173292385,2025-09-02T15:37:00,f0c2cfac-cf3b-4053-9e79-a6a4c6bbd187,garciaalison,DEV_WH_MEDIUM,SELECT * FROM SYSTEM_EVENTS LIMIT 1000,4.793388031960591,993310,SUCCESS,
6d5caa06-50e3-43c8-924b-180e3851927f,2025-09-02T15:37:00,f0c2cfac-cf3b-4053-9e79-a6a4c6bbd187,garciaalison,BI_WH_SMALL,"SELECT COUNT(*) FROM USER_ACTIVITY_LOGS GROUP BY date_trunc('day', created_at)",3.8219522252700378,114358,SUCCESS,
c512143c-68b3-446f-9e73-c878cbc632c4,2025-09-02T15:37:00,00f99f6f-5fcc-490a-84f9-6b24911c0b2e,emilyhamilton,DEV_WH_SMALL,"SELECT COUNT(*) FROM MARKETING_CAMPAIGNS GROUP BY date_trunc('day', created_at)",3.27856024518099,325318,SUCCESS,
3a1a03bb-3e3c-4de2-99fa-68e91f913fba,2025-09-02T15:37:00,9a7a68c7-1b0c-4669-859f-6d352b1e386f,andrew16,DEV_WH_LARGE,SELECT * FROM USER_ACTIVITY_LOGS LIMIT 1000,3.8251630833458017,232315,SUCCESS,
4cb34ab8-d1eb-43a8-a5b5-2a9c46a472d0,2025-09-02T15:49:00,82e7a6a3-1f49-4f5a-8a2a-96e5a654a185,codyoconnor,BI_WH_SMALL,"SELECT * FROM EMPLOYEE_RECORDS WHERE created_at >= dateadd('day', -7, current_date())",3.0374397863820866,285331,SUCCESS,
cf7895be-e157-4708-80ef-bcb0b8078e18,2025-09-02T15:49:00,cea2e75f-1ee1-4b1d-90f5-242f82a02bed,erickennedy,PROD_WH_SMALL,SELECT * FROM EMPLOYEE_RECORDS LIMIT 1000,4.980549399128803,984096,SUCCESS,
66e944d9-33b9-4de3-af1a-fd82f7ac4b0d,2025-09-02T15:49:00,7cd584de-ca92-465c-8ea8-5f7ad356bee6,danasandoval,PROD_WH_X-SMALL,"SELECT * FROM USER_ACTIVITY_LOGS WHERE created_at >= dateadd('day', -7, current_date())",4.986805030114214,542724,SUCCESS,
a5472049-5ef3-4c23-9db9-705e97590e6d,2025-09-02T15:49:00,9a7a68c7-1b0c-4669-859f-6d352b1e386f,andrew16,PROD_WH_MEDIUM,SELECT * FROM USER_ACTIVITY_LOGS LIMIT 1000,2.9233746143855153,33786,SUCCESS,
5fb1d6c2-66f9-429b-b0a7-8d408b4ba500,2025-09-02T15:49:00,859c34dd-4540-49a3-b26d-f82b1455d905,oatkinson,PROD_WH_LARGE,SELECT * FROM USER_ACTIVITY_LOGS LIMIT 1000,1.645844547783572,419248,SUCCESS,
31c84e3c-a8a9-4a2f-aa3d-f6cc79bd14cb,2025-09-02T15:49:00,859c34dd-4540-49a3-b26d-f82b1455d905,oatkinson,ETL_WH_SMALL,SELECT * FROM SYSTEM_EVENTS LIMIT 1000,4.829393556270576,255362,SUCCESS,
d82372e2-946d-4558-9a3d-9fac68510e30,2025-09-02T15:49:00,cea2e75f-1ee1-4b1d-90f5-242f82a02bed,erickennedy,ETL_WH_SMALL,SELECT * FROM FINANCIAL_METRICS LIMIT 1000,4.904586966232011,890501,SUCCESS,
694e64f5-35f3-4281-91e8-4f77be098b78,2025-09-02T15:49:00,f22aa1cf-fe8b-4e78-8492-b46e0f46ffda,brandtmisty,BI_WH_SMALL,"SELECT * FROM USER_ACTIVITY_LOGS WHERE created_at >= dateadd('day', -7, current_date())",4.8724261742168755,332465,SUCCESS,
54681c54-0606-48a9-abc4-013d1a19d156,2025-09-02T15:49:00,89e53854-09b7-4b59-8352-a231c51f8687,glarsen,ETL_WH_SMALL,SELECT * FROM USER_ACTIVITY_LOGS LIMIT 1000,2.988274104428853,610059,SUCCESS,
0b8408a6-f745-4597-bfaf-4959c4f9e7bd,2025-09-02T15:49:00,82e7a6a3-1f49-4f5a-8a2a-96e5a654a185,codyoconnor,BI_WH_X-SMALL,"SELECT COUNT(*) FROM SYSTEM_EVENTS GROUP BY date_trunc('day', created_at)",0.7452128675483287,137352,SUCCESS,
58d65c23-20b7-4c6f-bd61-4aae4fa3cb22,2025-09-02T16:01:00,f22aa1cf-fe8b-4e78-8492-b46e0f46ffda,brandtmisty,ETL_WH_LARGE,"SELECT * FROM FINANCIAL_METRICS WHERE created_at >= dateadd('day', -7, current_date())",0.7809219048583804,729126,SUCCESS,
18eb533c-a80b-43f0-969f-31c8a9e4ab8c,2025-09-02T16:01:00,82e7a6a3-1f49-4f5a-8a2a-96e5a654a185,codyoconnor,ETL_WH_LARGE,"SELECT * FROM MARKETING_CAMPAIGNS WHERE created_at >= dateadd('day', -7, current_date())",2.7747375374712813,534121,SUCCESS,
0d119cdb-9978-4fe1-8f9e-b636318f4b27,2025-09-02T16:01:00,4bc8b8f2-4d6e-4d5e-8d40-a7b6b3d6bb03,amandamitchell,ETL_WH_X-SMALL,"SELECT COUNT(*) FROM FINANCIAL_METRICS GROUP BY date_trunc('day', created_at)",4.006884165296004,372221,SUCCESS,
ec41da00-e1bf-458b-b0d1-9285d11d80d5,2025-09-02T16:01:00,7cd584de-ca92-465c-8ea8-5f7ad356bee6,danasandoval,BI_WH_LARGE,"SELECT COUNT(*) FROM MARKETING_CAMPAIGNS GROUP BY date_trunc('day', created_at)",4.5113099553951495,212748,SUCCESS,
b1d3a338-8324-4c05-84ab-dccf27a856bc,2025-09-02T16:01:00,f22aa1cf-fe8b-4e78-8492-b46e0f46ffda,brandtmisty,BI_WH_SMALL,SELECT * FROM FINANCIAL_METRICS LIMIT 1000,1.0422892678633753,269415,SUCCESS,
f530c91a-f48c-47b1-ab73-d111ce37c52a,2025-09-02T16:01:00,7cd584de-ca92-465c-8ea8-5f7ad356bee6,danasandoval,DEV_WH_LARGE,"SELECT DISTINCT column1, column2 FROM FINANCIAL_METRICS WHERE condition = 'value'",4.43195126930701,320825,SUCCESS,
5227d951-a228-43d6-91e3-96661a5cf5b9,2025-09-02T16:01:00,f22aa1cf-fe8b-4e78-8492-b46e0f46ffda,brandtmisty,ETL_WH_SMALL,SELECT * FROM FINANCIAL_METRICS LIMIT 1000,4.655239812975372,984316,SUCCESS,
7a86bca8-e298-4594-82a9-afc0d2c093ea,2025-09-02T16:01:00,f22aa1cf-fe8b-4e78-8492-b46e0f46ffda,brandtmisty,PROD_WH_LARGE,SELECT * FROM SALES_TRANSACTIONS LIMIT 1000,3.638860485448779,900625,SUCCESS,
d0d8e4ea-690f-41d1-b32f-5f5594dac36c,2025-09-02T16:01:00,7cd584de-ca92-465c-8ea8-5f7ad356bee6,danasandoval,BI_WH_MEDIUM,"SELECT DISTINCT column1, column2 FROM PRODUCT_INVENTORY WHERE condition = 'value'",2.7823730833631934,762068,SUCCESS,
41cbc5c9-31d5-43cb-a602-d9a74bd7055f,2025-09-02T16:01:00,5fb2a072-2bab-4b94-9109-9cbea70c5438,bryancuevas,DEV_WH_SMALL,SELECT * FROM CUSTOMER_DATA LIMIT 1000,2.9052360539155333,674386,SUCCESS,
d4c0f21e-5683-4000-b204-4073ce135be7,2025-09-02T16:11:00,879c852e-e8e8-45c3-9ead-5fa56c9ecfbc,egarcia,ETL_WH_X-SMALL,"SELECT COUNT(*) FROM PRODUCT_INVENTORY GROUP BY date_trunc('day', created_at)",1.37776736489911,453529,SUCCESS,
211b48d3-96e4-420f-9072-b8258ee527f0,2025-09-02T16:11:00,82e7a6a3-1f49-4f5a-8a2a-96e5a654a185,codyoconnor,PROD_WH_SMALL,"SELECT COUNT(*) FROM SYSTEM_EVENTS GROUP BY date_trunc('day', created_at)",4.594255085484346,819063,SUCCESS,
409f8539-1e40-4d03-9abc-27028cb7e675,2025-09-02T16:11:00,f0c2cfac-cf3b-4053-9e79-a6a4c6bbd187,garciaalison,DEV_WH_MEDIUM,"SELECT * FROM CUSTOMER_DATA WHERE created_at >= dateadd('day', -7, current_date())",4.146561456859437,315164,SUCCESS,
720e1921-3d94-4677-b800-72016e7e6791,2025-09-02T16:11:00,89e53854-09b7-4b59-8352-a231c51f8687,glarsen,BI_WH_MEDIUM,SELECT * FROM FINANCIAL_METRICS LIMIT 1000,2.946497569762486,255585,SUCCESS,
8b29c7ed-ad0d-49ce-9d32-d6752750cf7e,2025-09-02T16:11:00,da0f0f7a-8d2c-4ca9-b82e-cda33fba6610,rachel35,PROD_WH_X-SMALL,"SELECT COUNT(*) FROM FINANCIAL_METRICS GROUP BY date_trunc('day', created_at)",1.3793766644058563,196790,SUCCESS,
52410271-9e5a-4bd0-990e-887245e4ed18,2025-09-02T16:11:00,859c34dd-4540-49a3-b26d-f82b1455d905,oatkinson,ETL_WH_LARGE,SELECT * FROM SALES_TRANSACTIONS LIMIT 1000,2.403940963350535,808003,SUCCESS,
9bde3f8b-ce8c-400f-83b7-f4a5d3f56b6b,2025-09-02T16:11:00,3d8cc43f-0f00-40bd-b8b2-34ac61fc0360,rwilliams,BI_WH_MEDIUM,"SELECT COUNT(*) FROM CUSTOMER_DATA GROUP BY date_trunc('day', created_at)",2.193922871703832,526645,SUCCESS,
99e53c45-8b57-47cd-964c-8c743cecbcc0,2025-09-02T16:11:00,9a7a68c7-1b0c-4669-859f-6d352b1e386f,andrew16,ETL_WH_X-SMALL,SELECT * FROM USER_ACTIVITY_LOGS LIMIT 1000,2.1225779943743457,228694,SUCCESS,
d4f1f86a-1418-44b5-8084-35ad967c9ecb,2025-09-02T16:11:00,57eba2d7-a4fe-48aa-aa7b-ad0e6f1296b7,jose46,PROD_WH_X-SMALL,"SELECT DISTINCT column1, column2 FROM USER_ACTIVITY_LOGS WHERE condition = 'value'",0.6859124691820725,119299,SUCCESS,
86e4e743-de59-4630-a38a-66ab14bc5811,2025-09-02T16:11:00,9a7a68c7-1b0c-4669-859f-6d352b1e386f,andrew16,ETL_WH_LARGE,"SELECT COUNT(*) FROM SYSTEM_EVENTS GROUP BY date_trunc('day', created_at)",3.112219130745842,478957,SUCCESS,
d744da32-d275-43ab-815f-8ff9402c16fb,2025-09-02T16:21:00,ac5e7ada-2f2f-4292-a0e4-18083982547a,lliu,PROD_WH_X-SMALL,"SELECT * FROM SYSTEM_EVENTS WHERE created_at >= dateadd('day', -7, current_date())",2.8631194495910925,725875,SUCCESS,
d63a3c45-c576-4e83-9fec-9183e317cb28,2025-09-02T16:21:00,9a7a68c7-1b0c-4669-859f-6d352b1e386f,andrew16,DEV_WH_LARGE,"SELECT COUNT(*) FROM FINANCIAL_METRICS GROUP BY date_trunc('day', created_at)",1.4542360536534753,987690,SUCCESS,
901541e8-02cd-4cb1-91d8-165591107dae,2025-09-02T16:21:00,f0c2cfac-cf3b-4053-9e79-a6a4c6bbd187,garciaalison,DEV_WH_X-SMALL,SELECT * FROM MARKETING_CAMPAIGNS LIMIT 1000,1.286280765106553,254178,SUCCESS,
8f1957fe-fc85-4e2b-9692-b7b5c06ebfe2,2025-09-02T16:21:00,4b7e389e-8c78-4e72-ab0b-774df43b399e,hardinjennifer,ETL_WH_SMALL,"SELECT COUNT(*) FROM MARKETING_CAMPAIGNS GROUP BY date_trunc('day', created_at)",0.30274318504220643,965800,SUCCESS,
4a27fe2b-181d-4d13-b6cd-180f9cebda25,2025-09-02T16:21:00,4663d48b-596a-4f39-b714-8d69ac9a7d2a,robert93,ETL_WH_X-SMALL,"SELECT COUNT(*) FROM SYSTEM_EVENTS GROUP BY date_trunc('day', created_at)",4.468853940051254,20240,SUCCESS,
6de5faca-ca2c-46fe-8014-60a175981e5a,2025-09-02T16:21:00,3d8cc43f-0f00-40bd-b8b2-34ac61fc0360,rwilliams,ETL_WH_SMALL,SELECT * FROM USER_ACTIVITY_LOGS LIMIT 1000,1.0206758692359195,630331,SUCCESS,
e389f385-0880-4cbe-84bb-91ade901d185,2025-09-02T16:21:00,ac5e7ada-2f2f-4292-a0e4-18083982547a,lliu,BI_WH_LARGE,"SELECT COUNT(*) FROM FINANCIAL_METRICS GROUP BY date_trunc('day', created_at)",1.1922635738798724,55083,SUCCESS,
ca2bcc16-b88f-4d57-ad10-66a8a70ce85e,2025-09-02T16:21:00,4663d48b-596a-4f39-b714-8d69ac9a7d2a,robert93,ETL_WH_SMALL,"SELECT COUNT(*) FROM FINANCIAL_METRICS GROUP BY date_trunc('day', created_at)",2.3245410238690574,329870,SUCCESS,
952d49c7-d16a-4f32-bc29-b46069edf8c6,2025-09-02T16:21:00,4663d48b-596a-4f39-b714-8d69ac9a7d2a,robert93,BI_WH_X-SMALL,"SELECT * FROM FINANCIAL_METRICS WHERE created_at >= dateadd('day', -7, current_date())",2.2405460653333624,898388,SUCCESS,
8f6f0275-9bbf-484b-99db-df7bfeaeda2e,2025-09-02T16:21:00,879c852e-e8e8-45c3-9ead-5fa56c9ecfbc,egarcia,PROD_WH_X-SMALL,"SELECT COUNT(*) FROM USER_ACTIVITY_LOGS GROUP BY date_trunc('day', created_at)",4.140976762318933,315641,SUCCESS,
7bb1dd01-5726-493e-a92c-660a0c83c806,2025-09-02T16:34:00,cea2e75f-1ee1-4b1d-90f5-242f82a02bed,erickennedy,BI_WH_LARGE,"SELECT COUNT(*) FROM SYSTEM_EVENTS GROUP BY date_trunc('day', created_at)",4.14846696073305,693353,SUCCESS,
b535f699-75b6-4a4a-8039-80e6225c3a86,2025-09-02T16:34:00,3d8cc43f-0f00-40bd-b8b2-34ac61fc0360,rwilliams,PROD_WH_SMALL,"SELECT DISTINCT column1, column2 FROM PRODUCT_INVENTORY WHERE condition = 'value'",4.451959743641983,252304,SUCCESS,
59979eb9-160a-4d59-9027-d34db5561a30,2025-09-02T16:34:00,859c34dd-4540-49a3-b26d-f82b1455d905,oatkinson,DEV_WH_LARGE,"SELECT COUNT(*) FROM FINANCIAL_METRICS GROUP BY date_trunc('day', created_at)",1.8548527651631908,826431,SUCCESS,
944b2742-d2fc-4548-8ad2-e89e5dbf3e31,2025-09-02T16:34:00,879c852e-e8e8-45c3-9ead-5fa56c9ecfbc,egarcia,DEV_WH_LARGE,"SELECT DISTINCT column1, column2 FROM SYSTEM_EVENTS WHERE condition = 'value'",1.8487162787202147,648313,SUCCESS,
e4b2b9b2-61ec-4e38-9619-52d19e46e70f,2025-09-02T16:34:00,f22aa1cf-fe8b-4e78-8492-b46e0f46ffda,brandtmisty,PROD_WH_MEDIUM,"SELECT COUNT(*) FROM PRODUCT_INVENTORY GROUP BY date_trunc('day', created_at)",1.1142263700534858,989457,SUCCESS,
ac86cb31-f8a6-4bcc-b948-5d0b78110dff,2025-09-02T16:34:00,7cd584de-ca92-465c-8ea8-5f7ad356bee6,danasandoval,PROD_WH_SMALL,SELECT * FROM USER_ACTIVITY_LOGS LIMIT 1000,0.20617909962375391,414059,SUCCESS,
06b04841-2151-4dce-a9e1-4a0e5b4257bb,2025-09-02T16:34:00,5fb2a072-2bab-4b94-9109-9cbea70c5438,bryancuevas,DEV_WH_SMALL,"SELECT COUNT(*) FROM USER_ACTIVITY_LOGS GROUP BY date_trunc('day', created_at)",0.4845448474319738,464952,SUCCESS,
267e64f2-d297-4b14-a978-036c5c8f744a,2025-09-02T16:34:00,ac5e7ada-2f2f-4292-a0e4-18083982547a,lliu,DEV_WH_SMALL,"SELECT DISTINCT column1, column2 FROM SYSTEM_EVENTS WHERE condition = 'value'",3.570277969337352,178150,SUCCESS,
1d30faf2-20d2-43a7-857a-8c1ea5da4d38,2025-09-02T16:34:00,879c852e-e8e8-45c3-9ead-5fa56c9ecfbc,egarcia,BI_WH_X-SMALL,"SELECT DISTINCT column1, column2 FROM SYSTEM_EVENTS WHERE condition = 'value'",3.6828265677078433,248614,SUCCESS,
97dce76d-8d26-42b2-92a7-1fb62911e338,2025-09-02T16:34:00,4bc8b8f2-4d6e-4d5e-8d40-a7b6b3d6bb03,amandamitchell,ETL_WH_X-SMALL,"SELECT DISTINCT column1, column2 FROM MARKETING_CAMPAIGNS WHERE condition = 'value'",4.768614927260212,991513,SUCCESS,
bcdef61e-0236-4845-8d00-54afba319abc,2025-09-02T16:44:00,4bc8b8f2-4d6e-4d5e-8d40-a7b6b3d6bb03,amandamitchell,PROD_WH_SMALL,"SELECT COUNT(*) FROM MARKETING_CAMPAIGNS GROUP BY date_trunc('day', created_at)",3.3882136800634024,880438,SUCCESS,
a53f26b5-7f89-49d1-8297-614b844bcc2c,2025-09-02T16:44:00,859c34dd-4540-49a3-b26d-f82b1455d905,oatkinson,ETL_WH_LARGE,"SELECT DISTINCT column1, column2 FROM SALES_TRANSACTIONS WHERE condition = 'value'",0.8406849323133082,667160,SUCCESS,
30cd4d6a-5d5b-47ec-a200-5773981a889c,2025-09-02T16:44:00,b92c2609-888c-471e-bf61-4363556df9d8,frank26,DEV_WH_LARGE,"SELECT DISTINCT column1, column2 FROM MARKETING_CAMPAIGNS WHERE condition = 'value'",4.521872234010342,943180,SUCCESS,
d466eeed-1191-48f7-af64-a590324239b1,2025-09-02T16:44:00,3d8cc43f-0f00-40bd-b8b2-34ac61fc0360,rwilliams,ETL_WH_LARGE,SELECT * FROM EMPLOYEE_RECORDS LIMIT 1000,3.9805528324892148,513159,SUCCESS,
d292cb1d-f217-4fa8-88b3-d13319e336f6,2025-09-02T16:44:00,da0f0f7a-8d2c-4ca9-b82e-cda33fba6610,rachel35,PROD_WH_X-SMALL,"SELECT COUNT(*) FROM MARKETING_CAMPAIGNS GROUP BY date_trunc('day', created_at)",2.020064794489778,898945,SUCCESS,
d2cfc2ad-95b9-4eb2-aeb4-457f112725a7,2025-09-02T16:44:00,da0f0f7a-8d2c-4ca9-b82e-cda33fba6610,rachel35,PROD_WH_LARGE,"SELECT * FROM CUSTOMER_DATA WHERE created_at >= dateadd('day', -7, current_date())",0.5719250754867747,334696,SUCCESS,
02f02275-6b54-48ec-abc0-c1d6535bcc84,2025-09-02T16:44:00,00f99f6f-5fcc-490a-84f9-6b24911c0b2e,emilyhamilton,ETL_WH_X-SMALL,"SELECT DISTINCT column1, column2 FROM MARKETING_CAMPAIGNS WHERE condition = 'value'",2.0942933726457498,436300,SUCCESS,
0b775dfe-0636-4fee-8d1b-4b99d4ee3633,2025-09-02T16:44:00,879c852e-e8e8-45c3-9ead-5fa56c9ecfbc,egarcia,ETL_WH_MEDIUM,SELECT * FROM FINANCIAL_METRICS LIMIT 1000,2.7631985848872453,234159,SUCCESS,
66a8ffec-780c-4a10-a102-f3a201336846,2025-09-02T16:44:00,4b7e389e-8c78-4e72-ab0b-774df43b399e,hardinjennifer,PROD_WH_LARGE,"SELECT COUNT(*) FROM EMPLOYEE_RECORDS GROUP BY date_trunc('day', created_at)",1.1841418101819392,899264,SUCCESS,
ae338668-beac-4336-9f62-870a56370ec7,2025-09-02T16:44:00,89e53854-09b7-4b59-8352-a231c51f8687,glarsen,PROD_WH_X-SMALL,SELECT * FROM CUSTOMER_DATA LIMIT 1000,4.367511772551226,368921,SUCCESS,
30ded3c7-3552-405e-a07b-eb40f2c2c787,2025-09-02T16:54:00,82e7a6a3-1f49-4f5a-8a2a-96e5a654a185,codyoconnor,DEV_WH_SMALL,SELECT * FROM USER_ACTIVITY_LOGS LIMIT 1000,4.193891238147414,617864,SUCCESS,
798d38c2-8368-42c1-bde7-eb32330ef56f,2025-09-02T16:54:00,ac5e7ada-2f2f-4292-a0e4-18083982547a,lliu,BI_WH_X-SMALL,"SELECT DISTINCT column1, column2 FROM CUSTOMER_DATA WHERE condition = 'value'",2.940777272730712,646632,SUCCESS,
69792358-9a59-4006-834e-873ae972c8d6,2025-09-02T16:54:00,82e7a6a3-1f49-4f5a-8a2a-96e5a654a185,codyoconnor,DEV_WH_X-SMALL,"SELECT COUNT(*) FROM FINANCIAL_METRICS GROUP BY date_trunc('day', created_at)",4.425870991801276,712153,SUCCESS,
f67be158-8ea2-43e0-a6c5-8cbb67e4c813,2025-09-02T16:54:00,b92c2609-888c-471e-bf61-4363556df9d8,frank26,PROD_WH_SMALL,"SELECT COUNT(*) FROM SALES_TRANSACTIONS GROUP BY date_trunc('day', created_at)",2.819423541590379,12076,SUCCESS,
6182f72c-285f-458b-ade8-eb479441cff6,2025-09-02T16:54:00,ac5e7ada-2f2f-4292-a0e4-18083982547a,lliu,ETL_WH_SMALL,SELECT * FROM FINANCIAL_METRICS LIMIT 1000,2.4260068660978176,862004,SUCCESS,
b5cbb9f7-3dad-4698-8a40-ef33122e6d64,2025-09-02T16:54:00,9a7a68c7-1b0c-4669-859f-6d352b1e386f,andrew16,ETL_WH_SMALL,SELECT * FROM USER_ACTIVITY_LOGS LIMIT 1000,1.2655817141838899,821705,SUCCESS,
d96f99c3-2585-4565-aee6-8b66a872294f,2025-09-02T16:54:00,89e53854-09b7-4b59-8352-a231c51f8687,glarsen,PROD_WH_SMALL,"SELECT DISTINCT column1, column2 FROM CUSTOMER_DATA WHERE condition = 'value'",4.880854198635524,576280,SUCCESS,
2531a334-3a4d-4cd0-a85b-d20a21ed8325,2025-09-02T16:54:00,00f99f6f-5fcc-490a-84f9-6b24911c0b2e,emilyhamilton,ETL_WH_LARGE,"SELECT DISTINCT column1, column2 FROM FINANCIAL_METRICS WHERE condition = 'value'",3.978894027856389,862674,SUCCESS,
4f0bb05d-b3dc-4c7b-9db9-35e9be97789c,2025-09-02T16:54:00,82e7a6a3-1f49-4f5a-8a2a-96e5a654a185,codyoconnor,PROD_WH_X-SMALL,SELECT * FROM MARKETING_CAMPAIGNS LIMIT 1000,3.7525712510543916,108610,SUCCESS,
46761c18-7fdd-4a2c-af50-8f48f7c0c315,2025-09-02T16:54:00,859c34dd-4540-49a3-b26d-f82b1455d905,oatkinson,DEV_WH_LARGE,"SELECT * FROM SYSTEM_EVENTS WHERE created_at >= dateadd('day', -7, current_date())",0.12086636533227511,713639,SUCCESS,
dfe8a11a-6e61-4fbd-aed5-04864a4d1169,2025-09-02T17:08:00,5fb2a072-2bab-4b94-9109-9cbea70c5438,bryancuevas,PROD_WH_SMALL,"SELECT * FROM CUSTOMER_DATA WHERE created_at >= dateadd('day', -7, current_date())",3.736097527120131,833119,SUCCESS,
74f3a888-3595-4c38-a56e-8b5714f451e3,2025-09-02T17:08:00,f0c2cfac-cf3b-4053-9e79-a6a4c6bbd187,garciaalison,DEV_WH_X-SMALL,"SELECT DISTINCT column1, column2 FROM SALES_TRANSACTIONS WHERE condition = 'value'",4.194826125547404,633148,SUCCESS,
cbccb61a-719b-4880-bfb3-47f8ca6c1fe8,2025-09-02T17:14:00,00f99f6f-5fcc-490a-84f9-6b24911c0b2e,emilyhamilton,DEV_WH_MEDIUM,"SELECT DISTINCT column1, column2 FROM CUSTOMER_DATA WHERE condition = 'value'",0.7704135472984129,270654,SUCCESS,
811df957-f074-4865-9377-c52706e0de5f,2025-09-02T17:14:00,57eba2d7-a4fe-48aa-aa7b-ad0e6f1296b7,jose46,PROD_WH_SMALL,"SELECT DISTINCT column1, column2 FROM CUSTOMER_DATA WHERE condition = 'value'",4.948917542246357,679064,SUCCESS,
f51a76a4-6a38-455e-bc6b-77e04ce45b33,2025-09-02T17:20:00,4b7e389e-8c78-4e72-ab0b-774df43b399e,hardinjennifer,PROD_WH_LARGE,"SELECT DISTINCT column1, column2 FROM EMPLOYEE_RECORDS WHERE condition = 'value'",4.698834150847725,952150,SUCCESS,
edb4709f-7b53-4a8c-8a8a-ef1869657dde,2025-09-02T17:20:00,00f99f6f-5fcc-490a-84f9-6b24911c0b2e,emilyhamilton,ETL_WH_SMALL,SELECT * FROM PRODUCT_INVENTORY LIMIT 1000,3.553251374146986,174465,SUCCESS,
ab204241-930d-41b0-9093-5e646b52cac2,2025-09-02T17:35:00,9a7a68c7-1b0c-4669-859f-6d352b1e386f,andrew16,PROD_WH_SMALL,SELECT * FROM CUSTOMER_DATA LIMIT 1000,1.8941638995261938,668623,SUCCESS,
c358a244-af8e-4f3a-a668-d0536ddbe381,2025-09-02T17:35:00,57eba2d7-a4fe-48aa-aa7b-ad0e6f1296b7,jose46,BI_WH_MEDIUM,"SELECT * FROM FINANCIAL_METRICS WHERE created_at >= dateadd('day', -7, current_date())",3.515910263245616,375363,SUCCESS,
8f1cc980-9a4f-46e5-a7f2-1d9816afe19b,2025-09-02T17:40:00,4663d48b-596a-4f39-b714-8d69ac9a7d2a,robert93,ETL_WH_LARGE,SELECT * FROM EMPLOYEE_RECORDS LIMIT 1000,1.764244974582176,996272,SUCCESS,
d73b07df-5bb3-47bd-b1ed-6a2d7adb0793,2025-09-02T17:40:00,57eba2d7-a4fe-48aa-aa7b-ad0e6f1296b7,jose46,PROD_WH_MEDIUM,"SELECT * FROM SALES_TRANSACTIONS WHERE created_at >= dateadd('day', -7, current_date())",4.772599504817769,395692,SUCCESS,
d52a012c-e7a9-4475-8662-a239dc47158d,2025-09-02T17:53:00,4663d48b-596a-4f39-b714-8d69ac9a7d2a,robert93,BI_WH_MEDIUM,SELECT * FROM MARKETING_CAMPAIGNS LIMIT 1000,3.645449111296386,109242,SUCCESS,
4afa1c94-11f0-4656-af1a-ba32e6273b00,2025-09-02T17:53:00,4bc8b8f2-4d6e-4d5e-8d40-a7b6b3d6bb03,amandamitchell,DEV_WH_X-SMALL,"SELECT COUNT(*) FROM SYSTEM_EVENTS GROUP BY date_trunc('day', created_at)",1.374016333959099,527992,SUCCESS,
4fd557a2-d596-4b43-bd03-f108badcd71f,2025-09-02T18:00:00,b92c2609-888c-471e-bf61-4363556df9d8,frank26,BI_WH_X-SMALL,"SELECT * FROM USER_ACTIVITY_LOGS WHERE created_at >= dateadd('day', -7, current_date())",0.4935733814942622,122032,SUCCESS,
290e5930-e797-4245-a6c0-88d723ff0b07,2025-09-02T18:00:00,cea2e75f-1ee1-4b1d-90f5-242f82a02bed,erickennedy,BI_WH_MEDIUM,"SELECT * FROM SALES_TRANSACTIONS WHERE created_at >= dateadd('day', -7, current_date())",3.4165244389183154,992230,SUCCESS,
68bcaf4a-2175-40ff-ae8e-fcc6f28cf284,2025-09-02T18:08:00,cea2e75f-1ee1-4b1d-90f5-242f82a02bed,erickennedy,ETL_WH_LARGE,"SELECT * FROM USER_ACTIVITY_LOGS WHERE created_at >= dateadd('day', -7, current_date())",3.575921709892332,853559,SUCCESS,
4f2b3a93-af24-486a-afc0-0907ce1ffc78,2025-09-02T18:08:00,f22aa1cf-fe8b-4e78-8492-b46e0f46ffda,brandtmisty,PROD_WH_MEDIUM,"SELECT DISTINCT column1, column2 FROM SALES_TRANSACTIONS WHERE condition = 'value'",4.5761638764453085,62218,SUCCESS,
02521a92-5d90-438d-b253-58f547c4d02d,2025-09-02T18:19:00,da0f0f7a-8d2c-4ca9-b82e-cda33fba6610,rachel35,DEV_WH_SMALL,SELECT * FROM EMPLOYEE_RECORDS LIMIT 1000,3.4353118798301896,547721,SUCCESS,
10ffd39e-5102-4565-9b28-dbd9bd55492f,2025-09-02T18:19:00,4bc8b8f2-4d6e-4d5e-8d40-a7b6b3d6bb03,amandamitchell,BI_WH_X-SMALL,"SELECT COUNT(*) FROM EMPLOYEE_RECORDS GROUP BY date_trunc('day', created_at)",1.1950362015639717,250738,SUCCESS,
192a74c2-6a9e-4f9f-bedb-afe3dba8a355,2025-09-02T18:29:00,00f99f6f-5fcc-490a-84f9-6b24911c0b2e,emilyhamilton,ETL_WH_X-SMALL,"SELECT COUNT(*) FROM USER_ACTIVITY_LOGS GROUP BY date_trunc('day', created_at)",3.11748500513,457673,SUCCESS,
f140144a-489e-4200-9bd5-866ab9fe5f6f,2025-09-02T18:29:00,4663d48b-596a-4f39-b714-8d69ac9a7d2a,robert93,ETL_WH_X-SMALL,SELECT * FROM PRODUCT_INVENTORY LIMIT 1000,2.767960193222709,201578,SUCCESS,
823069c1-3c49-4e4d-b99a-434fbbf1cc2c,2025-09-02T18:41:00,5fb2a072-2bab-4b94-9109-9cbea70c5438,bryancuevas,PROD_WH_SMALL,"SELECT * FROM SALES_TRANSACTIONS WHERE created_at >= dateadd('day', -7, current_date())",1.3408090711649232,680430,SUCCESS,
58852894-8dcf-4fd1-9af9-b11694ff36ba,2025-09-02T18:41:00,ac5e7ada-2f2f-4292-a0e4-18083982547a,lliu,PROD_WH_X-SMALL,SELECT * FROM USER_ACTIVITY_LOGS LIMIT 1000,1.8268248692174924,524660,SUCCESS,
d656799a-725c-45cc-adae-5fc9d86c5dcd,2025-09-02T18:48:00,b92c2609-888c-471e-bf61-4363556df9d8,frank26,ETL_WH_LARGE,"SELECT COUNT(*) FROM PRODUCT_INVENTORY GROUP BY date_trunc('day', created_at)",1.1879791997178417,513103,SUCCESS,
e83ffe29-057f-48b3-af01-944b890cba82,2025-09-02T18:48:00,a3a85592-9f3f-4845-87b8-dd199fcdc3cc,gmoreno,ETL_WH_LARGE,"SELECT DISTINCT column1, column2 FROM FINANCIAL_METRICS WHERE condition = 'value'",1.886109722858372,184357,SUCCESS,
0fee9c19-9bfb-479c-9ca8-dd9fe1123ec9,2025-09-02T19:03:00,82e7a6a3-1f49-4f5a-8a2a-96e5a654a185,codyoconnor,BI_WH_MEDIUM,SELECT * FROM FINANCIAL_METRICS LIMIT 1000,3.814594822364193,845619,SUCCESS,
49abe904-0a3f-449a-bdfe-2b5d9e222caf,2025-09-02T19:03:00,ac5e7ada-2f2f-4292-a0e4-18083982547a,lliu,DEV_WH_X-SMALL,"SELECT DISTINCT column1, column2 FROM PRODUCT_INVENTORY WHERE condition = 'value'",4.933733442774094,701982,SUCCESS,
6aa83c17-7633-4c05-a779-86c6365636de,2025-09-02T19:17:00,f0c2cfac-cf3b-4053-9e79-a6a4c6bbd187,garciaalison,PROD_WH_X-SMALL,"SELECT DISTINCT column1, column2 FROM SALES_TRANSACTIONS WHERE condition = 'value'",3.782088871548371,992821,SUCCESS,
358660ba-47a6-4129-958d-4e34ce39afd9,2025-09-02T19:17:00,5fb2a072-2bab-4b94-9109-9cbea70c5438,bryancuevas,PROD_WH_MEDIUM,"SELECT COUNT(*) FROM SYSTEM_EVENTS GROUP BY date_trunc('day', created_at)",0.23064277709785075,799431,SUCCESS,
faa3558f-6beb-47ec-861e-dda98e1d97c3,2025-09-02T19:31:00,7cd584de-ca92-465c-8ea8-5f7ad356bee6,danasandoval,DEV_WH_SMALL,SELECT * FROM CUSTOMER_DATA LIMIT 1000,4.424756996545725,799589,SUCCESS,
3c2b08a8-ff97-46e5-9377-3a98b56b981d,2025-09-02T19:31:00,9a7a68c7-1b0c-4669-859f-6d352b1e386f,andrew16,BI_WH_SMALL,"SELECT * FROM EMPLOYEE_RECORDS WHERE created_at >= dateadd('day', -7, current_date())",3.127647147912353,838908,SUCCESS,
eaadce1a-d150-46dd-bd8e-496fa1938093,2025-09-02T19:46:00,5fb2a072-2bab-4b94-9109-9cbea70c5438,bryancuevas,ETL_WH_MEDIUM,"SELECT DISTINCT column1, column2 FROM EMPLOYEE_RECORDS WHERE condition = 'value'",3.258446412274438,18320,SUCCESS,
7a479955-c6ba-4168-b4a3-3481da630d48,2025-09-02T19:46:00,00f99f6f-5fcc-490a-84f9-6b24911c0b2e,emilyhamilton,DEV_WH_LARGE,SELECT * FROM MARKETING_CAMPAIGNS LIMIT 1000,3.096280623935049,96794,SUCCESS,
da213123-5d5a-4561-bfe9-1930f44af14c,2025-09-02T19:56:00,4bc8b8f2-4d6e-4d5e-8d40-a7b6b3d6bb03,amandamitchell,ETL_WH_X-SMALL,"SELECT * FROM SYSTEM_EVENTS WHERE created_at >= dateadd('day', -7, current_date())",2.5080507808922747,654238,SUCCESS,
64997c62-6b62-4345-84ea-da90df8f1c53,2025-09-02T19:56:00,5fb2a072-2bab-4b94-9109-9cbea70c5438,bryancuevas,ETL_WH_SMALL,"SELECT DISTINCT column1, column2 FROM PRODUCT_INVENTORY WHERE condition = 'value'",2.1168860728451353,689102,SUCCESS,
e1e07340-e98a-40cc-b7e9-4d801544943a,2025-09-02T20:08:00,a3a85592-9f3f-4845-87b8-dd199fcdc3cc,gmoreno,DEV_WH_LARGE,"SELECT COUNT(*) FROM CUSTOMER_DATA GROUP BY date_trunc('day', created_at)",2.0581232477544775,47453,SUCCESS,
a6bffc4c-9dd6-4c16-a097-1a1b2bdabdd7,2025-09-02T20:08:00,879c852e-e8e8-45c3-9ead-5fa56c9ecfbc,egarcia,DEV_WH_LARGE,"SELECT DISTINCT column1, column2 FROM MARKETING_CAMPAIGNS WHERE condition = 'value'",4.1537794665238,24642,SUCCESS,
b917891b-8a22-473c-ba1b-98a356062686,2025-09-02T20:16:00,f0c2cfac-cf3b-4053-9e79-a6a4c6bbd187,garciaalison,PROD_WH_LARGE,SELECT * FROM MARKETING_CAMPAIGNS LIMIT 1000,4.611203797586753,369347,SUCCESS,
bdc346ab-5ca4-41b9-92a5-8483e11bccc5,2025-09-02T20:16:00,879c852e-e8e8-45c3-9ead-5fa56c9ecfbc,egarcia,ETL_WH_MEDIUM,"SELECT * FROM SALES_TRANSACTIONS WHERE created_at >= dateadd('day', -7, current_date())",2.725397980948547,563481,SUCCESS,
b2cfc8d3-3f19-4cfd-a056-abfbc78e7561,2025-09-02T20:28:00,b92c2609-888c-471e-bf61-4363556df9d8,frank26,PROD_WH_MEDIUM,"SELECT DISTINCT column1, column2 FROM MARKETING_CAMPAIGNS WHERE condition = 'value'",0.6420982202081721,62877,SUCCESS,
68a1e8a4-1b45-42c8-bf01-464f394551f0,2025-09-02T20:28:00,879c852e-e8e8-45c3-9ead-5fa56c9ecfbc,egarcia,ETL_WH_MEDIUM,"SELECT COUNT(*) FROM EMPLOYEE_RECORDS GROUP BY date_trunc('day', created_at)",3.9206178708304598,997546,SUCCESS,
8378fe4c-c2d3-414b-ae29-63b44f8965c5,2025-09-02T20:38:00,b92c2609-888c-471e-bf61-4363556df9d8,frank26,ETL_WH_X-SMALL,SELECT * FROM FINANCIAL_METRICS LIMIT 1000,4.51901827209649,621651,SUCCESS,
b043f912-72a4-45c1-8bd1-d0cdc6885d32,2025-09-02T20:38:00,a3a85592-9f3f-4845-87b8-dd199fcdc3cc,gmoreno,ETL_WH_LARGE,"SELECT DISTINCT column1, column2 FROM FINANCIAL_METRICS WHERE condition = 'value'",2.011146287872976,41694,SUCCESS,
817df2c0-e1d3-4f39-929d-fed03e4cdf28,2025-09-02T20:43:00,879c852e-e8e8-45c3-9ead-5fa56c9ecfbc,egarcia,DEV_WH_SMALL,"SELECT COUNT(*) FROM CUSTOMER_DATA GROUP BY date_trunc('day', created_at)",2.0347375492337085,936535,SUCCESS,
322729c6-a741-42d6-a4fc-71c349d01c94,2025-09-02T20:43:00,ac5e7ada-2f2f-4292-a0e4-18083982547a,lliu,DEV_WH_MEDIUM,"SELECT * FROM MARKETING_CAMPAIGNS WHERE created_at >= dateadd('day', -7, current_date())",4.966645553960255,54527,SUCCESS,
689784c2-e297-4eac-94a4-a49c6886587c,2025-09-02T20:51:00,4b7e389e-8c78-4e72-ab0b-774df43b399e,hardinjennifer,ETL_WH_SMALL,"SELECT DISTINCT column1, column2 FROM PRODUCT_INVENTORY WHERE condition = 'value'",2.149764594824886,389457,SUCCESS,
c4019070-085d-4781-a1f8-a9176ab38dba,2025-09-02T20:51:00,7cd584de-ca92-465c-8ea8-5f7ad356bee6,danasandoval,BI_WH_LARGE,SELECT * FROM EMPLOYEE_RECORDS LIMIT 1000,3.727073376790215,595435,SUCCESS,
4d370840-a954-4e3c-8f63-70a6e1401d1c,2025-09-02T21:06:00,00f99f6f-5fcc-490a-84f9-6b24911c0b2e,emilyhamilton,DEV_WH_MEDIUM,"SELECT COUNT(*) FROM EMPLOYEE_RECORDS GROUP BY date_trunc('day', created_at)",2.0261997667129723,641191,SUCCESS,
55cf2ffa-2e0e-432f-b07a-ccfd065cc7d4,2025-09-02T21:06:00,a3a85592-9f3f-4845-87b8-dd199fcdc3cc,gmoreno,DEV_WH_LARGE,"SELECT * FROM CUSTOMER_DATA WHERE created_at >= dateadd('day', -7, current_date())",4.853114441157554,21479,SUCCESS,
2d0038ac-06d0-41d4-8e63-57b17300e74e,2025-09-02T21:21:00,b92c2609-888c-471e-bf61-4363556df9d8,frank26,PROD_WH_X-SMALL,SELECT * FROM EMPLOYEE_RECORDS LIMIT 1000,1.3531922006546862,668882,SUCCESS,
c7c65848-7b0a-4578-a057-12f3000cf7fb,2025-09-02T21:21:00,4b7e389e-8c78-4e72-ab0b-774df43b399e,hardinjennifer,ETL_WH_LARGE,"SELECT * FROM MARKETING_CAMPAIGNS WHERE created_at >= dateadd('day', -7, current_date())",2.6020809459958976,828847,SUCCESS,
0620b954-9eed-4b7d-a862-734463ce46b1,2025-09-02T21:35:00,00f99f6f-5fcc-490a-84f9-6b24911c0b2e,emilyhamilton,DEV_WH_SMALL,"SELECT * FROM SYSTEM_EVENTS WHERE created_at >= dateadd('day', -7, current_date())",1.5448221199327303,639564,SUCCESS,
0278faed-1db2-47c9-a23e-c914a17d222c,2025-09-02T21:35:00,5fb2a072-2bab-4b94-9109-9cbea70c5438,bryancuevas,BI_WH_MEDIUM,"SELECT DISTINCT column1, column2 FROM USER_ACTIVITY_LOGS WHERE condition = 'value'",4.623295177364501,543619,SUCCESS,
886cb580-b31f-4c32-aac4-45382db81893,2025-09-02T21:44:00,a3a85592-9f3f-4845-87b8-dd199fcdc3cc,gmoreno,ETL_WH_LARGE,"SELECT DISTINCT column1, column2 FROM CUSTOMER_DATA WHERE condition = 'value'",1.4391463327573673,962255,SUCCESS,
171ce72d-7352-4231-ad51-2d0e2b9f2035,2025-09-02T21:44:00,00f99f6f-5fcc-490a-84f9-6b24911c0b2e,emilyhamilton,BI_WH_MEDIUM,SELECT * FROM SYSTEM_EVENTS LIMIT 1000,2.6064768654135624,80522,SUCCESS,
448055ab-bf59-4b37-b09f-853affb005ce,2025-09-02T21:53:00,4bc8b8f2-4d6e-4d5e-8d40-a7b6b3d6bb03,amandamitchell,BI_WH_LARGE,"SELECT COUNT(*) FROM SALES_TRANSACTIONS GROUP BY date_trunc('day', created_at)",1.728764054032645,308237,SUCCESS,
a3014b63-add0-4f37-89e3-be60dee39662,2025-09-02T21:53:00,859c34dd-4540-49a3-b26d-f82b1455d905,oatkinson,PROD_WH_SMALL,"SELECT * FROM PRODUCT_INVENTORY WHERE created_at >= dateadd('day', -7, current_date())",3.5384769303557095,525618,SUCCESS,
50f183f3-bf4e-4f1c-b1c3-d28d60681417,2025-09-02T22:00:00,5fb2a072-2bab-4b94-9109-9cbea70c5438,bryancuevas,PROD_WH_LARGE,"SELECT DISTINCT column1, column2 FROM EMPLOYEE_RECORDS WHERE condition = 'value'",3.1991558704106082,273331,SUCCESS,
28b64e97-abca-40d0-ba94-f8eeac1f3920,2025-09-02T22:00:00,4bc8b8f2-4d6e-4d5e-8d40-a7b6b3d6bb03,amandamitchell,DEV_WH_MEDIUM,SELECT * FROM EMPLOYEE_RECORDS LIMIT 1000,3.9484184177602017,234119,SUCCESS,
cf0f7c8a-ccfa-4725-881f-958bab741723,2025-09-02T22:13:00,9a7a68c7-1b0c-4669-859f-6d352b1e386f,andrew16,BI_WH_MEDIUM,"SELECT DISTINCT column1, column2 FROM PRODUCT_INVENTORY WHERE condition = 'value'",1.3957819221454404,176054,SUCCESS,
fde6f7a6-8638-40c1-8501-5d07bb2cacdd,2025-09-02T22:13:00,57eba2d7-a4fe-48aa-aa7b-ad0e6f1296b7,jose46,PROD_WH_X-SMALL,"SELECT * FROM SYSTEM_EVENTS WHERE created_at >= dateadd('day', -7, current_date())",3.640744696323396,310247,SUCCESS,
622d7e6d-5881-4a3c-b5e8-afb482e69014,2025-09-02T22:25:00,879c852e-e8e8-45c3-9ead-5fa56c9ecfbc,egarcia,PROD_WH_MEDIUM,"SELECT COUNT(*) FROM USER_ACTIVITY_LOGS GROUP BY date_trunc('day', created_at)",0.9713928870168728,456199,SUCCESS,
e5d50bde-9c6a-4e0b-83e3-d8ff872ad038,2025-09-02T22:25:00,4bc8b8f2-4d6e-4d5e-8d40-a7b6b3d6bb03,amandamitchell,DEV_WH_MEDIUM,"SELECT COUNT(*) FROM SALES_TRANSACTIONS GROUP BY date_trunc('day', created_at)",1.9247542378890488,999993,SUCCESS,
d0170b18-1aa1-4ae9-ba3a-c2710bd174b5,2025-09-02T22:36:00,879c852e-e8e8-45c3-9ead-5fa56c9ecfbc,egarcia,PROD_WH_MEDIUM,"SELECT DISTINCT column1, column2 FROM USER_ACTIVITY_LOGS WHERE condition = 'value'",1.3475800278284777,632669,SUCCESS,
a4aaa548-cc9d-4592-9ce0-3925f42d393b,2025-09-02T22:36:00,57eba2d7-a4fe-48aa-aa7b-ad0e6f1296b7,jose46,DEV_WH_LARGE,"SELECT * FROM MARKETING_CAMPAIGNS WHERE created_at >= dateadd('day', -7, current_date())",2.777338417529375,847495,SUCCESS,
927c90dd-6df0-49ac-b1a0-da06fa3ec2f4,2025-09-02T22:46:00,82e7a6a3-1f49-4f5a-8a2a-96e5a654a185,codyoconnor,PROD_WH_MEDIUM,SELECT * FROM FINANCIAL_METRICS LIMIT 1000,3.9040665111810293,525097,SUCCESS,
f5d1e63a-8b02-4a91-aa87-c30a0bb75b13,2025-09-02T22:46:00,9a7a68c7-1b0c-4669-859f-6d352b1e386f,andrew16,PROD_WH_MEDIUM,"SELECT * FROM FINANCIAL_METRICS WHERE created_at >= dateadd('day', -7, current_date())",3.2364286907340496,966278,SUCCESS,
f572f3a4-4a43-4e29-9d5d-d8df8a3bcf58,2025-09-02T22:55:00,4b7e389e-8c78-4e72-ab0b-774df43b399e,hardinjennifer,PROD_WH_LARGE,"SELECT DISTINCT column1, column2 FROM FINANCIAL_METRICS WHERE condition = 'value'",3.884335266682713,901405,SUCCESS,
c84b6a60-53b1-4c5d-9266-7ee1bd5066dd,2025-09-02T22:55:00,57eba2d7-a4fe-48aa-aa7b-ad0e6f1296b7,jose46,ETL_WH_MEDIUM,"SELECT DISTINCT column1, column2 FROM EMPLOYEE_RECORDS WHERE condition = 'value'",0.20760392915457038,506450,SUCCESS,
60b15385-75ed-4ce1-b189-6527bf1177bd,2025-09-02T23:09:00,57eba2d7-a4fe-48aa-aa7b-ad0e6f1296b7,jose46,PROD_WH_SMALL,"SELECT * FROM CUSTOMER_DATA WHERE created_at >= dateadd('day', -7, current_date())",2.196443775762382,471632,SUCCESS,
e6eb125a-c664-4c4d-ad8c-06d2b5f3f057,2025-09-02T23:09:00,cea2e75f-1ee1-4b1d-90f5-242f82a02bed,erickennedy,ETL_WH_X-SMALL,SELECT * FROM MARKETING_CAMPAIGNS LIMIT 1000,3.602252582337979,374821,SUCCESS,
0e895f78-8716-4dd1-ab47-7fc9d6b24a0e,2025-09-02T23:19:00,3d8cc43f-0f00-40bd-b8b2-34ac61fc0360,rwilliams,DEV_WH_MEDIUM,"SELECT COUNT(*) FROM MARKETING_CAMPAIGNS GROUP BY date_trunc('day', created_at)",2.7443827646136048,985286,SUCCESS,
f5ecaa18-a998-4752-87e2-93c6efe5146a,2025-09-02T23:19:00,b92c2609-888c-471e-bf61-4363556df9d8,frank26,PROD_WH_MEDIUM,"SELECT COUNT(*) FROM FINANCIAL_METRICS GROUP BY date_trunc('day', created_at)",3.1456252530241224,828046,SUCCESS,
f58cfd09-d545-4a09-a08d-13f1fdd54049,2025-09-02T23:25:00,859c34dd-4540-49a3-b26d-f82b1455d905,oatkinson,DEV_WH_SMALL,"SELECT COUNT(*) FROM MARKETING_CAMPAIGNS GROUP BY date_trunc('day', created_at)",3.661209106299359,813815,SUCCESS,
e9396cad-8807-46d8-b5a1-3c23b267bfeb,2025-09-02T23:25:00,a3a85592-9f3f-4845-87b8-dd199fcdc3cc,gmoreno,PROD_WH_LARGE,SELECT * FROM SALES_TRANSACTIONS LIMIT 1000,4.917448681544997,188055,SUCCESS,
e34ee19b-d6cc-47ea-b01f-c422c8286bb7,2025-09-02T23:31:00,5fb2a072-2bab-4b94-9109-9cbea70c5438,bryancuevas,BI_WH_LARGE,"SELECT DISTINCT column1, column2 FROM SYSTEM_EVENTS WHERE condition = 'value'",0.8748372202362189,808692,SUCCESS,
111c963e-d932-45d5-aaa9-8646f0483940,2025-09-02T23:31:00,3d8cc43f-0f00-40bd-b8b2-34ac61fc0360,rwilliams,ETL_WH_LARGE,"SELECT DISTINCT column1, column2 FROM SALES_TRANSACTIONS WHERE condition = 'value'",3.061951496913613,664335,SUCCESS,
b3acce56-7b96-438b-925a-ca99cea7db3c,2025-09-02T23:42:00,b92c2609-888c-471e-bf61-4363556df9d8,frank26,ETL_WH_SMALL,"SELECT DISTINCT column1, column2 FROM SYSTEM_EVENTS WHERE condition = 'value'",1.0592469515506973,893410,SUCCESS,
f7e679a4-56c9-4258-b035-5bb8f1140e6b,2025-09-02T23:42:00,a3a85592-9f3f-4845-87b8-dd199fcdc3cc,gmoreno,DEV_WH_SMALL,"SELECT DISTINCT column1, column2 FROM CUSTOMER_DATA WHERE condition = 'value'",2.472319295564275,845417,SUCCESS,
58663241-443c-494d-bc77-b329d62cbb8d,2025-09-02T23:50:00,f0c2cfac-cf3b-4053-9e79-a6a4c6bbd187,garciaalison,PROD_WH_X-SMALL,"SELECT DISTINCT column1, column2 FROM CUSTOMER_DATA WHERE condition = 'value'",0.18474570072080448,873276,SUCCESS,
23745ed4-55b2-41c5-96bf-58ffd13636fe,2025-09-02T23:50:00,89e53854-09b7-4b59-8352-a231c51f8687,glarsen,PROD_WH_LARGE,"SELECT * FROM CUSTOMER_DATA WHERE created_at >= dateadd('day', -7, current_date())",2.432290426373228,209883,SUCCESS,
ca747c5f-6552-465e-92c4-64a7dd06c07f,2025-09-02T23:58:00,f22aa1cf-fe8b-4e78-8492-b46e0f46ffda,brandtmisty,ETL_WH_SMALL,"SELECT DISTINCT column1, column2 FROM FINANCIAL_METRICS WHERE condition = 'value'",1.4023538989946263,735948,SUCCESS,
26854be3-30fc-476e-a280-f4d12e7f2719,2025-09-02T23:58:00,879c852e-e8e8-45c3-9ead-5fa56c9ecfbc,egarcia,ETL_WH_MEDIUM,"SELECT DISTINCT column1, column2 FROM SYSTEM_EVENTS WHERE condition = 'value'",3.4251367507718684,46668,SUCCESS,
fb72a7bb-73ec-4e3b-baf7-07de53f6def1,2025-09-03T00:03:00,7cd584de-ca92-465c-8ea8-5f7ad356bee6,danasandoval,BI_WH_X-SMALL,"SELECT COUNT(*) FROM PRODUCT_INVENTORY GROUP BY date_trunc('day', created_at)",2.476962172433402,672891,SUCCESS,
41f7200f-0ba6-475a-925d-0ed5d17a92c2,2025-09-03T00:03:00,7cd584de-ca92-465c-8ea8-5f7ad356bee6,danasandoval,ETL_WH_SMALL,"SELECT * FROM SALES_TRANSACTIONS WHERE created_at >= dateadd('day', -7, current_date())",0.8404426463079971,890321,SUCCESS,
01c2368d-7afd-4cb4-a377-ee210f91fd4d,2025-09-03T00:13:00,4663d48b-596a-4f39-b714-8d69ac9a7d2a,robert93,BI_WH_X-SMALL,"SELECT DISTINCT column1, column2 FROM FINANCIAL_METRICS WHERE condition = 'value'",0.7003564266209509,963211,SUCCESS,
ecbba4ab-9b0d-4574-a592-0e1fd5b1b001,2025-09-03T00:13:00,cea2e75f-1ee1-4b1d-90f5-242f82a02bed,erickennedy,BI_WH_SMALL,"SELECT * FROM PRODUCT_INVENTORY WHERE created_at >= dateadd('day', -7, current_date())",3.476605970287145,821286,SUCCESS,
b6034155-ef30-4eea-9686-858f713e19d4,2025-09-03T00:21:00,859c34dd-4540-49a3-b26d-f82b1455d905,oatkinson,DEV_WH_MEDIUM,"SELECT COUNT(*) FROM CUSTOMER_DATA GROUP BY date_trunc('day', created_at)",2.7298002367653753,537712,SUCCESS,
9ee3156d-e055-4c15-8245-9776022fefdc,2025-09-03T00:21:00,f0c2cfac-cf3b-4053-9e79-a6a4c6bbd187,garciaalison,ETL_WH_LARGE,"SELECT DISTINCT column1, column2 FROM CUSTOMER_DATA WHERE condition = 'value'",3.494761452656472,929157,SUCCESS,
5e73f175-3ff7-4ddc-823a-d95b99a69fad,2025-09-03T00:26:00,da0f0f7a-8d2c-4ca9-b82e-cda33fba6610,rachel35,DEV_WH_MEDIUM,SELECT * FROM EMPLOYEE_RECORDS LIMIT 1000,2.403924054951338,810465,SUCCESS,
1ebd05c1-547c-47c9-8046-8ff3e7636583,2025-09-03T00:26:00,f22aa1cf-fe8b-4e78-8492-b46e0f46ffda,brandtmisty,ETL_WH_MEDIUM,"SELECT DISTINCT column1, column2 FROM FINANCIAL_METRICS WHERE condition = 'value'",3.2158776500149084,969492,SUCCESS,
5513b2d4-0796-427f-917b-273e25e66c8f,2025-09-03T00:35:00,9a7a68c7-1b0c-4669-859f-6d352b1e386f,andrew16,DEV_WH_MEDIUM,"SELECT * FROM EMPLOYEE_RECORDS WHERE created_at >= dateadd('day', -7, current_date())",0.5142310377234085,680723,SUCCESS,
8abc706c-fd5a-490f-91ac-2d66cd80f573,2025-09-03T00:35:00,f22aa1cf-fe8b-4e78-8492-b46e0f46ffda,brandtmisty,BI_WH_X-SMALL,"SELECT COUNT(*) FROM SALES_TRANSACTIONS GROUP BY date_trunc('day', created_at)",3.3141506259271836,968854,SUCCESS,
f08c5bfd-5b08-4f1e-ab17-c203a406b069,2025-09-03T00:41:00,879c852e-e8e8-45c3-9ead-5fa56c9ecfbc,egarcia,DEV_WH_SMALL,"SELECT COUNT(*) FROM MARKETING_CAMPAIGNS GROUP BY date_trunc('day', created_at)",1.3915324585124853,738832,SUCCESS,
ac979c01-c542-4600-a63a-0a5bda0b953b,2025-09-03T00:41:00,ac5e7ada-2f2f-4292-a0e4-18083982547a,lliu,DEV_WH_MEDIUM,"SELECT DISTINCT column1, column2 FROM MARKETING_CAMPAIGNS WHERE condition = 'value'",4.0020171345076125,924054,SUCCESS,
0becfa96-7075-4eb5-8df2-db0eb9885827,2025-09-03T00:55:00,f0c2cfac-cf3b-4053-9e79-a6a4c6bbd187,garciaalison,ETL_WH_SMALL,"SELECT COUNT(*) FROM EMPLOYEE_RECORDS GROUP BY date_trunc('day', created_at)",3.494517530507822,544983,SUCCESS,
86b3f712-0b92-438c-8271-38557c8e90fb,2025-09-03T00:55:00,3d8cc43f-0f00-40bd-b8b2-34ac61fc0360,rwilliams,ETL_WH_LARGE,"SELECT COUNT(*) FROM CUSTOMER_DATA GROUP BY date_trunc('day', created_at)",0.9920243997346747,457587,SUCCESS,
274b30c0-cbcf-43b1-8f1e-eeaf8074b1ae,2025-09-03T01:08:00,4bc8b8f2-4d6e-4d5e-8d40-a7b6b3d6bb03,amandamitchell,DEV_WH_LARGE,"SELECT * FROM PRODUCT_INVENTORY WHERE created_at >= dateadd('day', -7, current_date())",3.9712762710193936,939437,SUCCESS,
75355e78-6215-4a76-b186-24a6692d0639,2025-09-03T01:08:00,da0f0f7a-8d2c-4ca9-b82e-cda33fba6610,rachel35,DEV_WH_LARGE,"SELECT DISTINCT column1, column2 FROM PRODUCT_INVENTORY WHERE condition = 'value'",1.3350351037538555,216648,SUCCESS,
d86f6001-0d98-4532-a376-7192a9980b11,2025-09-03T01:20:00,5fb2a072-2bab-4b94-9109-9cbea70c5438,bryancuevas,BI_WH_SMALL,SELECT * FROM MARKETING_CAMPAIGNS LIMIT 1000,0.766068539114984,284522,SUCCESS,
207f4b38-1b18-41ad-ae8e-f1598f3cb628,2025-09-03T01:20:00,00f99f6f-5fcc-490a-84f9-6b24911c0b2e,emilyhamilton,ETL_WH_X-SMALL,SELECT * FROM MARKETING_CAMPAIGNS LIMIT 1000,0.30246637879085403,2000,SUCCESS,
7d38c87a-93e9-44b8-96d6-11f4770681f8,2025-09-03T01:34:00,7cd584de-ca92-465c-8ea8-5f7ad356bee6,danasandoval,ETL_WH_X-SMALL,"SELECT * FROM CUSTOMER_DATA WHERE created_at >= dateadd('day', -7, current_date())",1.7155245119768925,82672,SUCCESS,
4ca1f71b-2551-48d3-b5e5-53bfb207d5b8,2025-09-03T01:34:00,5fb2a072-2bab-4b94-9109-9cbea70c5438,bryancuevas,BI_WH_MEDIUM,SELECT * FROM SYSTEM_EVENTS LIMIT 1000,1.030892223200051,194503,SUCCESS,
43729849-1fbb-4225-b823-1cd787eaf67e,2025-09-03T01:41:00,82e7a6a3-1f49-4f5a-8a2a-96e5a654a185,codyoconnor,BI_WH_X-SMALL,SELECT * FROM PRODUCT_INVENTORY LIMIT 1000,1.3805319881520401,184012,SUCCESS,
f28c3b18-62ff-4b18-b979-a2feba04e2a7,2025-09-03T01:41:00,89e53854-09b7-4b59-8352-a231c51f8687,glarsen,ETL_WH_X-SMALL,"SELECT COUNT(*) FROM SYSTEM_EVENTS GROUP BY date_trunc('day', created_at)",4.582296189965412,529210,SUCCESS,
4ba80ef5-53ef-4b72-8874-06fe4fdae835,2025-09-03T01:47:00,ac5e7ada-2f2f-4292-a0e4-18083982547a,lliu,DEV_WH_MEDIUM,"SELECT * FROM SYSTEM_EVENTS WHERE created_at >= dateadd('day', -7, current_date())",1.6167927201319747,244268,SUCCESS,
9f704420-9f6f-4f84-92f7-1b3e92957185,2025-09-03T01:47:00,00f99f6f-5fcc-490a-84f9-6b24911c0b2e,emilyhamilton,ETL_WH_X-SMALL,"SELECT COUNT(*) FROM PRODUCT_INVENTORY GROUP BY date_trunc('day', created_at)",4.573407731033308,660288,SUCCESS,
9bcbc5ec-1f92-4caf-be43-cec88643ba8b,2025-09-03T01:59:00,82e7a6a3-1f49-4f5a-8a2a-96e5a654a185,codyoconnor,ETL_WH_MEDIUM,"SELECT COUNT(*) FROM USER_ACTIVITY_LOGS GROUP BY date_trunc('day', created_at)",1.0459177406195204,49683,SUCCESS,
fc0deaef-b10e-4ca0-b01f-fc7280978d38,2025-09-03T01:59:00,879c852e-e8e8-45c3-9ead-5fa56c9ecfbc,egarcia,BI_WH_MEDIUM,"SELECT COUNT(*) FROM MARKETING_CAMPAIGNS GROUP BY date_trunc('day', created_at)",3.973217102925094,695825,SUCCESS,
d73c01cf-49d6-4172-8d7e-7a0686b6d72c,2025-09-03T02:13:00,9a7a68c7-1b0c-4669-859f-6d352b1e386f,andrew16,DEV_WH_LARGE,"SELECT * FROM PRODUCT_INVENTORY WHERE created_at >= dateadd('day', -7, current_date())",2.4386767991103757,62991,SUCCESS,
43f29d2c-4831-43a3-b181-500bc6ac2e4c,2025-09-03T02:13:00,4663d48b-596a-4f39-b714-8d69ac9a7d2a,robert93,ETL_WH_MEDIUM,"SELECT DISTINCT column1, column2 FROM SYSTEM_EVENTS WHERE condition = 'value'",0.5522356347816391,869999,SUCCESS,
39f257a2-ceba-479f-a9d0-83e13a3f565d,2025-09-03T02:25:00,da0f0f7a-8d2c-4ca9-b82e-cda33fba6610,rachel35,BI_WH_X-SMALL,"SELECT COUNT(*) FROM MARKETING_CAMPAIGNS GROUP BY date_trunc('day', created_at)",4.275730836128215,631157,SUCCESS,
c9e2fdf1-57a4-4088-87d0-d3ea848d615a,2025-09-03T02:25:00,879c852e-e8e8-45c3-9ead-5fa56c9ecfbc,egarcia,DEV_WH_MEDIUM,"SELECT DISTINCT column1, column2 FROM FINANCIAL_METRICS WHERE condition = 'value'",1.8446458465716078,718921,SUCCESS,
7be9fd41-3a3c-4f1a-ae83-ad08860d85e8,2025-09-03T02:36:00,82e7a6a3-1f49-4f5a-8a2a-96e5a654a185,codyoconnor,DEV_WH_X-SMALL,"SELECT COUNT(*) FROM FINANCIAL_METRICS GROUP BY date_trunc('day', created_at)",3.0604082457571593,244981,SUCCESS,
71f0c475-cfb0-4778-b169-8309c99c150e,2025-09-03T02:36:00,f0c2cfac-cf3b-4053-9e79-a6a4c6bbd187,garciaalison,ETL_WH_LARGE,SELECT * FROM FINANCIAL_METRICS LIMIT 1000,1.253791757583223,538412,SUCCESS,
f983b29b-57dd-4d3c-858f-7aaa8e60dead,2025-09-03T02:48:00,b92c2609-888c-471e-bf61-4363556df9d8,frank26,DEV_WH_SMALL,"SELECT DISTINCT column1, column2 FROM PRODUCT_INVENTORY WHERE condition = 'value'",0.2863854985923933,96943,SUCCESS,
c617f0ea-f8cf-448a-841d-b252c701b9e8,2025-09-03T02:48:00,f0c2cfac-cf3b-4053-9e79-a6a4c6bbd187,garciaalison,DEV_WH_X-SMALL,"SELECT COUNT(*) FROM MARKETING_CAMPAIGNS GROUP BY date_trunc('day', created_at)",4.435932214918077,537276,SUCCESS,
d526dbd8-3d7a-4952-a6b1-a62c413ebd31,2025-09-03T02:54:00,4bc8b8f2-4d6e-4d5e-8d40-a7b6b3d6bb03,amandamitchell,BI_WH_SMALL,"SELECT COUNT(*) FROM PRODUCT_INVENTORY GROUP BY date_trunc('day', created_at)",2.063856490073034,661554,SUCCESS,
61dbf775-268c-4dd3-b654-b1ebda27166f,2025-09-03T02:54:00,da0f0f7a-8d2c-4ca9-b82e-cda33fba6610,rachel35,PROD_WH_MEDIUM,SELECT * FROM SYSTEM_EVENTS LIMIT 1000,3.293564531819675,829961,SUCCESS,
2aeb9759-ac0d-494a-8de2-4d3346c655e4,2025-09-03T03:01:00,f0c2cfac-cf3b-4053-9e79-a6a4c6bbd187,garciaalison,BI_WH_X-SMALL,"SELECT COUNT(*) FROM SALES_TRANSACTIONS GROUP BY date_trunc('day', created_at)",2.4739127378661405,643360,SUCCESS,
0653baf8-59d0-4ff7-9df2-472b59d5a9a3,2025-09-03T03:01:00,89e53854-09b7-4b59-8352-a231c51f8687,glarsen,BI_WH_X-SMALL,SELECT * FROM MARKETING_CAMPAIGNS LIMIT 1000,3.3303669557704723,556539,SUCCESS,
2d5610b4-2b3d-4a79-95cd-220b409e12f0,2025-09-03T03:06:00,3d8cc43f-0f00-40bd-b8b2-34ac61fc0360,rwilliams,ETL_WH_X-SMALL,"SELECT COUNT(*) FROM SALES_TRANSACTIONS GROUP BY date_trunc('day', created_at)",4.868092033371061,392492,SUCCESS,
d1c6be07-cd4d-4e66-a51d-774e361e037b,2025-09-03T03:06:00,00f99f6f-5fcc-490a-84f9-6b24911c0b2e,emilyhamilton,PROD_WH_MEDIUM,"SELECT * FROM MARKETING_CAMPAIGNS WHERE created_at >= dateadd('day', -7, current_date())",1.990281175132977,700742,SUCCESS,
733c5a2c-98d7-4754-9f5d-fd20e95bbc07,2025-09-03T03:17:00,89e53854-09b7-4b59-8352-a231c51f8687,glarsen,PROD_WH_X-SMALL,"SELECT DISTINCT column1, column2 FROM MARKETING_CAMPAIGNS WHERE condition = 'value'",1.0414551229912226,672401,SUCCESS,
c2c4b67b-b803-46ee-9a1c-bf34ba31ab5b,2025-09-03T03:17:00,57eba2d7-a4fe-48aa-aa7b-ad0e6f1296b7,jose46,PROD_WH_LARGE,"SELECT * FROM CUSTOMER_DATA WHERE created_at >= dateadd('day', -7, current_date())",1.874404573325866,243178,SUCCESS,
2389cb1f-b49e-4ccf-a164-73d1d0c0339e,2025-09-03T03:24:00,a3a85592-9f3f-4845-87b8-dd199fcdc3cc,gmoreno,ETL_WH_LARGE,"SELECT DISTINCT column1, column2 FROM FINANCIAL_METRICS WHERE condition = 'value'",2.837713822060282,359101,SUCCESS,
65a03ea6-d864-4853-b3c6-f78e1d4ac9c3,2025-09-03T03:24:00,00f99f6f-5fcc-490a-84f9-6b24911c0b2e,emilyhamilton,PROD_WH_LARGE,"SELECT COUNT(*) FROM EMPLOYEE_RECORDS GROUP BY date_trunc('day', created_at)",2.170263558404777,895538,SUCCESS,
8433bb1a-5a00-4b3f-8f6c-99614648556e,2025-09-03T03:32:00,5fb2a072-2bab-4b94-9109-9cbea70c5438,bryancuevas,DEV_WH_X-SMALL,SELECT * FROM PRODUCT_INVENTORY LIMIT 1000,3.783565630661911,320457,SUCCESS,
ced00e7f-09da-4b43-830c-38ad723b1bc7,2025-09-03T03:32:00,89e53854-09b7-4b59-8352-a231c51f8687,glarsen,PROD_WH_MEDIUM,"SELECT * FROM FINANCIAL_METRICS WHERE created_at >= dateadd('day', -7, current_date())",1.3708363507858772,626791,SUCCESS,
704a1909-4eeb-41f1-b47f-e02788c694d6,2025-09-03T03:45:00,ac5e7ada-2f2f-4292-a0e4-18083982547a,lliu,ETL_WH_SMALL,"SELECT COUNT(*) FROM FINANCIAL_METRICS GROUP BY date_trunc('day', created_at)",3.3305980273051263,531249,SUCCESS,
39104121-8b87-4258-8cf9-e35bdd8a5ffe,2025-09-03T03:45:00,57eba2d7-a4fe-48aa-aa7b-ad0e6f1296b7,jose46,DEV_WH_LARGE,"SELECT * FROM USER_ACTIVITY_LOGS WHERE created_at >= dateadd('day', -7, current_date())",2.6951855999826098,377263,SUCCESS,
637356ce-efa8-4eb9-900c-c3a86d7a7eee,2025-09-03T03:50:00,a3a85592-9f3f-4845-87b8-dd199fcdc3cc,gmoreno,ETL_WH_X-SMALL,"SELECT COUNT(*) FROM SYSTEM_EVENTS GROUP BY date_trunc('day', created_at)",3.477014783342402,867334,SUCCESS,
dc4f6646-3c74-4f5e-9f73-856920d85625,2025-09-03T03:50:00,7cd584de-ca92-465c-8ea8-5f7ad356bee6,danasandoval,PROD_WH_MEDIUM,SELECT * FROM EMPLOYEE_RECORDS LIMIT 1000,2.0303146779415115,972193,SUCCESS,
28b53ae3-c282-4265-991b-eda27aeab508,2025-09-03T03:59:00,3d8cc43f-0f00-40bd-b8b2-34ac61fc0360,rwilliams,PROD_WH_X-SMALL,"SELECT * FROM SALES_TRANSACTIONS WHERE created_at >= dateadd('day', -7, current_date())",1.4645024650024614,789340,SUCCESS,
da213928-97f2-40c6-acba-c8f11e554d81,2025-09-03T03:59:00,7cd584de-ca92-465c-8ea8-5f7ad356bee6,danasandoval,DEV_WH_SMALL,"SELECT * FROM SYSTEM_EVENTS WHERE created_at >= dateadd('day', -7, current_date())",2.1026126752507235,528684,SUCCESS,
db0aacdd-bc8b-4d2a-a696-1b8a43724af9,2025-09-03T04:08:00,b92c2609-888c-471e-bf61-4363556df9d8,frank26,DEV_WH_X-SMALL,"SELECT * FROM CUSTOMER_DATA WHERE created_at >= dateadd('day', -7, current_date())",2.8385356409888445,129633,SUCCESS,
e39d92e1-c61a-4274-b562-2989bd5114d6,2025-09-03T04:08:00,89e53854-09b7-4b59-8352-a231c51f8687,glarsen,ETL_WH_MEDIUM,SELECT * FROM USER_ACTIVITY_LOGS LIMIT 1000,0.30499529130182657,908369,SUCCESS,
e8115eec-6aaf-4da2-bff5-7313d6dc0abe,2025-09-03T04:15:00,4b7e389e-8c78-4e72-ab0b-774df43b399e,hardinjennifer,DEV_WH_MEDIUM,"SELECT * FROM USER_ACTIVITY_LOGS WHERE created_at >= dateadd('day', -7, current_date())",0.13763186092933669,17009,SUCCESS,
671803d3-0053-4048-bbf9-ce809447d400,2025-09-03T04:15:00,89e53854-09b7-4b59-8352-a231c51f8687,glarsen,ETL_WH_LARGE,"SELECT DISTINCT column1, column2 FROM USER_ACTIVITY_LOGS WHERE condition = 'value'",0.46219765151689574,943409,SUCCESS,
e2e17dda-beaa-47d5-b174-5edcd9fc99c0,2025-09-03T04:21:00,cea2e75f-1ee1-4b1d-90f5-242f82a02bed,erickennedy,PROD_WH_MEDIUM,SELECT * FROM USER_ACTIVITY_LOGS LIMIT 1000,1.1970932470045788,480970,SUCCESS,
65059232-c43d-4556-8b98-2cf8c148256a,2025-09-03T04:21:00,ac5e7ada-2f2f-4292-a0e4-18083982547a,lliu,ETL_WH_MEDIUM,SELECT * FROM SYSTEM_EVENTS LIMIT 1000,2.257599976554254,660172,SUCCESS,
2031c1b5-51ad-49f3-b2b5-13ef9c277467,2025-09-03T04:34:00,4663d48b-596a-4f39-b714-8d69ac9a7d2a,robert93,DEV_WH_X-SMALL,SELECT * FROM EMPLOYEE_RECORDS LIMIT 1000,0.41192852003386426,653961,SUCCESS,
f877e033-009f-43a9-b3f7-4c12144bc141,2025-09-03T04:34:00,57eba2d7-a4fe-48aa-aa7b-ad0e6f1296b7,jose46,ETL_WH_SMALL,SELECT * FROM MARKETING_CAMPAIGNS LIMIT 1000,3.5107863851390806,874870,SUCCESS,
4eed4b4e-e968-43de-a812-68b8970344df,2025-09-03T04:49:00,879c852e-e8e8-45c3-9ead-5fa56c9ecfbc,egarcia,ETL_WH_X-SMALL,"SELECT * FROM MARKETING_CAMPAIGNS WHERE created_at >= dateadd('day', -7, current_date())",1.0769484176680686,37146,SUCCESS,
4168173e-a1d0-4278-aefe-548b94e38ec6,2025-09-03T04:49:00,b92c2609-888c-471e-bf61-4363556df9d8,frank26,BI_WH_LARGE,"SELECT * FROM USER_ACTIVITY_LOGS WHERE created_at >= dateadd('day', -7, current_date())",2.084545012300815,848447,SUCCESS,
9d4c9cfc-a741-41cc-90ca-5f51c9304011,2025-09-03T05:00:00,57eba2d7-a4fe-48aa-aa7b-ad0e6f1296b7,jose46,ETL_WH_SMALL,SELECT * FROM EMPLOYEE_RECORDS LIMIT 1000,2.1146604272580904,247000,SUCCESS,
7b5a580f-5d09-4ebf-aa45-a1f2b1327f10,2025-09-03T05:00:00,da0f0f7a-8d2c-4ca9-b82e-cda33fba6610,rachel35,ETL_WH_LARGE,"SELECT DISTINCT column1, column2 FROM SALES_TRANSACTIONS WHERE condition = 'value'",3.473842683960278,188317,SUCCESS,
6bad8da9-72ba-4f3f-a03a-a76a344a9b88,2025-09-03T05:10:00,5fb2a072-2bab-4b94-9109-9cbea70c5438,bryancuevas,PROD_WH_LARGE,"SELECT * FROM MARKETING_CAMPAIGNS WHERE created_at >= dateadd('day', -7, current_date())",1.4203007786122985,752734,SUCCESS,
20ff2210-d9ef-4c7a-8233-ff189455708b,2025-09-03T05:10:00,879c852e-e8e8-45c3-9ead-5fa56c9ecfbc,egarcia,DEV_WH_MEDIUM,"SELECT * FROM CUSTOMER_DATA WHERE created_at >= dateadd('day', -7, current_date())",1.5494990080005346,382944,SUCCESS,
63f538fe-ba48-483e-b200-6b4f941f9ac0,2025-09-03T05:21:00,5fb2a072-2bab-4b94-9109-9cbea70c5438,bryancuevas,BI_WH_X-SMALL,"SELECT COUNT(*) FROM FINANCIAL_METRICS GROUP BY date_trunc('day', created_at)",4.2782498521696555,310055,SUCCESS,
99de04e4-b103-44b8-b052-75356dc1791e,2025-09-03T05:21:00,f0c2cfac-cf3b-4053-9e79-a6a4c6bbd187,garciaalison,BI_WH_MEDIUM,"SELECT * FROM MARKETING_CAMPAIGNS WHERE created_at >= dateadd('day', -7, current_date())",1.98843540747407,956593,SUCCESS,
e9f4998f-1a0c-413d-bac4-0e3c9bb0ddbb,2025-09-03T05:35:00,5fb2a072-2bab-4b94-9109-9cbea70c5438,bryancuevas,DEV_WH_MEDIUM,"SELECT DISTINCT column1, column2 FROM SYSTEM_EVENTS WHERE condition = 'value'",4.563731562007077,502589,SUCCESS,
065c3003-47c6-49db-be54-d30ef2f7faa0,2025-09-03T05:35:00,ac5e7ada-2f2f-4292-a0e4-18083982547a,lliu,BI_WH_SMALL,SELECT * FROM CUSTOMER_DATA LIMIT 1000,3.7003933566810523,318041,SUCCESS,
5edf84b2-2a18-4f4b-ad19-3162a81747e3,2025-09-03T05:49:00,00f99f6f-5fcc-490a-84f9-6b24911c0b2e,emilyhamilton,BI_WH_X-SMALL,SELECT * FROM SALES_TRANSACTIONS LIMIT 1000,0.7134030081230592,2684,SUCCESS,
275398a8-1964-4512-ab6e-1cf74c8b708d,2025-09-03T05:49:00,da0f0f7a-8d2c-4ca9-b82e-cda33fba6610,rachel35,ETL_WH_SMALL,"SELECT DISTINCT column1, column2 FROM CUSTOMER_DATA WHERE condition = 'value'",1.1682484898858025,339467,SUCCESS,
8da1d625-472a-4d17-b1c6-ed750c66b1b4,2025-09-03T05:54:00,00f99f6f-5fcc-490a-84f9-6b24911c0b2e,emilyhamilton,PROD_WH_SMALL,SELECT * FROM EMPLOYEE_RECORDS LIMIT 1000,4.560327431518316,689761,SUCCESS,
c49a3925-968c-4369-a7a4-11b723e0174d,2025-09-03T05:54:00,4bc8b8f2-4d6e-4d5e-8d40-a7b6b3d6bb03,amandamitchell,ETL_WH_LARGE,"SELECT * FROM FINANCIAL_METRICS WHERE created_at >= dateadd('day', -7, current_date())",3.8290588886752612,706709,SUCCESS,
818b98ad-a5f9-4105-bc98-27e5b67bf4ba,2025-09-03T06:07:00,cea2e75f-1ee1-4b1d-90f5-242f82a02bed,erickennedy,ETL_WH_MEDIUM,"SELECT DISTINCT column1, column2 FROM SYSTEM_EVENTS WHERE condition = 'value'",3.564453244086966,467038,SUCCESS,
aa2c18e1-1898-410a-a3f6-36b4a3faf6ec,2025-09-03T06:07:00,f0c2cfac-cf3b-4053-9e79-a6a4c6bbd187,garciaalison,DEV_WH_X-SMALL,"SELECT DISTINCT column1, column2 FROM USER_ACTIVITY_LOGS WHERE condition = 'value'",2.8905790852128166,882188,SUCCESS,
f432a071-6529-43fb-b541-b3ef73ff2352,2025-09-03T06:19:00,4663d48b-596a-4f39-b714-8d69ac9a7d2a,robert93,PROD_WH_MEDIUM,"SELECT * FROM USER_ACTIVITY_LOGS WHERE created_at >= dateadd('day', -7, current_date())",3.387826653384003,222041,SUCCESS,
e4f91c73-fe14-45cf-9476-3b5834a14b84,2025-09-03T06:19:00,5fb2a072-2bab-4b94-9109-9cbea70c5438,bryancuevas,BI_WH_SMALL,SELECT * FROM CUSTOMER_DATA LIMIT 1000,0.362406838689194,407773,SUCCESS,
7ef3fde2-53d1-4a59-a25f-4374123f2f9b,2025-09-03T06:34:00,57eba2d7-a4fe-48aa-aa7b-ad0e6f1296b7,jose46,BI_WH_LARGE,"SELECT COUNT(*) FROM PRODUCT_INVENTORY GROUP BY date_trunc('day', created_at)",0.6810111922447168,205659,SUCCESS,
e39d1638-7eb3-4284-a8cb-646e02bf0d35,2025-09-03T06:34:00,00f99f6f-5fcc-490a-84f9-6b24911c0b2e,emilyhamilton,DEV_WH_MEDIUM,"SELECT COUNT(*) FROM CUSTOMER_DATA GROUP BY date_trunc('day', created_at)",4.628495626627289,290818,SUCCESS,
717eef15-abfb-4f94-984a-c763eb83fe5f,2025-09-03T06:42:00,57eba2d7-a4fe-48aa-aa7b-ad0e6f1296b7,jose46,ETL_WH_SMALL,"SELECT COUNT(*) FROM SYSTEM_EVENTS GROUP BY date_trunc('day', created_at)",1.6190124850055567,749571,SUCCESS,
d2bf2fcf-f2ff-4d93-98ef-38d09580b99d,2025-09-03T06:42:00,f0c2cfac-cf3b-4053-9e79-a6a4c6bbd187,garciaalison,ETL_WH_MEDIUM,"SELECT DISTINCT column1, column2 FROM USER_ACTIVITY_LOGS WHERE condition = 'value'",4.147002687563447,44017,SUCCESS,
e2100c9b-36e3-45d1-919c-2eec41ab870a,2025-09-03T06:56:00,5fb2a072-2bab-4b94-9109-9cbea70c5438,bryancuevas,PROD_WH_MEDIUM,"SELECT COUNT(*) FROM SYSTEM_EVENTS GROUP BY date_trunc('day', created_at)",0.1935837134359114,917272,SUCCESS,
edc73747-c658-4a6c-818e-e1cc4d36ae2a,2025-09-03T06:56:00,ac5e7ada-2f2f-4292-a0e4-18083982547a,lliu,DEV_WH_MEDIUM,"SELECT * FROM PRODUCT_INVENTORY WHERE created_at >= dateadd('day', -7, current_date())",2.191427483472856,647524,SUCCESS,
78fe4c96-5150-4973-b018-f309f7f67ec1,2025-09-03T07:05:00,3d8cc43f-0f00-40bd-b8b2-34ac61fc0360,rwilliams,PROD_WH_LARGE,"SELECT COUNT(*) FROM CUSTOMER_DATA GROUP BY date_trunc('day', created_at)",3.2149411456948673,159655,SUCCESS,
bf07c152-4cc5-46c4-ad99-933afb798171,2025-09-03T07:05:00,7cd584de-ca92-465c-8ea8-5f7ad356bee6,danasandoval,DEV_WH_X-SMALL,"SELECT COUNT(*) FROM FINANCIAL_METRICS GROUP BY date_trunc('day', created_at)",3.523727122280939,303387,SUCCESS,
98b21135-2086-4227-a51e-79026ef3e43b,2025-09-03T07:10:00,89e53854-09b7-4b59-8352-a231c51f8687,glarsen,DEV_WH_LARGE,"SELECT COUNT(*) FROM SYSTEM_EVENTS GROUP BY date_trunc('day', created_at)",4.699538070641931,921009,SUCCESS,
a89d648b-d06a-42a0-8ad4-72c953f60182,2025-09-03T07:10:00,89e53854-09b7-4b59-8352-a231c51f8687,glarsen,PROD_WH_MEDIUM,"SELECT DISTINCT column1, column2 FROM CUSTOMER_DATA WHERE condition = 'value'",1.6748487780175398,204186,SUCCESS,
d0af489b-13b0-4e38-aedb-a84cf0c421d4,2025-09-03T07:15:00,859c34dd-4540-49a3-b26d-f82b1455d905,oatkinson,DEV_WH_MEDIUM,"SELECT * FROM EMPLOYEE_RECORDS WHERE created_at >= dateadd('day', -7, current_date())",1.309657471519153,487283,SUCCESS,
5eb2e67d-ff58-4f7c-b73a-61763b7b096c,2025-09-03T07:15:00,4bc8b8f2-4d6e-4d5e-8d40-a7b6b3d6bb03,amandamitchell,BI_WH_MEDIUM,SELECT * FROM PRODUCT_INVENTORY LIMIT 1000,2.4214086955613836,530500,SUCCESS,
86e80ef3-639d-432d-9789-836bfda57ed7,2025-09-03T07:20:00,cea2e75f-1ee1-4b1d-90f5-242f82a02bed,erickennedy,ETL_WH_X-SMALL,"SELECT COUNT(*) FROM CUSTOMER_DATA GROUP BY date_trunc('day', created_at)",1.322117846008056,513893,SUCCESS,
1b42e7b3-59b7-4f74-9f01-e5956c6fb9d8,2025-09-03T07:20:00,a3a85592-9f3f-4845-87b8-dd199fcdc3cc,gmoreno,DEV_WH_MEDIUM,SELECT * FROM PRODUCT_INVENTORY LIMIT 1000,1.7567287769123172,511894,SUCCESS,
570b0804-7920-4d13-91fe-bd83e90e5c32,2025-09-03T07:30:00,57eba2d7-a4fe-48aa-aa7b-ad0e6f1296b7,jose46,ETL_WH_MEDIUM,"SELECT * FROM EMPLOYEE_RECORDS WHERE created_at >= dateadd('day', -7, current_date())",0.19570503481741502,153248,SUCCESS,
e606980b-4aea-4226-a7f9-14dc793b59d0,2025-09-03T07:30:00,4b7e389e-8c78-4e72-ab0b-774df43b399e,hardinjennifer,PROD_WH_X-SMALL,"SELECT DISTINCT column1, column2 FROM SYSTEM_EVENTS WHERE condition = 'value'",0.7765522598140172,585650,SUCCESS,
e63f970d-cfc2-4bcf-aec8-3d462a14f251,2025-09-03T07:38:00,4b7e389e-8c78-4e72-ab0b-774df43b399e,hardinjennifer,BI_WH_LARGE,SELECT * FROM USER_ACTIVITY_LOGS LIMIT 1000,2.295294525708902,593079,SUCCESS,
4746b785-1e00-439d-824f-183039be9bfd,2025-09-03T07:38:00,f22aa1cf-fe8b-4e78-8492-b46e0f46ffda,brandtmisty,ETL_WH_SMALL,"SELECT DISTINCT column1, column2 FROM USER_ACTIVITY_LOGS WHERE condition = 'value'",2.829502660813087,360010,SUCCESS,
d641cff5-8131-482e-bba3-c04270232950,2025-09-03T07:48:00,4bc8b8f2-4d6e-4d5e-8d40-a7b6b3d6bb03,amandamitchell,BI_WH_SMALL,"SELECT * FROM SALES_TRANSACTIONS WHERE created_at >= dateadd('day', -7, current_date())",0.514721463748842,71414,SUCCESS,
e4c9882f-4fb6-46e6-9a5c-6824f0d0a983,2025-09-03T07:48:00,da0f0f7a-8d2c-4ca9-b82e-cda33fba6610,rachel35,PROD_WH_LARGE,"SELECT DISTINCT column1, column2 FROM SALES_TRANSACTIONS WHERE condition = 'value'",0.7658320860285089,920320,SUCCESS,
967ac3c5-1b7c-4703-972a-fb2b8596da79,2025-09-03T08:00:00,b92c2609-888c-471e-bf61-4363556df9d8,frank26,ETL_WH_LARGE,"SELECT COUNT(*) FROM SYSTEM_EVENTS GROUP BY date_trunc('day', created_at)",0.32680652429409607,22163,SUCCESS,
46bf4673-54be-47e9-8828-4d6d91ed1724,2025-09-03T08:00:00,cea2e75f-1ee1-4b1d-90f5-242f82a02bed,erickennedy,ETL_WH_MEDIUM,"SELECT * FROM CUSTOMER_DATA WHERE created_at >= dateadd('day', -7, current_date())",3.0959605058454596,133405,SUCCESS,
f65cfe4d-8995-4125-8d5c-6e186397ff68,2025-09-03T08:09:00,b92c2609-888c-471e-bf61-4363556df9d8,frank26,BI_WH_X-SMALL,"SELECT DISTINCT column1, column2 FROM EMPLOYEE_RECORDS WHERE condition = 'value'",1.6007872569172432,171983,SUCCESS,
a5e836a4-eca6-42ef-8689-9d44c1f9a565,2025-09-03T08:09:00,ac5e7ada-2f2f-4292-a0e4-18083982547a,lliu,DEV_WH_LARGE,"SELECT DISTINCT column1, column2 FROM EMPLOYEE_RECORDS WHERE condition = 'value'",2.619360057663131,591642,SUCCESS,
93734847-9d86-42f5-851d-afede9440208,2025-09-03T08:16:00,4b7e389e-8c78-4e72-ab0b-774df43b399e,hardinjennifer,DEV_WH_MEDIUM,SELECT * FROM SALES_TRANSACTIONS LIMIT 1000,3.419647597046836,77874,SUCCESS,
ecb79776-ec02-4205-8231-9e77771e9999,2025-09-03T08:16:00,cea2e75f-1ee1-4b1d-90f5-242f82a02bed,erickennedy,BI_WH_LARGE,"SELECT DISTINCT column1, column2 FROM USER_ACTIVITY_LOGS WHERE condition = 'value'",3.9669512758611694,20528,SUCCESS,
0128c717-26b6-468b-be63-bf71387c3e30,2025-09-03T08:22:00,5fb2a072-2bab-4b94-9109-9cbea70c5438,bryancuevas,PROD_WH_X-SMALL,"SELECT DISTINCT column1, column2 FROM SYSTEM_EVENTS WHERE condition = 'value'",0.5109353987864439,214711,SUCCESS,
9d6705f0-e704-492d-a987-61a6907dece8,2025-09-03T08:22:00,f0c2cfac-cf3b-4053-9e79-a6a4c6bbd187,garciaalison,DEV_WH_X-SMALL,SELECT * FROM USER_ACTIVITY_LOGS LIMIT 1000,4.608324900848759,678365,SUCCESS,
55328250-b3f9-4406-9b67-ef1587135bcb,2025-09-03T08:29:00,89e53854-09b7-4b59-8352-a231c51f8687,glarsen,DEV_WH_X-SMALL,"SELECT * FROM USER_ACTIVITY_LOGS WHERE created_at >= dateadd('day', -7, current_date())",3.349265714801815,346750,SUCCESS,
a9c15b51-d105-4a8c-8d0c-33204e42dea8,2025-09-03T08:29:00,89e53854-09b7-4b59-8352-a231c51f8687,glarsen,PROD_WH_MEDIUM,"SELECT DISTINCT column1, column2 FROM SALES_TRANSACTIONS WHERE condition = 'value'",2.4480520794686,68826,SUCCESS,
35231dd9-90eb-4e85-af0f-cb60dc39658f,2025-09-03T08:40:00,7cd584de-ca92-465c-8ea8-5f7ad356bee6,danasandoval,ETL_WH_X-SMALL,"SELECT DISTINCT column1, column2 FROM CUSTOMER_DATA WHERE condition = 'value'",3.76244201360443,826357,SUCCESS,
30d63118-845d-4043-a50e-e73f9e2e9a12,2025-09-03T08:40:00,5fb2a072-2bab-4b94-9109-9cbea70c5438,bryancuevas,ETL_WH_LARGE,"SELECT COUNT(*) FROM MARKETING_CAMPAIGNS GROUP BY date_trunc('day', created_at)",3.7221024266643576,214567,SUCCESS,
f474f202-99ef-40de-9b10-8ff22934d297,2025-09-03T08:50:00,00f99f6f-5fcc-490a-84f9-6b24911c0b2e,emilyhamilton,BI_WH_SMALL,"SELECT DISTINCT column1, column2 FROM EMPLOYEE_RECORDS WHERE condition = 'value'",0.3217933796930195,101728,SUCCESS,
6149882a-1119-4723-86fc-ae7cc6e4a048,2025-09-03T08:50:00,00f99f6f-5fcc-490a-84f9-6b24911c0b2e,emilyhamilton,BI_WH_LARGE,SELECT * FROM SALES_TRANSACTIONS LIMIT 1000,2.5803437697456704,675375,SUCCESS,
320558aa-ec02-4f66-bea5-85b62666b404,2025-09-03T08:56:00,cea2e75f-1ee1-4b1d-90f5-242f82a02bed,erickennedy,PROD_WH_MEDIUM,SELECT * FROM SALES_TRANSACTIONS LIMIT 1000,4.558137280333992,214090,SUCCESS,
48ecae62-9fd3-4a36-bf2e-6c663762a2aa,2025-09-03T08:56:00,f0c2cfac-cf3b-4053-9e79-a6a4c6bbd187,garciaalison,BI_WH_MEDIUM,"SELECT COUNT(*) FROM SYSTEM_EVENTS GROUP BY date_trunc('day', created_at)",2.0379345397864115,951218,SUCCESS,
9176b1ca-2cb1-4cc8-b943-c013bfb10d5c,2025-09-03T09:01:00,89e53854-09b7-4b59-8352-a231c51f8687,glarsen,DEV_WH_SMALL,"SELECT DISTINCT column1, column2 FROM CUSTOMER_DATA WHERE condition = 'value'",4.416163428908664,263369,SUCCESS,
b66144e2-3f42-4dcd-9b67-cd951eb57b06,2025-09-03T09:01:00,4bc8b8f2-4d6e-4d5e-8d40-a7b6b3d6bb03,amandamitchell,BI_WH_X-SMALL,"SELECT * FROM CUSTOMER_DATA WHERE created_at >= dateadd('day', -7, current_date())",4.045265252682193,221922,SUCCESS,
c094a3de-fb87-4fb3-9f26-d43f8650e0c0,2025-09-03T09:01:00,da0f0f7a-8d2c-4ca9-b82e-cda33fba6610,rachel35,ETL_WH_SMALL,"SELECT * FROM PRODUCT_INVENTORY WHERE created_at >= dateadd('day', -7, current_date())",0.19148304736437416,177888,SUCCESS,
a2e3cdcf-6b96-466f-9722-6234a2a635f1,2025-09-03T09:01:00,879c852e-e8e8-45c3-9ead-5fa56c9ecfbc,egarcia,BI_WH_LARGE,"SELECT COUNT(*) FROM EMPLOYEE_RECORDS GROUP BY date_trunc('day', created_at)",0.6270711335620464,509666,SUCCESS,
1e6c1485-458f-4626-87b1-ca0ad9b74ebc,2025-09-03T09:01:00,57eba2d7-a4fe-48aa-aa7b-ad0e6f1296b7,jose46,ETL_WH_X-SMALL,"SELECT COUNT(*) FROM USER_ACTIVITY_LOGS GROUP BY date_trunc('day', created_at)",4.731525586163484,943479,SUCCESS,
cb076215-6631-4953-ae4d-21a37bc981ef,2025-09-03T09:01:00,5fb2a072-2bab-4b94-9109-9cbea70c5438,bryancuevas,ETL_WH_SMALL,"SELECT * FROM PRODUCT_INVENTORY WHERE created_at >= dateadd('day', -7, current_date())",3.8386437834982177,579087,SUCCESS,
e5a703db-c762-417c-bf72-9b48b228833b,2025-09-03T09:01:00,4b7e389e-8c78-4e72-ab0b-774df43b399e,hardinjennifer,PROD_WH_X-SMALL,SELECT * FROM CUSTOMER_DATA LIMIT 1000,3.3123370741988163,328453,SUCCESS,
a2b66ed0-5989-47a4-9e27-a0341457bdf8,2025-09-03T09:01:00,879c852e-e8e8-45c3-9ead-5fa56c9ecfbc,egarcia,BI_WH_LARGE,SELECT * FROM FINANCIAL_METRICS LIMIT 1000,1.8315735587695028,311736,SUCCESS,
2f05a597-cad8-4cc1-8b6c-22c03cdfa1ae,2025-09-03T09:01:00,a3a85592-9f3f-4845-87b8-dd199fcdc3cc,gmoreno,ETL_WH_LARGE,"SELECT DISTINCT column1, column2 FROM MARKETING_CAMPAIGNS WHERE condition = 'value'",1.239584809509434,634518,SUCCESS,
8caef669-0e99-4504-86cf-d073936fe402,2025-09-03T09:01:00,57eba2d7-a4fe-48aa-aa7b-ad0e6f1296b7,jose46,PROD_WH_SMALL,"SELECT COUNT(*) FROM SALES_TRANSACTIONS GROUP BY date_trunc('day', created_at)",3.248807323296378,429871,SUCCESS,
ce84cc86-ae06-4c40-aa80-da0e0c4005ac,2025-09-03T09:15:00,57eba2d7-a4fe-48aa-aa7b-ad0e6f1296b7,jose46,DEV_WH_X-SMALL,"SELECT * FROM EMPLOYEE_RECORDS WHERE created_at >= dateadd('day', -7, current_date())",4.593830140261911,772787,SUCCESS,
827a8a21-728f-4a52-ab30-d9861a053dc9,2025-09-03T09:15:00,4663d48b-596a-4f39-b714-8d69ac9a7d2a,robert93,ETL_WH_LARGE,"SELECT DISTINCT column1, column2 FROM CUSTOMER_DATA WHERE condition = 'value'",2.148717044388708,981229,SUCCESS,
9c9cf0bb-cbb0-4259-af43-d382a3a66163,2025-09-03T09:15:00,a3a85592-9f3f-4845-87b8-dd199fcdc3cc,gmoreno,BI_WH_SMALL,SELECT * FROM USER_ACTIVITY_LOGS LIMIT 1000,4.094443400511064,427953,SUCCESS,
6073dfbd-cc84-4335-bdab-26fc929ec862,2025-09-03T09:15:00,57eba2d7-a4fe-48aa-aa7b-ad0e6f1296b7,jose46,BI_WH_MEDIUM,"SELECT * FROM EMPLOYEE_RECORDS WHERE created_at >= dateadd('day', -7, current_date())",4.347852724371328,358369,SUCCESS,
2b2e51c5-1360-480f-ab94-9c42028455f9,2025-09-03T09:15:00,f22aa1cf-fe8b-4e78-8492-b46e0f46ffda,brandtmisty,ETL_WH_LARGE,"SELECT COUNT(*) FROM SALES_TRANSACTIONS GROUP BY date_trunc('day', created_at)",4.743206842140554,167947,SUCCESS,
99d6424f-5c4f-4dc8-8536-de5391a5ff58,2025-09-03T09:15:00,82e7a6a3-1f49-4f5a-8a2a-96e5a654a185,codyoconnor,DEV_WH_MEDIUM,"SELECT * FROM USER_ACTIVITY_LOGS WHERE created_at >= dateadd('day', -7, current_date())",3.5630502648183398,891753,SUCCESS,
a6806ee2-a1b2-4609-9ad4-37fc4e997597,2025-09-03T09:15:00,da0f0f7a-8d2c-4ca9-b82e-cda33fba6610,rachel35,BI_WH_SMALL,"SELECT COUNT(*) FROM SYSTEM_EVENTS GROUP BY date_trunc('day', created_at)",2.8096865309239782,465211,SUCCESS,
67175eb9-f7fa-40d6-861a-b69ba460a276,2025-09-03T09:15:00,57eba2d7-a4fe-48aa-aa7b-ad0e6f1296b7,jose46,BI_WH_LARGE,"SELECT COUNT(*) FROM PRODUCT_INVENTORY GROUP BY date_trunc('day', created_at)",3.545310786594643,698637,SUCCESS,
05879d5f-f41a-4ea2-8640-9680e64ce2bf,2025-09-03T09:15:00,4b7e389e-8c78-4e72-ab0b-774df43b399e,hardinjennifer,BI_WH_SMALL,"SELECT COUNT(*) FROM FINANCIAL_METRICS GROUP BY date_trunc('day', created_at)",3.485727758120947,757159,SUCCESS,
be4fc103-b276-427c-8b64-a645b0f4b496,2025-09-03T09:15:00,b92c2609-888c-471e-bf61-4363556df9d8,frank26,BI_WH_MEDIUM,"SELECT DISTINCT column1, column2 FROM USER_ACTIVITY_LOGS WHERE condition = 'value'",3.3072383542859867,180475,SUCCESS,
ecb2b1b2-73bd-42ce-9cea-7e951af6ed82,2025-09-03T09:24:00,859c34dd-4540-49a3-b26d-f82b1455d905,oatkinson,ETL_WH_MEDIUM,SELECT * FROM SALES_TRANSACTIONS LIMIT 1000,4.8686837273644645,459170,SUCCESS,
9fe1692e-a451-44e9-8df7-525adc3d1cd0,2025-09-03T09:24:00,00f99f6f-5fcc-490a-84f9-6b24911c0b2e,emilyhamilton,ETL_WH_LARGE,"SELECT * FROM USER_ACTIVITY_LOGS WHERE created_at >= dateadd('day', -7, current_date())",4.895180371494817,568822,SUCCESS,
782ef363-4b97-4b3a-8a52-fe83f3da378e,2025-09-03T09:24:00,57eba2d7-a4fe-48aa-aa7b-ad0e6f1296b7,jose46,BI_WH_MEDIUM,"SELECT DISTINCT column1, column2 FROM CUSTOMER_DATA WHERE condition = 'value'",2.4191927882998696,988533,SUCCESS,
b761731e-b6a4-4176-8c03-b75cac6f7297,2025-09-03T09:24:00,89e53854-09b7-4b59-8352-a231c51f8687,glarsen,PROD_WH_X-SMALL,"SELECT COUNT(*) FROM FINANCIAL_METRICS GROUP BY date_trunc('day', created_at)",3.7083741901125427,348460,SUCCESS,
39fc86a1-aef4-4552-a591-327e3ea7722a,2025-09-03T09:24:00,879c852e-e8e8-45c3-9ead-5fa56c9ecfbc,egarcia,ETL_WH_SMALL,"SELECT * FROM PRODUCT_INVENTORY WHERE created_at >= dateadd('day', -7, current_date())",2.8036864650743767,879200,SUCCESS,
01e954cf-89c7-4c02-9f1b-9000a3b145bb,2025-09-03T09:24:00,da0f0f7a-8d2c-4ca9-b82e-cda33fba6610,rachel35,BI_WH_MEDIUM,"SELECT * FROM SYSTEM_EVENTS WHERE created_at >= dateadd('day', -7, current_date())",0.527278789186833,983740,SUCCESS,
31bd8a61-962c-4bdb-94b8-3685c5fcc224,2025-09-03T09:24:00,f0c2cfac-cf3b-4053-9e79-a6a4c6bbd187,garciaalison,BI_WH_SMALL,"SELECT DISTINCT column1, column2 FROM USER_ACTIVITY_LOGS WHERE condition = 'value'",0.1635580078920529,42741,SUCCESS,
8ca82f33-de37-4291-9bf3-dc2ae30e7425,2025-09-03T09:24:00,b92c2609-888c-471e-bf61-4363556df9d8,frank26,BI_WH_LARGE,"SELECT COUNT(*) FROM CUSTOMER_DATA GROUP BY date_trunc('day', created_at)",3.564210254802815,28586,SUCCESS,
6a460b54-5b1c-4533-b114-a5e2035b26e0,2025-09-03T09:24:00,879c852e-e8e8-45c3-9ead-5fa56c9ecfbc,egarcia,DEV_WH_LARGE,SELECT * FROM MARKETING_CAMPAIGNS LIMIT 1000,2.6188361891194334,78330,SUCCESS,
05ce56de-fc53-4bee-84ab-e8e3a65c8ba3,2025-09-03T09:24:00,a3a85592-9f3f-4845-87b8-dd199fcdc3cc,gmoreno,DEV_WH_LARGE,"SELECT * FROM CUSTOMER_DATA WHERE created_at >= dateadd('day', -7, current_date())",2.9899712981407736,227113,SUCCESS,
c652dfb5-d012-4b15-85fb-8832ac30285e,2025-09-03T09:38:00,82e7a6a3-1f49-4f5a-8a2a-96e5a654a185,codyoconnor,DEV_WH_LARGE,SELECT * FROM PRODUCT_INVENTORY LIMIT 1000,4.159500302098631,496946,SUCCESS,
1c9cd6dc-d462-4e4e-8649-ca49ff51a364,2025-09-03T09:38:00,82e7a6a3-1f49-4f5a-8a2a-96e5a654a185,codyoconnor,DEV_WH_MEDIUM,"SELECT DISTINCT column1, column2 FROM EMPLOYEE_RECORDS WHERE condition = 'value'",4.7952199806325915,171739,SUCCESS,
99462428-48e2-42f2-8694-9f0b0aff3b6e,2025-09-03T09:38:00,859c34dd-4540-49a3-b26d-f82b1455d905,oatkinson,DEV_WH_LARGE,"SELECT COUNT(*) FROM PRODUCT_INVENTORY GROUP BY date_trunc('day', created_at)",2.780304866777707,439497,SUCCESS,
909e359b-d9b7-4ae5-be1b-aa832cce568a,2025-09-03T09:38:00,00f99f6f-5fcc-490a-84f9-6b24911c0b2e,emilyhamilton,BI_WH_LARGE,"SELECT * FROM SYSTEM_EVENTS WHERE created_at >= dateadd('day', -7, current_date())",1.9056417043719225,498895,SUCCESS,
61e9938e-93df-4863-b0ff-3f5f1ddcae9b,2025-09-03T09:38:00,7cd584de-ca92-465c-8ea8-5f7ad356bee6,danasandoval,ETL_WH_LARGE,"SELECT * FROM MARKETING_CAMPAIGNS WHERE created_at >= dateadd('day', -7, current_date())",1.5161513053423432,304915,SUCCESS,
ed4dbf47-77ad-4b42-9c0e-85219aabc752,2025-09-03T09:38:00,89e53854-09b7-4b59-8352-a231c51f8687,glarsen,BI_WH_X-SMALL,"SELECT COUNT(*) FROM USER_ACTIVITY_LOGS GROUP BY date_trunc('day', created_at)",0.4546834758687911,279378,SUCCESS,
fe48e33e-1a94-497e-a106-e3877de8de07,2025-09-03T09:38:00,9a7a68c7-1b0c-4669-859f-6d352b1e386f,andrew16,BI_WH_SMALL,SELECT * FROM FINANCIAL_METRICS LIMIT 1000,4.002418488303567,565939,SUCCESS,
52fe1c96-cc35-4e5a-9225-6309b898b6c6,2025-09-03T09:38:00,cea2e75f-1ee1-4b1d-90f5-242f82a02bed,erickennedy,DEV_WH_LARGE,"SELECT DISTINCT column1, column2 FROM EMPLOYEE_RECORDS WHERE condition = 'value'",3.2115257946713873,252554,SUCCESS,
0557c171-befa-4b8b-89f6-86ffd485f3fe,2025-09-03T09:38:00,b92c2609-888c-471e-bf61-4363556df9d8,frank26,ETL_WH_MEDIUM,"SELECT COUNT(*) FROM EMPLOYEE_RECORDS GROUP BY date_trunc('day', created_at)",2.4249999951853343,518493,SUCCESS,
27a71843-b0c0-4d81-a99d-4a07d0b457f4,2025-09-03T09:38:00,82e7a6a3-1f49-4f5a-8a2a-96e5a654a185,codyoconnor,DEV_WH_SMALL,"SELECT DISTINCT column1, column2 FROM PRODUCT_INVENTORY WHERE condition = 'value'",1.5516002237538535,575883,SUCCESS,
b68c03f8-3093-45e3-a867-411a2a633064,2025-09-03T09:48:00,7cd584de-ca92-465c-8ea8-5f7ad356bee6,danasandoval,PROD_WH_LARGE,"SELECT DISTINCT column1, column2 FROM USER_ACTIVITY_LOGS WHERE condition = 'value'",2.9320060518003457,408298,SUCCESS,
f88ad42b-a8fe-4a1a-8dd5-54a36e562d33,2025-09-03T09:48:00,4663d48b-596a-4f39-b714-8d69ac9a7d2a,robert93,ETL_WH_X-SMALL,"SELECT DISTINCT column1, column2 FROM CUSTOMER_DATA WHERE condition = 'value'",1.3138871127833114,271115,SUCCESS,
4b333b05-82f0-4a75-8fd9-baa3b9f0a0c6,2025-09-03T09:48:00,4663d48b-596a-4f39-b714-8d69ac9a7d2a,robert93,ETL_WH_X-SMALL,"SELECT * FROM EMPLOYEE_RECORDS WHERE created_at >= dateadd('day', -7, current_date())",2.0233820436437515,510701,SUCCESS,
e8ec3cb9-efd6-4cff-8a04-bcaafcde7c25,2025-09-03T09:48:00,4b7e389e-8c78-4e72-ab0b-774df43b399e,hardinjennifer,DEV_WH_MEDIUM,"SELECT COUNT(*) FROM CUSTOMER_DATA GROUP BY date_trunc('day', created_at)",1.0894958818920006,487011,SUCCESS,
1793c753-70c7-4e02-af4f-8dcbd07467bd,2025-09-03T09:48:00,ac5e7ada-2f2f-4292-a0e4-18083982547a,lliu,ETL_WH_SMALL,SELECT * FROM USER_ACTIVITY_LOGS LIMIT 1000,1.9064904321390697,669787,SUCCESS,
22766cfa-e6ae-4032-a657-1a8d7072199b,2025-09-03T09:48:00,879c852e-e8e8-45c3-9ead-5fa56c9ecfbc,egarcia,ETL_WH_X-SMALL,"SELECT COUNT(*) FROM USER_ACTIVITY_LOGS GROUP BY date_trunc('day', created_at)",4.977202632515305,597696,SUCCESS,
72d2faa0-5dcf-4c78-b87d-944dfb1525ef,2025-09-03T09:48:00,4663d48b-596a-4f39-b714-8d69ac9a7d2a,robert93,ETL_WH_LARGE,"SELECT * FROM PRODUCT_INVENTORY WHERE created_at >= dateadd('day', -7, current_date())",3.0325335697191367,338117,SUCCESS,
cd749f55-2c72-4a87-996b-5aca997ef336,2025-09-03T09:48:00,879c852e-e8e8-45c3-9ead-5fa56c9ecfbc,egarcia,PROD_WH_MEDIUM,SELECT * FROM SALES_TRANSACTIONS LIMIT 1000,4.0171571807235535,287450,SUCCESS,
de2c7749-d562-4a0f-91d0-e05c6a647baf,2025-09-03T09:48:00,82e7a6a3-1f49-4f5a-8a2a-96e5a654a185,codyoconnor,DEV_WH_MEDIUM,"SELECT COUNT(*) FROM CUSTOMER_DATA GROUP BY date_trunc('day', created_at)",0.1678265760168996,556652,SUCCESS,
0d15ce51-5b43-498b-a293-d36af793959c,2025-09-03T09:48:00,7cd584de-ca92-465c-8ea8-5f7ad356bee6,danasandoval,PROD_WH_LARGE,"SELECT * FROM PRODUCT_INVENTORY WHERE created_at >= dateadd('day', -7, current_date())",4.6463699912718015,909165,SUCCESS,
7ccbeabc-6dfd-40eb-be26-85bf03b4ce4f,2025-09-03T10:01:00,4bc8b8f2-4d6e-4d5e-8d40-a7b6b3d6bb03,amandamitchell,PROD_WH_SMALL,SELECT * FROM EMPLOYEE_RECORDS LIMIT 1000,0.6548400253380807,138876,SUCCESS,
c0e0c1d2-486d-4750-9e9e-d1ded6e8dca6,2025-09-03T10:01:00,da0f0f7a-8d2c-4ca9-b82e-cda33fba6610,rachel35,DEV_WH_LARGE,"SELECT * FROM PRODUCT_INVENTORY WHERE created_at >= dateadd('day', -7, current_date())",2.868741861078079,854902,SUCCESS,
08bb9754-fddc-4831-82e4-eedf95a0a9ad,2025-09-03T10:01:00,7cd584de-ca92-465c-8ea8-5f7ad356bee6,danasandoval,DEV_WH_LARGE,"SELECT * FROM SALES_TRANSACTIONS WHERE created_at >= dateadd('day', -7, current_date())",2.8262226022344983,516577,SUCCESS,
763734c7-1d00-43b7-9781-7cd00f0fab76,2025-09-03T10:01:00,82e7a6a3-1f49-4f5a-8a2a-96e5a654a185,codyoconnor,BI_WH_LARGE,"SELECT * FROM CUSTOMER_DATA WHERE created_at >= dateadd('day', -7, current_date())",3.0115353396066933,280923,SUCCESS,
7c89aba4-1f9a-4940-9197-d6fde91b98bf,2025-09-03T10:01:00,4663d48b-596a-4f39-b714-8d69ac9a7d2a,robert93,PROD_WH_SMALL,SELECT * FROM USER_ACTIVITY_LOGS LIMIT 1000,0.10298561134752086,131964,SUCCESS,
6b2180fc-38eb-4eca-b8d1-2b979bf2fb8b,2025-09-03T10:01:00,b92c2609-888c-471e-bf61-4363556df9d8,frank26,BI_WH_SMALL,SELECT * FROM FINANCIAL_METRICS LIMIT 1000,3.309813428597231,405717,SUCCESS,
354dc5d3-f035-4e91-8708-68510bd51d1f,2025-09-03T10:01:00,f0c2cfac-cf3b-4053-9e79-a6a4c6bbd187,garciaalison,PROD_WH_MEDIUM,"SELECT DISTINCT column1, column2 FROM MARKETING_CAMPAIGNS WHERE condition = 'value'",4.161009899823956,342965,SUCCESS,
883f858e-bb0b-4e6a-af11-bc143330883e,2025-09-03T10:01:00,00f99f6f-5fcc-490a-84f9-6b24911c0b2e,emilyhamilton,DEV_WH_LARGE,"SELECT * FROM MARKETING_CAMPAIGNS WHERE created_at >= dateadd('day', -7, current_date())",0.542664985284097,240628,SUCCESS,
012cc925-3c12-42c4-a523-a525f2f0ff7e,2025-09-03T10:01:00,f0c2cfac-cf3b-4053-9e79-a6a4c6bbd187,garciaalison,ETL_WH_SMALL,"SELECT COUNT(*) FROM FINANCIAL_METRICS GROUP BY date_trunc('day', created_at)",1.8351041437181683,770469,SUCCESS,
f8ad7aa4-bdbd-41b7-bea5-538205a1c741,2025-09-03T10:01:00,57eba2d7-a4fe-48aa-aa7b-ad0e6f1296b7,jose46,DEV_WH_SMALL,SELECT * FROM FINANCIAL_METRICS LIMIT 1000,2.025005612031861,328034,SUCCESS,
34959bd3-0d96-4262-973c-f6bd4613f7ff,2025-09-03T10:16:00,9a7a68c7-1b0c-4669-859f-6d352b1e386f,andrew16,PROD_WH_X-SMALL,"SELECT * FROM SALES_TRANSACTIONS WHERE created_at >= dateadd('day', -7, current_date())",0.7900637616729748,26679,SUCCESS,
6fe82b0c-452f-42a0-a383-127c3080b864,2025-09-03T10:16:00,89e53854-09b7-4b59-8352-a231c51f8687,glarsen,DEV_WH_LARGE,"SELECT * FROM EMPLOYEE_RECORDS WHERE created_at >= dateadd('day', -7, current_date())",4.531047031116217,133475,SUCCESS,
0efedc6f-1329-4680-81ae-0761d87c8a8d,2025-09-03T10:16:00,7cd584de-ca92-465c-8ea8-5f7ad356bee6,danasandoval,BI_WH_MEDIUM,"SELECT DISTINCT column1, column2 FROM CUSTOMER_DATA WHERE condition = 'value'",4.835559002279277,105482,SUCCESS,
747586e0-fca2-4251-998a-aa5ea8e45ac6,2025-09-03T10:16:00,7cd584de-ca92-465c-8ea8-5f7ad356bee6,danasandoval,ETL_WH_MEDIUM,SELECT * FROM SYSTEM_EVENTS LIMIT 1000,2.904729677673066,54891,SUCCESS,
f108a6e6-8f6a-4b25-b943-cfe16c97dd70,2025-09-03T10:16:00,89e53854-09b7-4b59-8352-a231c51f8687,glarsen,ETL_WH_SMALL,"SELECT COUNT(*) FROM SYSTEM_EVENTS GROUP BY date_trunc('day', created_at)",1.9984590489079663,777649,SUCCESS,
b5d48d8a-08ff-4a19-8a88-12ec11e9723d,2025-09-03T10:16:00,4b7e389e-8c78-4e72-ab0b-774df43b399e,hardinjennifer,ETL_WH_LARGE,"SELECT * FROM EMPLOYEE_RECORDS WHERE created_at >= dateadd('day', -7, current_date())",1.3332265338038207,309190,SUCCESS,
9f4d4316-4e9a-4d4a-a6d9-b89baab4992e,2025-09-03T10:16:00,3d8cc43f-0f00-40bd-b8b2-34ac61fc0360,rwilliams,PROD_WH_MEDIUM,SELECT * FROM MARKETING_CAMPAIGNS LIMIT 1000,3.8939895483510147,677968,SUCCESS,
e31ce10b-8e33-49a0-a998-4f465a0b8ef5,2025-09-03T10:16:00,da0f0f7a-8d2c-4ca9-b82e-cda33fba6610,rachel35,PROD_WH_LARGE,"SELECT * FROM USER_ACTIVITY_LOGS WHERE created_at >= dateadd('day', -7, current_date())",0.8597162422617414,691371,SUCCESS,
1f872c4b-ba9c-4855-be82-218b6135fb59,2025-09-03T10:16:00,a3a85592-9f3f-4845-87b8-dd199fcdc3cc,gmoreno,PROD_WH_X-SMALL,"SELECT * FROM EMPLOYEE_RECORDS WHERE created_at >= dateadd('day', -7, current_date())",0.27627313782955887,48304,SUCCESS,
8d9fd887-f96e-4d91-b89f-ec0936786028,2025-09-03T10:16:00,a3a85592-9f3f-4845-87b8-dd199fcdc3cc,gmoreno,ETL_WH_MEDIUM,"SELECT DISTINCT column1, column2 FROM SYSTEM_EVENTS WHERE condition = 'value'",1.2579602326429622,876790,SUCCESS,
b59cccc1-cd0e-42e5-aa38-23d54d395d0a,2025-09-03T10:28:00,da0f0f7a-8d2c-4ca9-b82e-cda33fba6610,rachel35,PROD_WH_LARGE,"SELECT DISTINCT column1, column2 FROM MARKETING_CAMPAIGNS WHERE condition = 'value'",4.096232698795289,632158,SUCCESS,
a929d86f-9056-468e-a1e0-ae56ac97a89a,2025-09-03T10:28:00,cea2e75f-1ee1-4b1d-90f5-242f82a02bed,erickennedy,PROD_WH_X-SMALL,SELECT * FROM MARKETING_CAMPAIGNS LIMIT 1000,1.7098505592144457,948184,SUCCESS,
ce7261b5-1bd3-4bbd-a2f7-f214cb5a286d,2025-09-03T10:28:00,b92c2609-888c-471e-bf61-4363556df9d8,frank26,ETL_WH_X-SMALL,"SELECT COUNT(*) FROM SALES_TRANSACTIONS GROUP BY date_trunc('day', created_at)",1.877334442987536,27349,SUCCESS,
cbd6fbc2-78f0-4c2e-9fd5-4860e21ef8d0,2025-09-03T10:28:00,ac5e7ada-2f2f-4292-a0e4-18083982547a,lliu,PROD_WH_LARGE,"SELECT COUNT(*) FROM PRODUCT_INVENTORY GROUP BY date_trunc('day', created_at)",1.1115024532103819,19627,SUCCESS,
238c0282-83e3-4563-9192-147fbef04965,2025-09-03T10:28:00,00f99f6f-5fcc-490a-84f9-6b24911c0b2e,emilyhamilton,DEV_WH_MEDIUM,"SELECT DISTINCT column1, column2 FROM USER_ACTIVITY_LOGS WHERE condition = 'value'",3.6741024081130162,113848,SUCCESS,
da0701e9-5240-4800-9992-6a7a39bfaf9f,2025-09-03T10:28:00,ac5e7ada-2f2f-4292-a0e4-18083982547a,lliu,DEV_WH_X-SMALL,"SELECT * FROM PRODUCT_INVENTORY WHERE created_at >= dateadd('day', -7, current_date())",2.746984749023953,297022,SUCCESS,
a91cf9a9-8dee-46ba-afc5-92cd215ffb84,2025-09-03T10:28:00,a3a85592-9f3f-4845-87b8-dd199fcdc3cc,gmoreno,DEV_WH_X-SMALL,"SELECT DISTINCT column1, column2 FROM USER_ACTIVITY_LOGS WHERE condition = 'value'",3.301953420916935,435071,SUCCESS,
389bda47-dac9-4b68-b9f0-0bdd432fb458,2025-09-03T10:28:00,cea2e75f-1ee1-4b1d-90f5-242f82a02bed,erickennedy,BI_WH_LARGE,"SELECT COUNT(*) FROM MARKETING_CAMPAIGNS GROUP BY date_trunc('day', created_at)",1.1819234920588728,811927,SUCCESS,
f542d11b-5504-4516-ad59-4b235624c10e,2025-09-03T10:28:00,4b7e389e-8c78-4e72-ab0b-774df43b399e,hardinjennifer,DEV_WH_SMALL,"SELECT DISTINCT column1, column2 FROM CUSTOMER_DATA WHERE condition = 'value'",0.9163018659440393,81247,SUCCESS,
116d6583-8431-4f98-b74c-7af8c885113a,2025-09-03T10:28:00,879c852e-e8e8-45c3-9ead-5fa56c9ecfbc,egarcia,DEV_WH_LARGE,"SELECT * FROM EMPLOYEE_RECORDS WHERE created_at >= dateadd('day', -7, current_date())",4.232442045303506,933864,SUCCESS,
7594a441-9aa0-41b8-bc4f-6b0509a8c54f,2025-09-03T10:41:00,00f99f6f-5fcc-490a-84f9-6b24911c0b2e,emilyhamilton,BI_WH_MEDIUM,"SELECT * FROM FINANCIAL_METRICS WHERE created_at >= dateadd('day', -7, current_date())",4.785140070468455,339433,SUCCESS,
29250df0-e0e4-425a-a3a3-be1823aef520,2025-09-03T10:41:00,f22aa1cf-fe8b-4e78-8492-b46e0f46ffda,brandtmisty,DEV_WH_SMALL,"SELECT DISTINCT column1, column2 FROM USER_ACTIVITY_LOGS WHERE condition = 'value'",3.084711803731354,8483,SUCCESS,
45210bf4-e38f-4ad4-97ac-027730841843,2025-09-03T10:41:00,9a7a68c7-1b0c-4669-859f-6d352b1e386f,andrew16,BI_WH_MEDIUM,SELECT * FROM MARKETING_CAMPAIGNS LIMIT 1000,2.4711119373607624,293900,SUCCESS,
9e2a1670-2daf-4c5d-8dfe-6e60052a9ecc,2025-09-03T10:41:00,859c34dd-4540-49a3-b26d-f82b1455d905,oatkinson,ETL_WH_LARGE,"SELECT DISTINCT column1, column2 FROM MARKETING_CAMPAIGNS WHERE condition = 'value'",1.8020093204408605,529039,SUCCESS,
784b0126-b137-4aa8-b003-e2aeae691ab5,2025-09-03T10:41:00,ac5e7ada-2f2f-4292-a0e4-18083982547a,lliu,PROD_WH_LARGE,"SELECT * FROM CUSTOMER_DATA WHERE created_at >= dateadd('day', -7, current_date())",4.058941419004882,777096,SUCCESS,
9b35c1a3-7153-4878-85fd-0fca455ff2a8,2025-09-03T10:41:00,a3a85592-9f3f-4845-87b8-dd199fcdc3cc,gmoreno,ETL_WH_MEDIUM,SELECT * FROM EMPLOYEE_RECORDS LIMIT 1000,3.21730132207818,433074,SUCCESS,
2084e9ce-486f-4888-9a4b-0de6cb981eb0,2025-09-03T10:41:00,da0f0f7a-8d2c-4ca9-b82e-cda33fba6610,rachel35,ETL_WH_LARGE,"SELECT * FROM PRODUCT_INVENTORY WHERE created_at >= dateadd('day', -7, current_date())",4.5963573181889,618300,SUCCESS,
38fc338a-2d36-4ab1-a3a9-1394074c0b35,2025-09-03T10:41:00,7cd584de-ca92-465c-8ea8-5f7ad356bee6,danasandoval,PROD_WH_MEDIUM,"SELECT DISTINCT column1, column2 FROM SALES_TRANSACTIONS WHERE condition = 'value'",1.3495422645199115,699632,SUCCESS,
efecca24-c5ca-44e6-b1db-4964abf1506e,2025-09-03T10:41:00,5fb2a072-2bab-4b94-9109-9cbea70c5438,bryancuevas,ETL_WH_MEDIUM,SELECT * FROM CUSTOMER_DATA LIMIT 1000,2.334661102488463,10781,SUCCESS,
2e823095-064c-442b-afa2-040756048b12,2025-09-03T10:41:00,3d8cc43f-0f00-40bd-b8b2-34ac61fc0360,rwilliams,PROD_WH_MEDIUM,"SELECT DISTINCT column1, column2 FROM SYSTEM_EVENTS WHERE condition = 'value'",2.5139375316716057,789823,SUCCESS,
d0c24e99-fbcc-47af-b7ed-90874d57ff60,2025-09-03T10:52:00,859c34dd-4540-49a3-b26d-f82b1455d905,oatkinson,BI_WH_X-SMALL,"SELECT COUNT(*) FROM FINANCIAL_METRICS GROUP BY date_trunc('day', created_at)",2.3450451026650008,817699,SUCCESS,
3186b571-8581-4771-8505-f18966717499,2025-09-03T10:52:00,da0f0f7a-8d2c-4ca9-b82e-cda33fba6610,rachel35,ETL_WH_X-SMALL,SELECT * FROM FINANCIAL_METRICS LIMIT 1000,4.6100740702439325,884567,SUCCESS,
3433b83f-fe7c-429b-9c7c-24ccc9c5cc44,2025-09-03T10:52:00,4663d48b-596a-4f39-b714-8d69ac9a7d2a,robert93,DEV_WH_MEDIUM,"SELECT COUNT(*) FROM CUSTOMER_DATA GROUP BY date_trunc('day', created_at)",1.6775249914857615,40098,SUCCESS,
e6f9ab36-469c-4857-90ff-83d7cf373425,2025-09-03T10:52:00,4663d48b-596a-4f39-b714-8d69ac9a7d2a,robert93,PROD_WH_LARGE,SELECT * FROM PRODUCT_INVENTORY LIMIT 1000,3.6710944129410983,720937,SUCCESS,
29be7cc2-293f-489c-aac9-2e00fe69c207,2025-09-03T10:52:00,879c852e-e8e8-45c3-9ead-5fa56c9ecfbc,egarcia,DEV_WH_LARGE,"SELECT COUNT(*) FROM PRODUCT_INVENTORY GROUP BY date_trunc('day', created_at)",0.37751321755813005,700103,SUCCESS,
dda70073-1b9c-4d22-995c-b0d9f32d8881,2025-09-03T10:52:00,da0f0f7a-8d2c-4ca9-b82e-cda33fba6610,rachel35,BI_WH_SMALL,SELECT * FROM EMPLOYEE_RECORDS LIMIT 1000,3.8814981722214323,206832,SUCCESS,
61bb6976-6394-49a9-9099-63a185bc1e68,2025-09-03T10:52:00,a3a85592-9f3f-4845-87b8-dd199fcdc3cc,gmoreno,PROD_WH_X-SMALL,SELECT * FROM EMPLOYEE_RECORDS LIMIT 1000,1.3351012357619845,292840,SUCCESS,
e481c809-81bb-4e0f-9a8e-ae1507dd2c59,2025-09-03T10:52:00,00f99f6f-5fcc-490a-84f9-6b24911c0b2e,emilyhamilton,DEV_WH_X-SMALL,"SELECT DISTINCT column1, column2 FROM SALES_TRANSACTIONS WHERE condition = 'value'",3.090655257331003,839621,SUCCESS,
7adf1ee4-47e2-4e42-85d0-471a60d827ce,2025-09-03T10:52:00,f0c2cfac-cf3b-4053-9e79-a6a4c6bbd187,garciaalison,PROD_WH_MEDIUM,"SELECT COUNT(*) FROM SYSTEM_EVENTS GROUP BY date_trunc('day', created_at)",0.7959552182764367,184135,SUCCESS,
e575bf89-f494-49e3-a073-c5f75849ca20,2025-09-03T10:52:00,7cd584de-ca92-465c-8ea8-5f7ad356bee6,danasandoval,BI_WH_SMALL,"SELECT DISTINCT column1, column2 FROM USER_ACTIVITY_LOGS WHERE condition = 'value'",2.9242864886312177,975746,SUCCESS,
f71470d9-11fb-4417-a237-8ea72ecaf036,2025-09-03T11:06:00,b92c2609-888c-471e-bf61-4363556df9d8,frank26,BI_WH_MEDIUM,SELECT * FROM SYSTEM_EVENTS LIMIT 1000,1.7015981516655692,995892,SUCCESS,
a935ea79-501c-4bc1-82c1-4f5683fcc690,2025-09-03T11:06:00,a3a85592-9f3f-4845-87b8-dd199fcdc3cc,gmoreno,ETL_WH_MEDIUM,"SELECT DISTINCT column1, column2 FROM EMPLOYEE_RECORDS WHERE condition = 'value'",2.4565615284982423,206893,SUCCESS,
2fe30beb-b99d-4dea-82b0-f00d70bcaadc,2025-09-03T11:06:00,859c34dd-4540-49a3-b26d-f82b1455d905,oatkinson,BI_WH_X-SMALL,"SELECT DISTINCT column1, column2 FROM SYSTEM_EVENTS WHERE condition = 'value'",2.4554906306471334,564394,SUCCESS,
027331e1-431c-4d0b-9df5-4c7e51ea58c0,2025-09-03T11:06:00,89e53854-09b7-4b59-8352-a231c51f8687,glarsen,PROD_WH_SMALL,SELECT * FROM SALES_TRANSACTIONS LIMIT 1000,3.938978085445406,369949,SUCCESS,
e13d6ac2-11da-4080-9bfe-8ecee5815097,2025-09-03T11:06:00,4bc8b8f2-4d6e-4d5e-8d40-a7b6b3d6bb03,amandamitchell,ETL_WH_SMALL,"SELECT COUNT(*) FROM PRODUCT_INVENTORY GROUP BY date_trunc('day', created_at)",2.8230941402528376,52396,SUCCESS,
526b263f-1ea3-421f-bc14-83261823a7b7,2025-09-03T11:06:00,00f99f6f-5fcc-490a-84f9-6b24911c0b2e,emilyhamilton,ETL_WH_SMALL,SELECT * FROM USER_ACTIVITY_LOGS LIMIT 1000,0.5608642449265728,938912,SUCCESS,
316acf8b-1aee-4603-9872-7cd0b39b9bc5,2025-09-03T11:06:00,f0c2cfac-cf3b-4053-9e79-a6a4c6bbd187,garciaalison,BI_WH_X-SMALL,"SELECT * FROM SYSTEM_EVENTS WHERE created_at >= dateadd('day', -7, current_date())",3.678925541887738,744954,SUCCESS,
3f8425af-4963-4f75-967b-d7c71bb0b80b,2025-09-03T11:06:00,4b7e389e-8c78-4e72-ab0b-774df43b399e,hardinjennifer,PROD_WH_X-SMALL,SELECT * FROM CUSTOMER_DATA LIMIT 1000,2.402235510427724,241914,SUCCESS,
e5d5827e-c372-4b07-89b7-73d70b5b12b9,2025-09-03T11:06:00,82e7a6a3-1f49-4f5a-8a2a-96e5a654a185,codyoconnor,ETL_WH_SMALL,"SELECT DISTINCT column1, column2 FROM CUSTOMER_DATA WHERE condition = 'value'",2.5599587532708994,447366,SUCCESS,
2550fc09-fe6e-496d-b82a-fbcca3bccfc9,2025-09-03T11:06:00,9a7a68c7-1b0c-4669-859f-6d352b1e386f,andrew16,DEV_WH_SMALL,"SELECT DISTINCT column1, column2 FROM USER_ACTIVITY_LOGS WHERE condition = 'value'",3.4317966891425757,423248,SUCCESS,
2594b305-bfbd-4255-9a54-053417811b48,2025-09-03T11:14:00,859c34dd-4540-49a3-b26d-f82b1455d905,oatkinson,ETL_WH_X-SMALL,SELECT * FROM MARKETING_CAMPAIGNS LIMIT 1000,0.5908897041334445,816680,SUCCESS,
b16f5ad3-f70e-4a33-b4ef-988fc6366c12,2025-09-03T11:14:00,89e53854-09b7-4b59-8352-a231c51f8687,glarsen,DEV_WH_SMALL,"SELECT COUNT(*) FROM EMPLOYEE_RECORDS GROUP BY date_trunc('day', created_at)",0.3416115622107664,365745,SUCCESS,
5bd3c873-b0fd-4bce-8402-7687a3f4da57,2025-09-03T11:14:00,cea2e75f-1ee1-4b1d-90f5-242f82a02bed,erickennedy,PROD_WH_SMALL,"SELECT * FROM EMPLOYEE_RECORDS WHERE created_at >= dateadd('day', -7, current_date())",4.65171469445027,570417,SUCCESS,
f4d75e50-bef9-497e-8901-7c76f0e3324a,2025-09-03T11:14:00,57eba2d7-a4fe-48aa-aa7b-ad0e6f1296b7,jose46,BI_WH_X-SMALL,"SELECT DISTINCT column1, column2 FROM SALES_TRANSACTIONS WHERE condition = 'value'",4.711302821219882,381995,SUCCESS,
f221cdc7-6ffc-4d1e-b923-0f206ad4d3a0,2025-09-03T11:14:00,7cd584de-ca92-465c-8ea8-5f7ad356bee6,danasandoval,PROD_WH_X-SMALL,"SELECT DISTINCT column1, column2 FROM MARKETING_CAMPAIGNS WHERE condition = 'value'",3.301065660002779,225230,SUCCESS,
bb6febbd-350f-4b6e-8b61-3cd683f62257,2025-09-03T11:14:00,4b7e389e-8c78-4e72-ab0b-774df43b399e,hardinjennifer,DEV_WH_SMALL,SELECT * FROM CUSTOMER_DATA LIMIT 1000,1.553893010847826,567648,SUCCESS,
e47539ba-01ce-4cf4-93cb-674517584268,2025-09-03T11:14:00,859c34dd-4540-49a3-b26d-f82b1455d905,oatkinson,BI_WH_SMALL,"SELECT DISTINCT column1, column2 FROM MARKETING_CAMPAIGNS WHERE condition = 'value'",2.911244975506172,981528,SUCCESS,
ed44eced-cd62-48e8-95c4-acdacf0ddca4,2025-09-03T11:14:00,4bc8b8f2-4d6e-4d5e-8d40-a7b6b3d6bb03,amandamitchell,BI_WH_MEDIUM,"SELECT DISTINCT column1, column2 FROM USER_ACTIVITY_LOGS WHERE condition = 'value'",0.28505751504175036,947757,SUCCESS,
a9d996d8-bcda-4c43-a27f-4824ec50c3d9,2025-09-03T11:14:00,4b7e389e-8c78-4e72-ab0b-774df43b399e,hardinjennifer,PROD_WH_LARGE,"SELECT * FROM PRODUCT_INVENTORY WHERE created_at >= dateadd('day', -7, current_date())",1.8193185776942085,10376,SUCCESS,
1bad39ee-5360-4c81-897c-9f4163b8c084,2025-09-03T11:14:00,00f99f6f-5fcc-490a-84f9-6b24911c0b2e,emilyhamilton,PROD_WH_MEDIUM,"SELECT DISTINCT column1, column2 FROM EMPLOYEE_RECORDS WHERE condition = 'value'",4.068303944528821,646889,SUCCESS,
d70eb773-c9a9-41fb-9186-d4c6daef24cf,2025-09-03T11:21:00,4663d48b-596a-4f39-b714-8d69ac9a7d2a,robert93,PROD_WH_MEDIUM,"SELECT COUNT(*) FROM MARKETING_CAMPAIGNS GROUP BY date_trunc('day', created_at)",3.3568178582036867,86303,SUCCESS,
13997f16-40f8-4e32-95df-036d39894f91,2025-09-03T11:21:00,f22aa1cf-fe8b-4e78-8492-b46e0f46ffda,brandtmisty,ETL_WH_X-SMALL,"SELECT DISTINCT column1, column2 FROM CUSTOMER_DATA WHERE condition = 'value'",0.147008501847678,526491,SUCCESS,
4a3f97a8-acba-4aaa-bc94-a441b60d1fd3,2025-09-03T11:21:00,879c852e-e8e8-45c3-9ead-5fa56c9ecfbc,egarcia,BI_WH_LARGE,SELECT * FROM SALES_TRANSACTIONS LIMIT 1000,1.780601654808119,989581,SUCCESS,
346c0888-134a-48e2-bcb1-3c4248ad29c6,2025-09-03T11:21:00,89e53854-09b7-4b59-8352-a231c51f8687,glarsen,ETL_WH_X-SMALL,"SELECT COUNT(*) FROM USER_ACTIVITY_LOGS GROUP BY date_trunc('day', created_at)",2.5400595539033093,809374,SUCCESS,
fd87169d-8c96-4351-95aa-5dd7bb6a54c8,2025-09-03T11:21:00,9a7a68c7-1b0c-4669-859f-6d352b1e386f,andrew16,DEV_WH_LARGE,"SELECT COUNT(*) FROM FINANCIAL_METRICS GROUP BY date_trunc('day', created_at)",4.615439503515858,65917,SUCCESS,
0ea875aa-aa49-425b-9db2-bb36948d268b,2025-09-03T11:21:00,ac5e7ada-2f2f-4292-a0e4-18083982547a,lliu,DEV_WH_SMALL,"SELECT DISTINCT column1, column2 FROM FINANCIAL_METRICS WHERE condition = 'value'",3.604421685511913,394260,SUCCESS,
cd4e9bba-f858-42c1-81d4-acf3b160890e,2025-09-03T11:21:00,4b7e389e-8c78-4e72-ab0b-774df43b399e,hardinjennifer,DEV_WH_MEDIUM,"SELECT DISTINCT column1, column2 FROM SALES_TRANSACTIONS WHERE condition = 'value'",2.8716177880972387,126165,SUCCESS,
6f62aff5-18ba-4588-bc8f-be6f91f7f305,2025-09-03T11:21:00,82e7a6a3-1f49-4f5a-8a2a-96e5a654a185,codyoconnor,BI_WH_LARGE,SELECT * FROM MARKETING_CAMPAIGNS LIMIT 1000,2.2741450357274164,705791,SUCCESS,
9d81db53-bd52-4740-94db-35da5d5c86bc,2025-09-03T11:21:00,00f99f6f-5fcc-490a-84f9-6b24911c0b2e,emilyhamilton,ETL_WH_LARGE,"SELECT DISTINCT column1, column2 FROM FINANCIAL_METRICS WHERE condition = 'value'",0.494430065257944,952953,SUCCESS,
4bfb1014-2521-4369-97db-5a56cd0f749a,2025-09-03T11:21:00,82e7a6a3-1f49-4f5a-8a2a-96e5a654a185,codyoconnor,BI_WH_LARGE,SELECT * FROM PRODUCT_INVENTORY LIMIT 1000,4.1666963389541545,282195,SUCCESS,
544c88d5-1672-4858-8f8b-d28dcf561069,2025-09-03T11:36:00,879c852e-e8e8-45c3-9ead-5fa56c9ecfbc,egarcia,DEV_WH_X-SMALL,SELECT * FROM SALES_TRANSACTIONS LIMIT 1000,0.732597283736927,510423,SUCCESS,
a6d6697c-0956-471a-9fd1-832a04b8a0c1,2025-09-03T11:36:00,5fb2a072-2bab-4b94-9109-9cbea70c5438,bryancuevas,BI_WH_LARGE,"SELECT DISTINCT column1, column2 FROM EMPLOYEE_RECORDS WHERE condition = 'value'",3.007893377274171,244703,SUCCESS,
6bb98432-5767-43bb-ad73-481ffa1e88bc,2025-09-03T11:36:00,b92c2609-888c-471e-bf61-4363556df9d8,frank26,DEV_WH_MEDIUM,SELECT * FROM CUSTOMER_DATA LIMIT 1000,2.941605351739808,788152,SUCCESS,
faec158f-1db2-4764-941a-44b4c18be7bb,2025-09-03T11:36:00,cea2e75f-1ee1-4b1d-90f5-242f82a02bed,erickennedy,PROD_WH_MEDIUM,"SELECT COUNT(*) FROM PRODUCT_INVENTORY GROUP BY date_trunc('day', created_at)",4.410669735980682,41381,SUCCESS,
37f5b9f7-06e0-4ea5-8265-d99892d2dcc3,2025-09-03T11:36:00,cea2e75f-1ee1-4b1d-90f5-242f82a02bed,erickennedy,DEV_WH_MEDIUM,SELECT * FROM SALES_TRANSACTIONS LIMIT 1000,1.8368383232344745,162293,SUCCESS,
3adcf09e-35f8-40f8-bbc3-6153c9ea9588,2025-09-03T11:36:00,b92c2609-888c-471e-bf61-4363556df9d8,frank26,DEV_WH_X-SMALL,"SELECT COUNT(*) FROM USER_ACTIVITY_LOGS GROUP BY date_trunc('day', created_at)",1.0201955039704194,761722,SUCCESS,
6b432f81-8135-46e8-864b-f759ebbfcae9,2025-09-03T11:36:00,b92c2609-888c-471e-bf61-4363556df9d8,frank26,PROD_WH_LARGE,"SELECT COUNT(*) FROM SYSTEM_EVENTS GROUP BY date_trunc('day', created_at)",1.7870180159253912,478416,SUCCESS,
31dbaf72-07e3-471d-8db3-fc6b32b53cb4,2025-09-03T11:36:00,57eba2d7-a4fe-48aa-aa7b-ad0e6f1296b7,jose46,ETL_WH_LARGE,"SELECT * FROM EMPLOYEE_RECORDS WHERE created_at >= dateadd('day', -7, current_date())",1.2956077257925342,782485,SUCCESS,
84fffa7e-4796-4d4c-8941-8537934a8344,2025-09-03T11:36:00,879c852e-e8e8-45c3-9ead-5fa56c9ecfbc,egarcia,PROD_WH_MEDIUM,"SELECT COUNT(*) FROM SALES_TRANSACTIONS GROUP BY date_trunc('day', created_at)",2.991721067759773,766587,SUCCESS,
76e02ee8-6182-4f30-8c6b-6cc3fbf6291c,2025-09-03T11:36:00,859c34dd-4540-49a3-b26d-f82b1455d905,oatkinson,BI_WH_LARGE,"SELECT DISTINCT column1, column2 FROM CUSTOMER_DATA WHERE condition = 'value'",4.249190168529807,148700,SUCCESS,
f23a07c5-97e9-4a5b-8fc3-26fe5432c133,2025-09-03T11:41:00,9a7a68c7-1b0c-4669-859f-6d352b1e386f,andrew16,BI_WH_X-SMALL,"SELECT * FROM SYSTEM_EVENTS WHERE created_at >= dateadd('day', -7, current_date())",3.3431874194844005,580879,SUCCESS,
fd5696fc-4e0a-4b21-9b13-faf683137358,2025-09-03T11:41:00,4663d48b-596a-4f39-b714-8d69ac9a7d2a,robert93,PROD_WH_X-SMALL,"SELECT DISTINCT column1, column2 FROM USER_ACTIVITY_LOGS WHERE condition = 'value'",2.457639811696478,720934,SUCCESS,
2c28300d-ea4b-4b57-a8ab-3a7af3f9f7a7,2025-09-03T11:41:00,4663d48b-596a-4f39-b714-8d69ac9a7d2a,robert93,DEV_WH_LARGE,SELECT * FROM PRODUCT_INVENTORY LIMIT 1000,0.49878646673653804,50078,SUCCESS,
ea25b1e3-30b0-42bc-90aa-2ee085ff8faf,2025-09-03T11:41:00,ac5e7ada-2f2f-4292-a0e4-18083982547a,lliu,ETL_WH_SMALL,SELECT * FROM SALES_TRANSACTIONS LIMIT 1000,4.467651097640192,264898,SUCCESS,
bf8d7688-630a-45cb-88da-730893db4396,2025-09-03T11:41:00,da0f0f7a-8d2c-4ca9-b82e-cda33fba6610,rachel35,PROD_WH_LARGE,SELECT * FROM EMPLOYEE_RECORDS LIMIT 1000,0.9100089782597202,489970,SUCCESS,
0ef64794-5134-403f-921a-f63c647908cc,2025-09-03T11:41:00,4663d48b-596a-4f39-b714-8d69ac9a7d2a,robert93,DEV_WH_LARGE,SELECT * FROM FINANCIAL_METRICS LIMIT 1000,4.14160345424847,130245,SUCCESS,
cecf171e-97f6-44f4-9f34-f9c9438983b3,2025-09-03T11:41:00,b92c2609-888c-471e-bf61-4363556df9d8,frank26,ETL_WH_X-SMALL,SELECT * FROM USER_ACTIVITY_LOGS LIMIT 1000,4.620680451459897,106443,SUCCESS,
778e6914-72fa-4aa2-8e81-c3085858c1ec,2025-09-03T11:41:00,cea2e75f-1ee1-4b1d-90f5-242f82a02bed,erickennedy,PROD_WH_MEDIUM,SELECT * FROM USER_ACTIVITY_LOGS LIMIT 1000,1.81523740484479,32420,SUCCESS,
e2641403-ee78-4f2f-bd68-383eb9452c0d,2025-09-03T11:41:00,879c852e-e8e8-45c3-9ead-5fa56c9ecfbc,egarcia,DEV_WH_X-SMALL,SELECT * FROM SYSTEM_EVENTS LIMIT 1000,1.443875350734714,473519,SUCCESS,
d5ebfe63-cf81-4fff-a289-7e905a78b31d,2025-09-03T11:41:00,da0f0f7a-8d2c-4ca9-b82e-cda33fba6610,rachel35,DEV_WH_SMALL,"SELECT COUNT(*) FROM CUSTOMER_DATA GROUP BY date_trunc('day', created_at)",2.720702295223688,635677,SUCCESS,
99539920-c8c4-417e-aeab-c5c49c3c2b77,2025-09-03T11:51:00,a3a85592-9f3f-4845-87b8-dd199fcdc3cc,gmoreno,BI_WH_LARGE,"SELECT DISTINCT column1, column2 FROM CUSTOMER_DATA WHERE condition = 'value'",2.852589100449728,886650,SUCCESS,
caf472f2-3365-4bb2-bc22-43fb82402b9e,2025-09-03T11:51:00,ac5e7ada-2f2f-4292-a0e4-18083982547a,lliu,DEV_WH_MEDIUM,"SELECT * FROM PRODUCT_INVENTORY WHERE created_at >= dateadd('day', -7, current_date())",3.994968132552612,85903,SUCCESS,
12eb56a0-a0fa-421e-8ea6-a3a1832d2cc4,2025-09-03T11:51:00,b92c2609-888c-471e-bf61-4363556df9d8,frank26,ETL_WH_X-SMALL,"SELECT COUNT(*) FROM MARKETING_CAMPAIGNS GROUP BY date_trunc('day', created_at)",3.884939810705431,269345,SUCCESS,
7a768cd5-fa49-4f45-8a7c-82e41444db9e,2025-09-03T11:51:00,00f99f6f-5fcc-490a-84f9-6b24911c0b2e,emilyhamilton,PROD_WH_MEDIUM,SELECT * FROM PRODUCT_INVENTORY LIMIT 1000,3.4802297508884057,127632,SUCCESS,
d2d391f1-1cb4-4aba-8dc7-7f9563871ae8,2025-09-03T11:51:00,b92c2609-888c-471e-bf61-4363556df9d8,frank26,PROD_WH_MEDIUM,"SELECT * FROM SALES_TRANSACTIONS WHERE created_at >= dateadd('day', -7, current_date())",4.043841081495711,947427,SUCCESS,
b2b1068c-f399-4f68-b479-33846867b57a,2025-09-03T11:51:00,cea2e75f-1ee1-4b1d-90f5-242f82a02bed,erickennedy,PROD_WH_SMALL,"SELECT DISTINCT column1, column2 FROM EMPLOYEE_RECORDS WHERE condition = 'value'",1.9621139276032198,962110,SUCCESS,
cb86ea06-11dc-41e1-9695-9651022cc030,2025-09-03T11:51:00,82e7a6a3-1f49-4f5a-8a2a-96e5a654a185,codyoconnor,DEV_WH_X-SMALL,"SELECT COUNT(*) FROM SYSTEM_EVENTS GROUP BY date_trunc('day', created_at)",0.7435928472196192,651739,SUCCESS,
1171805e-0344-4506-ab4d-ff40ce0260c5,2025-09-03T11:51:00,57eba2d7-a4fe-48aa-aa7b-ad0e6f1296b7,jose46,PROD_WH_SMALL,SELECT * FROM CUSTOMER_DATA LIMIT 1000,2.81814262786918,424530,SUCCESS,
12e3f3be-c2ab-42e3-88f4-99270fa72fef,2025-09-03T11:51:00,a3a85592-9f3f-4845-87b8-dd199fcdc3cc,gmoreno,DEV_WH_SMALL,"SELECT DISTINCT column1, column2 FROM EMPLOYEE_RECORDS WHERE condition = 'value'",4.707536342176857,17144,SUCCESS,
dc9593d2-e08b-4066-8073-47edcc9ed4fc,2025-09-03T11:51:00,b92c2609-888c-471e-bf61-4363556df9d8,frank26,ETL_WH_LARGE,SELECT * FROM USER_ACTIVITY_LOGS LIMIT 1000,1.9238424754765702,205098,SUCCESS,
a644f2f9-20c3-4ccb-9c5c-d11b4bcf7231,2025-09-03T12:00:00,00f99f6f-5fcc-490a-84f9-6b24911c0b2e,emilyhamilton,BI_WH_X-SMALL,"SELECT COUNT(*) FROM FINANCIAL_METRICS GROUP BY date_trunc('day', created_at)",2.8390525510992375,625278,SUCCESS,
431e1f88-909a-4149-80bd-864631c5d660,2025-09-03T12:00:00,7cd584de-ca92-465c-8ea8-5f7ad356bee6,danasandoval,DEV_WH_LARGE,SELECT * FROM CUSTOMER_DATA LIMIT 1000,2.2706695021905494,480083,SUCCESS,
c847e7f4-74d6-41f2-8c6e-f9dd4e12d48c,2025-09-03T12:00:00,cea2e75f-1ee1-4b1d-90f5-242f82a02bed,erickennedy,PROD_WH_X-SMALL,"SELECT COUNT(*) FROM MARKETING_CAMPAIGNS GROUP BY date_trunc('day', created_at)",2.9826161624788154,46725,SUCCESS,
92707508-dbe3-4fdf-b3b6-59d679147b0e,2025-09-03T12:00:00,859c34dd-4540-49a3-b26d-f82b1455d905,oatkinson,ETL_WH_SMALL,"SELECT COUNT(*) FROM FINANCIAL_METRICS GROUP BY date_trunc('day', created_at)",3.088121445874149,301743,SUCCESS,
7852db5d-f22b-406f-8462-750ec4a38b2c,2025-09-03T12:00:00,a3a85592-9f3f-4845-87b8-dd199fcdc3cc,gmoreno,DEV_WH_MEDIUM,"SELECT * FROM PRODUCT_INVENTORY WHERE created_at >= dateadd('day', -7, current_date())",2.3929587438871915,287370,SUCCESS,
ece69c22-aa87-470a-b942-294b46f77358,2025-09-03T12:00:00,57eba2d7-a4fe-48aa-aa7b-ad0e6f1296b7,jose46,ETL_WH_X-SMALL,SELECT * FROM SYSTEM_EVENTS LIMIT 1000,1.064978348039525,578535,SUCCESS,
04e43c6f-3ebb-4d2a-9a00-dfd0b94e2ac3,2025-09-03T12:00:00,ac5e7ada-2f2f-4292-a0e4-18083982547a,lliu,BI_WH_SMALL,SELECT * FROM SALES_TRANSACTIONS LIMIT 1000,0.24603524268197735,260896,SUCCESS,
2c1ff7b4-367b-4f2b-8e89-b728b5466260,2025-09-03T12:00:00,f22aa1cf-fe8b-4e78-8492-b46e0f46ffda,brandtmisty,ETL_WH_LARGE,"SELECT COUNT(*) FROM FINANCIAL_METRICS GROUP BY date_trunc('day', created_at)",4.454500684131289,536489,SUCCESS,
ae1295a4-a9c9-41f9-9832-2d2936e55ccb,2025-09-03T12:00:00,89e53854-09b7-4b59-8352-a231c51f8687,glarsen,BI_WH_LARGE,"SELECT DISTINCT column1, column2 FROM USER_ACTIVITY_LOGS WHERE condition = 'value'",0.7914650150980749,931829,SUCCESS,
97e49c80-8812-407c-a2f9-f27d7b024a94,2025-09-03T12:00:00,a3a85592-9f3f-4845-87b8-dd199fcdc3cc,gmoreno,PROD_WH_SMALL,SELECT * FROM SYSTEM_EVENTS LIMIT 1000,1.5135631760612502,245766,SUCCESS,
ce4b380e-831d-4d89-8a04-494dbd3b12d8,2025-09-03T12:05:00,f0c2cfac-cf3b-4053-9e79-a6a4c6bbd187,garciaalison,DEV_WH_LARGE,"SELECT DISTINCT column1, column2 FROM PRODUCT_INVENTORY WHERE condition = 'value'",2.2445990324640013,629711,SUCCESS,
b2406bfa-0d7c-4cf0-b4ab-9333d5ac7404,2025-09-03T12:05:00,9a7a68c7-1b0c-4669-859f-6d352b1e386f,andrew16,BI_WH_MEDIUM,"SELECT * FROM CUSTOMER_DATA WHERE created_at >= dateadd('day', -7, current_date())",0.5942621203559546,229408,SUCCESS,
f8c9dc9f-cff5-464e-8f1a-35a2a2a4129e,2025-09-03T12:05:00,a3a85592-9f3f-4845-87b8-dd199fcdc3cc,gmoreno,PROD_WH_LARGE,"SELECT * FROM FINANCIAL_METRICS WHERE created_at >= dateadd('day', -7, current_date())",0.46537160614128237,996622,SUCCESS,
7e0bb91c-9e13-4c5c-9235-1fb29be3d23c,2025-09-03T12:05:00,82e7a6a3-1f49-4f5a-8a2a-96e5a654a185,codyoconnor,BI_WH_SMALL,"SELECT DISTINCT column1, column2 FROM MARKETING_CAMPAIGNS WHERE condition = 'value'",3.6475219569159067,572589,SUCCESS,
9ccf5ec7-c818-44e0-9964-1a5fa9d4b5a6,2025-09-03T12:05:00,b92c2609-888c-471e-bf61-4363556df9d8,frank26,DEV_WH_LARGE,"SELECT * FROM CUSTOMER_DATA WHERE created_at >= dateadd('day', -7, current_date())",2.501969111010906,613383,SUCCESS,
b71fe5d1-70d9-46e1-9ca4-d3805aed8ce3,2025-09-03T12:05:00,4663d48b-596a-4f39-b714-8d69ac9a7d2a,robert93,DEV_WH_SMALL,"SELECT DISTINCT column1, column2 FROM CUSTOMER_DATA WHERE condition = 'value'",3.1881128828820233,270361,SUCCESS,
8cef8122-8519-4db3-b09a-5da5135158e4,2025-09-03T12:05:00,4bc8b8f2-4d6e-4d5e-8d40-a7b6b3d6bb03,amandamitchell,ETL_WH_LARGE,"SELECT * FROM MARKETING_CAMPAIGNS WHERE created_at >= dateadd('day', -7, current_date())",4.819698839918072,495801,SUCCESS,
c0ac9803-a38c-4ef3-9288-e604680a62af,2025-09-03T12:05:00,9a7a68c7-1b0c-4669-859f-6d352b1e386f,andrew16,PROD_WH_MEDIUM,SELECT * FROM USER_ACTIVITY_LOGS LIMIT 1000,1.4734882026169973,98976,SUCCESS,
e54473ab-bda8-4594-993f-ca53980d9d99,2025-09-03T12:05:00,4b7e389e-8c78-4e72-ab0b-774df43b399e,hardinjennifer,PROD_WH_LARGE,"SELECT DISTINCT column1, column2 FROM SYSTEM_EVENTS WHERE condition = 'value'",3.29106376573707,107887,SUCCESS,
39b19dbd-99a0-4fe6-9293-570210606267,2025-09-03T12:05:00,7cd584de-ca92-465c-8ea8-5f7ad356bee6,danasandoval,ETL_WH_X-SMALL,"SELECT DISTINCT column1, column2 FROM SALES_TRANSACTIONS WHERE condition = 'value'",4.054084774317808,545785,SUCCESS,
6276eae8-a778-45d9-9d7a-742f77d0d925,2025-09-03T12:17:00,a3a85592-9f3f-4845-87b8-dd199fcdc3cc,gmoreno,PROD_WH_X-SMALL,SELECT * FROM MARKETING_CAMPAIGNS LIMIT 1000,4.495606980702221,283079,SUCCESS,
f8047b75-1c9a-4327-aa34-8fcd8b52a323,2025-09-03T12:17:00,3d8cc43f-0f00-40bd-b8b2-34ac61fc0360,rwilliams,BI_WH_SMALL,"SELECT * FROM SALES_TRANSACTIONS WHERE created_at >= dateadd('day', -7, current_date())",3.7504351168176027,568261,SUCCESS,
f78357da-b7fc-4293-84da-5c2119c4aeb7,2025-09-03T12:17:00,ac5e7ada-2f2f-4292-a0e4-18083982547a,lliu,DEV_WH_SMALL,"SELECT DISTINCT column1, column2 FROM USER_ACTIVITY_LOGS WHERE condition = 'value'",3.86770709512799,608948,SUCCESS,
b6052711-c936-460c-bd10-93ca6f1f2b99,2025-09-03T12:17:00,4663d48b-596a-4f39-b714-8d69ac9a7d2a,robert93,ETL_WH_X-SMALL,"SELECT DISTINCT column1, column2 FROM PRODUCT_INVENTORY WHERE condition = 'value'",2.876288833113482,152938,SUCCESS,
4bff7367-0cfd-4010-80d2-f9b489c6692d,2025-09-03T12:17:00,89e53854-09b7-4b59-8352-a231c51f8687,glarsen,BI_WH_X-SMALL,"SELECT * FROM MARKETING_CAMPAIGNS WHERE created_at >= dateadd('day', -7, current_date())",0.6672223238683681,43099,SUCCESS,
bbbdddc4-9616-4366-a993-b225ba71b193,2025-09-03T12:17:00,a3a85592-9f3f-4845-87b8-dd199fcdc3cc,gmoreno,BI_WH_SMALL,"SELECT COUNT(*) FROM CUSTOMER_DATA GROUP BY date_trunc('day', created_at)",4.504301019437167,845598,SUCCESS,
e4f1a176-b4a5-409e-a6f7-facc945854fb,2025-09-03T12:17:00,89e53854-09b7-4b59-8352-a231c51f8687,glarsen,ETL_WH_MEDIUM,SELECT * FROM USER_ACTIVITY_LOGS LIMIT 1000,4.621569660263502,106314,SUCCESS,
a6f38309-d5a5-4aaa-9b66-42c9f16af8b5,2025-09-03T12:17:00,cea2e75f-1ee1-4b1d-90f5-242f82a02bed,erickennedy,ETL_WH_SMALL,"SELECT * FROM USER_ACTIVITY_LOGS WHERE created_at >= dateadd('day', -7, current_date())",3.0742305677924726,512305,SUCCESS,
b9f99a66-5bc6-4f88-ba7c-4fa2c3ff9cb8,2025-09-03T12:17:00,a3a85592-9f3f-4845-87b8-dd199fcdc3cc,gmoreno,PROD_WH_SMALL,"SELECT DISTINCT column1, column2 FROM FINANCIAL_METRICS WHERE condition = 'value'",1.1836038171705474,236542,SUCCESS,
113559f9-06f4-4e4b-80e0-c37937274623,2025-09-03T12:17:00,7cd584de-ca92-465c-8ea8-5f7ad356bee6,danasandoval,DEV_WH_LARGE,"SELECT * FROM PRODUCT_INVENTORY WHERE created_at >= dateadd('day', -7, current_date())",1.437096060084196,206247,SUCCESS,
8813404c-eb7e-46de-82b7-37f1d78cd8db,2025-09-03T12:23:00,cea2e75f-1ee1-4b1d-90f5-242f82a02bed,erickennedy,DEV_WH_MEDIUM,"SELECT COUNT(*) FROM EMPLOYEE_RECORDS GROUP BY date_trunc('day', created_at)",4.847746483320222,565149,SUCCESS,
ec9f5bbb-9504-44f9-8921-d01e0bde5c10,2025-09-03T12:23:00,879c852e-e8e8-45c3-9ead-5fa56c9ecfbc,egarcia,DEV_WH_SMALL,"SELECT COUNT(*) FROM SALES_TRANSACTIONS GROUP BY date_trunc('day', created_at)",4.919586893075954,74972,SUCCESS,
120a588b-7e7e-4a8b-a463-47a07c02f1c6,2025-09-03T12:23:00,b92c2609-888c-471e-bf61-4363556df9d8,frank26,BI_WH_X-SMALL,"SELECT * FROM EMPLOYEE_RECORDS WHERE created_at >= dateadd('day', -7, current_date())",4.208367028027372,490669,SUCCESS,
132c5e4d-3fbc-42f8-af3e-dce70d3f3709,2025-09-03T12:23:00,5fb2a072-2bab-4b94-9109-9cbea70c5438,bryancuevas,DEV_WH_X-SMALL,"SELECT * FROM SALES_TRANSACTIONS WHERE created_at >= dateadd('day', -7, current_date())",4.4693754622164565,444062,SUCCESS,
4ef8763b-4306-4aad-9084-02efac32b4cc,2025-09-03T12:23:00,4bc8b8f2-4d6e-4d5e-8d40-a7b6b3d6bb03,amandamitchell,DEV_WH_X-SMALL,"SELECT COUNT(*) FROM CUSTOMER_DATA GROUP BY date_trunc('day', created_at)",4.551357078510069,826279,SUCCESS,
2a4a79a3-9ff5-4283-9a7d-64350ea6207f,2025-09-03T12:23:00,cea2e75f-1ee1-4b1d-90f5-242f82a02bed,erickennedy,DEV_WH_X-SMALL,"SELECT DISTINCT column1, column2 FROM SALES_TRANSACTIONS WHERE condition = 'value'",2.802734009132276,64474,SUCCESS,
06dff583-9645-43fe-8634-9916723bb514,2025-09-03T12:23:00,859c34dd-4540-49a3-b26d-f82b1455d905,oatkinson,PROD_WH_X-SMALL,"SELECT * FROM PRODUCT_INVENTORY WHERE created_at >= dateadd('day', -7, current_date())",0.6458260479421812,817225,SUCCESS,
b74d69a0-02fe-49c1-b35e-21a3185bd62f,2025-09-03T12:23:00,00f99f6f-5fcc-490a-84f9-6b24911c0b2e,emilyhamilton,PROD_WH_SMALL,"SELECT DISTINCT column1, column2 FROM EMPLOYEE_RECORDS WHERE condition = 'value'",4.0692282811198055,877444,SUCCESS,
7c4ba245-c446-4784-91ca-6c6c2d5e6e40,2025-09-03T12:23:00,7cd584de-ca92-465c-8ea8-5f7ad356bee6,danasandoval,ETL_WH_MEDIUM,"SELECT COUNT(*) FROM CUSTOMER_DATA GROUP BY date_trunc('day', created_at)",3.5028405787067096,903166,SUCCESS,
a4137279-d930-46ca-b313-5f3d9be7aecf,2025-09-03T12:23:00,82e7a6a3-1f49-4f5a-8a2a-96e5a654a185,codyoconnor,PROD_WH_X-SMALL,SELECT * FROM FINANCIAL_METRICS LIMIT 1000,2.0966204089181963,957761,SUCCESS,
da0c3109-0393-4be7-a511-2563aeef9d03,2025-09-03T12:35:00,ac5e7ada-2f2f-4292-a0e4-18083982547a,lliu,DEV_WH_MEDIUM,"SELECT COUNT(*) FROM SALES_TRANSACTIONS GROUP BY date_trunc('day', created_at)",0.4261882414951985,772757,SUCCESS,
18dd28dc-64af-42a4-bbcd-881b3c87e200,2025-09-03T12:35:00,00f99f6f-5fcc-490a-84f9-6b24911c0b2e,emilyhamilton,DEV_WH_X-SMALL,"SELECT * FROM SYSTEM_EVENTS WHERE created_at >= dateadd('day', -7, current_date())",1.3773307091670248,686832,SUCCESS,
0ef2b67c-d84a-4b8a-be26-f30ae3082cf1,2025-09-03T12:35:00,82e7a6a3-1f49-4f5a-8a2a-96e5a654a185,codyoconnor,ETL_WH_MEDIUM,SELECT * FROM CUSTOMER_DATA LIMIT 1000,4.768298546262726,345175,SUCCESS,
e6fa332b-bf68-4b5e-ac74-d0b2a95fe243,2025-09-03T12:35:00,879c852e-e8e8-45c3-9ead-5fa56c9ecfbc,egarcia,BI_WH_X-SMALL,SELECT * FROM SYSTEM_EVENTS LIMIT 1000,0.8928811072159217,665125,SUCCESS,
283225bc-25b6-4397-a7a6-5ea4c66abfd8,2025-09-03T12:35:00,7cd584de-ca92-465c-8ea8-5f7ad356bee6,danasandoval,DEV_WH_X-SMALL,"SELECT * FROM PRODUCT_INVENTORY WHERE created_at >= dateadd('day', -7, current_date())",4.902484822857771,2682,SUCCESS,
3deb1ab6-0812-45ba-a2e2-694b5dfa9ee5,2025-09-03T12:35:00,ac5e7ada-2f2f-4292-a0e4-18083982547a,lliu,BI_WH_LARGE,"SELECT DISTINCT column1, column2 FROM CUSTOMER_DATA WHERE condition = 'value'",2.12427431855173,844537,SUCCESS,
0f188f8c-a990-4100-b681-17ed1362a61e,2025-09-03T12:35:00,00f99f6f-5fcc-490a-84f9-6b24911c0b2e,emilyhamilton,DEV_WH_MEDIUM,"SELECT COUNT(*) FROM SYSTEM_EVENTS GROUP BY date_trunc('day', created_at)",3.5431899224524903,248005,SUCCESS,
692fce50-60d5-4206-8c75-1bb4896d49b5,2025-09-03T12:35:00,82e7a6a3-1f49-4f5a-8a2a-96e5a654a185,codyoconnor,ETL_WH_LARGE,"SELECT * FROM CUSTOMER_DATA WHERE created_at >= dateadd('day', -7, current_date())",4.397627311808178,817335,SUCCESS,
4fe56488-1984-4dd6-9ade-ae2224c86354,2025-09-03T12:35:00,9a7a68c7-1b0c-4669-859f-6d352b1e386f,andrew16,ETL_WH_X-SMALL,"SELECT DISTINCT column1, column2 FROM MARKETING_CAMPAIGNS WHERE condition = 'value'",4.987735729858953,272857,SUCCESS,
c23034ac-43df-4e18-9c90-b167ebd410c1,2025-09-03T12:35:00,57eba2d7-a4fe-48aa-aa7b-ad0e6f1296b7,jose46,PROD_WH_MEDIUM,"SELECT * FROM EMPLOYEE_RECORDS WHERE created_at >= dateadd('day', -7, current_date())",0.9125884295971743,720480,SUCCESS,
6fe66d0a-b6d1-4e4f-8968-4e1866ad141e,2025-09-03T12:49:00,5fb2a072-2bab-4b94-9109-9cbea70c5438,bryancuevas,PROD_WH_LARGE,"SELECT COUNT(*) FROM CUSTOMER_DATA GROUP BY date_trunc('day', created_at)",1.8238546911517388,878470,SUCCESS,
2caa650d-4b8b-4862-8236-9019d0417a51,2025-09-03T12:49:00,f22aa1cf-fe8b-4e78-8492-b46e0f46ffda,brandtmisty,DEV_WH_X-SMALL,"SELECT COUNT(*) FROM PRODUCT_INVENTORY GROUP BY date_trunc('day', created_at)",1.670978931250918,310716,SUCCESS,
47832ed0-9b0f-4a7e-9bc4-224ae60b4f48,2025-09-03T12:49:00,cea2e75f-1ee1-4b1d-90f5-242f82a02bed,erickennedy,PROD_WH_SMALL,SELECT * FROM USER_ACTIVITY_LOGS LIMIT 1000,1.0093460260414338,220684,SUCCESS,
1b461356-6f46-4d8a-9012-7878c53fb2c6,2025-09-03T12:49:00,89e53854-09b7-4b59-8352-a231c51f8687,glarsen,BI_WH_LARGE,"SELECT COUNT(*) FROM CUSTOMER_DATA GROUP BY date_trunc('day', created_at)",2.769716251858329,797917,SUCCESS,
25610839-7fcf-48e2-85d6-53d684e23f3e,2025-09-03T12:49:00,f0c2cfac-cf3b-4053-9e79-a6a4c6bbd187,garciaalison,DEV_WH_LARGE,"SELECT COUNT(*) FROM MARKETING_CAMPAIGNS GROUP BY date_trunc('day', created_at)",3.3965999159449147,788949,SUCCESS,
48eb6ba5-73ec-4ce3-a7d6-2cd9d619ce4f,2025-09-03T12:49:00,da0f0f7a-8d2c-4ca9-b82e-cda33fba6610,rachel35,BI_WH_MEDIUM,"SELECT COUNT(*) FROM EMPLOYEE_RECORDS GROUP BY date_trunc('day', created_at)",4.347280191652544,576327,SUCCESS,
e8710cff-f857-47e1-be70-d8941fb65f5e,2025-09-03T12:49:00,f22aa1cf-fe8b-4e78-8492-b46e0f46ffda,brandtmisty,ETL_WH_LARGE,"SELECT COUNT(*) FROM MARKETING_CAMPAIGNS GROUP BY date_trunc('day', created_at)",4.046323545438905,680010,SUCCESS,
625d4eb9-5dfa-4e36-a83b-214ce6f024a7,2025-09-03T12:49:00,89e53854-09b7-4b59-8352-a231c51f8687,glarsen,PROD_WH_MEDIUM,SELECT * FROM SALES_TRANSACTIONS LIMIT 1000,0.22767084111202293,312081,SUCCESS,
2950e354-c2bc-4e70-9b1b-7b0fb661882c,2025-09-03T12:49:00,5fb2a072-2bab-4b94-9109-9cbea70c5438,bryancuevas,PROD_WH_MEDIUM,"SELECT COUNT(*) FROM SYSTEM_EVENTS GROUP BY date_trunc('day', created_at)",3.0579106807809193,939393,SUCCESS,
6f38048e-092d-4666-ae2c-fb299d79e75f,2025-09-03T12:49:00,879c852e-e8e8-45c3-9ead-5fa56c9ecfbc,egarcia,BI_WH_LARGE,"SELECT COUNT(*) FROM SYSTEM_EVENTS GROUP BY date_trunc('day', created_at)",2.2168832505420606,858204,SUCCESS,
4de65844-3e2a-4ee2-a706-81092489c89e,2025-09-03T13:01:00,cea2e75f-1ee1-4b1d-90f5-242f82a02bed,erickennedy,PROD_WH_MEDIUM,"SELECT * FROM PRODUCT_INVENTORY WHERE created_at >= dateadd('day', -7, current_date())",2.2518505125797863,765128,SUCCESS,
c52bcc90-10ab-4d81-a549-8477adde632d,2025-09-03T13:01:00,879c852e-e8e8-45c3-9ead-5fa56c9ecfbc,egarcia,DEV_WH_SMALL,"SELECT DISTINCT column1, column2 FROM FINANCIAL_METRICS WHERE condition = 'value'",3.1439126795477215,350818,SUCCESS,
0bd5ef2c-5174-4259-9aa6-65cd7e84b0fa,2025-09-03T13:01:00,5fb2a072-2bab-4b94-9109-9cbea70c5438,bryancuevas,PROD_WH_LARGE,"SELECT * FROM MARKETING_CAMPAIGNS WHERE created_at >= dateadd('day', -7, current_date())",0.46631836784339853,251991,SUCCESS,
898ec4b8-bc4a-4b28-a43d-659589cb35dc,2025-09-03T13:01:00,3d8cc43f-0f00-40bd-b8b2-34ac61fc0360,rwilliams,BI_WH_MEDIUM,"SELECT * FROM MARKETING_CAMPAIGNS WHERE created_at >= dateadd('day', -7, current_date())",0.7002602918072813,792467,SUCCESS,
150edcb9-8c42-47ea-9315-b928f058b0d4,2025-09-03T13:01:00,f0c2cfac-cf3b-4053-9e79-a6a4c6bbd187,garciaalison,PROD_WH_X-SMALL,"SELECT DISTINCT column1, column2 FROM PRODUCT_INVENTORY WHERE condition = 'value'",3.856123618325183,943652,SUCCESS,
72f77988-d3a6-40a0-98d7-b0763130bc73,2025-09-03T13:01:00,5fb2a072-2bab-4b94-9109-9cbea70c5438,bryancuevas,ETL_WH_MEDIUM,"SELECT COUNT(*) FROM USER_ACTIVITY_LOGS GROUP BY date_trunc('day', created_at)",1.8811467647899813,684955,SUCCESS,
492f59ca-2a92-4678-b629-36328b709990,2025-09-03T13:01:00,7cd584de-ca92-465c-8ea8-5f7ad356bee6,danasandoval,ETL_WH_SMALL,"SELECT DISTINCT column1, column2 FROM SYSTEM_EVENTS WHERE condition = 'value'",1.8358763502030233,227246,SUCCESS,
000f4dcd-5557-4da2-8c0e-dd343b4d6d58,2025-09-03T13:01:00,82e7a6a3-1f49-4f5a-8a2a-96e5a654a185,codyoconnor,PROD_WH_SMALL,SELECT * FROM PRODUCT_INVENTORY LIMIT 1000,0.21390227376390686,567285,SUCCESS,
74ff212d-fec5-4d59-9426-2bc347806c6c,2025-09-03T13:01:00,859c34dd-4540-49a3-b26d-f82b1455d905,oatkinson,ETL_WH_SMALL,"SELECT COUNT(*) FROM FINANCIAL_METRICS GROUP BY date_trunc('day', created_at)",2.462164316314768,187766,SUCCESS,
e94c4bd2-fdb0-4c35-9370-361ac1a23028,2025-09-03T13:01:00,879c852e-e8e8-45c3-9ead-5fa56c9ecfbc,egarcia,PROD_WH_LARGE,SELECT * FROM USER_ACTIVITY_LOGS LIMIT 1000,4.722421778221336,692699,SUCCESS,
efe2184c-2697-46eb-a8d5-559fa74b5c31,2025-09-03T13:10:00,00f99f6f-5fcc-490a-84f9-6b24911c0b2e,emilyhamilton,DEV_WH_SMALL,"SELECT DISTINCT column1, column2 FROM MARKETING_CAMPAIGNS WHERE condition = 'value'",1.7677781125585232,922579,SUCCESS,
26a95fb6-3b5e-4f38-8646-ec91208c651a,2025-09-03T13:10:00,ac5e7ada-2f2f-4292-a0e4-18083982547a,lliu,PROD_WH_SMALL,"SELECT * FROM CUSTOMER_DATA WHERE created_at >= dateadd('day', -7, current_date())",0.5181925212146059,998064,SUCCESS,
c5297f43-d02a-4731-a622-7643c904f356,2025-09-03T13:10:00,4bc8b8f2-4d6e-4d5e-8d40-a7b6b3d6bb03,amandamitchell,PROD_WH_X-SMALL,SELECT * FROM EMPLOYEE_RECORDS LIMIT 1000,4.512208324946715,453179,SUCCESS,
ade94b1c-c60b-4e35-8f8b-fba10265ff96,2025-09-03T13:10:00,859c34dd-4540-49a3-b26d-f82b1455d905,oatkinson,DEV_WH_MEDIUM,"SELECT COUNT(*) FROM FINANCIAL_METRICS GROUP BY date_trunc('day', created_at)",3.5286274434454974,661021,SUCCESS,
65ffb03c-7074-4506-a0ab-01d4f9d35689,2025-09-03T13:10:00,cea2e75f-1ee1-4b1d-90f5-242f82a02bed,erickennedy,DEV_WH_SMALL,"SELECT * FROM PRODUCT_INVENTORY WHERE created_at >= dateadd('day', -7, current_date())",3.299070870708756,481444,SUCCESS,
53bafd8e-0eeb-4d08-baba-a4af6007b4e6,2025-09-03T13:10:00,f22aa1cf-fe8b-4e78-8492-b46e0f46ffda,brandtmisty,ETL_WH_MEDIUM,"SELECT DISTINCT column1, column2 FROM EMPLOYEE_RECORDS WHERE condition = 'value'",0.27729516365878515,939535,SUCCESS,
089f9875-5ae5-45c5-b2bc-edca96e75b8a,2025-09-03T13:10:00,f22aa1cf-fe8b-4e78-8492-b46e0f46ffda,brandtmisty,ETL_WH_SMALL,"SELECT COUNT(*) FROM EMPLOYEE_RECORDS GROUP BY date_trunc('day', created_at)",2.595092039587606,653936,SUCCESS,
bd055035-d49d-499d-9377-3cc6cbf92987,2025-09-03T13:10:00,5fb2a072-2bab-4b94-9109-9cbea70c5438,bryancuevas,DEV_WH_X-SMALL,"SELECT COUNT(*) FROM SYSTEM_EVENTS GROUP BY date_trunc('day', created_at)",3.1617954897881915,821281,SUCCESS,
a645eedc-2118-4e9c-a52b-3f45ccd56f34,2025-09-03T13:10:00,a3a85592-9f3f-4845-87b8-dd199fcdc3cc,gmoreno,PROD_WH_LARGE,"SELECT * FROM EMPLOYEE_RECORDS WHERE created_at >= dateadd('day', -7, current_date())",1.660492867175001,761567,SUCCESS,
a8e612f0-acd3-466b-ae2a-19695abe1541,2025-09-03T13:10:00,859c34dd-4540-49a3-b26d-f82b1455d905,oatkinson,BI_WH_SMALL,"SELECT COUNT(*) FROM FINANCIAL_METRICS GROUP BY date_trunc('day', created_at)",0.1090551411111702,66856,SUCCESS,
8b0c004d-b315-49f1-b938-ed5db7638c0a,2025-09-03T13:18:00,57eba2d7-a4fe-48aa-aa7b-ad0e6f1296b7,jose46,PROD_WH_MEDIUM,"SELECT DISTINCT column1, column2 FROM EMPLOYEE_RECORDS WHERE condition = 'value'",1.1927114606539277,320009,SUCCESS,
8a85ba64-471a-41c1-b9ca-bfd1e1a53345,2025-09-03T13:18:00,ac5e7ada-2f2f-4292-a0e4-18083982547a,lliu,PROD_WH_SMALL,"SELECT COUNT(*) FROM EMPLOYEE_RECORDS GROUP BY date_trunc('day', created_at)",3.0193666541426096,454615,SUCCESS,
c3ecf20f-c6b9-472d-82a8-4be5d1c72b43,2025-09-03T13:18:00,57eba2d7-a4fe-48aa-aa7b-ad0e6f1296b7,jose46,BI_WH_MEDIUM,"SELECT * FROM SALES_TRANSACTIONS WHERE created_at >= dateadd('day', -7, current_date())",2.3612527053019075,218375,SUCCESS,
7db949e9-5165-4cbc-92fe-912a3a769078,2025-09-03T13:18:00,da0f0f7a-8d2c-4ca9-b82e-cda33fba6610,rachel35,ETL_WH_LARGE,"SELECT COUNT(*) FROM USER_ACTIVITY_LOGS GROUP BY date_trunc('day', created_at)",0.13548562013691848,62851,SUCCESS,
b52d8e2a-39b5-4247-92c8-323f7bf15f71,2025-09-03T13:18:00,f22aa1cf-fe8b-4e78-8492-b46e0f46ffda,brandtmisty,PROD_WH_X-SMALL,"SELECT DISTINCT column1, column2 FROM PRODUCT_INVENTORY WHERE condition = 'value'",0.7010496403840923,429243,SUCCESS,
fa069b13-09c4-4d8e-b019-a446e358ca6b,2025-09-03T13:18:00,89e53854-09b7-4b59-8352-a231c51f8687,glarsen,PROD_WH_X-SMALL,"SELECT DISTINCT column1, column2 FROM MARKETING_CAMPAIGNS WHERE condition = 'value'",0.8405678829937026,912151,SUCCESS,
6ee483a4-ed0f-41c2-abb7-6e90fd34ae8d,2025-09-03T13:18:00,5fb2a072-2bab-4b94-9109-9cbea70c5438,bryancuevas,BI_WH_X-SMALL,SELECT * FROM MARKETING_CAMPAIGNS LIMIT 1000,3.0407547194054994,569516,SUCCESS,
3acea60e-ed60-45ab-9cbc-8a8dee77c3b9,2025-09-03T13:18:00,4663d48b-596a-4f39-b714-8d69ac9a7d2a,robert93,DEV_WH_X-SMALL,"SELECT COUNT(*) FROM CUSTOMER_DATA GROUP BY date_trunc('day', created_at)",3.0055695139901855,415089,SUCCESS,
4ac1d54d-1028-488c-824e-2a44a4ab513f,2025-09-03T13:18:00,a3a85592-9f3f-4845-87b8-dd199fcdc3cc,gmoreno,DEV_WH_MEDIUM,"SELECT COUNT(*) FROM FINANCIAL_METRICS GROUP BY date_trunc('day', created_at)",4.875356606224229,478762,SUCCESS,
82b69318-d77e-4f52-b966-809bc82128d4,2025-09-03T13:18:00,f0c2cfac-cf3b-4053-9e79-a6a4c6bbd187,garciaalison,BI_WH_MEDIUM,SELECT * FROM MARKETING_CAMPAIGNS LIMIT 1000,0.7890706734991236,303635,SUCCESS,
dae00ec7-93cc-4782-b701-fae644eb8de8,2025-09-03T13:27:00,82e7a6a3-1f49-4f5a-8a2a-96e5a654a185,codyoconnor,DEV_WH_LARGE,"SELECT COUNT(*) FROM PRODUCT_INVENTORY GROUP BY date_trunc('day', created_at)",4.4836280397812915,629796,SUCCESS,
70291eda-8cdc-4527-91d3-2b1b4af25649,2025-09-03T13:27:00,879c852e-e8e8-45c3-9ead-5fa56c9ecfbc,egarcia,BI_WH_LARGE,SELECT * FROM EMPLOYEE_RECORDS LIMIT 1000,1.9351542327275488,746046,SUCCESS,
1f1dd013-477c-4303-a0da-1a1da37fd19b,2025-09-03T13:27:00,879c852e-e8e8-45c3-9ead-5fa56c9ecfbc,egarcia,ETL_WH_LARGE,"SELECT * FROM USER_ACTIVITY_LOGS WHERE created_at >= dateadd('day', -7, current_date())",3.0884009931596004,865034,SUCCESS,
0a445ebf-d13b-4449-9c2c-45afb779c7ab,2025-09-03T13:27:00,f0c2cfac-cf3b-4053-9e79-a6a4c6bbd187,garciaalison,DEV_WH_SMALL,SELECT * FROM PRODUCT_INVENTORY LIMIT 1000,1.2289858980550692,84243,SUCCESS,
9ae19d5d-28ce-4a21-9235-2138b9dafdba,2025-09-03T13:27:00,b92c2609-888c-471e-bf61-4363556df9d8,frank26,BI_WH_X-SMALL,SELECT * FROM CUSTOMER_DATA LIMIT 1000,0.570311098459488,351117,SUCCESS,
a841ad88-4508-4864-9995-f97800e830dd,2025-09-03T13:27:00,3d8cc43f-0f00-40bd-b8b2-34ac61fc0360,rwilliams,ETL_WH_X-SMALL,SELECT * FROM MARKETING_CAMPAIGNS LIMIT 1000,4.70827068037656,940325,SUCCESS,
be7ed9eb-960f-4ce6-bf08-776066eab952,2025-09-03T13:27:00,82e7a6a3-1f49-4f5a-8a2a-96e5a654a185,codyoconnor,ETL_WH_SMALL,"SELECT * FROM EMPLOYEE_RECORDS WHERE created_at >= dateadd('day', -7, current_date())",3.359136764404187,630345,SUCCESS,
183fc853-8866-408d-9bb1-3e745da46214,2025-09-03T13:27:00,ac5e7ada-2f2f-4292-a0e4-18083982547a,lliu,BI_WH_LARGE,"SELECT DISTINCT column1, column2 FROM EMPLOYEE_RECORDS WHERE condition = 'value'",3.458598468858611,642193,SUCCESS,
2104319b-0cc6-4dc7-8f28-075458d944df,2025-09-03T13:27:00,9a7a68c7-1b0c-4669-859f-6d352b1e386f,andrew16,BI_WH_MEDIUM,"SELECT DISTINCT column1, column2 FROM SALES_TRANSACTIONS WHERE condition = 'value'",2.8856548318362827,51922,SUCCESS,
270f22f1-253f-4c70-bee9-7ab06cacda20,2025-09-03T13:27:00,89e53854-09b7-4b59-8352-a231c51f8687,glarsen,DEV_WH_SMALL,"SELECT COUNT(*) FROM PRODUCT_INVENTORY GROUP BY date_trunc('day', created_at)",1.041045892602694,850984,SUCCESS,
389970e3-125a-46b6-9834-e9f913f317a3,2025-09-03T13:35:00,a3a85592-9f3f-4845-87b8-dd199fcdc3cc,gmoreno,DEV_WH_LARGE,"SELECT COUNT(*) FROM CUSTOMER_DATA GROUP BY date_trunc('day', created_at)",1.245779027554792,888828,SUCCESS,
d460f270-09d8-4c59-8911-f57ee3d0bbfc,2025-09-03T13:35:00,57eba2d7-a4fe-48aa-aa7b-ad0e6f1296b7,jose46,PROD_WH_MEDIUM,"SELECT DISTINCT column1, column2 FROM MARKETING_CAMPAIGNS WHERE condition = 'value'",2.4865320120798855,774628,SUCCESS,
4cfa0826-e1e9-46c8-98cd-7878ebd315b6,2025-09-03T13:35:00,859c34dd-4540-49a3-b26d-f82b1455d905,oatkinson,BI_WH_MEDIUM,"SELECT * FROM SYSTEM_EVENTS WHERE created_at >= dateadd('day', -7, current_date())",4.622379533236274,187441,SUCCESS,
619eba33-b39b-4ff8-bb2d-6e9fbe0cb598,2025-09-03T13:35:00,89e53854-09b7-4b59-8352-a231c51f8687,glarsen,DEV_WH_MEDIUM,"SELECT COUNT(*) FROM SYSTEM_EVENTS GROUP BY date_trunc('day', created_at)",2.857166513393795,866240,SUCCESS,
80bdcedb-20ce-4db1-9813-6b538c9339fd,2025-09-03T13:35:00,da0f0f7a-8d2c-4ca9-b82e-cda33fba6610,rachel35,PROD_WH_LARGE,"SELECT COUNT(*) FROM CUSTOMER_DATA GROUP BY date_trunc('day', created_at)",0.4979806572316494,966049,SUCCESS,
eca1c549-e998-4171-84a0-0d30ac442523,2025-09-03T13:35:00,82e7a6a3-1f49-4f5a-8a2a-96e5a654a185,codyoconnor,BI_WH_LARGE,"SELECT COUNT(*) FROM SYSTEM_EVENTS GROUP BY date_trunc('day', created_at)",2.5425126063841885,829038,SUCCESS,
4f6beeee-c5b8-48a7-a9ca-e187999bb2d5,2025-09-03T13:35:00,3d8cc43f-0f00-40bd-b8b2-34ac61fc0360,rwilliams,PROD_WH_SMALL,SELECT * FROM PRODUCT_INVENTORY LIMIT 1000,1.1997212864228148,788773,SUCCESS,
572369ad-fa3b-42ed-8a4c-227de0cdc44e,2025-09-03T13:35:00,da0f0f7a-8d2c-4ca9-b82e-cda33fba6610,rachel35,ETL_WH_MEDIUM,"SELECT * FROM SALES_TRANSACTIONS WHERE created_at >= dateadd('day', -7, current_date())",2.6246455572013625,248703,SUCCESS,
9237c4ba-9055-4f3d-805f-7c852040b478,2025-09-03T13:35:00,4bc8b8f2-4d6e-4d5e-8d40-a7b6b3d6bb03,amandamitchell,DEV_WH_SMALL,"SELECT * FROM SALES_TRANSACTIONS WHERE created_at >= dateadd('day', -7, current_date())",3.358653747733945,120937,SUCCESS,
e696aed0-ced2-4334-bdec-3bab3929c8fb,2025-09-03T13:35:00,f0c2cfac-cf3b-4053-9e79-a6a4c6bbd187,garciaalison,ETL_WH_SMALL,"SELECT * FROM PRODUCT_INVENTORY WHERE created_at >= dateadd('day', -7, current_date())",4.218109703612586,574920,SUCCESS,
9d8632e5-8b23-409b-9bd9-b940825aec24,2025-09-03T13:40:00,7cd584de-ca92-465c-8ea8-5f7ad356bee6,danasandoval,BI_WH_LARGE,"SELECT * FROM MARKETING_CAMPAIGNS WHERE created_at >= dateadd('day', -7, current_date())",0.29129267970080297,160149,SUCCESS,
33d1c05a-9cd9-4118-aa9c-36390acc98fa,2025-09-03T13:40:00,ac5e7ada-2f2f-4292-a0e4-18083982547a,lliu,BI_WH_X-SMALL,"SELECT COUNT(*) FROM EMPLOYEE_RECORDS GROUP BY date_trunc('day', created_at)",0.4822551991956813,881412,SUCCESS,
1ddc031e-83f8-461b-9866-f95a0cf0c0d4,2025-09-03T13:40:00,4bc8b8f2-4d6e-4d5e-8d40-a7b6b3d6bb03,amandamitchell,BI_WH_X-SMALL,"SELECT * FROM CUSTOMER_DATA WHERE created_at >= dateadd('day', -7, current_date())",3.787049612687725,146913,SUCCESS,
529f4272-976e-467c-87b6-9e100c96a669,2025-09-03T13:40:00,a3a85592-9f3f-4845-87b8-dd199fcdc3cc,gmoreno,ETL_WH_LARGE,"SELECT COUNT(*) FROM SYSTEM_EVENTS GROUP BY date_trunc('day', created_at)",0.9487268109349689,46435,SUCCESS,
7fa90996-5b30-4bac-a6dd-34221c2be4cc,2025-09-03T13:40:00,b92c2609-888c-471e-bf61-4363556df9d8,frank26,PROD_WH_SMALL,"SELECT DISTINCT column1, column2 FROM MARKETING_CAMPAIGNS WHERE condition = 'value'",0.9618604771059045,539341,SUCCESS,
5f0b906d-7291-4d94-8f16-39fc994cd919,2025-09-03T13:40:00,4b7e389e-8c78-4e72-ab0b-774df43b399e,hardinjennifer,BI_WH_SMALL,"SELECT COUNT(*) FROM SALES_TRANSACTIONS GROUP BY date_trunc('day', created_at)",4.475886476736438,99429,SUCCESS,
fad4f44a-fc34-42c7-82fb-2a30d077c16c,2025-09-03T13:40:00,5fb2a072-2bab-4b94-9109-9cbea70c5438,bryancuevas,ETL_WH_LARGE,SELECT * FROM USER_ACTIVITY_LOGS LIMIT 1000,2.6520375824024303,301408,SUCCESS,
85f9973e-95d6-4eff-aaf7-bdd836ef465d,2025-09-03T13:40:00,7cd584de-ca92-465c-8ea8-5f7ad356bee6,danasandoval,DEV_WH_SMALL,"SELECT COUNT(*) FROM FINANCIAL_METRICS GROUP BY date_trunc('day', created_at)",2.3976677610641057,781282,SUCCESS,
aac986c6-14d5-4d78-b112-1982a308fed1,2025-09-03T13:40:00,f22aa1cf-fe8b-4e78-8492-b46e0f46ffda,brandtmisty,BI_WH_SMALL,SELECT * FROM EMPLOYEE_RECORDS LIMIT 1000,3.8196976008892483,491722,SUCCESS,
d5bdf6b6-5068-4599-bd1c-6235a67a541d,2025-09-03T13:40:00,00f99f6f-5fcc-490a-84f9-6b24911c0b2e,emilyhamilton,DEV_WH_LARGE,"SELECT * FROM PRODUCT_INVENTORY WHERE created_at >= dateadd('day', -7, current_date())",3.9339578175977,379442,SUCCESS,
f424b499-477a-4000-83ca-d493604d986e,2025-09-03T13:48:00,879c852e-e8e8-45c3-9ead-5fa56c9ecfbc,egarcia,PROD_WH_LARGE,"SELECT COUNT(*) FROM PRODUCT_INVENTORY GROUP BY date_trunc('day', created_at)",0.2630467222618424,297274,SUCCESS,
39e30ec7-e606-4e50-81f2-6032e0c4f14e,2025-09-03T13:48:00,b92c2609-888c-471e-bf61-4363556df9d8,frank26,PROD_WH_SMALL,"SELECT * FROM SYSTEM_EVENTS WHERE created_at >= dateadd('day', -7, current_date())",3.3412845730523975,674248,SUCCESS,
04446770-6da0-4467-b144-de4038d2c26c,2025-09-03T13:48:00,ac5e7ada-2f2f-4292-a0e4-18083982547a,lliu,BI_WH_LARGE,"SELECT COUNT(*) FROM CUSTOMER_DATA GROUP BY date_trunc('day', created_at)",2.8705359287524645,740760,SUCCESS,
3adadc31-1c5e-49c9-8075-52d242a3a859,2025-09-03T13:48:00,f22aa1cf-fe8b-4e78-8492-b46e0f46ffda,brandtmisty,PROD_WH_LARGE,"SELECT COUNT(*) FROM FINANCIAL_METRICS GROUP BY date_trunc('day', created_at)",2.567707389223676,855804,SUCCESS,
fb435224-ceff-4eb6-bee6-da17400c9b47,2025-09-03T13:48:00,3d8cc43f-0f00-40bd-b8b2-34ac61fc0360,rwilliams,PROD_WH_MEDIUM,"SELECT DISTINCT column1, column2 FROM SALES_TRANSACTIONS WHERE condition = 'value'",2.0549062919428813,664574,SUCCESS,
8bd7b3f8-bab9-4d05-9d7b-70e515c817ae,2025-09-03T13:48:00,859c34dd-4540-49a3-b26d-f82b1455d905,oatkinson,BI_WH_MEDIUM,"SELECT COUNT(*) FROM EMPLOYEE_RECORDS GROUP BY date_trunc('day', created_at)",2.0112326446648203,265085,SUCCESS,
d57a6e45-2b64-43f2-9086-fb18ca8c2efa,2025-09-03T13:48:00,7cd584de-ca92-465c-8ea8-5f7ad356bee6,danasandoval,PROD_WH_LARGE,SELECT * FROM CUSTOMER_DATA LIMIT 1000,0.9238517015670132,299369,SUCCESS,
c0a0887e-3fcc-492e-837f-a5a7632114a6,2025-09-03T13:48:00,3d8cc43f-0f00-40bd-b8b2-34ac61fc0360,rwilliams,BI_WH_LARGE,SELECT * FROM SYSTEM_EVENTS LIMIT 1000,2.2735569489964598,461559,SUCCESS,
6677eb6c-ac68-493d-87be-c3ed1255381c,2025-09-03T13:48:00,da0f0f7a-8d2c-4ca9-b82e-cda33fba6610,rachel35,ETL_WH_LARGE,"SELECT DISTINCT column1, column2 FROM MARKETING_CAMPAIGNS WHERE condition = 'value'",1.3450401354068442,920577,SUCCESS,
26ee1ef4-98d3-48d9-9989-1d888ce9d3ad,2025-09-03T13:48:00,859c34dd-4540-49a3-b26d-f82b1455d905,oatkinson,ETL_WH_LARGE,"SELECT * FROM PRODUCT_INVENTORY WHERE created_at >= dateadd('day', -7, current_date())",2.135021201788167,980482,SUCCESS,
568c78a5-d943-4b25-8f42-8ecfedf952f2,2025-09-03T14:03:00,a3a85592-9f3f-4845-87b8-dd199fcdc3cc,gmoreno,ETL_WH_LARGE,"SELECT COUNT(*) FROM USER_ACTIVITY_LOGS GROUP BY date_trunc('day', created_at)",0.14021615978609758,827767,SUCCESS,
e66ec4b5-73ee-4f56-8416-a0490016adc2,2025-09-03T14:03:00,b92c2609-888c-471e-bf61-4363556df9d8,frank26,DEV_WH_MEDIUM,"SELECT DISTINCT column1, column2 FROM SALES_TRANSACTIONS WHERE condition = 'value'",3.7820519475120498,105982,SUCCESS,
0118bdf4-96af-454f-a504-a762231d5e7e,2025-09-03T14:03:00,89e53854-09b7-4b59-8352-a231c51f8687,glarsen,BI_WH_LARGE,"SELECT DISTINCT column1, column2 FROM FINANCIAL_METRICS WHERE condition = 'value'",3.8559802252824844,990999,SUCCESS,
07f815be-f239-437a-9ef5-4f457752525a,2025-09-03T14:03:00,b92c2609-888c-471e-bf61-4363556df9d8,frank26,ETL_WH_LARGE,"SELECT COUNT(*) FROM EMPLOYEE_RECORDS GROUP BY date_trunc('day', created_at)",0.5519625425608087,836950,SUCCESS,
590e5dec-646b-4376-b4d0-f720f6bfbf31,2025-09-03T14:03:00,4b7e389e-8c78-4e72-ab0b-774df43b399e,hardinjennifer,PROD_WH_X-SMALL,SELECT * FROM PRODUCT_INVENTORY LIMIT 1000,0.18221939598462286,777388,SUCCESS,
4f948957-ffc6-4df7-9052-0cd0e68aaf6c,2025-09-03T14:03:00,cea2e75f-1ee1-4b1d-90f5-242f82a02bed,erickennedy,PROD_WH_MEDIUM,SELECT * FROM PRODUCT_INVENTORY LIMIT 1000,1.057600110131398,655063,SUCCESS,
54166c33-23b7-41b6-954e-b6c316722c70,2025-09-03T14:03:00,82e7a6a3-1f49-4f5a-8a2a-96e5a654a185,codyoconnor,BI_WH_X-SMALL,"SELECT COUNT(*) FROM USER_ACTIVITY_LOGS GROUP BY date_trunc('day', created_at)",3.9654600480285738,350493,SUCCESS,
87636e6e-d987-4c36-bc42-e39abbfa3774,2025-09-03T14:03:00,4663d48b-596a-4f39-b714-8d69ac9a7d2a,robert93,PROD_WH_SMALL,SELECT * FROM EMPLOYEE_RECORDS LIMIT 1000,2.1229000466564445,823107,SUCCESS,
5d7ff2f2-7aaf-488d-a4e8-791886cf7e9f,2025-09-03T14:03:00,4b7e389e-8c78-4e72-ab0b-774df43b399e,hardinjennifer,BI_WH_SMALL,"SELECT COUNT(*) FROM SALES_TRANSACTIONS GROUP BY date_trunc('day', created_at)",0.5021409420068779,248555,SUCCESS,
53c38e90-a08a-4316-8966-3c01099429f4,2025-09-03T14:03:00,4663d48b-596a-4f39-b714-8d69ac9a7d2a,robert93,ETL_WH_X-SMALL,SELECT * FROM SYSTEM_EVENTS LIMIT 1000,4.749938832588063,863175,SUCCESS,
285b3029-bcd9-48d9-8b1d-3ae76a0124af,2025-09-03T14:12:00,4bc8b8f2-4d6e-4d5e-8d40-a7b6b3d6bb03,amandamitchell,DEV_WH_SMALL,"SELECT COUNT(*) FROM MARKETING_CAMPAIGNS GROUP BY date_trunc('day', created_at)",3.865667566743315,316109,SUCCESS,
88fb6315-da0a-4e71-bc9b-a9a851066beb,2025-09-03T14:12:00,a3a85592-9f3f-4845-87b8-dd199fcdc3cc,gmoreno,BI_WH_MEDIUM,SELECT * FROM PRODUCT_INVENTORY LIMIT 1000,3.224398902995416,66848,SUCCESS,
90792d62-7f4d-4cca-af18-67b885e8d160,2025-09-03T14:12:00,4b7e389e-8c78-4e72-ab0b-774df43b399e,hardinjennifer,DEV_WH_SMALL,SELECT * FROM MARKETING_CAMPAIGNS LIMIT 1000,1.3767441117867834,552961,SUCCESS,
a4c41ab0-8075-4221-a183-92a57dd93c60,2025-09-03T14:12:00,57eba2d7-a4fe-48aa-aa7b-ad0e6f1296b7,jose46,DEV_WH_X-SMALL,"SELECT COUNT(*) FROM SYSTEM_EVENTS GROUP BY date_trunc('day', created_at)",4.887202804823277,613602,SUCCESS,
610edd3c-b6c9-4546-b947-0052ea0649c2,2025-09-03T14:12:00,4bc8b8f2-4d6e-4d5e-8d40-a7b6b3d6bb03,amandamitchell,ETL_WH_SMALL,"SELECT COUNT(*) FROM USER_ACTIVITY_LOGS GROUP BY date_trunc('day', created_at)",2.058365243303557,593969,SUCCESS,
f1b70a17-72e2-4e1d-9791-2b6c5afeb038,2025-09-03T14:12:00,7cd584de-ca92-465c-8ea8-5f7ad356bee6,danasandoval,DEV_WH_LARGE,"SELECT DISTINCT column1, column2 FROM PRODUCT_INVENTORY WHERE condition = 'value'",1.5071896738071122,963372,SUCCESS,
9138e977-a4c5-40d4-913c-35cb40cb3855,2025-09-03T14:12:00,57eba2d7-a4fe-48aa-aa7b-ad0e6f1296b7,jose46,PROD_WH_MEDIUM,SELECT * FROM CUSTOMER_DATA LIMIT 1000,1.5653411165166882,590653,SUCCESS,
999f7224-13e0-43cb-ada9-9a1d561dd44b,2025-09-03T14:12:00,82e7a6a3-1f49-4f5a-8a2a-96e5a654a185,codyoconnor,ETL_WH_SMALL,SELECT * FROM SYSTEM_EVENTS LIMIT 1000,3.5535772122668092,850143,SUCCESS,
621b6238-d512-4c1e-8d37-1e869676ae9e,2025-09-03T14:12:00,7cd584de-ca92-465c-8ea8-5f7ad356bee6,danasandoval,PROD_WH_LARGE,"SELECT DISTINCT column1, column2 FROM SALES_TRANSACTIONS WHERE condition = 'value'",0.8695176413060653,341307,SUCCESS,
c4d76f91-5490-4b8b-aa41-d01726b0de5a,2025-09-03T14:12:00,00f99f6f-5fcc-490a-84f9-6b24911c0b2e,emilyhamilton,DEV_WH_MEDIUM,"SELECT COUNT(*) FROM MARKETING_CAMPAIGNS GROUP BY date_trunc('day', created_at)",4.9169664448543395,291850,SUCCESS,
b1e7af0b-eb7b-469d-b450-d51aa098e8aa,2025-09-03T14:17:00,00f99f6f-5fcc-490a-84f9-6b24911c0b2e,emilyhamilton,ETL_WH_X-SMALL,SELECT * FROM PRODUCT_INVENTORY LIMIT 1000,1.7577885410135687,550628,SUCCESS,
2ed7a215-66e3-4dfe-a1ff-b0c86edf7811,2025-09-03T14:17:00,57eba2d7-a4fe-48aa-aa7b-ad0e6f1296b7,jose46,BI_WH_LARGE,SELECT * FROM SYSTEM_EVENTS LIMIT 1000,3.73264025055207,305536,SUCCESS,
58e3e471-2c28-450e-b822-4b67d7f727b9,2025-09-03T14:17:00,4bc8b8f2-4d6e-4d5e-8d40-a7b6b3d6bb03,amandamitchell,DEV_WH_SMALL,"SELECT COUNT(*) FROM PRODUCT_INVENTORY GROUP BY date_trunc('day', created_at)",2.348115749192395,421513,SUCCESS,
714eeab3-d9b6-4f55-a5b5-8bd1cc61b8c5,2025-09-03T14:17:00,9a7a68c7-1b0c-4669-859f-6d352b1e386f,andrew16,DEV_WH_MEDIUM,"SELECT COUNT(*) FROM USER_ACTIVITY_LOGS GROUP BY date_trunc('day', created_at)",1.4273384180112354,874948,SUCCESS,
78536fa2-7031-432e-b4ee-9b8c0013aded,2025-09-03T14:17:00,ac5e7ada-2f2f-4292-a0e4-18083982547a,lliu,ETL_WH_MEDIUM,"SELECT COUNT(*) FROM FINANCIAL_METRICS GROUP BY date_trunc('day', created_at)",2.3601401545961127,740253,SUCCESS,
74df0b79-fab0-446a-9c02-c7dc2bb0befa,2025-09-03T14:17:00,89e53854-09b7-4b59-8352-a231c51f8687,glarsen,DEV_WH_LARGE,"SELECT DISTINCT column1, column2 FROM SALES_TRANSACTIONS WHERE condition = 'value'",2.1460552010220812,195614,SUCCESS,
6c26d662-6688-4d28-b6a5-ebee9d5af3f7,2025-09-03T14:17:00,da0f0f7a-8d2c-4ca9-b82e-cda33fba6610,rachel35,BI_WH_X-SMALL,"SELECT * FROM CUSTOMER_DATA WHERE created_at >= dateadd('day', -7, current_date())",2.7676243909280074,844553,SUCCESS,
00d678e4-bcfd-4799-8ef9-3b3be58be771,2025-09-03T14:17:00,859c34dd-4540-49a3-b26d-f82b1455d905,oatkinson,DEV_WH_MEDIUM,"SELECT * FROM PRODUCT_INVENTORY WHERE created_at >= dateadd('day', -7, current_date())",1.6235691825765388,626408,SUCCESS,
f67ed1bd-5ae7-432e-8607-1ce4acea223d,2025-09-03T14:17:00,da0f0f7a-8d2c-4ca9-b82e-cda33fba6610,rachel35,DEV_WH_X-SMALL,"SELECT * FROM SYSTEM_EVENTS WHERE created_at >= dateadd('day', -7, current_date())",1.1643628882359853,366231,SUCCESS,
ce84e550-d1ac-4d05-9676-6bbdb94cac2a,2025-09-03T14:17:00,5fb2a072-2bab-4b94-9109-9cbea70c5438,bryancuevas,ETL_WH_X-SMALL,"SELECT DISTINCT column1, column2 FROM MARKETING_CAMPAIGNS WHERE condition = 'value'",0.8535453366250669,847320,SUCCESS,
6d90d489-cca4-4d92-b571-d2caf5a97371,2025-09-03T14:25:00,5fb2a072-2bab-4b94-9109-9cbea70c5438,bryancuevas,DEV_WH_LARGE,SELECT * FROM EMPLOYEE_RECORDS LIMIT 1000,0.5890772287725348,796954,SUCCESS,
f326b4bc-4a87-46dd-8fb0-b0ff48d945dd,2025-09-03T14:25:00,9a7a68c7-1b0c-4669-859f-6d352b1e386f,andrew16,PROD_WH_X-SMALL,"SELECT * FROM USER_ACTIVITY_LOGS WHERE created_at >= dateadd('day', -7, current_date())",4.8482521466627215,321126,SUCCESS,
d156c509-4045-44fa-974f-a985154b5fe9,2025-09-03T14:25:00,82e7a6a3-1f49-4f5a-8a2a-96e5a654a185,codyoconnor,DEV_WH_X-SMALL,"SELECT * FROM EMPLOYEE_RECORDS WHERE created_at >= dateadd('day', -7, current_date())",1.3431767800919392,651114,SUCCESS,
8878777b-4c35-4ad8-b908-02ac06d65f91,2025-09-03T14:25:00,9a7a68c7-1b0c-4669-859f-6d352b1e386f,andrew16,PROD_WH_LARGE,"SELECT COUNT(*) FROM FINANCIAL_METRICS GROUP BY date_trunc('day', created_at)",2.3716051923178867,600210,SUCCESS,
53bd188a-0bf0-4a59-9ebe-abbc71f9b6d3,2025-09-03T14:25:00,4bc8b8f2-4d6e-4d5e-8d40-a7b6b3d6bb03,amandamitchell,BI_WH_SMALL,"SELECT * FROM SYSTEM_EVENTS WHERE created_at >= dateadd('day', -7, current_date())",3.5885091580646176,417233,SUCCESS,
a2527a5d-b848-4d2b-be16-2236ae309b41,2025-09-03T14:25:00,82e7a6a3-1f49-4f5a-8a2a-96e5a654a185,codyoconnor,PROD_WH_MEDIUM,"SELECT * FROM CUSTOMER_DATA WHERE created_at >= dateadd('day', -7, current_date())",1.5554977753914925,900914,SUCCESS,
f96611c8-8a3a-4605-97ee-fca277a0ac9e,2025-09-03T14:25:00,f0c2cfac-cf3b-4053-9e79-a6a4c6bbd187,garciaalison,DEV_WH_X-SMALL,SELECT * FROM MARKETING_CAMPAIGNS LIMIT 1000,2.6713013850266982,963910,SUCCESS,
2d618c39-dbb6-41d1-90b3-b38c8931721b,2025-09-03T14:25:00,859c34dd-4540-49a3-b26d-f82b1455d905,oatkinson,PROD_WH_X-SMALL,"SELECT * FROM EMPLOYEE_RECORDS WHERE created_at >= dateadd('day', -7, current_date())",4.469857379498498,817260,SUCCESS,
64e585fa-128f-4343-9cb4-42f05417b574,2025-09-03T14:25:00,9a7a68c7-1b0c-4669-859f-6d352b1e386f,andrew16,DEV_WH_SMALL,"SELECT * FROM EMPLOYEE_RECORDS WHERE created_at >= dateadd('day', -7, current_date())",4.5175457782329955,694593,SUCCESS,
80623acf-540e-42e9-83c7-c220c95c2036,2025-09-03T14:25:00,9a7a68c7-1b0c-4669-859f-6d352b1e386f,andrew16,PROD_WH_MEDIUM,"SELECT COUNT(*) FROM CUSTOMER_DATA GROUP BY date_trunc('day', created_at)",2.0384134472973843,742437,SUCCESS,
4e44e5b3-d0ae-4996-9941-014ef4538587,2025-09-03T14:40:00,00f99f6f-5fcc-490a-84f9-6b24911c0b2e,emilyhamilton,DEV_WH_LARGE,SELECT * FROM MARKETING_CAMPAIGNS LIMIT 1000,3.8917512840112587,965019,SUCCESS,
4344d765-8aa4-4561-92e0-7fb768f261cc,2025-09-03T14:40:00,f0c2cfac-cf3b-4053-9e79-a6a4c6bbd187,garciaalison,DEV_WH_X-SMALL,"SELECT COUNT(*) FROM SALES_TRANSACTIONS GROUP BY date_trunc('day', created_at)",0.761401026392968,359350,SUCCESS,
3b2c0d4a-da88-484a-8dea-0eab03c04284,2025-09-03T14:40:00,00f99f6f-5fcc-490a-84f9-6b24911c0b2e,emilyhamilton,BI_WH_LARGE,"SELECT * FROM EMPLOYEE_RECORDS WHERE created_at >= dateadd('day', -7, current_date())",2.0035922303354297,692470,SUCCESS,
59f881c9-5bc5-4e8a-a6b3-663c39d77475,2025-09-03T14:40:00,3d8cc43f-0f00-40bd-b8b2-34ac61fc0360,rwilliams,ETL_WH_SMALL,"SELECT COUNT(*) FROM USER_ACTIVITY_LOGS GROUP BY date_trunc('day', created_at)",1.0178035193766237,1368,SUCCESS,
438ef135-f7db-4b28-ba99-1315785bd50e,2025-09-03T14:40:00,f0c2cfac-cf3b-4053-9e79-a6a4c6bbd187,garciaalison,PROD_WH_LARGE,"SELECT DISTINCT column1, column2 FROM SYSTEM_EVENTS WHERE condition = 'value'",0.2636219098754333,36403,SUCCESS,
7a3780e3-339d-41f7-ac90-23422af1ce6d,2025-09-03T14:40:00,da0f0f7a-8d2c-4ca9-b82e-cda33fba6610,rachel35,PROD_WH_X-SMALL,"SELECT COUNT(*) FROM EMPLOYEE_RECORDS GROUP BY date_trunc('day', created_at)",3.422612258579005,334293,SUCCESS,
33ab1f96-8d57-49e0-a352-9e99710f9515,2025-09-03T14:40:00,3d8cc43f-0f00-40bd-b8b2-34ac61fc0360,rwilliams,DEV_WH_SMALL,"SELECT COUNT(*) FROM USER_ACTIVITY_LOGS GROUP BY date_trunc('day', created_at)",4.1088874219007945,770360,SUCCESS,
a4c91288-60bb-4b68-93bb-ddd82222b03a,2025-09-03T14:40:00,4bc8b8f2-4d6e-4d5e-8d40-a7b6b3d6bb03,amandamitchell,PROD_WH_MEDIUM,SELECT * FROM FINANCIAL_METRICS LIMIT 1000,3.444397562461358,673659,SUCCESS,
de073cf3-afd9-4483-82d5-b1287fb35279,2025-09-03T14:40:00,879c852e-e8e8-45c3-9ead-5fa56c9ecfbc,egarcia,ETL_WH_X-SMALL,"SELECT * FROM PRODUCT_INVENTORY WHERE created_at >= dateadd('day', -7, current_date())",4.781978730112299,737953,SUCCESS,
36b86cbf-260e-4303-9437-325235f2c13b,2025-09-03T14:40:00,89e53854-09b7-4b59-8352-a231c51f8687,glarsen,BI_WH_SMALL,SELECT * FROM PRODUCT_INVENTORY LIMIT 1000,4.313266087318064,829347,SUCCESS,
43b3ffa3-5f53-48e5-b936-e144cd43d351,2025-09-03T14:50:00,4bc8b8f2-4d6e-4d5e-8d40-a7b6b3d6bb03,amandamitchell,DEV_WH_LARGE,"SELECT COUNT(*) FROM PRODUCT_INVENTORY GROUP BY date_trunc('day', created_at)",4.356531407540448,839030,SUCCESS,
18c1ba43-a061-4ae9-ac18-053a57d3e8d9,2025-09-03T14:50:00,7cd584de-ca92-465c-8ea8-5f7ad356bee6,danasandoval,DEV_WH_X-SMALL,"SELECT COUNT(*) FROM FINANCIAL_METRICS GROUP BY date_trunc('day', created_at)",4.500860810328769,757207,SUCCESS,
4b3eafc9-2426-4632-a322-03a77294aa4e,2025-09-03T14:50:00,57eba2d7-a4fe-48aa-aa7b-ad0e6f1296b7,jose46,PROD_WH_X-SMALL,"SELECT * FROM CUSTOMER_DATA WHERE created_at >= dateadd('day', -7, current_date())",3.0268191846635752,843420,SUCCESS,
c8e75c9c-e775-4f5d-9feb-eb840ccdf241,2025-09-03T14:50:00,a3a85592-9f3f-4845-87b8-dd199fcdc3cc,gmoreno,PROD_WH_X-SMALL,SELECT * FROM EMPLOYEE_RECORDS LIMIT 1000,4.213634091012968,609194,SUCCESS,
704bec68-0278-4ad2-a6e6-9c5e92e32afb,2025-09-03T14:50:00,a3a85592-9f3f-4845-87b8-dd199fcdc3cc,gmoreno,ETL_WH_LARGE,"SELECT * FROM PRODUCT_INVENTORY WHERE created_at >= dateadd('day', -7, current_date())",1.7227221107512516,222592,SUCCESS,
b13b4ba6-9a85-4476-a224-387ed1b9cca6,2025-09-03T14:50:00,879c852e-e8e8-45c3-9ead-5fa56c9ecfbc,egarcia,PROD_WH_LARGE,"SELECT * FROM EMPLOYEE_RECORDS WHERE created_at >= dateadd('day', -7, current_date())",1.0692624419140522,14109,SUCCESS,
930f735e-8fcb-4a8f-963a-a599960dc265,2025-09-03T14:50:00,f0c2cfac-cf3b-4053-9e79-a6a4c6bbd187,garciaalison,BI_WH_MEDIUM,SELECT * FROM SYSTEM_EVENTS LIMIT 1000,4.35194950338282,89806,SUCCESS,
99c27444-4618-4931-90b6-fe7abe7bc859,2025-09-03T14:50:00,57eba2d7-a4fe-48aa-aa7b-ad0e6f1296b7,jose46,ETL_WH_MEDIUM,SELECT * FROM CUSTOMER_DATA LIMIT 1000,0.945866297212787,695264,SUCCESS,
795a5bf0-ba3f-40f7-ab00-72a97e3d9f96,2025-09-03T14:50:00,3d8cc43f-0f00-40bd-b8b2-34ac61fc0360,rwilliams,DEV_WH_LARGE,"SELECT DISTINCT column1, column2 FROM USER_ACTIVITY_LOGS WHERE condition = 'value'",4.19030126262294,584430,SUCCESS,
51eb5055-70fd-47f3-bc33-5711645937a0,2025-09-03T14:50:00,879c852e-e8e8-45c3-9ead-5fa56c9ecfbc,egarcia,PROD_WH_MEDIUM,"SELECT DISTINCT column1, column2 FROM FINANCIAL_METRICS WHERE condition = 'value'",0.8977484457263775,195785,SUCCESS,
4af63a7e-4eb0-4d24-b09f-8e43fafefd4a,2025-09-03T15:02:00,879c852e-e8e8-45c3-9ead-5fa56c9ecfbc,egarcia,BI_WH_SMALL,"SELECT * FROM FINANCIAL_METRICS WHERE created_at >= dateadd('day', -7, current_date())",1.4211098536857507,212529,SUCCESS,
fb631996-de4c-4956-a099-aef987ae6fab,2025-09-03T15:02:00,57eba2d7-a4fe-48aa-aa7b-ad0e6f1296b7,jose46,BI_WH_SMALL,"SELECT * FROM PRODUCT_INVENTORY WHERE created_at >= dateadd('day', -7, current_date())",1.7148158702338347,834622,SUCCESS,
946d0dda-2e64-47ed-9b1c-11e7e8267a99,2025-09-03T15:02:00,ac5e7ada-2f2f-4292-a0e4-18083982547a,lliu,DEV_WH_X-SMALL,"SELECT COUNT(*) FROM MARKETING_CAMPAIGNS GROUP BY date_trunc('day', created_at)",2.811905575306305,403699,SUCCESS,
9c7b452a-b960-4e82-abee-a8f253d22587,2025-09-03T15:02:00,ac5e7ada-2f2f-4292-a0e4-18083982547a,lliu,BI_WH_LARGE,"SELECT * FROM CUSTOMER_DATA WHERE created_at >= dateadd('day', -7, current_date())",2.914935451322374,220952,SUCCESS,
48e75eeb-fc1d-4f58-b6b5-ab4d94189889,2025-09-03T15:02:00,cea2e75f-1ee1-4b1d-90f5-242f82a02bed,erickennedy,ETL_WH_LARGE,"SELECT * FROM PRODUCT_INVENTORY WHERE created_at >= dateadd('day', -7, current_date())",1.5747223613893757,278457,SUCCESS,
3a30b2c7-d0f1-42d9-a33d-f2857cb169f5,2025-09-03T15:02:00,4663d48b-596a-4f39-b714-8d69ac9a7d2a,robert93,BI_WH_LARGE,"SELECT * FROM SYSTEM_EVENTS WHERE created_at >= dateadd('day', -7, current_date())",0.302525180535302,823175,SUCCESS,
ac34662d-44df-4429-ae4c-a0355bf7eb34,2025-09-03T15:02:00,4b7e389e-8c78-4e72-ab0b-774df43b399e,hardinjennifer,BI_WH_LARGE,"SELECT * FROM MARKETING_CAMPAIGNS WHERE created_at >= dateadd('day', -7, current_date())",4.7048420351996905,864648,SUCCESS,
e7e134f8-441d-48f0-9e78-069272430ec3,2025-09-03T15:02:00,00f99f6f-5fcc-490a-84f9-6b24911c0b2e,emilyhamilton,PROD_WH_X-SMALL,"SELECT * FROM MARKETING_CAMPAIGNS WHERE created_at >= dateadd('day', -7, current_date())",1.554572574062408,861836,SUCCESS,
5073c280-d427-4df0-8fed-2960d00ae0c0,2025-09-03T15:02:00,f22aa1cf-fe8b-4e78-8492-b46e0f46ffda,brandtmisty,DEV_WH_X-SMALL,SELECT * FROM USER_ACTIVITY_LOGS LIMIT 1000,4.522347340628827,816260,SUCCESS,
67cd2a4e-1584-4a4a-96b7-acac029fa1dc,2025-09-03T15:02:00,879c852e-e8e8-45c3-9ead-5fa56c9ecfbc,egarcia,BI_WH_MEDIUM,"SELECT COUNT(*) FROM SYSTEM_EVENTS GROUP BY date_trunc('day', created_at)",3.5560288979063093,20286,SUCCESS,
cb7add96-b1e7-4308-81da-2017d8834cf6,2025-09-03T15:15:00,da0f0f7a-8d2c-4ca9-b82e-cda33fba6610,rachel35,BI_WH_SMALL,"SELECT COUNT(*) FROM SYSTEM_EVENTS GROUP BY date_trunc('day', created_at)",1.7245788760543581,998754,SUCCESS,
796f5608-3ac3-4689-aef7-5422b3eff7b7,2025-09-03T15:15:00,4bc8b8f2-4d6e-4d5e-8d40-a7b6b3d6bb03,amandamitchell,PROD_WH_SMALL,SELECT * FROM EMPLOYEE_RECORDS LIMIT 1000,3.414673384559531,407258,SUCCESS,
8f5a2073-1428-4e4b-8af8-01ffc1f23d22,2025-09-03T15:15:00,89e53854-09b7-4b59-8352-a231c51f8687,glarsen,PROD_WH_X-SMALL,SELECT * FROM SYSTEM_EVENTS LIMIT 1000,2.5796491220623454,231989,SUCCESS,
c7fb2bd6-048b-4e4f-bd8e-09e3edbc94d8,2025-09-03T15:15:00,82e7a6a3-1f49-4f5a-8a2a-96e5a654a185,codyoconnor,ETL_WH_SMALL,SELECT * FROM CUSTOMER_DATA LIMIT 1000,0.45466089521534514,485589,SUCCESS,
eb3901ef-a159-4af8-a288-fd0629e3e45e,2025-09-03T15:15:00,82e7a6a3-1f49-4f5a-8a2a-96e5a654a185,codyoconnor,BI_WH_X-SMALL,"SELECT DISTINCT column1, column2 FROM PRODUCT_INVENTORY WHERE condition = 'value'",2.4652299840081855,447388,SUCCESS,
52a68a22-a5d7-4d36-a50b-92cb14d3eb35,2025-09-03T15:15:00,4bc8b8f2-4d6e-4d5e-8d40-a7b6b3d6bb03,amandamitchell,PROD_WH_X-SMALL,"SELECT COUNT(*) FROM SYSTEM_EVENTS GROUP BY date_trunc('day', created_at)",4.7070130646393755,139578,SUCCESS,
68f85619-d6fe-4e74-b667-2b74d8a59ded,2025-09-03T15:15:00,da0f0f7a-8d2c-4ca9-b82e-cda33fba6610,rachel35,ETL_WH_LARGE,SELECT * FROM CUSTOMER_DATA LIMIT 1000,4.646359673986225,861366,SUCCESS,
017f8362-b9b3-41fe-acfa-f83f0908f661,2025-09-03T15:15:00,7cd584de-ca92-465c-8ea8-5f7ad356bee6,danasandoval,BI_WH_MEDIUM,"SELECT DISTINCT column1, column2 FROM PRODUCT_INVENTORY WHERE condition = 'value'",2.398533058802042,272544,SUCCESS,
03feba68-1292-4e22-a424-908f68eff6ef,2025-09-03T15:15:00,89e53854-09b7-4b59-8352-a231c51f8687,glarsen,PROD_WH_X-SMALL,SELECT * FROM CUSTOMER_DATA LIMIT 1000,0.17526774786762975,952265,SUCCESS,
45261c9f-ab88-4e5a-9a0a-59e1c107b538,2025-09-03T15:15:00,f0c2cfac-cf3b-4053-9e79-a6a4c6bbd187,garciaalison,BI_WH_X-SMALL,SELECT * FROM PRODUCT_INVENTORY LIMIT 1000,4.806468349486773,437890,SUCCESS,
3feb59a0-29aa-4ffa-96a1-c7210fdabbb0,2025-09-03T15:29:00,4b7e389e-8c78-4e72-ab0b-774df43b399e,hardinjennifer,PROD_WH_SMALL,"SELECT DISTINCT column1, column2 FROM MARKETING_CAMPAIGNS WHERE condition = 'value'",0.6003539394608944,291136,SUCCESS,
d6f3bf1d-fcf1-4aaf-b380-ca808c13319f,2025-09-03T15:29:00,a3a85592-9f3f-4845-87b8-dd199fcdc3cc,gmoreno,PROD_WH_X-SMALL,"SELECT * FROM USER_ACTIVITY_LOGS WHERE created_at >= dateadd('day', -7, current_date())",2.6552497746718444,801984,SUCCESS,
2e368727-f6f9-4801-95e2-7785ab03261b,2025-09-03T15:29:00,f0c2cfac-cf3b-4053-9e79-a6a4c6bbd187,garciaalison,ETL_WH_X-SMALL,"SELECT * FROM FINANCIAL_METRICS WHERE created_at >= dateadd('day', -7, current_date())",2.7595630665749193,273507,SUCCESS,
eebad546-5864-4642-99fa-76db47d16871,2025-09-03T15:29:00,4bc8b8f2-4d6e-4d5e-8d40-a7b6b3d6bb03,amandamitchell,PROD_WH_LARGE,"SELECT * FROM SYSTEM_EVENTS WHERE created_at >= dateadd('day', -7, current_date())",3.6357762367044817,2763,SUCCESS,
32ef0623-473e-4add-b0a4-811106b1fd2c,2025-09-03T15:29:00,4663d48b-596a-4f39-b714-8d69ac9a7d2a,robert93,BI_WH_SMALL,SELECT * FROM EMPLOYEE_RECORDS LIMIT 1000,2.732260908246923,207806,SUCCESS,
8d3babc3-66f6-416e-b773-7ad9839ffeb8,2025-09-03T15:29:00,82e7a6a3-1f49-4f5a-8a2a-96e5a654a185,codyoconnor,DEV_WH_MEDIUM,"SELECT * FROM USER_ACTIVITY_LOGS WHERE created_at >= dateadd('day', -7, current_date())",0.3886510860074679,654902,SUCCESS,
d3763364-22ce-4db3-af47-a2ecf5e5144d,2025-09-03T15:29:00,82e7a6a3-1f49-4f5a-8a2a-96e5a654a185,codyoconnor,PROD_WH_SMALL,"SELECT DISTINCT column1, column2 FROM MARKETING_CAMPAIGNS WHERE condition = 'value'",4.516106806623442,329813,SUCCESS,
0b73f728-d465-43bc-a2a4-f3af9cc939d1,2025-09-03T15:29:00,3d8cc43f-0f00-40bd-b8b2-34ac61fc0360,rwilliams,BI_WH_X-SMALL,"SELECT * FROM EMPLOYEE_RECORDS WHERE created_at >= dateadd('day', -7, current_date())",0.8801088556938389,397616,SUCCESS,
fe658814-b2df-4d23-b833-b35f4f2e71b1,2025-09-03T15:29:00,b92c2609-888c-471e-bf61-4363556df9d8,frank26,BI_WH_LARGE,"SELECT COUNT(*) FROM FINANCIAL_METRICS GROUP BY date_trunc('day', created_at)",2.1638222685770474,682804,SUCCESS,
47d9022b-70b5-4a24-904d-ac799a45b7b6,2025-09-03T15:29:00,859c34dd-4540-49a3-b26d-f82b1455d905,oatkinson,DEV_WH_MEDIUM,"SELECT COUNT(*) FROM CUSTOMER_DATA GROUP BY date_trunc('day', created_at)",0.9720648959728615,995279,SUCCESS,
6d6833fe-1eb7-4961-960c-b76af5e73aa9,2025-09-03T15:38:00,f0c2cfac-cf3b-4053-9e79-a6a4c6bbd187,garciaalison,ETL_WH_X-SMALL,"SELECT COUNT(*) FROM CUSTOMER_DATA GROUP BY date_trunc('day', created_at)",0.5610487680238823,336646,SUCCESS,
b3c68884-2a03-42ab-9199-86643f011bfd,2025-09-03T15:38:00,b92c2609-888c-471e-bf61-4363556df9d8,frank26,BI_WH_X-SMALL,"SELECT DISTINCT column1, column2 FROM FINANCIAL_METRICS WHERE condition = 'value'",2.8413759739372493,444631,SUCCESS,
7956d2d7-8b04-4ef1-9b50-6d22309c2689,2025-09-03T15:38:00,82e7a6a3-1f49-4f5a-8a2a-96e5a654a185,codyoconnor,PROD_WH_LARGE,SELECT * FROM FINANCIAL_METRICS LIMIT 1000,2.0513110993349164,881726,SUCCESS,
0327033c-a13e-4054-8c71-6b80f44a224d,2025-09-03T15:38:00,4b7e389e-8c78-4e72-ab0b-774df43b399e,hardinjennifer,PROD_WH_X-SMALL,"SELECT * FROM USER_ACTIVITY_LOGS WHERE created_at >= dateadd('day', -7, current_date())",2.7000887663565805,455659,SUCCESS,
d1b6664e-cecf-4350-95ca-486fee678fc8,2025-09-03T15:38:00,b92c2609-888c-471e-bf61-4363556df9d8,frank26,DEV_WH_LARGE,"SELECT COUNT(*) FROM CUSTOMER_DATA GROUP BY date_trunc('day', created_at)",0.2387757018216432,772934,SUCCESS,
4c461e65-e0c0-4ca7-9611-d3fa3345faf3,2025-09-03T15:38:00,3d8cc43f-0f00-40bd-b8b2-34ac61fc0360,rwilliams,PROD_WH_LARGE,"SELECT * FROM MARKETING_CAMPAIGNS WHERE created_at >= dateadd('day', -7, current_date())",2.473393764509991,430038,SUCCESS,
fdec1bd7-a101-4bee-bfcf-b7fa5cc8c7ac,2025-09-03T15:38:00,4663d48b-596a-4f39-b714-8d69ac9a7d2a,robert93,ETL_WH_LARGE,"SELECT COUNT(*) FROM PRODUCT_INVENTORY GROUP BY date_trunc('day', created_at)",4.489070886954574,456787,SUCCESS,
de8ea9f0-55be-4e99-bbef-490b318842e4,2025-09-03T15:38:00,b92c2609-888c-471e-bf61-4363556df9d8,frank26,ETL_WH_LARGE,"SELECT DISTINCT column1, column2 FROM SALES_TRANSACTIONS WHERE condition = 'value'",1.6158191553339647,138347,SUCCESS,
2f4396ff-11ac-4baa-ba2f-6820d87fd6d2,2025-09-03T15:38:00,879c852e-e8e8-45c3-9ead-5fa56c9ecfbc,egarcia,BI_WH_MEDIUM,SELECT * FROM PRODUCT_INVENTORY LIMIT 1000,2.621468509119139,166844,SUCCESS,
32381187-1561-4667-97d2-c4ba837571f9,2025-09-03T15:38:00,57eba2d7-a4fe-48aa-aa7b-ad0e6f1296b7,jose46,BI_WH_X-SMALL,SELECT * FROM USER_ACTIVITY_LOGS LIMIT 1000,3.967741251931813,929095,SUCCESS,
7cd50cc3-256e-4f8a-9a44-6626eaea3583,2025-09-03T15:51:00,00f99f6f-5fcc-490a-84f9-6b24911c0b2e,emilyhamilton,PROD_WH_SMALL,SELECT * FROM FINANCIAL_METRICS LIMIT 1000,0.5592655391115977,51679,SUCCESS,
598e836d-6012-4a20-ab87-09badf0e87e5,2025-09-03T15:51:00,4663d48b-596a-4f39-b714-8d69ac9a7d2a,robert93,ETL_WH_SMALL,"SELECT DISTINCT column1, column2 FROM USER_ACTIVITY_LOGS WHERE condition = 'value'",1.9804776611251376,853999,SUCCESS,
820cf483-5aca-4825-8896-520799650569,2025-09-03T15:51:00,b92c2609-888c-471e-bf61-4363556df9d8,frank26,ETL_WH_SMALL,"SELECT COUNT(*) FROM SALES_TRANSACTIONS GROUP BY date_trunc('day', created_at)",3.408380298483737,603353,SUCCESS,
5e4fc114-3ae0-4e45-97c0-e3fb7c6d30c6,2025-09-03T15:51:00,89e53854-09b7-4b59-8352-a231c51f8687,glarsen,PROD_WH_MEDIUM,SELECT * FROM SYSTEM_EVENTS LIMIT 1000,2.5224362985100997,132046,SUCCESS,
77672b66-355a-4633-853f-0cdd7426bc23,2025-09-03T15:51:00,da0f0f7a-8d2c-4ca9-b82e-cda33fba6610,rachel35,ETL_WH_MEDIUM,"SELECT DISTINCT column1, column2 FROM CUSTOMER_DATA WHERE condition = 'value'",0.4497634995523748,406153,SUCCESS,
3cf24167-d5a8-4858-b197-c046f477ea43,2025-09-03T15:51:00,b92c2609-888c-471e-bf61-4363556df9d8,frank26,BI_WH_SMALL,SELECT * FROM USER_ACTIVITY_LOGS LIMIT 1000,1.3724916675568053,810658,SUCCESS,
81ae7a48-9896-43fd-8cb0-fc6c255dfab9,2025-09-03T15:51:00,57eba2d7-a4fe-48aa-aa7b-ad0e6f1296b7,jose46,BI_WH_MEDIUM,"SELECT COUNT(*) FROM PRODUCT_INVENTORY GROUP BY date_trunc('day', created_at)",3.036673180620467,989411,SUCCESS,
f5e41d1b-4dcf-46ac-b6dc-167cc3d76a27,2025-09-03T15:51:00,b92c2609-888c-471e-bf61-4363556df9d8,frank26,PROD_WH_MEDIUM,"SELECT * FROM USER_ACTIVITY_LOGS WHERE created_at >= dateadd('day', -7, current_date())",1.136469381862181,211655,SUCCESS,
586b4d2c-b11a-4a47-984a-a18f6eb7e625,2025-09-03T15:51:00,da0f0f7a-8d2c-4ca9-b82e-cda33fba6610,rachel35,DEV_WH_SMALL,"SELECT DISTINCT column1, column2 FROM PRODUCT_INVENTORY WHERE condition = 'value'",1.0327362065145749,437092,SUCCESS,
fd91adc7-9452-414d-a5c7-529cfcbd3df4,2025-09-03T15:51:00,f0c2cfac-cf3b-4053-9e79-a6a4c6bbd187,garciaalison,DEV_WH_X-SMALL,"SELECT * FROM CUSTOMER_DATA WHERE created_at >= dateadd('day', -7, current_date())",1.2766022945166449,17297,SUCCESS,
86ac1c2f-70f5-4a90-a271-084f3e40b918,2025-09-03T15:56:00,89e53854-09b7-4b59-8352-a231c51f8687,glarsen,ETL_WH_SMALL,"SELECT * FROM EMPLOYEE_RECORDS WHERE created_at >= dateadd('day', -7, current_date())",0.8467463285065909,348736,SUCCESS,
50dc32ec-cc55-46b9-87c2-959b5f2031ed,2025-09-03T15:56:00,00f99f6f-5fcc-490a-84f9-6b24911c0b2e,emilyhamilton,ETL_WH_X-SMALL,"SELECT DISTINCT column1, column2 FROM USER_ACTIVITY_LOGS WHERE condition = 'value'",1.127765109154013,907498,SUCCESS,
f1bf55ba-4510-4372-a114-dc4e23e952e2,2025-09-03T15:56:00,da0f0f7a-8d2c-4ca9-b82e-cda33fba6610,rachel35,BI_WH_SMALL,"SELECT * FROM CUSTOMER_DATA WHERE created_at >= dateadd('day', -7, current_date())",3.763736719863029,741006,SUCCESS,
cfa8a9f3-e0f8-4b41-9a2f-5535c031d516,2025-09-03T15:56:00,f0c2cfac-cf3b-4053-9e79-a6a4c6bbd187,garciaalison,BI_WH_LARGE,"SELECT DISTINCT column1, column2 FROM SYSTEM_EVENTS WHERE condition = 'value'",4.792949677892771,821668,SUCCESS,
b1f69b7c-6216-465e-9267-388e316a20d5,2025-09-03T15:56:00,da0f0f7a-8d2c-4ca9-b82e-cda33fba6610,rachel35,PROD_WH_MEDIUM,"SELECT COUNT(*) FROM PRODUCT_INVENTORY GROUP BY date_trunc('day', created_at)",1.8860112966132594,633822,SUCCESS,
45bf27a1-47ac-4f6d-98f8-60fbbecf6dff,2025-09-03T15:56:00,89e53854-09b7-4b59-8352-a231c51f8687,glarsen,PROD_WH_SMALL,"SELECT * FROM EMPLOYEE_RECORDS WHERE created_at >= dateadd('day', -7, current_date())",3.0768792757665797,365557,SUCCESS,
bb2c3f5c-6414-487b-aacf-abeae436c3b1,2025-09-03T15:56:00,4663d48b-596a-4f39-b714-8d69ac9a7d2a,robert93,BI_WH_X-SMALL,SELECT * FROM SALES_TRANSACTIONS LIMIT 1000,3.401300400893932,638847,SUCCESS,
c9385fa6-7a3c-4317-a23b-d962252865ba,2025-09-03T15:56:00,ac5e7ada-2f2f-4292-a0e4-18083982547a,lliu,ETL_WH_LARGE,SELECT * FROM MARKETING_CAMPAIGNS LIMIT 1000,0.23785009202386753,608027,SUCCESS,
ebf91e0f-8d0a-410c-b115-a4ff4256d5e0,2025-09-03T15:56:00,9a7a68c7-1b0c-4669-859f-6d352b1e386f,andrew16,PROD_WH_LARGE,"SELECT * FROM EMPLOYEE_RECORDS WHERE created_at >= dateadd('day', -7, current_date())",2.1127600008376852,178136,SUCCESS,
e9bd964c-84c8-4e80-b2b2-91e38f62d696,2025-09-03T15:56:00,5fb2a072-2bab-4b94-9109-9cbea70c5438,bryancuevas,BI_WH_X-SMALL,SELECT * FROM CUSTOMER_DATA LIMIT 1000,0.2557258659745516,373998,SUCCESS,
b7529da3-b92e-46b0-bb62-a067aa2b0dd7,2025-09-03T16:10:00,4bc8b8f2-4d6e-4d5e-8d40-a7b6b3d6bb03,amandamitchell,PROD_WH_MEDIUM,"SELECT COUNT(*) FROM USER_ACTIVITY_LOGS GROUP BY date_trunc('day', created_at)",4.329647007424687,3206,SUCCESS,
fde6e3b4-d7bb-444b-89bf-10240b22967f,2025-09-03T16:10:00,5fb2a072-2bab-4b94-9109-9cbea70c5438,bryancuevas,ETL_WH_X-SMALL,"SELECT * FROM USER_ACTIVITY_LOGS WHERE created_at >= dateadd('day', -7, current_date())",4.008792117691656,160704,SUCCESS,
cd2c7175-0f27-4cfb-81d9-887b141664a6,2025-09-03T16:10:00,ac5e7ada-2f2f-4292-a0e4-18083982547a,lliu,BI_WH_X-SMALL,SELECT * FROM PRODUCT_INVENTORY LIMIT 1000,3.2002364505084726,975494,SUCCESS,
508905d6-1aeb-4064-bee0-88f5788dc436,2025-09-03T16:10:00,89e53854-09b7-4b59-8352-a231c51f8687,glarsen,DEV_WH_MEDIUM,"SELECT COUNT(*) FROM MARKETING_CAMPAIGNS GROUP BY date_trunc('day', created_at)",2.6916218488063266,119992,SUCCESS,
c5b72824-9a7c-407d-99cc-4e094b787e94,2025-09-03T16:10:00,57eba2d7-a4fe-48aa-aa7b-ad0e6f1296b7,jose46,DEV_WH_X-SMALL,"SELECT * FROM CUSTOMER_DATA WHERE created_at >= dateadd('day', -7, current_date())",3.412535140311732,208595,SUCCESS,
16c44f44-7dcc-45e9-b037-dc78fbd5e18c,2025-09-03T16:10:00,3d8cc43f-0f00-40bd-b8b2-34ac61fc0360,rwilliams,DEV_WH_X-SMALL,"SELECT DISTINCT column1, column2 FROM MARKETING_CAMPAIGNS WHERE condition = 'value'",1.4342309679482168,844501,SUCCESS,
0ad4c0ce-9822-472b-8434-1dc1b87c45e7,2025-09-03T16:10:00,3d8cc43f-0f00-40bd-b8b2-34ac61fc0360,rwilliams,DEV_WH_MEDIUM,SELECT * FROM PRODUCT_INVENTORY LIMIT 1000,2.576951942560077,928757,SUCCESS,
18de9190-50d3-4194-9600-7103889072be,2025-09-03T16:10:00,57eba2d7-a4fe-48aa-aa7b-ad0e6f1296b7,jose46,ETL_WH_SMALL,SELECT * FROM USER_ACTIVITY_LOGS LIMIT 1000,2.373266374405691,463385,SUCCESS,
183fd6f1-6ee5-44b6-910b-06495164d72e,2025-09-03T16:10:00,f22aa1cf-fe8b-4e78-8492-b46e0f46ffda,brandtmisty,PROD_WH_SMALL,"SELECT * FROM FINANCIAL_METRICS WHERE created_at >= dateadd('day', -7, current_date())",3.819626068424353,141760,SUCCESS,
c0e20637-c10c-44cf-aa20-aa919289ac26,2025-09-03T16:10:00,da0f0f7a-8d2c-4ca9-b82e-cda33fba6610,rachel35,DEV_WH_X-SMALL,"SELECT COUNT(*) FROM EMPLOYEE_RECORDS GROUP BY date_trunc('day', created_at)",1.3344787917904393,166540,SUCCESS,
08e01fe5-da1b-4c12-8dd5-f50d250e84d3,2025-09-03T16:16:00,00f99f6f-5fcc-490a-84f9-6b24911c0b2e,emilyhamilton,ETL_WH_LARGE,"SELECT * FROM FINANCIAL_METRICS WHERE created_at >= dateadd('day', -7, current_date())",2.636726227079984,162734,SUCCESS,
701e1884-9148-475f-8801-c67f734a2c25,2025-09-03T16:16:00,cea2e75f-1ee1-4b1d-90f5-242f82a02bed,erickennedy,ETL_WH_LARGE,"SELECT DISTINCT column1, column2 FROM MARKETING_CAMPAIGNS WHERE condition = 'value'",4.327455578937533,771663,SUCCESS,
71ffa14e-fa90-4e86-860c-ac8fc96c1d35,2025-09-03T16:16:00,a3a85592-9f3f-4845-87b8-dd199fcdc3cc,gmoreno,PROD_WH_MEDIUM,"SELECT COUNT(*) FROM SALES_TRANSACTIONS GROUP BY date_trunc('day', created_at)",3.0357299356286687,993959,SUCCESS,
90df04fd-736b-4b7f-961d-517355c7836e,2025-09-03T16:16:00,4b7e389e-8c78-4e72-ab0b-774df43b399e,hardinjennifer,ETL_WH_X-SMALL,"SELECT * FROM USER_ACTIVITY_LOGS WHERE created_at >= dateadd('day', -7, current_date())",1.4602887967384692,208840,SUCCESS,
89007a9d-3498-4654-9ab8-5989308f70c4,2025-09-03T16:16:00,879c852e-e8e8-45c3-9ead-5fa56c9ecfbc,egarcia,ETL_WH_X-SMALL,SELECT * FROM MARKETING_CAMPAIGNS LIMIT 1000,3.809897928842813,27329,SUCCESS,
875ce5c2-138c-4667-9fd0-a52479edb19a,2025-09-03T16:16:00,f22aa1cf-fe8b-4e78-8492-b46e0f46ffda,brandtmisty,PROD_WH_LARGE,"SELECT COUNT(*) FROM EMPLOYEE_RECORDS GROUP BY date_trunc('day', created_at)",0.8957077610365874,740444,SUCCESS,
ba59c220-5c46-4335-9298-948e7c5f8934,2025-09-03T16:16:00,cea2e75f-1ee1-4b1d-90f5-242f82a02bed,erickennedy,DEV_WH_MEDIUM,"SELECT * FROM SYSTEM_EVENTS WHERE created_at >= dateadd('day', -7, current_date())",1.8128554301825872,15167,SUCCESS,
3652727c-0610-44a8-a116-d5bbd684c0dc,2025-09-03T16:16:00,da0f0f7a-8d2c-4ca9-b82e-cda33fba6610,rachel35,ETL_WH_SMALL,"SELECT DISTINCT column1, column2 FROM EMPLOYEE_RECORDS WHERE condition = 'value'",1.7869369070990178,601583,SUCCESS,
9628a784-829b-448f-9918-8318ebf87c34,2025-09-03T16:16:00,4bc8b8f2-4d6e-4d5e-8d40-a7b6b3d6bb03,amandamitchell,PROD_WH_MEDIUM,"SELECT COUNT(*) FROM EMPLOYEE_RECORDS GROUP BY date_trunc('day', created_at)",2.2199745564520623,121774,SUCCESS,
25145c7f-784f-42e7-9072-ab8d0771d415,2025-09-03T16:16:00,82e7a6a3-1f49-4f5a-8a2a-96e5a654a185,codyoconnor,DEV_WH_SMALL,"SELECT * FROM CUSTOMER_DATA WHERE created_at >= dateadd('day', -7, current_date())",0.8544989015558865,411005,SUCCESS,
6f8e9e58-8916-42cd-b10e-953bf9cacac1,2025-09-03T16:25:00,7cd584de-ca92-465c-8ea8-5f7ad356bee6,danasandoval,BI_WH_LARGE,"SELECT COUNT(*) FROM CUSTOMER_DATA GROUP BY date_trunc('day', created_at)",2.3722406614363147,558859,SUCCESS,
293b840d-ec33-41c2-affe-b1db5f0b8671,2025-09-03T16:25:00,3d8cc43f-0f00-40bd-b8b2-34ac61fc0360,rwilliams,BI_WH_X-SMALL,"SELECT COUNT(*) FROM SALES_TRANSACTIONS GROUP BY date_trunc('day', created_at)",2.020291252774253,731110,SUCCESS,
2ba9c356-75a3-4440-a132-945bb90ee4b9,2025-09-03T16:25:00,82e7a6a3-1f49-4f5a-8a2a-96e5a654a185,codyoconnor,PROD_WH_LARGE,"SELECT DISTINCT column1, column2 FROM SALES_TRANSACTIONS WHERE condition = 'value'",1.356729213183681,751766,SUCCESS,
84bbf278-efbe-4f43-9a5c-718b64005ab5,2025-09-03T16:25:00,f22aa1cf-fe8b-4e78-8492-b46e0f46ffda,brandtmisty,BI_WH_LARGE,"SELECT COUNT(*) FROM SYSTEM_EVENTS GROUP BY date_trunc('day', created_at)",3.2494489154106128,433482,SUCCESS,
012005e2-cedd-4447-a6eb-0a28803f8104,2025-09-03T16:25:00,89e53854-09b7-4b59-8352-a231c51f8687,glarsen,DEV_WH_X-SMALL,"SELECT COUNT(*) FROM USER_ACTIVITY_LOGS GROUP BY date_trunc('day', created_at)",4.040588532844471,655801,SUCCESS,
2bcf3924-a660-4957-a8ca-d7d505f68fd0,2025-09-03T16:25:00,3d8cc43f-0f00-40bd-b8b2-34ac61fc0360,rwilliams,PROD_WH_LARGE,"SELECT COUNT(*) FROM EMPLOYEE_RECORDS GROUP BY date_trunc('day', created_at)",4.4638457762332315,304947,SUCCESS,
b31020d2-7150-4c36-95e3-8571a3d5c524,2025-09-03T16:25:00,a3a85592-9f3f-4845-87b8-dd199fcdc3cc,gmoreno,BI_WH_X-SMALL,SELECT * FROM PRODUCT_INVENTORY LIMIT 1000,1.0564215438669238,35620,SUCCESS,
9aa0ef55-1674-499a-97ba-7fd153b8b539,2025-09-03T16:25:00,cea2e75f-1ee1-4b1d-90f5-242f82a02bed,erickennedy,BI_WH_X-SMALL,SELECT * FROM FINANCIAL_METRICS LIMIT 1000,4.877179349355986,733207,SUCCESS,
53aa607b-7fc1-4e6e-93db-2d65b07d442e,2025-09-03T16:25:00,4b7e389e-8c78-4e72-ab0b-774df43b399e,hardinjennifer,DEV_WH_X-SMALL,"SELECT DISTINCT column1, column2 FROM MARKETING_CAMPAIGNS WHERE condition = 'value'",0.5910450125774852,733955,SUCCESS,
edc80462-7afa-4d32-9b3f-2533c6697bc6,2025-09-03T16:25:00,89e53854-09b7-4b59-8352-a231c51f8687,glarsen,PROD_WH_X-SMALL,"SELECT * FROM MARKETING_CAMPAIGNS WHERE created_at >= dateadd('day', -7, current_date())",3.1584411271908763,411746,SUCCESS,
4e739538-1c73-4ec8-b001-a32dc74f103d,2025-09-03T16:36:00,4bc8b8f2-4d6e-4d5e-8d40-a7b6b3d6bb03,amandamitchell,BI_WH_X-SMALL,"SELECT DISTINCT column1, column2 FROM SYSTEM_EVENTS WHERE condition = 'value'",0.2215033591093295,240092,SUCCESS,
895c4c22-83dc-446e-bdd8-afd5f0dbaf11,2025-09-03T16:36:00,a3a85592-9f3f-4845-87b8-dd199fcdc3cc,gmoreno,DEV_WH_SMALL,"SELECT COUNT(*) FROM SALES_TRANSACTIONS GROUP BY date_trunc('day', created_at)",4.753975232765624,539810,SUCCESS,
e011d96f-76b0-4ebe-9760-b6325f204278,2025-09-03T16:36:00,7cd584de-ca92-465c-8ea8-5f7ad356bee6,danasandoval,ETL_WH_SMALL,SELECT * FROM USER_ACTIVITY_LOGS LIMIT 1000,0.9541082769927768,636877,SUCCESS,
b1f1d24d-f440-43d2-be67-f2db00660b23,2025-09-03T16:36:00,82e7a6a3-1f49-4f5a-8a2a-96e5a654a185,codyoconnor,BI_WH_X-SMALL,"SELECT * FROM USER_ACTIVITY_LOGS WHERE created_at >= dateadd('day', -7, current_date())",3.2827532614539194,103611,SUCCESS,
9425f553-f6bc-449c-9c2f-86a3dace6c24,2025-09-03T16:36:00,f22aa1cf-fe8b-4e78-8492-b46e0f46ffda,brandtmisty,DEV_WH_MEDIUM,"SELECT * FROM FINANCIAL_METRICS WHERE created_at >= dateadd('day', -7, current_date())",1.1694497751715254,382603,SUCCESS,
ebac9a4a-2bcb-470a-a06d-a703439f3d3e,2025-09-03T16:36:00,9a7a68c7-1b0c-4669-859f-6d352b1e386f,andrew16,ETL_WH_SMALL,"SELECT DISTINCT column1, column2 FROM MARKETING_CAMPAIGNS WHERE condition = 'value'",0.4965995370671322,801978,SUCCESS,
9e04bd8b-2573-4447-b343-df5ffbbb2dfb,2025-09-03T16:36:00,a3a85592-9f3f-4845-87b8-dd199fcdc3cc,gmoreno,BI_WH_MEDIUM,"SELECT * FROM USER_ACTIVITY_LOGS WHERE created_at >= dateadd('day', -7, current_date())",4.821385129536893,147187,SUCCESS,
fbc03ea5-7551-4c10-abeb-4abc7d34df5f,2025-09-03T16:36:00,f0c2cfac-cf3b-4053-9e79-a6a4c6bbd187,garciaalison,BI_WH_SMALL,SELECT * FROM PRODUCT_INVENTORY LIMIT 1000,2.9913069648621766,108877,SUCCESS,
5cdcb800-75e2-4992-bde0-6717512baf80,2025-09-03T16:36:00,ac5e7ada-2f2f-4292-a0e4-18083982547a,lliu,PROD_WH_LARGE,"SELECT DISTINCT column1, column2 FROM SYSTEM_EVENTS WHERE condition = 'value'",0.5314121352798346,476363,SUCCESS,
1c9a6560-1c9e-4ed0-b74f-61525a7b1bbf,2025-09-03T16:36:00,7cd584de-ca92-465c-8ea8-5f7ad356bee6,danasandoval,PROD_WH_LARGE,SELECT * FROM SALES_TRANSACTIONS LIMIT 1000,2.8705415666306404,36649,SUCCESS,
14a358ab-7527-4a5d-8675-320856e361bf,2025-09-03T16:43:00,ac5e7ada-2f2f-4292-a0e4-18083982547a,lliu,PROD_WH_SMALL,"SELECT COUNT(*) FROM PRODUCT_INVENTORY GROUP BY date_trunc('day', created_at)",0.8912928286841817,819666,SUCCESS,
6e698db3-7153-41c5-b829-4c781cb540f9,2025-09-03T16:43:00,7cd584de-ca92-465c-8ea8-5f7ad356bee6,danasandoval,BI_WH_LARGE,"SELECT * FROM SYSTEM_EVENTS WHERE created_at >= dateadd('day', -7, current_date())",1.3569147078641044,330210,SUCCESS,
c57bab48-b910-4956-aba7-6792a9eba078,2025-09-03T16:43:00,879c852e-e8e8-45c3-9ead-5fa56c9ecfbc,egarcia,BI_WH_MEDIUM,"SELECT DISTINCT column1, column2 FROM CUSTOMER_DATA WHERE condition = 'value'",0.6587923120675183,235650,SUCCESS,
00fa664e-5112-499c-83c2-006f7d0a21c9,2025-09-03T16:43:00,00f99f6f-5fcc-490a-84f9-6b24911c0b2e,emilyhamilton,PROD_WH_SMALL,"SELECT COUNT(*) FROM CUSTOMER_DATA GROUP BY date_trunc('day', created_at)",0.5334450779860539,706995,SUCCESS,
e37cf727-8da5-4b3b-8c59-3bec6da0c3f1,2025-09-03T16:43:00,ac5e7ada-2f2f-4292-a0e4-18083982547a,lliu,ETL_WH_X-SMALL,"SELECT DISTINCT column1, column2 FROM FINANCIAL_METRICS WHERE condition = 'value'",4.437730433909815,589147,SUCCESS,
2d31393f-9bab-474c-81d2-42e5bca07e09,2025-09-03T16:43:00,3d8cc43f-0f00-40bd-b8b2-34ac61fc0360,rwilliams,ETL_WH_LARGE,"SELECT COUNT(*) FROM SYSTEM_EVENTS GROUP BY date_trunc('day', created_at)",1.3093043399076882,598044,SUCCESS,
12b79b3c-a562-4dbb-8b4f-2529aa2d9e71,2025-09-03T16:43:00,a3a85592-9f3f-4845-87b8-dd199fcdc3cc,gmoreno,DEV_WH_LARGE,"SELECT COUNT(*) FROM FINANCIAL_METRICS GROUP BY date_trunc('day', created_at)",3.873750247207729,349468,SUCCESS,
6fb65c9e-629a-4266-8bc8-2ad58c5d3f72,2025-09-03T16:43:00,82e7a6a3-1f49-4f5a-8a2a-96e5a654a185,codyoconnor,BI_WH_LARGE,"SELECT * FROM CUSTOMER_DATA WHERE created_at >= dateadd('day', -7, current_date())",1.4392688279154402,652165,SUCCESS,
335e8349-a71e-420f-8b79-b5066b585ade,2025-09-03T16:43:00,57eba2d7-a4fe-48aa-aa7b-ad0e6f1296b7,jose46,DEV_WH_MEDIUM,SELECT * FROM EMPLOYEE_RECORDS LIMIT 1000,2.389191421180452,860874,SUCCESS,
85e5b69d-c529-4e15-9ed4-8235e155e8f4,2025-09-03T16:43:00,00f99f6f-5fcc-490a-84f9-6b24911c0b2e,emilyhamilton,BI_WH_LARGE,"SELECT DISTINCT column1, column2 FROM FINANCIAL_METRICS WHERE condition = 'value'",2.0066947805238433,234330,SUCCESS,
2eb1029d-8698-4dd6-8276-cdec8823c9d4,2025-09-03T16:56:00,00f99f6f-5fcc-490a-84f9-6b24911c0b2e,emilyhamilton,BI_WH_SMALL,"SELECT * FROM USER_ACTIVITY_LOGS WHERE created_at >= dateadd('day', -7, current_date())",3.4853947477288365,239454,SUCCESS,
263e54ee-a9b3-415e-859b-b71bdce4305c,2025-09-03T16:56:00,4663d48b-596a-4f39-b714-8d69ac9a7d2a,robert93,DEV_WH_X-SMALL,"SELECT * FROM PRODUCT_INVENTORY WHERE created_at >= dateadd('day', -7, current_date())",3.7980795172291058,417650,SUCCESS,
0698ca23-1da3-4723-a221-8caed7f9b100,2025-09-03T16:56:00,ac5e7ada-2f2f-4292-a0e4-18083982547a,lliu,BI_WH_X-SMALL,"SELECT DISTINCT column1, column2 FROM SALES_TRANSACTIONS WHERE condition = 'value'",1.021925475592515,476161,SUCCESS,
cc42f740-eeb3-4374-b494-ec2c20bad7a7,2025-09-03T16:56:00,89e53854-09b7-4b59-8352-a231c51f8687,glarsen,ETL_WH_X-SMALL,SELECT * FROM SYSTEM_EVENTS LIMIT 1000,1.8184846390465985,158055,SUCCESS,
9c871332-f921-4ed7-8bb9-821adc7c4d32,2025-09-03T16:56:00,4663d48b-596a-4f39-b714-8d69ac9a7d2a,robert93,BI_WH_X-SMALL,"SELECT DISTINCT column1, column2 FROM FINANCIAL_METRICS WHERE condition = 'value'",3.2081251906426473,464256,SUCCESS,
749f0fe0-5538-4add-a4b3-81af032c7579,2025-09-03T16:56:00,879c852e-e8e8-45c3-9ead-5fa56c9ecfbc,egarcia,ETL_WH_X-SMALL,"SELECT DISTINCT column1, column2 FROM FINANCIAL_METRICS WHERE condition = 'value'",1.8186976048868984,806366,SUCCESS,
f7132de0-c496-42d4-be28-75f0ce5b0e73,2025-09-03T16:56:00,7cd584de-ca92-465c-8ea8-5f7ad356bee6,danasandoval,PROD_WH_SMALL,"SELECT COUNT(*) FROM MARKETING_CAMPAIGNS GROUP BY date_trunc('day', created_at)",0.4111189033207038,478419,SUCCESS,
297635fa-9d3f-4831-bca0-da60814b3f20,2025-09-03T16:56:00,89e53854-09b7-4b59-8352-a231c51f8687,glarsen,ETL_WH_SMALL,"SELECT DISTINCT column1, column2 FROM PRODUCT_INVENTORY WHERE condition = 'value'",4.173636063339927,330274,SUCCESS,
d397df07-2f97-49ed-9d06-200466088eb9,2025-09-03T16:56:00,da0f0f7a-8d2c-4ca9-b82e-cda33fba6610,rachel35,ETL_WH_MEDIUM,"SELECT DISTINCT column1, column2 FROM USER_ACTIVITY_LOGS WHERE condition = 'value'",2.1532848683197536,243991,SUCCESS,
09dda807-682d-4753-abee-718d3b50efc3,2025-09-03T16:56:00,da0f0f7a-8d2c-4ca9-b82e-cda33fba6610,rachel35,PROD_WH_X-SMALL,"SELECT DISTINCT column1, column2 FROM SALES_TRANSACTIONS WHERE condition = 'value'",0.34873218846984355,582379,SUCCESS,
7c08baff-5e2d-4cba-a680-78cd23353e60,2025-09-03T17:09:00,da0f0f7a-8d2c-4ca9-b82e-cda33fba6610,rachel35,BI_WH_X-SMALL,"SELECT * FROM SYSTEM_EVENTS WHERE created_at >= dateadd('day', -7, current_date())",0.8383543192448863,328730,SUCCESS,
27140704-c3bd-4a24-b631-1449774bda95,2025-09-03T17:09:00,b92c2609-888c-471e-bf61-4363556df9d8,frank26,DEV_WH_X-SMALL,"SELECT COUNT(*) FROM SALES_TRANSACTIONS GROUP BY date_trunc('day', created_at)",2.254046932362721,369661,SUCCESS,
09bb6997-6418-4895-a319-ed95039b35a6,2025-09-03T17:15:00,7cd584de-ca92-465c-8ea8-5f7ad356bee6,danasandoval,PROD_WH_MEDIUM,"SELECT DISTINCT column1, column2 FROM CUSTOMER_DATA WHERE condition = 'value'",4.46243038273299,267590,SUCCESS,
e3051835-f1df-497a-82a8-e660f1b4a85a,2025-09-03T17:15:00,4bc8b8f2-4d6e-4d5e-8d40-a7b6b3d6bb03,amandamitchell,PROD_WH_X-SMALL,"SELECT DISTINCT column1, column2 FROM EMPLOYEE_RECORDS WHERE condition = 'value'",1.5954641897693986,725645,SUCCESS,
323dd9f3-98d5-4bfb-bec8-537cc6f73114,2025-09-03T17:30:00,f22aa1cf-fe8b-4e78-8492-b46e0f46ffda,brandtmisty,PROD_WH_X-SMALL,"SELECT * FROM CUSTOMER_DATA WHERE created_at >= dateadd('day', -7, current_date())",4.266641205268965,47502,SUCCESS,
f6acaf9a-164d-4e81-90a1-f007f98d5787,2025-09-03T17:30:00,3d8cc43f-0f00-40bd-b8b2-34ac61fc0360,rwilliams,BI_WH_MEDIUM,"SELECT COUNT(*) FROM FINANCIAL_METRICS GROUP BY date_trunc('day', created_at)",2.961449043709981,621317,SUCCESS,
21fcf92f-5875-4fea-8928-c6a20440019d,2025-09-03T17:44:00,879c852e-e8e8-45c3-9ead-5fa56c9ecfbc,egarcia,PROD_WH_SMALL,"SELECT COUNT(*) FROM FINANCIAL_METRICS GROUP BY date_trunc('day', created_at)",1.0973818201760428,895548,SUCCESS,
b872ad65-a6df-4749-98cc-7d9a1a3b61ef,2025-09-03T17:44:00,859c34dd-4540-49a3-b26d-f82b1455d905,oatkinson,DEV_WH_SMALL,"SELECT COUNT(*) FROM FINANCIAL_METRICS GROUP BY date_trunc('day', created_at)",0.8737822520771527,633171,SUCCESS,
3a2ef836-f510-48c6-a5bc-d29e51bf72c6,2025-09-03T17:55:00,f22aa1cf-fe8b-4e78-8492-b46e0f46ffda,brandtmisty,PROD_WH_LARGE,"SELECT * FROM EMPLOYEE_RECORDS WHERE created_at >= dateadd('day', -7, current_date())",4.665089823371376,686899,SUCCESS,
c0c7ad87-9ae1-4e6d-97c7-8eb9fed780c5,2025-09-03T17:55:00,4b7e389e-8c78-4e72-ab0b-774df43b399e,hardinjennifer,DEV_WH_MEDIUM,"SELECT COUNT(*) FROM EMPLOYEE_RECORDS GROUP BY date_trunc('day', created_at)",1.8970385695479859,949658,SUCCESS,
36688179-fda2-4f61-b9bb-29a3d9078a8d,2025-09-03T18:06:00,4b7e389e-8c78-4e72-ab0b-774df43b399e,hardinjennifer,PROD_WH_X-SMALL,SELECT * FROM PRODUCT_INVENTORY LIMIT 1000,4.755053202938854,601185,SUCCESS,
d3fdead9-9ab0-468b-a332-443b83a463aa,2025-09-03T18:06:00,f22aa1cf-fe8b-4e78-8492-b46e0f46ffda,brandtmisty,PROD_WH_MEDIUM,SELECT * FROM MARKETING_CAMPAIGNS LIMIT 1000,1.3844846593696876,430305,SUCCESS,
cb33b5f5-9a24-4ee5-843b-ba5323e10577,2025-09-03T18:18:00,3d8cc43f-0f00-40bd-b8b2-34ac61fc0360,rwilliams,PROD_WH_MEDIUM,"SELECT DISTINCT column1, column2 FROM USER_ACTIVITY_LOGS WHERE condition = 'value'",4.101237963143059,102289,SUCCESS,
7d8c704f-b1eb-4c93-a3de-4f52a05c64b2,2025-09-03T18:18:00,859c34dd-4540-49a3-b26d-f82b1455d905,oatkinson,BI_WH_X-SMALL,"SELECT DISTINCT column1, column2 FROM SALES_TRANSACTIONS WHERE condition = 'value'",3.2971354724207655,408205,SUCCESS,
40a8dc0b-a35e-4f21-b01a-b3ff4d0affae,2025-09-03T18:30:00,9a7a68c7-1b0c-4669-859f-6d352b1e386f,andrew16,ETL_WH_X-SMALL,"SELECT DISTINCT column1, column2 FROM SALES_TRANSACTIONS WHERE condition = 'value'",3.1573964183352294,856248,SUCCESS,
89d1d27a-e487-4416-8012-a844ecefc15e,2025-09-03T18:30:00,da0f0f7a-8d2c-4ca9-b82e-cda33fba6610,rachel35,ETL_WH_LARGE,"SELECT DISTINCT column1, column2 FROM SYSTEM_EVENTS WHERE condition = 'value'",3.766467471426397,970719,SUCCESS,
042fdb54-fe0b-4aaf-a3c7-6918127efc50,2025-09-03T18:35:00,da0f0f7a-8d2c-4ca9-b82e-cda33fba6610,rachel35,ETL_WH_SMALL,SELECT * FROM EMPLOYEE_RECORDS LIMIT 1000,2.809207418336333,739318,SUCCESS,
2b80fed7-bf36-4dab-88dd-7ac85884708f,2025-09-03T18:35:00,00f99f6f-5fcc-490a-84f9-6b24911c0b2e,emilyhamilton,DEV_WH_LARGE,"SELECT * FROM CUSTOMER_DATA WHERE created_at >= dateadd('day', -7, current_date())",3.2872111186716255,495078,SUCCESS,
b4cdd747-e3fa-4462-ad9c-8419473f4553,2025-09-03T18:40:00,a3a85592-9f3f-4845-87b8-dd199fcdc3cc,gmoreno,PROD_WH_X-SMALL,SELECT * FROM SYSTEM_EVENTS LIMIT 1000,2.1456513621575075,199735,SUCCESS,
b7abc1ce-d4cf-453d-86f9-a7f4b47bfb7f,2025-09-03T18:40:00,4bc8b8f2-4d6e-4d5e-8d40-a7b6b3d6bb03,amandamitchell,DEV_WH_X-SMALL,"SELECT DISTINCT column1, column2 FROM SYSTEM_EVENTS WHERE condition = 'value'",3.495531361355062,849435,SUCCESS,
ce3f22e6-fb21-47ba-b943-623bcd226d99,2025-09-03T18:48:00,89e53854-09b7-4b59-8352-a231c51f8687,glarsen,BI_WH_MEDIUM,"SELECT * FROM MARKETING_CAMPAIGNS WHERE created_at >= dateadd('day', -7, current_date())",3.7314843319223434,93436,SUCCESS,
3e271bbb-89d5-4b96-8f8f-fbbd238f5014,2025-09-03T18:48:00,4b7e389e-8c78-4e72-ab0b-774df43b399e,hardinjennifer,DEV_WH_X-SMALL,SELECT * FROM EMPLOYEE_RECORDS LIMIT 1000,4.206248563213397,618401,SUCCESS,
babde20d-b98b-4029-8201-499d3b4f2c64,2025-09-03T18:54:00,00f99f6f-5fcc-490a-84f9-6b24911c0b2e,emilyhamilton,DEV_WH_MEDIUM,"SELECT * FROM CUSTOMER_DATA WHERE created_at >= dateadd('day', -7, current_date())",1.679127702910268,762891,SUCCESS,
5003a4ba-3d97-4004-bd1e-f34ef3763887,2025-09-03T18:54:00,4663d48b-596a-4f39-b714-8d69ac9a7d2a,robert93,BI_WH_LARGE,"SELECT COUNT(*) FROM CUSTOMER_DATA GROUP BY date_trunc('day', created_at)",2.38721010800176,155400,SUCCESS,
0998473d-80ee-44c4-835f-5d3f3d708584,2025-09-03T19:02:00,7cd584de-ca92-465c-8ea8-5f7ad356bee6,danasandoval,ETL_WH_X-SMALL,"SELECT DISTINCT column1, column2 FROM SYSTEM_EVENTS WHERE condition = 'value'",3.6992753070179787,36062,SUCCESS,
c5c90294-f360-4cd5-b438-525b61837bb7,2025-09-03T19:02:00,7cd584de-ca92-465c-8ea8-5f7ad356bee6,danasandoval,PROD_WH_SMALL,"SELECT COUNT(*) FROM MARKETING_CAMPAIGNS GROUP BY date_trunc('day', created_at)",2.591022967055201,828245,SUCCESS,
e63ef53f-7463-4f2d-b35a-d1fff848415f,2025-09-03T19:07:00,7cd584de-ca92-465c-8ea8-5f7ad356bee6,danasandoval,PROD_WH_X-SMALL,SELECT * FROM USER_ACTIVITY_LOGS LIMIT 1000,1.436541405175852,875343,SUCCESS,
22969803-26da-46b5-b074-9547aa91b71e,2025-09-03T19:07:00,82e7a6a3-1f49-4f5a-8a2a-96e5a654a185,codyoconnor,PROD_WH_SMALL,"SELECT COUNT(*) FROM SYSTEM_EVENTS GROUP BY date_trunc('day', created_at)",1.68342650173239,799691,SUCCESS,
728e53e9-9aba-411c-a726-af9a29e90e5e,2025-09-03T19:13:00,82e7a6a3-1f49-4f5a-8a2a-96e5a654a185,codyoconnor,PROD_WH_SMALL,"SELECT COUNT(*) FROM CUSTOMER_DATA GROUP BY date_trunc('day', created_at)",1.6643156693653878,805326,SUCCESS,
91609a58-5579-47ec-825d-ec5886d4dd9f,2025-09-03T19:13:00,f0c2cfac-cf3b-4053-9e79-a6a4c6bbd187,garciaalison,DEV_WH_MEDIUM,"SELECT DISTINCT column1, column2 FROM PRODUCT_INVENTORY WHERE condition = 'value'",2.794087742195641,290923,SUCCESS,
371ef653-e3b8-4dbf-a226-b142c43678be,2025-09-03T19:21:00,879c852e-e8e8-45c3-9ead-5fa56c9ecfbc,egarcia,DEV_WH_X-SMALL,"SELECT * FROM MARKETING_CAMPAIGNS WHERE created_at >= dateadd('day', -7, current_date())",4.9174322461337265,257263,SUCCESS,
212cee0e-67de-452a-964c-b8abb654453e,2025-09-03T19:21:00,879c852e-e8e8-45c3-9ead-5fa56c9ecfbc,egarcia,ETL_WH_X-SMALL,"SELECT DISTINCT column1, column2 FROM SYSTEM_EVENTS WHERE condition = 'value'",3.598268023835056,202334,SUCCESS,
f63653ec-e6c7-4ccb-be6c-c3c5ccba76b8,2025-09-03T19:31:00,9a7a68c7-1b0c-4669-859f-6d352b1e386f,andrew16,BI_WH_LARGE,"SELECT COUNT(*) FROM MARKETING_CAMPAIGNS GROUP BY date_trunc('day', created_at)",2.6714063178938874,416646,SUCCESS,
509c117d-f79d-465d-bb86-f8ba02bffd92,2025-09-03T19:31:00,7cd584de-ca92-465c-8ea8-5f7ad356bee6,danasandoval,DEV_WH_LARGE,"SELECT * FROM EMPLOYEE_RECORDS WHERE created_at >= dateadd('day', -7, current_date())",3.06873721143985,284577,SUCCESS,
5b130350-5477-4f60-a1ad-c0bd269bb20f,2025-09-03T19:45:00,859c34dd-4540-49a3-b26d-f82b1455d905,oatkinson,ETL_WH_X-SMALL,"SELECT DISTINCT column1, column2 FROM EMPLOYEE_RECORDS WHERE condition = 'value'",2.9522133290298362,803945,SUCCESS,
9bdf2813-1716-4919-9948-78b8b4dab6e9,2025-09-03T19:45:00,89e53854-09b7-4b59-8352-a231c51f8687,glarsen,BI_WH_MEDIUM,"SELECT DISTINCT column1, column2 FROM PRODUCT_INVENTORY WHERE condition = 'value'",2.236119029969418,168093,SUCCESS,
3034dfbe-a083-45eb-b6cd-c4c7cb37bcda,2025-09-03T19:52:00,879c852e-e8e8-45c3-9ead-5fa56c9ecfbc,egarcia,BI_WH_LARGE,"SELECT DISTINCT column1, column2 FROM MARKETING_CAMPAIGNS WHERE condition = 'value'",2.6754270583697797,639998,SUCCESS,
605e7476-03c6-4440-9571-fbf300516478,2025-09-03T19:52:00,4663d48b-596a-4f39-b714-8d69ac9a7d2a,robert93,ETL_WH_SMALL,"SELECT * FROM SALES_TRANSACTIONS WHERE created_at >= dateadd('day', -7, current_date())",1.823694384885432,145543,SUCCESS,
aa607198-7484-4cf9-b5a5-bed1af603f48,2025-09-03T20:05:00,82e7a6a3-1f49-4f5a-8a2a-96e5a654a185,codyoconnor,DEV_WH_X-SMALL,SELECT * FROM SALES_TRANSACTIONS LIMIT 1000,1.450081294582744,468904,SUCCESS,
fa3b4937-bb27-45f5-bcd9-f2e0f34a2142,2025-09-03T20:05:00,879c852e-e8e8-45c3-9ead-5fa56c9ecfbc,egarcia,BI_WH_MEDIUM,"SELECT COUNT(*) FROM FINANCIAL_METRICS GROUP BY date_trunc('day', created_at)",0.5865643399790719,320112,SUCCESS,
88334bee-9ddb-4d6d-9d51-d9361a6ebea6,2025-09-03T20:16:00,da0f0f7a-8d2c-4ca9-b82e-cda33fba6610,rachel35,PROD_WH_LARGE,SELECT * FROM FINANCIAL_METRICS LIMIT 1000,1.180556031249317,972734,SUCCESS,
dfd2dfe3-2856-4fd7-8010-43cdba3ebec8,2025-09-03T20:16:00,b92c2609-888c-471e-bf61-4363556df9d8,frank26,ETL_WH_MEDIUM,SELECT * FROM FINANCIAL_METRICS LIMIT 1000,4.640031432261619,372282,SUCCESS,
c505f9b5-a7d6-4206-a3c6-ebea76e54aea,2025-09-03T20:27:00,cea2e75f-1ee1-4b1d-90f5-242f82a02bed,erickennedy,PROD_WH_X-SMALL,"SELECT COUNT(*) FROM MARKETING_CAMPAIGNS GROUP BY date_trunc('day', created_at)",1.0989300826304902,7534,SUCCESS,
4118527e-b6af-4a5a-80da-4f5da6e583df,2025-09-03T20:27:00,4b7e389e-8c78-4e72-ab0b-774df43b399e,hardinjennifer,ETL_WH_LARGE,"SELECT * FROM FINANCIAL_METRICS WHERE created_at >= dateadd('day', -7, current_date())",0.20092005520317235,18974,SUCCESS,
f2dea6f8-1f11-4c54-bb3d-91d61625337d,2025-09-03T20:37:00,cea2e75f-1ee1-4b1d-90f5-242f82a02bed,erickennedy,ETL_WH_LARGE,"SELECT COUNT(*) FROM SALES_TRANSACTIONS GROUP BY date_trunc('day', created_at)",1.7241147256234395,377495,SUCCESS,
35ee7ff9-7447-4b40-bf09-8e880f6a9070,2025-09-03T20:37:00,3d8cc43f-0f00-40bd-b8b2-34ac61fc0360,rwilliams,ETL_WH_MEDIUM,SELECT * FROM CUSTOMER_DATA LIMIT 1000,1.2980649167081586,798068,SUCCESS,
b7c51863-1763-48b0-951f-c9cb4f70ded1,2025-09-03T20:50:00,5fb2a072-2bab-4b94-9109-9cbea70c5438,bryancuevas,BI_WH_X-SMALL,SELECT * FROM PRODUCT_INVENTORY LIMIT 1000,4.947382418185862,859429,SUCCESS,
cee03a74-2055-4904-bcf6-bc8ef5cd6bec,2025-09-03T20:50:00,4663d48b-596a-4f39-b714-8d69ac9a7d2a,robert93,ETL_WH_SMALL,SELECT * FROM SYSTEM_EVENTS LIMIT 1000,1.2298229386153208,343193,SUCCESS,
670d47db-2738-4a48-9020-175fbdec5a09,2025-09-03T21:05:00,7cd584de-ca92-465c-8ea8-5f7ad356bee6,danasandoval,BI_WH_LARGE,"SELECT COUNT(*) FROM USER_ACTIVITY_LOGS GROUP BY date_trunc('day', created_at)",3.6285595410990963,383445,SUCCESS,
f9d0d689-e6a4-4cc7-bb59-7a7cd4159c5d,2025-09-03T21:05:00,3d8cc43f-0f00-40bd-b8b2-34ac61fc0360,rwilliams,DEV_WH_MEDIUM,SELECT * FROM MARKETING_CAMPAIGNS LIMIT 1000,0.8068711069529659,882968,SUCCESS,
5d4818b5-3481-47ad-b4ad-000a4633ba63,2025-09-03T21:16:00,5fb2a072-2bab-4b94-9109-9cbea70c5438,bryancuevas,DEV_WH_SMALL,"SELECT * FROM FINANCIAL_METRICS WHERE created_at >= dateadd('day', -7, current_date())",1.4607162054941267,709044,SUCCESS,
b0f7d02e-1081-45b0-96f7-0a60d3db19e4,2025-09-03T21:16:00,5fb2a072-2bab-4b94-9109-9cbea70c5438,bryancuevas,DEV_WH_LARGE,"SELECT COUNT(*) FROM EMPLOYEE_RECORDS GROUP BY date_trunc('day', created_at)",1.6058071240177947,110669,SUCCESS,
5622aac7-38f4-4b3c-ad96-0af3a7bc96ec,2025-09-03T21:27:00,82e7a6a3-1f49-4f5a-8a2a-96e5a654a185,codyoconnor,DEV_WH_X-SMALL,SELECT * FROM SYSTEM_EVENTS LIMIT 1000,0.7167578431035266,622747,SUCCESS,
bb797724-2d7b-4b66-8896-e433e2b421f8,2025-09-03T21:27:00,a3a85592-9f3f-4845-87b8-dd199fcdc3cc,gmoreno,BI_WH_X-SMALL,SELECT * FROM USER_ACTIVITY_LOGS LIMIT 1000,2.5985574614278155,511564,SUCCESS,
b9d709db-ad82-4443-b92f-aed9915af915,2025-09-03T21:34:00,da0f0f7a-8d2c-4ca9-b82e-cda33fba6610,rachel35,DEV_WH_X-SMALL,"SELECT DISTINCT column1, column2 FROM USER_ACTIVITY_LOGS WHERE condition = 'value'",3.954729831879049,409071,SUCCESS,
35774eaf-b7c2-41fd-97c5-0c9e14da69d2,2025-09-03T21:34:00,859c34dd-4540-49a3-b26d-f82b1455d905,oatkinson,ETL_WH_X-SMALL,"SELECT COUNT(*) FROM FINANCIAL_METRICS GROUP BY date_trunc('day', created_at)",1.5176476975240398,903430,SUCCESS,
56223c92-0aa1-48e3-b894-b90527a05e33,2025-09-03T21:39:00,f0c2cfac-cf3b-4053-9e79-a6a4c6bbd187,garciaalison,PROD_WH_SMALL,"SELECT DISTINCT column1, column2 FROM MARKETING_CAMPAIGNS WHERE condition = 'value'",2.374066635808104,403865,SUCCESS,
1062ce23-eda8-473f-95fa-fcbb2984315c,2025-09-03T21:39:00,b92c2609-888c-471e-bf61-4363556df9d8,frank26,PROD_WH_SMALL,"SELECT DISTINCT column1, column2 FROM SALES_TRANSACTIONS WHERE condition = 'value'",0.5823363813162856,688643,SUCCESS,
ca81b90e-79fe-4363-858f-f911c123d9b8,2025-09-03T21:51:00,4bc8b8f2-4d6e-4d5e-8d40-a7b6b3d6bb03,amandamitchell,BI_WH_SMALL,"SELECT * FROM MARKETING_CAMPAIGNS WHERE created_at >= dateadd('day', -7, current_date())",2.398167210111721,482419,SUCCESS,
e211b4a4-707b-496a-9278-7ef11c37feb0,2025-09-03T21:51:00,cea2e75f-1ee1-4b1d-90f5-242f82a02bed,erickennedy,ETL_WH_SMALL,SELECT * FROM SALES_TRANSACTIONS LIMIT 1000,4.804241662938072,281686,SUCCESS,
d3a0bc31-e044-4a2d-996c-b9bbd84bc6f8,2025-09-03T22:06:00,5fb2a072-2bab-4b94-9109-9cbea70c5438,bryancuevas,DEV_WH_SMALL,"SELECT COUNT(*) FROM SALES_TRANSACTIONS GROUP BY date_trunc('day', created_at)",0.7683788542210942,555431,SUCCESS,
77ab59ca-cf0e-42b1-a425-0c5f2b7017fd,2025-09-03T22:06:00,82e7a6a3-1f49-4f5a-8a2a-96e5a654a185,codyoconnor,ETL_WH_X-SMALL,"SELECT * FROM PRODUCT_INVENTORY WHERE created_at >= dateadd('day', -7, current_date())",0.14952298269749548,942317,SUCCESS,
4406b218-e82f-415f-95d9-a66563f82286,2025-09-03T22:20:00,4bc8b8f2-4d6e-4d5e-8d40-a7b6b3d6bb03,amandamitchell,ETL_WH_X-SMALL,SELECT * FROM SYSTEM_EVENTS LIMIT 1000,1.5377753080228902,733652,SUCCESS,
ac318f2f-b587-4238-81ba-8f4a922e0d4d,2025-09-03T22:20:00,f0c2cfac-cf3b-4053-9e79-a6a4c6bbd187,garciaalison,PROD_WH_LARGE,"SELECT * FROM MARKETING_CAMPAIGNS WHERE created_at >= dateadd('day', -7, current_date())",1.463098216922373,535966,SUCCESS,
835f8939-410a-435c-9238-d3dd86340623,2025-09-03T22:26:00,b92c2609-888c-471e-bf61-4363556df9d8,frank26,DEV_WH_LARGE,"SELECT * FROM USER_ACTIVITY_LOGS WHERE created_at >= dateadd('day', -7, current_date())",0.9184637398749305,302404,SUCCESS,
d7648e47-b7fd-4b3e-8843-b465fc011e08,2025-09-03T22:26:00,4b7e389e-8c78-4e72-ab0b-774df43b399e,hardinjennifer,DEV_WH_MEDIUM,"SELECT COUNT(*) FROM MARKETING_CAMPAIGNS GROUP BY date_trunc('day', created_at)",0.6548955659307149,542113,SUCCESS,
a4884f63-4fec-479c-bc8f-4e3fee4e8e7b,2025-09-03T22:33:00,ac5e7ada-2f2f-4292-a0e4-18083982547a,lliu,PROD_WH_SMALL,"SELECT * FROM USER_ACTIVITY_LOGS WHERE created_at >= dateadd('day', -7, current_date())",0.6660103848226911,471107,SUCCESS,
417c98ea-fd4d-4701-8d85-0bf36187bc3c,2025-09-03T22:33:00,da0f0f7a-8d2c-4ca9-b82e-cda33fba6610,rachel35,BI_WH_LARGE,"SELECT DISTINCT column1, column2 FROM FINANCIAL_METRICS WHERE condition = 'value'",4.091320252081171,650380,SUCCESS,
5242a1ad-4662-408e-a139-6890be11809d,2025-09-03T22:43:00,a3a85592-9f3f-4845-87b8-dd199fcdc3cc,gmoreno,DEV_WH_MEDIUM,SELECT * FROM MARKETING_CAMPAIGNS LIMIT 1000,0.37282345513110926,922474,SUCCESS,
4c7ceb53-766f-4fb5-931e-01163fdf5b6e,2025-09-03T22:43:00,da0f0f7a-8d2c-4ca9-b82e-cda33fba6610,rachel35,ETL_WH_MEDIUM,"SELECT COUNT(*) FROM FINANCIAL_METRICS GROUP BY date_trunc('day', created_at)",4.406966988335393,419058,SUCCESS,
85ceebd2-3696-45b2-aee7-8713810e535a,2025-09-03T22:54:00,00f99f6f-5fcc-490a-84f9-6b24911c0b2e,emilyhamilton,BI_WH_SMALL,"SELECT COUNT(*) FROM CUSTOMER_DATA GROUP BY date_trunc('day', created_at)",0.5064880172619335,691095,SUCCESS,
aa00b9d9-98fb-40fd-bde7-bf25f825f23c,2025-09-03T22:54:00,f0c2cfac-cf3b-4053-9e79-a6a4c6bbd187,garciaalison,DEV_WH_LARGE,"SELECT DISTINCT column1, column2 FROM PRODUCT_INVENTORY WHERE condition = 'value'",0.13467095875406224,746524,SUCCESS,
cf6fcdeb-4d7b-4a0c-9c0b-583783804462,2025-09-03T23:09:00,4663d48b-596a-4f39-b714-8d69ac9a7d2a,robert93,PROD_WH_X-SMALL,SELECT * FROM SYSTEM_EVENTS LIMIT 1000,4.672420283787636,716919,SUCCESS,
67fd6259-69f6-4bae-b735-abb15cbcd9a3,2025-09-03T23:09:00,f0c2cfac-cf3b-4053-9e79-a6a4c6bbd187,garciaalison,DEV_WH_LARGE,"SELECT * FROM USER_ACTIVITY_LOGS WHERE created_at >= dateadd('day', -7, current_date())",4.5160493138569215,364165,SUCCESS,
6ea58511-4fd8-42a7-b141-7e5aba3e6023,2025-09-03T23:22:00,9a7a68c7-1b0c-4669-859f-6d352b1e386f,andrew16,ETL_WH_LARGE,"SELECT DISTINCT column1, column2 FROM SYSTEM_EVENTS WHERE condition = 'value'",1.8799986584134303,249082,SUCCESS,
7070ab25-d50c-4342-869b-25e026f4221c,2025-09-03T23:22:00,879c852e-e8e8-45c3-9ead-5fa56c9ecfbc,egarcia,BI_WH_X-SMALL,"SELECT COUNT(*) FROM USER_ACTIVITY_LOGS GROUP BY date_trunc('day', created_at)",3.4902854481562144,339152,SUCCESS,
40bf99f5-f3a6-446d-bf3e-6b58f3f3da2b,2025-09-03T23:32:00,57eba2d7-a4fe-48aa-aa7b-ad0e6f1296b7,jose46,DEV_WH_LARGE,SELECT * FROM CUSTOMER_DATA LIMIT 1000,0.3971770110819136,108828,SUCCESS,
d4395fce-1788-481c-b33a-f0043a233e63,2025-09-03T23:32:00,ac5e7ada-2f2f-4292-a0e4-18083982547a,lliu,PROD_WH_X-SMALL,"SELECT COUNT(*) FROM SALES_TRANSACTIONS GROUP BY date_trunc('day', created_at)",1.5442862179972425,427939,SUCCESS,
792c1fd4-cf1b-4970-af95-665683948671,2025-09-03T23:39:00,f22aa1cf-fe8b-4e78-8492-b46e0f46ffda,brandtmisty,ETL_WH_LARGE,"SELECT * FROM FINANCIAL_METRICS WHERE created_at >= dateadd('day', -7, current_date())",1.41660478586104,468660,SUCCESS,
cdb84bbb-75b4-4a88-ab2b-def11888b3e6,2025-09-03T23:39:00,ac5e7ada-2f2f-4292-a0e4-18083982547a,lliu,ETL_WH_LARGE,"SELECT * FROM FINANCIAL_METRICS WHERE created_at >= dateadd('day', -7, current_date())",0.9179779150686501,323061,SUCCESS,
51227f09-8b9b-4a90-9a47-f4b636766736,2025-09-03T23:45:00,4b7e389e-8c78-4e72-ab0b-774df43b399e,hardinjennifer,PROD_WH_LARGE,"SELECT DISTINCT column1, column2 FROM MARKETING_CAMPAIGNS WHERE condition = 'value'",1.0289548222820555,238281,SUCCESS,
2d73a64b-152f-4f82-9cb0-9940f054e500,2025-09-03T23:45:00,9a7a68c7-1b0c-4669-859f-6d352b1e386f,andrew16,BI_WH_MEDIUM,SELECT * FROM SALES_TRANSACTIONS LIMIT 1000,1.9404907719227078,936412,SUCCESS,
4c70f3df-f5a1-4ff6-98d1-3d046722068c,2025-09-03T23:55:00,4663d48b-596a-4f39-b714-8d69ac9a7d2a,robert93,ETL_WH_LARGE,"SELECT COUNT(*) FROM SALES_TRANSACTIONS GROUP BY date_trunc('day', created_at)",0.765589236716316,873916,SUCCESS,
6811c31d-c666-4361-ae67-e9d3ab35210e,2025-09-03T23:55:00,4b7e389e-8c78-4e72-ab0b-774df43b399e,hardinjennifer,DEV_WH_X-SMALL,"SELECT COUNT(*) FROM PRODUCT_INVENTORY GROUP BY date_trunc('day', created_at)",1.3403598472626301,55769,SUCCESS,
32ce5357-57d3-4f10-9fd0-06add48a1481,2025-09-04T00:02:00,ac5e7ada-2f2f-4292-a0e4-18083982547a,lliu,DEV_WH_LARGE,"SELECT COUNT(*) FROM FINANCIAL_METRICS GROUP BY date_trunc('day', created_at)",1.398286011595315,862959,SUCCESS,
947e1d12-c357-40a5-9fbf-842c848873b8,2025-09-04T00:02:00,859c34dd-4540-49a3-b26d-f82b1455d905,oatkinson,ETL_WH_SMALL,"SELECT COUNT(*) FROM FINANCIAL_METRICS GROUP BY date_trunc('day', created_at)",0.8345835201292624,962998,SUCCESS,
51419f52-1168-442f-8e11-7fdca0d9e621,2025-09-04T00:11:00,b92c2609-888c-471e-bf61-4363556df9d8,frank26,PROD_WH_SMALL,SELECT * FROM CUSTOMER_DATA LIMIT 1000,3.4401722692078165,909800,SUCCESS,
2944eff6-92d3-4b84-9bc1-fd67e8fe96c6,2025-09-04T00:11:00,3d8cc43f-0f00-40bd-b8b2-34ac61fc0360,rwilliams,DEV_WH_LARGE,"SELECT * FROM SYSTEM_EVENTS WHERE created_at >= dateadd('day', -7, current_date())",2.519133464394189,51553,SUCCESS,
03a23a5f-ca0a-4ec6-bb49-66c1d2a432e5,2025-09-04T00:25:00,4b7e389e-8c78-4e72-ab0b-774df43b399e,hardinjennifer,PROD_WH_SMALL,"SELECT * FROM EMPLOYEE_RECORDS WHERE created_at >= dateadd('day', -7, current_date())",3.8197757157689,519582,SUCCESS,
6169bf9e-3f58-4168-9643-86b4f82097e1,2025-09-04T00:25:00,cea2e75f-1ee1-4b1d-90f5-242f82a02bed,erickennedy,DEV_WH_LARGE,"SELECT COUNT(*) FROM SYSTEM_EVENTS GROUP BY date_trunc('day', created_at)",3.341980983577061,682275,SUCCESS,
47dfcfc2-bb78-4f08-b8d6-65f89019b072,2025-09-04T00:35:00,5fb2a072-2bab-4b94-9109-9cbea70c5438,bryancuevas,BI_WH_SMALL,SELECT * FROM PRODUCT_INVENTORY LIMIT 1000,1.8343798729703775,672602,SUCCESS,
f09707c4-46ea-4a3e-aed7-8b4c7fdccc24,2025-09-04T00:35:00,a3a85592-9f3f-4845-87b8-dd199fcdc3cc,gmoreno,DEV_WH_X-SMALL,"SELECT COUNT(*) FROM CUSTOMER_DATA GROUP BY date_trunc('day', created_at)",4.480711939456305,181357,SUCCESS,
a45a26be-8288-407c-998a-23ebb9545585,2025-09-04T00:49:00,7cd584de-ca92-465c-8ea8-5f7ad356bee6,danasandoval,PROD_WH_MEDIUM,"SELECT COUNT(*) FROM USER_ACTIVITY_LOGS GROUP BY date_trunc('day', created_at)",1.1931244689943867,218985,SUCCESS,
a5298f50-3ac9-4592-8e76-eaa01b8a39df,2025-09-04T00:49:00,7cd584de-ca92-465c-8ea8-5f7ad356bee6,danasandoval,PROD_WH_X-SMALL,"SELECT * FROM USER_ACTIVITY_LOGS WHERE created_at >= dateadd('day', -7, current_date())",2.4397087517563234,897371,SUCCESS,
d8958042-27fd-4716-96a5-0c6403587844,2025-09-04T00:54:00,5fb2a072-2bab-4b94-9109-9cbea70c5438,bryancuevas,ETL_WH_MEDIUM,"SELECT DISTINCT column1, column2 FROM SYSTEM_EVENTS WHERE condition = 'value'",3.2120342354333005,403742,SUCCESS,
c42decf8-6528-4a24-a754-f3ac0bc5c9f2,2025-09-04T00:54:00,4bc8b8f2-4d6e-4d5e-8d40-a7b6b3d6bb03,amandamitchell,ETL_WH_LARGE,SELECT * FROM PRODUCT_INVENTORY LIMIT 1000,3.0983962256165607,192258,SUCCESS,
9c6db202-3287-4ba7-830f-cf43fd00cba6,2025-09-04T01:00:00,82e7a6a3-1f49-4f5a-8a2a-96e5a654a185,codyoconnor,BI_WH_SMALL,SELECT * FROM PRODUCT_INVENTORY LIMIT 1000,4.9033916195556735,99463,SUCCESS,
90722426-e095-4bda-ad94-6ce0913d4cea,2025-09-04T01:00:00,f22aa1cf-fe8b-4e78-8492-b46e0f46ffda,brandtmisty,PROD_WH_MEDIUM,"SELECT DISTINCT column1, column2 FROM CUSTOMER_DATA WHERE condition = 'value'",3.3847701247969098,417702,SUCCESS,
660b478f-a4e9-464a-8529-1514cf39e0c7,2025-09-04T01:07:00,3d8cc43f-0f00-40bd-b8b2-34ac61fc0360,rwilliams,BI_WH_MEDIUM,"SELECT * FROM PRODUCT_INVENTORY WHERE created_at >= dateadd('day', -7, current_date())",2.2247653577322475,213555,SUCCESS,
6f859875-bc87-49a9-859a-826a11c0d717,2025-09-04T01:07:00,9a7a68c7-1b0c-4669-859f-6d352b1e386f,andrew16,BI_WH_X-SMALL,"SELECT * FROM SYSTEM_EVENTS WHERE created_at >= dateadd('day', -7, current_date())",4.99489125613299,614141,SUCCESS,
58ad4359-9385-404d-b66e-4111156a2b68,2025-09-04T01:13:00,57eba2d7-a4fe-48aa-aa7b-ad0e6f1296b7,jose46,BI_WH_X-SMALL,"SELECT * FROM PRODUCT_INVENTORY WHERE created_at >= dateadd('day', -7, current_date())",2.147764919376257,741811,SUCCESS,
dd695d77-c918-44a5-b2d0-da31478fa0ee,2025-09-04T01:13:00,89e53854-09b7-4b59-8352-a231c51f8687,glarsen,PROD_WH_LARGE,"SELECT DISTINCT column1, column2 FROM FINANCIAL_METRICS WHERE condition = 'value'",4.926546948336788,261463,SUCCESS,
28569299-fb60-474a-9829-c63dc504dbf1,2025-09-04T01:25:00,89e53854-09b7-4b59-8352-a231c51f8687,glarsen,DEV_WH_MEDIUM,"SELECT DISTINCT column1, column2 FROM FINANCIAL_METRICS WHERE condition = 'value'",2.94089472394594,165876,SUCCESS,
2f690485-dd9e-4b48-9afe-d3c3441acc64,2025-09-04T01:25:00,57eba2d7-a4fe-48aa-aa7b-ad0e6f1296b7,jose46,BI_WH_SMALL,"SELECT * FROM EMPLOYEE_RECORDS WHERE created_at >= dateadd('day', -7, current_date())",4.998804471331365,254079,SUCCESS,
b085b6ef-47e5-4663-8f6a-c68654c03472,2025-09-04T01:39:00,cea2e75f-1ee1-4b1d-90f5-242f82a02bed,erickennedy,ETL_WH_MEDIUM,"SELECT COUNT(*) FROM FINANCIAL_METRICS GROUP BY date_trunc('day', created_at)",0.4500500966491079,178787,SUCCESS,
39501970-cfd8-42ea-8025-080a722439a7,2025-09-04T01:39:00,859c34dd-4540-49a3-b26d-f82b1455d905,oatkinson,PROD_WH_MEDIUM,"SELECT * FROM CUSTOMER_DATA WHERE created_at >= dateadd('day', -7, current_date())",1.8211989931019612,979746,SUCCESS,
ebe42604-c8cb-446c-b6f0-f3d00a3c0e9e,2025-09-04T01:47:00,4bc8b8f2-4d6e-4d5e-8d40-a7b6b3d6bb03,amandamitchell,PROD_WH_SMALL,"SELECT COUNT(*) FROM SYSTEM_EVENTS GROUP BY date_trunc('day', created_at)",0.5708543543932976,779318,SUCCESS,
b74fa1f5-4b72-424c-902e-2e799d15b45c,2025-09-04T01:47:00,57eba2d7-a4fe-48aa-aa7b-ad0e6f1296b7,jose46,BI_WH_LARGE,SELECT * FROM USER_ACTIVITY_LOGS LIMIT 1000,2.485289895235675,732579,SUCCESS,
6621101c-23dd-4aca-9594-3e8c4a6ad462,2025-09-04T01:59:00,cea2e75f-1ee1-4b1d-90f5-242f82a02bed,erickennedy,ETL_WH_LARGE,"SELECT * FROM SALES_TRANSACTIONS WHERE created_at >= dateadd('day', -7, current_date())",0.5205746789401382,871220,SUCCESS,
beda613d-f676-4164-9a9c-125100a15552,2025-09-04T01:59:00,ac5e7ada-2f2f-4292-a0e4-18083982547a,lliu,PROD_WH_LARGE,"SELECT COUNT(*) FROM PRODUCT_INVENTORY GROUP BY date_trunc('day', created_at)",3.6425728685334,986631,SUCCESS,
8f024eb7-252b-4893-8133-a442085a9686,2025-09-04T02:11:00,a3a85592-9f3f-4845-87b8-dd199fcdc3cc,gmoreno,PROD_WH_X-SMALL,"SELECT COUNT(*) FROM FINANCIAL_METRICS GROUP BY date_trunc('day', created_at)",3.7522533687104564,567364,SUCCESS,
fa582fd4-c583-4926-bd2f-693724b64d91,2025-09-04T02:11:00,ac5e7ada-2f2f-4292-a0e4-18083982547a,lliu,DEV_WH_MEDIUM,"SELECT * FROM USER_ACTIVITY_LOGS WHERE created_at >= dateadd('day', -7, current_date())",4.597997905900706,151645,SUCCESS,
abb9443c-3a89-4826-b31e-e218cf6c011a,2025-09-04T02:25:00,5fb2a072-2bab-4b94-9109-9cbea70c5438,bryancuevas,DEV_WH_SMALL,SELECT * FROM SYSTEM_EVENTS LIMIT 1000,2.197971204853172,739172,SUCCESS,
4c011b37-05df-4a6f-8883-a5e865409878,2025-09-04T02:25:00,9a7a68c7-1b0c-4669-859f-6d352b1e386f,andrew16,ETL_WH_MEDIUM,"SELECT * FROM EMPLOYEE_RECORDS WHERE created_at >= dateadd('day', -7, current_date())",0.8757116232685762,960754,SUCCESS,
4ac77048-0636-46c3-9fd5-8d0a1550aefc,2025-09-04T02:33:00,4663d48b-596a-4f39-b714-8d69ac9a7d2a,robert93,PROD_WH_LARGE,"SELECT DISTINCT column1, column2 FROM SYSTEM_EVENTS WHERE condition = 'value'",2.178681506256686,139292,SUCCESS,
724fec95-fe21-49b8-8f76-d3eb09bf7b69,2025-09-04T02:33:00,3d8cc43f-0f00-40bd-b8b2-34ac61fc0360,rwilliams,ETL_WH_SMALL,"SELECT * FROM SALES_TRANSACTIONS WHERE created_at >= dateadd('day', -7, current_date())",4.794997135933419,242387,SUCCESS,
c042d4ac-8375-4f01-9f20-6d5934e277b7,2025-09-04T02:40:00,00f99f6f-5fcc-490a-84f9-6b24911c0b2e,emilyhamilton,BI_WH_SMALL,"SELECT DISTINCT column1, column2 FROM CUSTOMER_DATA WHERE condition = 'value'",1.3494663756124936,658808,SUCCESS,
755839cf-c6ea-41f6-873d-ee0118fcc0c9,2025-09-04T02:40:00,5fb2a072-2bab-4b94-9109-9cbea70c5438,bryancuevas,BI_WH_MEDIUM,"SELECT DISTINCT column1, column2 FROM SALES_TRANSACTIONS WHERE condition = 'value'",1.0495459835537408,733836,SUCCESS,
68598d89-8ddb-47d4-98c3-7468750976d0,2025-09-04T02:48:00,57eba2d7-a4fe-48aa-aa7b-ad0e6f1296b7,jose46,ETL_WH_MEDIUM,"SELECT COUNT(*) FROM PRODUCT_INVENTORY GROUP BY date_trunc('day', created_at)",0.5915890819683062,983230,SUCCESS,
0789921e-cd0e-41bf-b123-85c1d3f46afc,2025-09-04T02:48:00,ac5e7ada-2f2f-4292-a0e4-18083982547a,lliu,BI_WH_SMALL,"SELECT * FROM EMPLOYEE_RECORDS WHERE created_at >= dateadd('day', -7, current_date())",4.216223169725509,952551,SUCCESS,
63b7ed78-c1d0-4880-8b9c-1936443472bb,2025-09-04T02:56:00,f22aa1cf-fe8b-4e78-8492-b46e0f46ffda,brandtmisty,BI_WH_X-SMALL,"SELECT DISTINCT column1, column2 FROM SYSTEM_EVENTS WHERE condition = 'value'",1.834425935789317,651277,SUCCESS,
c1414c73-6727-48d3-ab40-fea4020a4372,2025-09-04T02:56:00,b92c2609-888c-471e-bf61-4363556df9d8,frank26,PROD_WH_SMALL,"SELECT COUNT(*) FROM MARKETING_CAMPAIGNS GROUP BY date_trunc('day', created_at)",1.5083565027437456,136798,SUCCESS,
630dbdb7-48b2-4508-ac64-a2546ee5c953,2025-09-04T03:03:00,9a7a68c7-1b0c-4669-859f-6d352b1e386f,andrew16,BI_WH_SMALL,"SELECT DISTINCT column1, column2 FROM PRODUCT_INVENTORY WHERE condition = 'value'",3.3259191136430832,242660,SUCCESS,
f434c7ff-30f3-4585-9103-e2a53c27f7e7,2025-09-04T03:03:00,9a7a68c7-1b0c-4669-859f-6d352b1e386f,andrew16,PROD_WH_LARGE,"SELECT * FROM MARKETING_CAMPAIGNS WHERE created_at >= dateadd('day', -7, current_date())",2.322951344579488,66465,SUCCESS,
b3aa4049-e0ba-4345-a3ce-bbe1eddecc6a,2025-09-04T03:09:00,b92c2609-888c-471e-bf61-4363556df9d8,frank26,DEV_WH_SMALL,"SELECT * FROM PRODUCT_INVENTORY WHERE created_at >= dateadd('day', -7, current_date())",3.067750795312732,291988,SUCCESS,
0fae9cdb-4194-4702-b93c-ce2e1cf85ceb,2025-09-04T03:09:00,da0f0f7a-8d2c-4ca9-b82e-cda33fba6610,rachel35,ETL_WH_X-SMALL,"SELECT * FROM CUSTOMER_DATA WHERE created_at >= dateadd('day', -7, current_date())",4.718757337022143,773690,SUCCESS,
e861b64c-5350-44f2-b61c-abf5ac92b416,2025-09-04T03:20:00,4bc8b8f2-4d6e-4d5e-8d40-a7b6b3d6bb03,amandamitchell,BI_WH_SMALL,"SELECT * FROM EMPLOYEE_RECORDS WHERE created_at >= dateadd('day', -7, current_date())",3.155545812440589,995343,SUCCESS,
51a7e280-34f3-4139-bcd2-5d9bd484faa3,2025-09-04T03:20:00,a3a85592-9f3f-4845-87b8-dd199fcdc3cc,gmoreno,ETL_WH_SMALL,"SELECT * FROM FINANCIAL_METRICS WHERE created_at >= dateadd('day', -7, current_date())",4.410399507166856,222142,SUCCESS,
51d60a6e-07c6-407a-b269-3fe0700d89e9,2025-09-04T03:29:00,879c852e-e8e8-45c3-9ead-5fa56c9ecfbc,egarcia,PROD_WH_LARGE,"SELECT * FROM MARKETING_CAMPAIGNS WHERE created_at >= dateadd('day', -7, current_date())",1.5198046534008038,346700,SUCCESS,
1e011479-ae3c-412b-bda5-59791735e980,2025-09-04T03:29:00,da0f0f7a-8d2c-4ca9-b82e-cda33fba6610,rachel35,BI_WH_SMALL,"SELECT * FROM CUSTOMER_DATA WHERE created_at >= dateadd('day', -7, current_date())",2.555193759730531,719580,SUCCESS,
5f570c03-6b96-423c-8d3f-155cd8ddef12,2025-09-04T03:34:00,57eba2d7-a4fe-48aa-aa7b-ad0e6f1296b7,jose46,BI_WH_LARGE,"SELECT * FROM SALES_TRANSACTIONS WHERE created_at >= dateadd('day', -7, current_date())",2.4728482222729036,459050,SUCCESS,
dcdf4a12-fb5c-4ebe-8140-782845964e54,2025-09-04T03:34:00,859c34dd-4540-49a3-b26d-f82b1455d905,oatkinson,BI_WH_X-SMALL,"SELECT COUNT(*) FROM USER_ACTIVITY_LOGS GROUP BY date_trunc('day', created_at)",2.0629247611454153,210750,SUCCESS,
235a36dd-1228-432f-8db6-bd8df06a0d7a,2025-09-04T03:41:00,cea2e75f-1ee1-4b1d-90f5-242f82a02bed,erickennedy,PROD_WH_X-SMALL,"SELECT COUNT(*) FROM SALES_TRANSACTIONS GROUP BY date_trunc('day', created_at)",1.1878483783009508,36999,SUCCESS,
eae2669f-ad80-43f7-b597-56b7a8b401e9,2025-09-04T03:41:00,00f99f6f-5fcc-490a-84f9-6b24911c0b2e,emilyhamilton,ETL_WH_SMALL,"SELECT COUNT(*) FROM MARKETING_CAMPAIGNS GROUP BY date_trunc('day', created_at)",2.5265601659615147,968818,SUCCESS,
18969c31-8bc5-4803-ae67-bf45aa5724b6,2025-09-04T03:50:00,5fb2a072-2bab-4b94-9109-9cbea70c5438,bryancuevas,DEV_WH_LARGE,SELECT * FROM SALES_TRANSACTIONS LIMIT 1000,4.819238712695788,20889,SUCCESS,
ae291831-bec3-438c-b803-5bca4985ef48,2025-09-04T03:50:00,4663d48b-596a-4f39-b714-8d69ac9a7d2a,robert93,PROD_WH_X-SMALL,"SELECT COUNT(*) FROM SALES_TRANSACTIONS GROUP BY date_trunc('day', created_at)",4.244695265740778,532086,SUCCESS,
a4266420-218d-4fbe-9b48-5f1d6b3ed104,2025-09-04T03:57:00,9a7a68c7-1b0c-4669-859f-6d352b1e386f,andrew16,BI_WH_MEDIUM,"SELECT COUNT(*) FROM EMPLOYEE_RECORDS GROUP BY date_trunc('day', created_at)",4.653382248887132,931136,SUCCESS,
5a8ca1f8-e533-452f-b915-1c750f6d7c31,2025-09-04T03:57:00,4b7e389e-8c78-4e72-ab0b-774df43b399e,hardinjennifer,PROD_WH_MEDIUM,"SELECT DISTINCT column1, column2 FROM EMPLOYEE_RECORDS WHERE condition = 'value'",0.39827835908234677,647609,SUCCESS,
103ac102-c2b1-4e0d-99b4-7cedc8056f90,2025-09-04T04:10:00,89e53854-09b7-4b59-8352-a231c51f8687,glarsen,DEV_WH_MEDIUM,SELECT * FROM CUSTOMER_DATA LIMIT 1000,0.5740641271212124,923132,SUCCESS,
1fcdd5c2-6b8d-43d7-9f71-4725ac19ef4c,2025-09-04T04:10:00,5fb2a072-2bab-4b94-9109-9cbea70c5438,bryancuevas,PROD_WH_MEDIUM,"SELECT COUNT(*) FROM SYSTEM_EVENTS GROUP BY date_trunc('day', created_at)",2.1432304130505146,826438,SUCCESS,
07798cca-31f1-425c-80ae-55677bf7ae44,2025-09-04T04:22:00,879c852e-e8e8-45c3-9ead-5fa56c9ecfbc,egarcia,DEV_WH_SMALL,"SELECT COUNT(*) FROM SYSTEM_EVENTS GROUP BY date_trunc('day', created_at)",4.634843596833903,19691,SUCCESS,
6a9ff90c-2440-4065-b086-9a0afc7cfdf3,2025-09-04T04:22:00,879c852e-e8e8-45c3-9ead-5fa56c9ecfbc,egarcia,PROD_WH_MEDIUM,"SELECT DISTINCT column1, column2 FROM CUSTOMER_DATA WHERE condition = 'value'",4.126685392540303,291907,SUCCESS,
1306bfb5-f3bf-44e5-baf3-faa63afb8031,2025-09-04T04:31:00,da0f0f7a-8d2c-4ca9-b82e-cda33fba6610,rachel35,PROD_WH_MEDIUM,"SELECT * FROM USER_ACTIVITY_LOGS WHERE created_at >= dateadd('day', -7, current_date())",1.5409911266307765,419754,SUCCESS,
f1e3e953-7074-47ef-83b8-639a1795708e,2025-09-04T04:31:00,00f99f6f-5fcc-490a-84f9-6b24911c0b2e,emilyhamilton,PROD_WH_LARGE,"SELECT COUNT(*) FROM PRODUCT_INVENTORY GROUP BY date_trunc('day', created_at)",3.6584281883282457,193408,SUCCESS,
f1b03ef0-d6cc-47b5-b74e-cc7a7b91084e,2025-09-04T04:38:00,859c34dd-4540-49a3-b26d-f82b1455d905,oatkinson,ETL_WH_LARGE,SELECT * FROM MARKETING_CAMPAIGNS LIMIT 1000,1.7654823425972195,152666,SUCCESS,
c6710b82-f08f-436b-a76a-f69d12fa0435,2025-09-04T04:38:00,82e7a6a3-1f49-4f5a-8a2a-96e5a654a185,codyoconnor,PROD_WH_X-SMALL,"SELECT DISTINCT column1, column2 FROM PRODUCT_INVENTORY WHERE condition = 'value'",1.9444017233568471,328054,SUCCESS,
2c84f096-ef38-43a0-85d2-f2762b5212c0,2025-09-04T04:49:00,4b7e389e-8c78-4e72-ab0b-774df43b399e,hardinjennifer,PROD_WH_SMALL,SELECT * FROM PRODUCT_INVENTORY LIMIT 1000,1.9259754577476234,357024,SUCCESS,
efa69484-e893-4af2-bb0e-da258361727b,2025-09-04T04:49:00,7cd584de-ca92-465c-8ea8-5f7ad356bee6,danasandoval,DEV_WH_LARGE,"SELECT * FROM SYSTEM_EVENTS WHERE created_at >= dateadd('day', -7, current_date())",0.29380353826717076,636876,SUCCESS,
cf75075a-2108-4d2d-a39f-63bb93108995,2025-09-04T05:00:00,f0c2cfac-cf3b-4053-9e79-a6a4c6bbd187,garciaalison,ETL_WH_SMALL,"SELECT DISTINCT column1, column2 FROM PRODUCT_INVENTORY WHERE condition = 'value'",1.5272558988316443,391416,SUCCESS,
02e33448-46a5-42ee-88db-1c3b8b2b3a9b,2025-09-04T05:00:00,3d8cc43f-0f00-40bd-b8b2-34ac61fc0360,rwilliams,ETL_WH_LARGE,"SELECT * FROM CUSTOMER_DATA WHERE created_at >= dateadd('day', -7, current_date())",0.6937831619331861,751297,SUCCESS,
ebfefb6d-f65a-420c-92d8-470484b8f313,2025-09-04T05:15:00,a3a85592-9f3f-4845-87b8-dd199fcdc3cc,gmoreno,DEV_WH_SMALL,"SELECT DISTINCT column1, column2 FROM EMPLOYEE_RECORDS WHERE condition = 'value'",1.5239894062352308,998076,SUCCESS,
a53f145d-8888-4b5a-a512-dc74605c19ba,2025-09-04T05:15:00,a3a85592-9f3f-4845-87b8-dd199fcdc3cc,gmoreno,ETL_WH_SMALL,"SELECT DISTINCT column1, column2 FROM PRODUCT_INVENTORY WHERE condition = 'value'",3.9755125581999704,136692,SUCCESS,
4d31b727-0da1-4566-8571-4824c025da41,2025-09-04T05:23:00,f22aa1cf-fe8b-4e78-8492-b46e0f46ffda,brandtmisty,PROD_WH_LARGE,SELECT * FROM USER_ACTIVITY_LOGS LIMIT 1000,1.500954820664597,454115,SUCCESS,
1c715bd0-9a49-4baf-81a7-ca3e083daada,2025-09-04T05:23:00,da0f0f7a-8d2c-4ca9-b82e-cda33fba6610,rachel35,PROD_WH_X-SMALL,"SELECT * FROM FINANCIAL_METRICS WHERE created_at >= dateadd('day', -7, current_date())",3.6952485409018254,817530,SUCCESS,
85ae17df-d3a6-4108-868d-b9a07f1b1fd3,2025-09-04T05:29:00,f0c2cfac-cf3b-4053-9e79-a6a4c6bbd187,garciaalison,DEV_WH_X-SMALL,"SELECT DISTINCT column1, column2 FROM EMPLOYEE_RECORDS WHERE condition = 'value'",0.44858381216213905,311174,SUCCESS,
90e6399e-4f5b-460b-9db2-faa17f8d23dd,2025-09-04T05:29:00,82e7a6a3-1f49-4f5a-8a2a-96e5a654a185,codyoconnor,BI_WH_MEDIUM,"SELECT * FROM PRODUCT_INVENTORY WHERE created_at >= dateadd('day', -7, current_date())",0.8796587855129817,793155,SUCCESS,
cd243085-3604-490e-89f5-72b93ca62677,2025-09-04T05:36:00,4bc8b8f2-4d6e-4d5e-8d40-a7b6b3d6bb03,amandamitchell,ETL_WH_MEDIUM,"SELECT COUNT(*) FROM MARKETING_CAMPAIGNS GROUP BY date_trunc('day', created_at)",2.1447724624166584,478902,SUCCESS,
302e748e-8b98-42cc-88e3-0396a021c369,2025-09-04T05:36:00,859c34dd-4540-49a3-b26d-f82b1455d905,oatkinson,ETL_WH_X-SMALL,SELECT * FROM SALES_TRANSACTIONS LIMIT 1000,1.1309878507188091,103042,SUCCESS,
dd462184-a024-4060-b961-2d65811c84ce,2025-09-04T05:48:00,cea2e75f-1ee1-4b1d-90f5-242f82a02bed,erickennedy,PROD_WH_MEDIUM,SELECT * FROM FINANCIAL_METRICS LIMIT 1000,4.479329066471965,891528,SUCCESS,
b574cdbf-fccd-4e11-95b7-a21e47ad0550,2025-09-04T05:48:00,4b7e389e-8c78-4e72-ab0b-774df43b399e,hardinjennifer,DEV_WH_X-SMALL,SELECT * FROM SALES_TRANSACTIONS LIMIT 1000,0.44182860950218483,867981,SUCCESS,
f37feac3-1021-43cb-8950-fea532c26a05,2025-09-04T06:00:00,4bc8b8f2-4d6e-4d5e-8d40-a7b6b3d6bb03,amandamitchell,DEV_WH_X-SMALL,"SELECT COUNT(*) FROM SALES_TRANSACTIONS GROUP BY date_trunc('day', created_at)",2.437527927623326,535568,SUCCESS,
604a8b09-734c-4fa4-b826-be86ae94a6c0,2025-09-04T06:00:00,cea2e75f-1ee1-4b1d-90f5-242f82a02bed,erickennedy,BI_WH_X-SMALL,"SELECT DISTINCT column1, column2 FROM USER_ACTIVITY_LOGS WHERE condition = 'value'",4.385183165719983,737944,SUCCESS,
1cbadcb0-a792-4006-acd0-6963980d4644,2025-09-04T06:09:00,89e53854-09b7-4b59-8352-a231c51f8687,glarsen,BI_WH_LARGE,"SELECT COUNT(*) FROM CUSTOMER_DATA GROUP BY date_trunc('day', created_at)",2.78798437524502,174981,SUCCESS,
e42b786c-35f8-4c7a-999e-1e462a3b0093,2025-09-04T06:09:00,879c852e-e8e8-45c3-9ead-5fa56c9ecfbc,egarcia,DEV_WH_X-SMALL,"SELECT DISTINCT column1, column2 FROM SYSTEM_EVENTS WHERE condition = 'value'",3.5159887132557994,405525,SUCCESS,
1ae30894-a88b-44a1-9f79-7a75beb1195a,2025-09-04T06:23:00,7cd584de-ca92-465c-8ea8-5f7ad356bee6,danasandoval,PROD_WH_SMALL,"SELECT COUNT(*) FROM PRODUCT_INVENTORY GROUP BY date_trunc('day', created_at)",1.5447993623192846,450173,SUCCESS,
5bdb2c40-2efd-450e-97f7-43a983c531f4,2025-09-04T06:23:00,f0c2cfac-cf3b-4053-9e79-a6a4c6bbd187,garciaalison,PROD_WH_MEDIUM,"SELECT COUNT(*) FROM EMPLOYEE_RECORDS GROUP BY date_trunc('day', created_at)",3.0017641945835063,728773,SUCCESS,
3f43d915-1d0d-4638-b499-71f4970b01b1,2025-09-04T06:38:00,4bc8b8f2-4d6e-4d5e-8d40-a7b6b3d6bb03,amandamitchell,DEV_WH_SMALL,"SELECT COUNT(*) FROM SALES_TRANSACTIONS GROUP BY date_trunc('day', created_at)",0.247556169687294,126003,SUCCESS,
49dd75a6-c125-4ec5-b086-175a8995b43d,2025-09-04T06:38:00,00f99f6f-5fcc-490a-84f9-6b24911c0b2e,emilyhamilton,DEV_WH_LARGE,"SELECT * FROM SALES_TRANSACTIONS WHERE created_at >= dateadd('day', -7, current_date())",3.21326388297968,663965,SUCCESS,
f7c287fb-11ed-4d95-b051-0e59bfb3e2c7,2025-09-04T06:48:00,3d8cc43f-0f00-40bd-b8b2-34ac61fc0360,rwilliams,PROD_WH_MEDIUM,"SELECT DISTINCT column1, column2 FROM MARKETING_CAMPAIGNS WHERE condition = 'value'",3.8793235690197747,216509,SUCCESS,
5ca2ba6a-2bed-4f6a-a60b-89ba6c2cf918,2025-09-04T06:48:00,4663d48b-596a-4f39-b714-8d69ac9a7d2a,robert93,DEV_WH_MEDIUM,"SELECT DISTINCT column1, column2 FROM SALES_TRANSACTIONS WHERE condition = 'value'",3.0641022760747765,712985,SUCCESS,
51fa8079-ccfd-4f07-8ef6-1f8bd19ff810,2025-09-04T06:54:00,5fb2a072-2bab-4b94-9109-9cbea70c5438,bryancuevas,DEV_WH_X-SMALL,"SELECT * FROM EMPLOYEE_RECORDS WHERE created_at >= dateadd('day', -7, current_date())",1.465172785908655,153391,SUCCESS,
55db8e1b-89e4-4853-8b38-3be06b30f782,2025-09-04T06:54:00,a3a85592-9f3f-4845-87b8-dd199fcdc3cc,gmoreno,BI_WH_LARGE,"SELECT COUNT(*) FROM FINANCIAL_METRICS GROUP BY date_trunc('day', created_at)",1.194034416527352,759855,SUCCESS,
f911c011-9b66-49ff-ab30-9321e8ecd6ff,2025-09-04T06:59:00,ac5e7ada-2f2f-4292-a0e4-18083982547a,lliu,BI_WH_X-SMALL,"SELECT COUNT(*) FROM PRODUCT_INVENTORY GROUP BY date_trunc('day', created_at)",1.7652573763759116,594176,SUCCESS,
9f5da3c6-3906-446e-807b-96491aafa171,2025-09-04T06:59:00,3d8cc43f-0f00-40bd-b8b2-34ac61fc0360,rwilliams,BI_WH_SMALL,SELECT * FROM PRODUCT_INVENTORY LIMIT 1000,4.626683112320306,595481,SUCCESS,
5f2b5f42-02de-4df7-bedb-934b8a3b5359,2025-09-04T07:14:00,ac5e7ada-2f2f-4292-a0e4-18083982547a,lliu,BI_WH_MEDIUM,"SELECT COUNT(*) FROM USER_ACTIVITY_LOGS GROUP BY date_trunc('day', created_at)",3.5033728267095112,300833,SUCCESS,
8d5c0bbb-2a16-426b-a1e4-e952f417590d,2025-09-04T07:14:00,859c34dd-4540-49a3-b26d-f82b1455d905,oatkinson,PROD_WH_MEDIUM,SELECT * FROM USER_ACTIVITY_LOGS LIMIT 1000,3.715855888990833,297810,SUCCESS,
367f5879-4e5b-4aa8-aaf6-08d24ed78869,2025-09-04T07:24:00,859c34dd-4540-49a3-b26d-f82b1455d905,oatkinson,ETL_WH_MEDIUM,"SELECT DISTINCT column1, column2 FROM SYSTEM_EVENTS WHERE condition = 'value'",1.3792925459089267,499678,SUCCESS,
cb1e1cef-0a6d-4112-97da-a38927501930,2025-09-04T07:24:00,ac5e7ada-2f2f-4292-a0e4-18083982547a,lliu,PROD_WH_MEDIUM,SELECT * FROM FINANCIAL_METRICS LIMIT 1000,3.935070225279962,383701,SUCCESS,
04c0ca34-9c4d-457b-9a2d-5b9be96d8d4e,2025-09-04T07:33:00,f22aa1cf-fe8b-4e78-8492-b46e0f46ffda,brandtmisty,BI_WH_X-SMALL,"SELECT DISTINCT column1, column2 FROM SALES_TRANSACTIONS WHERE condition = 'value'",1.2636559466563513,804409,SUCCESS,
82770dd3-4e90-40bd-b3a1-6d3aa7d4fc94,2025-09-04T07:33:00,f22aa1cf-fe8b-4e78-8492-b46e0f46ffda,brandtmisty,PROD_WH_LARGE,SELECT * FROM MARKETING_CAMPAIGNS LIMIT 1000,2.8112127612320577,909783,SUCCESS,
7a28845d-bc65-4ee8-957a-68fe26dcb87c,2025-09-04T07:44:00,da0f0f7a-8d2c-4ca9-b82e-cda33fba6610,rachel35,ETL_WH_LARGE,"SELECT * FROM MARKETING_CAMPAIGNS WHERE created_at >= dateadd('day', -7, current_date())",4.846213270586655,992413,SUCCESS,
04653ba5-260c-4edb-972d-90ad38b444e0,2025-09-04T07:44:00,f0c2cfac-cf3b-4053-9e79-a6a4c6bbd187,garciaalison,BI_WH_LARGE,"SELECT COUNT(*) FROM SALES_TRANSACTIONS GROUP BY date_trunc('day', created_at)",0.37525545906520064,227772,SUCCESS,
e30286be-12e2-4c5a-bea4-ef9d7ec494aa,2025-09-04T07:53:00,a3a85592-9f3f-4845-87b8-dd199fcdc3cc,gmoreno,ETL_WH_MEDIUM,"SELECT DISTINCT column1, column2 FROM FINANCIAL_METRICS WHERE condition = 'value'",0.35475521428416534,463082,SUCCESS,
3d49bb37-4fe6-428f-8d57-28260b3ccb2f,2025-09-04T07:53:00,4bc8b8f2-4d6e-4d5e-8d40-a7b6b3d6bb03,amandamitchell,ETL_WH_MEDIUM,"SELECT COUNT(*) FROM USER_ACTIVITY_LOGS GROUP BY date_trunc('day', created_at)",1.956525715767246,127995,SUCCESS,
1f61d3fd-e3f9-4e31-8653-19fe46601c02,2025-09-04T08:01:00,82e7a6a3-1f49-4f5a-8a2a-96e5a654a185,codyoconnor,DEV_WH_X-SMALL,SELECT * FROM PRODUCT_INVENTORY LIMIT 1000,2.983862810228232,885828,SUCCESS,
d1969756-0bee-4d27-baac-99032a550459,2025-09-04T08:01:00,00f99f6f-5fcc-490a-84f9-6b24911c0b2e,emilyhamilton,DEV_WH_X-SMALL,"SELECT COUNT(*) FROM MARKETING_CAMPAIGNS GROUP BY date_trunc('day', created_at)",2.023344452628499,636677,SUCCESS,
c799bee7-360d-434b-896a-56a24e9cc782,2025-09-04T08:08:00,82e7a6a3-1f49-4f5a-8a2a-96e5a654a185,codyoconnor,ETL_WH_X-SMALL,"SELECT * FROM PRODUCT_INVENTORY WHERE created_at >= dateadd('day', -7, current_date())",3.242514016176358,372296,SUCCESS,
8fdc22a9-7536-4502-9d46-0dba7726b2ea,2025-09-04T08:08:00,859c34dd-4540-49a3-b26d-f82b1455d905,oatkinson,PROD_WH_LARGE,"SELECT DISTINCT column1, column2 FROM PRODUCT_INVENTORY WHERE condition = 'value'",4.833776989134496,487815,SUCCESS,
a7fd3b4c-f532-45d8-94bf-a8392528796f,2025-09-04T08:17:00,f22aa1cf-fe8b-4e78-8492-b46e0f46ffda,brandtmisty,PROD_WH_LARGE,"SELECT * FROM MARKETING_CAMPAIGNS WHERE created_at >= dateadd('day', -7, current_date())",3.7930329241317446,17602,SUCCESS,
1834cf65-b31f-4d3a-b17e-b528f7618c95,2025-09-04T08:17:00,859c34dd-4540-49a3-b26d-f82b1455d905,oatkinson,ETL_WH_X-SMALL,"SELECT COUNT(*) FROM SALES_TRANSACTIONS GROUP BY date_trunc('day', created_at)",3.5060188866646826,914215,SUCCESS,
b122e70d-1377-4c83-ab67-fa94aa004c7b,2025-09-04T08:26:00,82e7a6a3-1f49-4f5a-8a2a-96e5a654a185,codyoconnor,ETL_WH_SMALL,"SELECT DISTINCT column1, column2 FROM MARKETING_CAMPAIGNS WHERE condition = 'value'",1.8641592820955244,826558,SUCCESS,
c13490e1-2607-4bd9-8c8e-5cd7265b3526,2025-09-04T08:26:00,00f99f6f-5fcc-490a-84f9-6b24911c0b2e,emilyhamilton,DEV_WH_X-SMALL,"SELECT * FROM MARKETING_CAMPAIGNS WHERE created_at >= dateadd('day', -7, current_date())",2.0997929656479344,583008,SUCCESS,
2ee4d8a7-9f0b-4c3a-9707-5474ef66460b,2025-09-04T08:36:00,00f99f6f-5fcc-490a-84f9-6b24911c0b2e,emilyhamilton,PROD_WH_X-SMALL,"SELECT * FROM MARKETING_CAMPAIGNS WHERE created_at >= dateadd('day', -7, current_date())",2.130655956229114,789888,SUCCESS,
ef98854c-5f8c-4709-8522-5cc828bc3a69,2025-09-04T08:36:00,cea2e75f-1ee1-4b1d-90f5-242f82a02bed,erickennedy,DEV_WH_SMALL,"SELECT COUNT(*) FROM PRODUCT_INVENTORY GROUP BY date_trunc('day', created_at)",2.839412978602635,587579,SUCCESS,
89e4a014-2e9a-4c6f-a8b3-0229346ff46f,2025-09-04T08:46:00,f22aa1cf-fe8b-4e78-8492-b46e0f46ffda,brandtmisty,DEV_WH_SMALL,SELECT * FROM MARKETING_CAMPAIGNS LIMIT 1000,4.433938980305573,807886,SUCCESS,
8957c98a-ec89-477e-8196-7dc89a8d3641,2025-09-04T08:46:00,7cd584de-ca92-465c-8ea8-5f7ad356bee6,danasandoval,DEV_WH_X-SMALL,"SELECT COUNT(*) FROM MARKETING_CAMPAIGNS GROUP BY date_trunc('day', created_at)",2.4602380668376247,748742,SUCCESS,
7cc979dd-fd2b-4e41-8636-b84add94be83,2025-09-04T08:59:00,cea2e75f-1ee1-4b1d-90f5-242f82a02bed,erickennedy,ETL_WH_X-SMALL,"SELECT COUNT(*) FROM FINANCIAL_METRICS GROUP BY date_trunc('day', created_at)",0.23464981705882304,904772,SUCCESS,
246fdb19-d1ec-4196-8f1b-a6dafdada455,2025-09-04T08:59:00,859c34dd-4540-49a3-b26d-f82b1455d905,oatkinson,DEV_WH_LARGE,SELECT * FROM CUSTOMER_DATA LIMIT 1000,3.0958261434527565,178198,SUCCESS,
5ed3ed00-7eae-463f-8df7-60a15bcfcc28,2025-09-04T09:14:00,879c852e-e8e8-45c3-9ead-5fa56c9ecfbc,egarcia,DEV_WH_MEDIUM,"SELECT * FROM PRODUCT_INVENTORY WHERE created_at >= dateadd('day', -7, current_date())",3.1358213831487025,158094,SUCCESS,
fc0ca832-b389-434d-a69d-8ce72511e809,2025-09-04T09:14:00,7cd584de-ca92-465c-8ea8-5f7ad356bee6,danasandoval,ETL_WH_LARGE,"SELECT DISTINCT column1, column2 FROM EMPLOYEE_RECORDS WHERE condition = 'value'",1.3271837524467864,88734,SUCCESS,
10df3d85-b0bb-4038-9359-513293f63ae4,2025-09-04T09:14:00,859c34dd-4540-49a3-b26d-f82b1455d905,oatkinson,PROD_WH_X-SMALL,"SELECT DISTINCT column1, column2 FROM CUSTOMER_DATA WHERE condition = 'value'",1.229126715775478,388229,SUCCESS,
df31e1fd-792e-4a64-971d-0f814d0de794,2025-09-04T09:14:00,f22aa1cf-fe8b-4e78-8492-b46e0f46ffda,brandtmisty,BI_WH_X-SMALL,SELECT * FROM EMPLOYEE_RECORDS LIMIT 1000,3.1169085670942036,816029,SUCCESS,
c1353d15-ccfb-405c-86f7-b0c22ee2ce4d,2025-09-04T09:14:00,f0c2cfac-cf3b-4053-9e79-a6a4c6bbd187,garciaalison,DEV_WH_SMALL,"SELECT DISTINCT column1, column2 FROM SYSTEM_EVENTS WHERE condition = 'value'",4.19770984641823,575835,SUCCESS,
47f23681-84ad-4364-826f-4e8b47081712,2025-09-04T09:14:00,b92c2609-888c-471e-bf61-4363556df9d8,frank26,ETL_WH_X-SMALL,SELECT * FROM CUSTOMER_DATA LIMIT 1000,2.7175140179722885,489657,SUCCESS,
29d3aa52-6184-49fd-bdc0-239278e0295c,2025-09-04T09:14:00,9a7a68c7-1b0c-4669-859f-6d352b1e386f,andrew16,DEV_WH_SMALL,"SELECT DISTINCT column1, column2 FROM CUSTOMER_DATA WHERE condition = 'value'",2.8174498786496995,585944,SUCCESS,
1a341ab9-78c3-43c7-8ff2-d34b9e0195f3,2025-09-04T09:14:00,f0c2cfac-cf3b-4053-9e79-a6a4c6bbd187,garciaalison,PROD_WH_LARGE,SELECT * FROM USER_ACTIVITY_LOGS LIMIT 1000,3.193886409855504,411037,SUCCESS,
bfadcc14-fab4-4917-b789-a6b485c7b9f0,2025-09-04T09:14:00,da0f0f7a-8d2c-4ca9-b82e-cda33fba6610,rachel35,ETL_WH_LARGE,"SELECT * FROM FINANCIAL_METRICS WHERE created_at >= dateadd('day', -7, current_date())",1.109437126185216,802780,SUCCESS,
49eda986-8e14-420b-88ee-0c097308076e,2025-09-04T09:14:00,89e53854-09b7-4b59-8352-a231c51f8687,glarsen,PROD_WH_LARGE,"SELECT COUNT(*) FROM CUSTOMER_DATA GROUP BY date_trunc('day', created_at)",0.1850835272029646,332284,SUCCESS,
afb7689a-9af4-4f98-8da7-d3d8a2709cf8,2025-09-04T09:28:00,82e7a6a3-1f49-4f5a-8a2a-96e5a654a185,codyoconnor,DEV_WH_X-SMALL,"SELECT * FROM SALES_TRANSACTIONS WHERE created_at >= dateadd('day', -7, current_date())",4.200621041607715,860538,SUCCESS,
54d2944a-9037-4b8b-8fde-51b1412740c3,2025-09-04T09:28:00,9a7a68c7-1b0c-4669-859f-6d352b1e386f,andrew16,DEV_WH_X-SMALL,"SELECT DISTINCT column1, column2 FROM CUSTOMER_DATA WHERE condition = 'value'",4.401439942008125,462180,SUCCESS,
fbffed78-3a62-41e9-9a1a-87aded03e985,2025-09-04T09:28:00,cea2e75f-1ee1-4b1d-90f5-242f82a02bed,erickennedy,ETL_WH_MEDIUM,"SELECT * FROM PRODUCT_INVENTORY WHERE created_at >= dateadd('day', -7, current_date())",0.371021272148212,691846,SUCCESS,
a71f2757-a143-4fcb-87db-db81e273dc3d,2025-09-04T09:28:00,879c852e-e8e8-45c3-9ead-5fa56c9ecfbc,egarcia,BI_WH_SMALL,"SELECT COUNT(*) FROM MARKETING_CAMPAIGNS GROUP BY date_trunc('day', created_at)",0.7875030739405655,428728,SUCCESS,
5c562453-9314-49a9-bbd2-ddfd5120b7a6,2025-09-04T09:28:00,57eba2d7-a4fe-48aa-aa7b-ad0e6f1296b7,jose46,BI_WH_X-SMALL,SELECT * FROM FINANCIAL_METRICS LIMIT 1000,2.7721522954502,315152,SUCCESS,
093e6311-a72e-4a8d-92c0-d96b2cb1b34a,2025-09-04T09:28:00,b92c2609-888c-471e-bf61-4363556df9d8,frank26,DEV_WH_LARGE,"SELECT COUNT(*) FROM USER_ACTIVITY_LOGS GROUP BY date_trunc('day', created_at)",0.7636508704495816,104471,SUCCESS,
d629700f-8551-45f6-90a4-739c0df8bf9d,2025-09-04T09:28:00,f22aa1cf-fe8b-4e78-8492-b46e0f46ffda,brandtmisty,ETL_WH_LARGE,"SELECT * FROM MARKETING_CAMPAIGNS WHERE created_at >= dateadd('day', -7, current_date())",4.592698296634972,748343,SUCCESS,
de53d725-63cf-4659-a2ed-748efbef3bb9,2025-09-04T09:28:00,9a7a68c7-1b0c-4669-859f-6d352b1e386f,andrew16,ETL_WH_MEDIUM,"SELECT * FROM SALES_TRANSACTIONS WHERE created_at >= dateadd('day', -7, current_date())",4.21902050982838,626269,SUCCESS,
83d7cb4d-e3a0-4a43-bfaa-b64339d2bdf4,2025-09-04T09:28:00,879c852e-e8e8-45c3-9ead-5fa56c9ecfbc,egarcia,PROD_WH_X-SMALL,SELECT * FROM EMPLOYEE_RECORDS LIMIT 1000,1.832654670817015,81696,SUCCESS,
077ec17b-264e-4a85-b8ab-e5175e260e1c,2025-09-04T09:28:00,7cd584de-ca92-465c-8ea8-5f7ad356bee6,danasandoval,DEV_WH_SMALL,"SELECT COUNT(*) FROM PRODUCT_INVENTORY GROUP BY date_trunc('day', created_at)",1.6546513652043873,227387,SUCCESS,
b4f403ab-67a8-4110-a5b5-3377877d9d8d,2025-09-04T09:43:00,57eba2d7-a4fe-48aa-aa7b-ad0e6f1296b7,jose46,DEV_WH_X-SMALL,"SELECT COUNT(*) FROM SYSTEM_EVENTS GROUP BY date_trunc('day', created_at)",0.7257417654873406,299445,SUCCESS,
89794c3b-a5ee-47e3-9fc3-cd0f067bda0c,2025-09-04T09:43:00,f0c2cfac-cf3b-4053-9e79-a6a4c6bbd187,garciaalison,DEV_WH_X-SMALL,"SELECT COUNT(*) FROM FINANCIAL_METRICS GROUP BY date_trunc('day', created_at)",3.489569914101335,354029,SUCCESS,
038432ab-d472-4138-aaed-6f9c44e9c724,2025-09-04T09:43:00,89e53854-09b7-4b59-8352-a231c51f8687,glarsen,ETL_WH_SMALL,"SELECT * FROM USER_ACTIVITY_LOGS WHERE created_at >= dateadd('day', -7, current_date())",4.758878879203152,840825,SUCCESS,
bb778ddc-ca3f-4b8a-a1aa-f9a37fe98062,2025-09-04T09:43:00,00f99f6f-5fcc-490a-84f9-6b24911c0b2e,emilyhamilton,PROD_WH_MEDIUM,SELECT * FROM USER_ACTIVITY_LOGS LIMIT 1000,0.8084810410288827,820811,SUCCESS,
0f1d56be-b539-42e3-963f-f5b84cffc98c,2025-09-04T09:43:00,859c34dd-4540-49a3-b26d-f82b1455d905,oatkinson,DEV_WH_LARGE,SELECT * FROM MARKETING_CAMPAIGNS LIMIT 1000,3.644180340334602,946819,SUCCESS,
456a8cff-0676-47d6-9b21-311ed6c1cf67,2025-09-04T09:43:00,57eba2d7-a4fe-48aa-aa7b-ad0e6f1296b7,jose46,DEV_WH_SMALL,"SELECT COUNT(*) FROM CUSTOMER_DATA GROUP BY date_trunc('day', created_at)",1.8843772633120546,480485,SUCCESS,
315a06f0-594c-4d8e-9d10-3171659ddb72,2025-09-04T09:43:00,4bc8b8f2-4d6e-4d5e-8d40-a7b6b3d6bb03,amandamitchell,BI_WH_SMALL,SELECT * FROM CUSTOMER_DATA LIMIT 1000,0.3140979807643007,925900,SUCCESS,
644f8b8b-5d43-4ef0-b538-837ad054e6a1,2025-09-04T09:43:00,3d8cc43f-0f00-40bd-b8b2-34ac61fc0360,rwilliams,BI_WH_X-SMALL,"SELECT COUNT(*) FROM SYSTEM_EVENTS GROUP BY date_trunc('day', created_at)",4.615531307006629,128570,SUCCESS,
a32089b8-3681-4de4-8b8a-432ea0e31e4c,2025-09-04T09:43:00,57eba2d7-a4fe-48aa-aa7b-ad0e6f1296b7,jose46,DEV_WH_X-SMALL,"SELECT * FROM PRODUCT_INVENTORY WHERE created_at >= dateadd('day', -7, current_date())",1.3202703041093415,539271,SUCCESS,
1accee2e-5e30-41f1-9fef-ef0368829c5c,2025-09-04T09:43:00,3d8cc43f-0f00-40bd-b8b2-34ac61fc0360,rwilliams,ETL_WH_SMALL,"SELECT COUNT(*) FROM SALES_TRANSACTIONS GROUP BY date_trunc('day', created_at)",1.245501985971703,725721,SUCCESS,
8bf1d792-c3cd-4e6c-ab3a-30da50d3133c,2025-09-04T09:50:00,82e7a6a3-1f49-4f5a-8a2a-96e5a654a185,codyoconnor,BI_WH_MEDIUM,SELECT * FROM MARKETING_CAMPAIGNS LIMIT 1000,0.38958446445517925,103331,SUCCESS,
72e373d7-04d4-40a4-b5de-e3abad31ba46,2025-09-04T09:50:00,a3a85592-9f3f-4845-87b8-dd199fcdc3cc,gmoreno,BI_WH_SMALL,SELECT * FROM PRODUCT_INVENTORY LIMIT 1000,0.155276613745453,515563,SUCCESS,
122f96b7-9926-4309-bd9f-6b05426cbfbb,2025-09-04T09:50:00,ac5e7ada-2f2f-4292-a0e4-18083982547a,lliu,PROD_WH_X-SMALL,"SELECT COUNT(*) FROM SALES_TRANSACTIONS GROUP BY date_trunc('day', created_at)",3.125338147304754,906549,SUCCESS,
8649a840-a24e-4ef6-aaa6-da4972b6951d,2025-09-04T09:50:00,3d8cc43f-0f00-40bd-b8b2-34ac61fc0360,rwilliams,BI_WH_SMALL,"SELECT DISTINCT column1, column2 FROM USER_ACTIVITY_LOGS WHERE condition = 'value'",1.8350746950719559,639330,SUCCESS,
1c1eb3d2-755d-4ced-8d6a-761e627eae15,2025-09-04T09:50:00,a3a85592-9f3f-4845-87b8-dd199fcdc3cc,gmoreno,BI_WH_LARGE,"SELECT COUNT(*) FROM FINANCIAL_METRICS GROUP BY date_trunc('day', created_at)",1.991388644525004,273961,SUCCESS,
53f58856-4f56-483d-9eed-facef0dae78e,2025-09-04T09:50:00,ac5e7ada-2f2f-4292-a0e4-18083982547a,lliu,ETL_WH_SMALL,"SELECT DISTINCT column1, column2 FROM CUSTOMER_DATA WHERE condition = 'value'",2.1261243233608345,184560,SUCCESS,
bdc12608-08d9-4ba2-96df-cb0e58e735fd,2025-09-04T09:50:00,a3a85592-9f3f-4845-87b8-dd199fcdc3cc,gmoreno,PROD_WH_MEDIUM,"SELECT * FROM FINANCIAL_METRICS WHERE created_at >= dateadd('day', -7, current_date())",1.4603447751790055,993660,SUCCESS,
183b6399-f7fa-4144-b2de-0bdacea439ae,2025-09-04T09:50:00,cea2e75f-1ee1-4b1d-90f5-242f82a02bed,erickennedy,BI_WH_MEDIUM,"SELECT COUNT(*) FROM SALES_TRANSACTIONS GROUP BY date_trunc('day', created_at)",2.625710559851031,775710,SUCCESS,
c5291994-d956-4be8-bdd3-2f0ff1558c57,2025-09-04T09:50:00,cea2e75f-1ee1-4b1d-90f5-242f82a02bed,erickennedy,ETL_WH_MEDIUM,"SELECT COUNT(*) FROM USER_ACTIVITY_LOGS GROUP BY date_trunc('day', created_at)",3.314806107033429,865136,SUCCESS,
3bfb3b21-265b-4b18-a858-1db8619db53b,2025-09-04T09:50:00,4663d48b-596a-4f39-b714-8d69ac9a7d2a,robert93,DEV_WH_X-SMALL,"SELECT COUNT(*) FROM SYSTEM_EVENTS GROUP BY date_trunc('day', created_at)",0.3185147914616145,503914,SUCCESS,
56c87e02-2f4d-405c-a8fc-acdc7b56afa7,2025-09-04T10:05:00,3d8cc43f-0f00-40bd-b8b2-34ac61fc0360,rwilliams,DEV_WH_SMALL,"SELECT * FROM CUSTOMER_DATA WHERE created_at >= dateadd('day', -7, current_date())",1.2906697229901627,612158,SUCCESS,
9de986b3-c019-4f33-bf88-2aa073e33995,2025-09-04T10:05:00,7cd584de-ca92-465c-8ea8-5f7ad356bee6,danasandoval,ETL_WH_LARGE,"SELECT * FROM MARKETING_CAMPAIGNS WHERE created_at >= dateadd('day', -7, current_date())",4.2731565704723495,882626,SUCCESS,
c70c2373-6041-4a87-b373-a357c48cb5d1,2025-09-04T10:05:00,f22aa1cf-fe8b-4e78-8492-b46e0f46ffda,brandtmisty,ETL_WH_LARGE,"SELECT * FROM FINANCIAL_METRICS WHERE created_at >= dateadd('day', -7, current_date())",3.5269191277823286,107517,SUCCESS,
93baeb00-982e-4a9d-9965-6e9872af8829,2025-09-04T10:05:00,82e7a6a3-1f49-4f5a-8a2a-96e5a654a185,codyoconnor,PROD_WH_MEDIUM,"SELECT COUNT(*) FROM EMPLOYEE_RECORDS GROUP BY date_trunc('day', created_at)",1.9174137081422147,24535,SUCCESS,
9a4f81c3-3d14-4347-8dda-93ced9056c85,2025-09-04T10:05:00,89e53854-09b7-4b59-8352-a231c51f8687,glarsen,PROD_WH_LARGE,SELECT * FROM SYSTEM_EVENTS LIMIT 1000,2.9423156333620617,72422,SUCCESS,
d425f24a-8be9-40f6-a213-f49ba1983ee7,2025-09-04T10:05:00,da0f0f7a-8d2c-4ca9-b82e-cda33fba6610,rachel35,PROD_WH_LARGE,"SELECT DISTINCT column1, column2 FROM CUSTOMER_DATA WHERE condition = 'value'",1.0617208146471706,692796,SUCCESS,
e06fc6da-bd04-4a58-b134-564a12935392,2025-09-04T10:05:00,4bc8b8f2-4d6e-4d5e-8d40-a7b6b3d6bb03,amandamitchell,ETL_WH_X-SMALL,"SELECT COUNT(*) FROM EMPLOYEE_RECORDS GROUP BY date_trunc('day', created_at)",1.009918652813058,980068,SUCCESS,
9c22ac4b-3e2f-46a5-b955-9544a93378b8,2025-09-04T10:05:00,9a7a68c7-1b0c-4669-859f-6d352b1e386f,andrew16,ETL_WH_LARGE,"SELECT DISTINCT column1, column2 FROM SALES_TRANSACTIONS WHERE condition = 'value'",0.23553070866717474,978638,SUCCESS,
31ed068b-5091-4065-8eeb-1bb4b4a40c2d,2025-09-04T10:05:00,da0f0f7a-8d2c-4ca9-b82e-cda33fba6610,rachel35,BI_WH_X-SMALL,"SELECT * FROM MARKETING_CAMPAIGNS WHERE created_at >= dateadd('day', -7, current_date())",4.873286172111159,636571,SUCCESS,
3b842738-d871-4521-9bdf-942d59333ba2,2025-09-04T10:05:00,4bc8b8f2-4d6e-4d5e-8d40-a7b6b3d6bb03,amandamitchell,ETL_WH_MEDIUM,"SELECT DISTINCT column1, column2 FROM EMPLOYEE_RECORDS WHERE condition = 'value'",2.9785979290409643,14697,SUCCESS,
715fd555-2783-426c-bf69-cc295d57ba71,2025-09-04T10:10:00,a3a85592-9f3f-4845-87b8-dd199fcdc3cc,gmoreno,BI_WH_SMALL,SELECT * FROM CUSTOMER_DATA LIMIT 1000,1.0905540419140038,694320,SUCCESS,
57086af3-d8ba-4418-aa3f-4d6b9f9e5161,2025-09-04T10:10:00,da0f0f7a-8d2c-4ca9-b82e-cda33fba6610,rachel35,BI_WH_SMALL,"SELECT DISTINCT column1, column2 FROM PRODUCT_INVENTORY WHERE condition = 'value'",2.9365569712516777,28332,SUCCESS,
66787e29-6cc2-4c4d-8bea-2a6d855ecefe,2025-09-04T10:10:00,da0f0f7a-8d2c-4ca9-b82e-cda33fba6610,rachel35,PROD_WH_LARGE,"SELECT * FROM CUSTOMER_DATA WHERE created_at >= dateadd('day', -7, current_date())",2.346267833817451,927872,SUCCESS,
8e2df6e1-da0c-4646-be6a-a0e9bec9826b,2025-09-04T10:10:00,ac5e7ada-2f2f-4292-a0e4-18083982547a,lliu,BI_WH_LARGE,"SELECT COUNT(*) FROM MARKETING_CAMPAIGNS GROUP BY date_trunc('day', created_at)",3.964196017636646,866024,SUCCESS,
0a5b8742-347a-48dd-a6d0-2887c16b36d3,2025-09-04T10:10:00,cea2e75f-1ee1-4b1d-90f5-242f82a02bed,erickennedy,PROD_WH_LARGE,"SELECT * FROM EMPLOYEE_RECORDS WHERE created_at >= dateadd('day', -7, current_date())",1.4663050676073586,490803,SUCCESS,
04cdc98a-9a51-4516-a1ae-b1b9d117349c,2025-09-04T10:10:00,f0c2cfac-cf3b-4053-9e79-a6a4c6bbd187,garciaalison,PROD_WH_LARGE,"SELECT DISTINCT column1, column2 FROM MARKETING_CAMPAIGNS WHERE condition = 'value'",2.7036625778673846,196388,SUCCESS,
71b29abd-0538-4d26-acad-21bfe2b5eecd,2025-09-04T10:10:00,4663d48b-596a-4f39-b714-8d69ac9a7d2a,robert93,DEV_WH_SMALL,"SELECT * FROM SALES_TRANSACTIONS WHERE created_at >= dateadd('day', -7, current_date())",2.193111079293643,124911,SUCCESS,
05df67d2-a2f9-4447-95ec-16a88a530e11,2025-09-04T10:10:00,4bc8b8f2-4d6e-4d5e-8d40-a7b6b3d6bb03,amandamitchell,DEV_WH_SMALL,"SELECT * FROM SALES_TRANSACTIONS WHERE created_at >= dateadd('day', -7, current_date())",0.48286473485373305,505985,SUCCESS,
f5561022-7447-4a04-b701-82eab41ae0bf,2025-09-04T10:10:00,4bc8b8f2-4d6e-4d5e-8d40-a7b6b3d6bb03,amandamitchell,PROD_WH_SMALL,"SELECT COUNT(*) FROM FINANCIAL_METRICS GROUP BY date_trunc('day', created_at)",0.6706848528667275,224259,SUCCESS,
50480d6e-d044-4272-9fbc-8d7a6dcf78ce,2025-09-04T10:10:00,ac5e7ada-2f2f-4292-a0e4-18083982547a,lliu,ETL_WH_X-SMALL,"SELECT DISTINCT column1, column2 FROM MARKETING_CAMPAIGNS WHERE condition = 'value'",3.221173214965382,971283,SUCCESS,
f6898583-ce67-412b-a9ee-bafdccf6f7c8,2025-09-04T10:25:00,ac5e7ada-2f2f-4292-a0e4-18083982547a,lliu,DEV_WH_SMALL,"SELECT COUNT(*) FROM SALES_TRANSACTIONS GROUP BY date_trunc('day', created_at)",3.899706927211107,21120,SUCCESS,
981314cc-596a-4dec-8bfe-e5bed2a107ea,2025-09-04T10:25:00,00f99f6f-5fcc-490a-84f9-6b24911c0b2e,emilyhamilton,ETL_WH_SMALL,"SELECT DISTINCT column1, column2 FROM EMPLOYEE_RECORDS WHERE condition = 'value'",0.6665563344664958,226334,SUCCESS,
4868e05e-d9e2-410c-9d2c-66a28ab302a0,2025-09-04T10:25:00,ac5e7ada-2f2f-4292-a0e4-18083982547a,lliu,BI_WH_MEDIUM,SELECT * FROM USER_ACTIVITY_LOGS LIMIT 1000,3.546331987201379,55202,SUCCESS,
4012d4a1-e9df-49ce-8716-d33ebeab1dd3,2025-09-04T10:25:00,879c852e-e8e8-45c3-9ead-5fa56c9ecfbc,egarcia,BI_WH_X-SMALL,SELECT * FROM USER_ACTIVITY_LOGS LIMIT 1000,2.099154637871376,860122,SUCCESS,
94f45bcc-22ae-413a-835c-9f344b671e75,2025-09-04T10:25:00,5fb2a072-2bab-4b94-9109-9cbea70c5438,bryancuevas,PROD_WH_X-SMALL,SELECT * FROM EMPLOYEE_RECORDS LIMIT 1000,2.070306496466469,332280,SUCCESS,
2fa3cdca-fe3e-4cd2-8857-5d9db316608f,2025-09-04T10:25:00,4bc8b8f2-4d6e-4d5e-8d40-a7b6b3d6bb03,amandamitchell,BI_WH_SMALL,"SELECT COUNT(*) FROM EMPLOYEE_RECORDS GROUP BY date_trunc('day', created_at)",2.9846995174544095,370902,SUCCESS,
1ff5c093-a069-4682-9b74-b2ee4c0e1e0d,2025-09-04T10:25:00,cea2e75f-1ee1-4b1d-90f5-242f82a02bed,erickennedy,PROD_WH_X-SMALL,"SELECT COUNT(*) FROM SYSTEM_EVENTS GROUP BY date_trunc('day', created_at)",0.3569523729906212,890187,SUCCESS,
dc881a67-36f6-45d4-8c2d-e9ee73cedb3e,2025-09-04T10:25:00,b92c2609-888c-471e-bf61-4363556df9d8,frank26,BI_WH_SMALL,"SELECT DISTINCT column1, column2 FROM MARKETING_CAMPAIGNS WHERE condition = 'value'",2.2571180790079968,968203,SUCCESS,
635a8274-66b8-4939-9c7b-eeee6960d97e,2025-09-04T10:25:00,5fb2a072-2bab-4b94-9109-9cbea70c5438,bryancuevas,PROD_WH_LARGE,"SELECT COUNT(*) FROM SALES_TRANSACTIONS GROUP BY date_trunc('day', created_at)",2.4256125398138857,21601,SUCCESS,
760bbbb8-53f7-4eb0-9b87-47b3678db96e,2025-09-04T10:25:00,00f99f6f-5fcc-490a-84f9-6b24911c0b2e,emilyhamilton,ETL_WH_LARGE,"SELECT COUNT(*) FROM USER_ACTIVITY_LOGS GROUP BY date_trunc('day', created_at)",0.5289260221016149,816969,SUCCESS,
98501f83-a050-4030-9d55-38957ef63f16,2025-09-04T10:39:00,879c852e-e8e8-45c3-9ead-5fa56c9ecfbc,egarcia,BI_WH_X-SMALL,"SELECT DISTINCT column1, column2 FROM CUSTOMER_DATA WHERE condition = 'value'",4.378573383245759,468977,SUCCESS,
6c6dfecb-78ff-4a5f-bd37-127bc929ec64,2025-09-04T10:39:00,00f99f6f-5fcc-490a-84f9-6b24911c0b2e,emilyhamilton,PROD_WH_X-SMALL,SELECT * FROM PRODUCT_INVENTORY LIMIT 1000,3.155826952861013,476413,SUCCESS,
4de64cb6-33be-4506-ad93-48482ede7699,2025-09-04T10:39:00,cea2e75f-1ee1-4b1d-90f5-242f82a02bed,erickennedy,DEV_WH_LARGE,"SELECT DISTINCT column1, column2 FROM SYSTEM_EVENTS WHERE condition = 'value'",3.059382665483561,548494,SUCCESS,
3658db5b-3497-4084-ab9c-de7b3de38a0f,2025-09-04T10:39:00,57eba2d7-a4fe-48aa-aa7b-ad0e6f1296b7,jose46,ETL_WH_X-SMALL,SELECT * FROM EMPLOYEE_RECORDS LIMIT 1000,4.088919931172373,556376,SUCCESS,
6152f34f-164c-45e8-af6f-84205bca98c5,2025-09-04T10:39:00,3d8cc43f-0f00-40bd-b8b2-34ac61fc0360,rwilliams,DEV_WH_X-SMALL,"SELECT DISTINCT column1, column2 FROM PRODUCT_INVENTORY WHERE condition = 'value'",3.5227150180749907,353935,SUCCESS,
ea1903e3-8948-4044-aab8-56d026bf876e,2025-09-04T10:39:00,3d8cc43f-0f00-40bd-b8b2-34ac61fc0360,rwilliams,DEV_WH_SMALL,SELECT * FROM SALES_TRANSACTIONS LIMIT 1000,3.347301940007478,969603,SUCCESS,
ef074bc5-acb4-4eab-b915-b658dd1282d2,2025-09-04T10:39:00,a3a85592-9f3f-4845-87b8-dd199fcdc3cc,gmoreno,BI_WH_SMALL,"SELECT * FROM SALES_TRANSACTIONS WHERE created_at >= dateadd('day', -7, current_date())",0.8841711294445509,770499,SUCCESS,
5c361b20-80a6-44bc-850b-478c2a1258f1,2025-09-04T10:39:00,5fb2a072-2bab-4b94-9109-9cbea70c5438,bryancuevas,DEV_WH_X-SMALL,SELECT * FROM EMPLOYEE_RECORDS LIMIT 1000,3.865119526097489,6314,SUCCESS,
bc2a5d36-7977-4403-9ca9-8b458896777c,2025-09-04T10:39:00,cea2e75f-1ee1-4b1d-90f5-242f82a02bed,erickennedy,PROD_WH_MEDIUM,"SELECT COUNT(*) FROM CUSTOMER_DATA GROUP BY date_trunc('day', created_at)",4.901078074633261,648541,SUCCESS,
5ae9f82d-fd07-4b83-a0bc-b1b35e04ae10,2025-09-04T10:39:00,f22aa1cf-fe8b-4e78-8492-b46e0f46ffda,brandtmisty,BI_WH_SMALL,"SELECT COUNT(*) FROM MARKETING_CAMPAIGNS GROUP BY date_trunc('day', created_at)",4.4819127556529965,364657,SUCCESS,
0596c893-db6d-4e38-9856-e56048386023,2025-09-04T10:45:00,89e53854-09b7-4b59-8352-a231c51f8687,glarsen,PROD_WH_SMALL,"SELECT COUNT(*) FROM SYSTEM_EVENTS GROUP BY date_trunc('day', created_at)",3.844564591207228,945991,SUCCESS,
edf72be9-eb2e-49ea-949d-427f62a3149e,2025-09-04T10:45:00,da0f0f7a-8d2c-4ca9-b82e-cda33fba6610,rachel35,PROD_WH_LARGE,"SELECT * FROM SYSTEM_EVENTS WHERE created_at >= dateadd('day', -7, current_date())",3.7850298282690886,63116,SUCCESS,
74cba936-0cd3-450d-9f05-db4e784bad5e,2025-09-04T10:45:00,57eba2d7-a4fe-48aa-aa7b-ad0e6f1296b7,jose46,BI_WH_SMALL,SELECT * FROM FINANCIAL_METRICS LIMIT 1000,3.2410311273711927,470879,SUCCESS,
f4e33c1d-1b07-48dd-a794-25f305f118f5,2025-09-04T10:45:00,7cd584de-ca92-465c-8ea8-5f7ad356bee6,danasandoval,DEV_WH_LARGE,"SELECT DISTINCT column1, column2 FROM PRODUCT_INVENTORY WHERE condition = 'value'",2.7528694590267575,264245,SUCCESS,
378b7a77-1660-41fe-bc44-a042dcee4a17,2025-09-04T10:45:00,859c34dd-4540-49a3-b26d-f82b1455d905,oatkinson,DEV_WH_LARGE,"SELECT DISTINCT column1, column2 FROM CUSTOMER_DATA WHERE condition = 'value'",2.9381453602689067,616661,SUCCESS,
712a2bcb-70e6-49ea-bde2-dd5c2b0afdce,2025-09-04T10:45:00,5fb2a072-2bab-4b94-9109-9cbea70c5438,bryancuevas,BI_WH_LARGE,SELECT * FROM FINANCIAL_METRICS LIMIT 1000,2.7364533815525314,253279,SUCCESS,
773b53d4-f786-4f88-9319-97206f169bf0,2025-09-04T10:45:00,f0c2cfac-cf3b-4053-9e79-a6a4c6bbd187,garciaalison,DEV_WH_LARGE,"SELECT COUNT(*) FROM SYSTEM_EVENTS GROUP BY date_trunc('day', created_at)",0.5044405729033025,162555,SUCCESS,
b544a44e-aa4d-4842-b854-452b74b52cf2,2025-09-04T10:45:00,89e53854-09b7-4b59-8352-a231c51f8687,glarsen,ETL_WH_MEDIUM,SELECT * FROM USER_ACTIVITY_LOGS LIMIT 1000,1.4188017280906005,374950,SUCCESS,
f4f5ef30-93f4-4959-b48b-0eeae3c024aa,2025-09-04T10:45:00,ac5e7ada-2f2f-4292-a0e4-18083982547a,lliu,DEV_WH_MEDIUM,"SELECT DISTINCT column1, column2 FROM MARKETING_CAMPAIGNS WHERE condition = 'value'",2.9361262642022257,900892,SUCCESS,
d709cd68-97ac-40a6-a130-edd5cd5fb5a2,2025-09-04T10:45:00,da0f0f7a-8d2c-4ca9-b82e-cda33fba6610,rachel35,BI_WH_SMALL,"SELECT COUNT(*) FROM SALES_TRANSACTIONS GROUP BY date_trunc('day', created_at)",2.877593999315915,940835,SUCCESS,
d5d2dafd-2971-498f-81cd-141ccad50cab,2025-09-04T10:54:00,f0c2cfac-cf3b-4053-9e79-a6a4c6bbd187,garciaalison,BI_WH_MEDIUM,"SELECT * FROM PRODUCT_INVENTORY WHERE created_at >= dateadd('day', -7, current_date())",4.75406610387001,210843,SUCCESS,
55765447-a1eb-4aea-b8db-bd73c69d4aba,2025-09-04T10:54:00,a3a85592-9f3f-4845-87b8-dd199fcdc3cc,gmoreno,ETL_WH_SMALL,"SELECT * FROM CUSTOMER_DATA WHERE created_at >= dateadd('day', -7, current_date())",0.36188701954574964,691958,SUCCESS,
f0cb7d57-d439-496e-8ea4-537cc3c7d0d2,2025-09-04T10:54:00,da0f0f7a-8d2c-4ca9-b82e-cda33fba6610,rachel35,PROD_WH_X-SMALL,"SELECT DISTINCT column1, column2 FROM FINANCIAL_METRICS WHERE condition = 'value'",1.7152183108107906,480190,SUCCESS,
4b42f2e0-a179-42f7-8b0e-44c89836cc9e,2025-09-04T10:54:00,cea2e75f-1ee1-4b1d-90f5-242f82a02bed,erickennedy,ETL_WH_SMALL,SELECT * FROM CUSTOMER_DATA LIMIT 1000,3.111046474553929,449659,SUCCESS,
3fe0b236-137a-49cc-b1fe-38f5584763af,2025-09-04T10:54:00,3d8cc43f-0f00-40bd-b8b2-34ac61fc0360,rwilliams,PROD_WH_LARGE,"SELECT COUNT(*) FROM FINANCIAL_METRICS GROUP BY date_trunc('day', created_at)",2.363504529015498,8078,SUCCESS,
09029d2c-a265-47f5-94c7-2265a63d1f41,2025-09-04T10:54:00,89e53854-09b7-4b59-8352-a231c51f8687,glarsen,PROD_WH_MEDIUM,"SELECT * FROM PRODUCT_INVENTORY WHERE created_at >= dateadd('day', -7, current_date())",4.663436804441155,953760,SUCCESS,
b1a34fb6-24ff-4622-a10a-ee4444458ce9,2025-09-04T10:54:00,5fb2a072-2bab-4b94-9109-9cbea70c5438,bryancuevas,PROD_WH_SMALL,SELECT * FROM SALES_TRANSACTIONS LIMIT 1000,4.0470973347473365,431144,SUCCESS,
9d676213-10a6-40d7-80a6-e0351bdb88f9,2025-09-04T10:54:00,b92c2609-888c-471e-bf61-4363556df9d8,frank26,BI_WH_LARGE,"SELECT DISTINCT column1, column2 FROM SALES_TRANSACTIONS WHERE condition = 'value'",4.025517703868833,968952,SUCCESS,
5e3f3f1a-9dbf-4dcd-b8ba-c98d5f02c717,2025-09-04T10:54:00,ac5e7ada-2f2f-4292-a0e4-18083982547a,lliu,ETL_WH_MEDIUM,"SELECT COUNT(*) FROM EMPLOYEE_RECORDS GROUP BY date_trunc('day', created_at)",0.5141819320878299,440823,SUCCESS,
d611a541-d8c0-45d4-859f-471d2a7c54a6,2025-09-04T10:54:00,00f99f6f-5fcc-490a-84f9-6b24911c0b2e,emilyhamilton,DEV_WH_LARGE,"SELECT * FROM USER_ACTIVITY_LOGS WHERE created_at >= dateadd('day', -7, current_date())",4.977503204377438,710000,SUCCESS,
98f72432-3de9-4691-817d-2acec725d1c9,2025-09-04T11:08:00,82e7a6a3-1f49-4f5a-8a2a-96e5a654a185,codyoconnor,PROD_WH_X-SMALL,"SELECT * FROM SYSTEM_EVENTS WHERE created_at >= dateadd('day', -7, current_date())",3.2703985647908858,753638,SUCCESS,
977d9c3b-287b-4b64-bb7b-82f7d4f69f1e,2025-09-04T11:08:00,4b7e389e-8c78-4e72-ab0b-774df43b399e,hardinjennifer,ETL_WH_MEDIUM,SELECT * FROM MARKETING_CAMPAIGNS LIMIT 1000,2.1999341431820993,227385,SUCCESS,
fd19db27-d921-4c9c-8f04-f106a46b82ba,2025-09-04T11:08:00,ac5e7ada-2f2f-4292-a0e4-18083982547a,lliu,BI_WH_MEDIUM,"SELECT COUNT(*) FROM MARKETING_CAMPAIGNS GROUP BY date_trunc('day', created_at)",2.0466434126714415,394434,SUCCESS,
98837abc-dcbe-466d-9b0d-8167db2f4e10,2025-09-04T11:08:00,5fb2a072-2bab-4b94-9109-9cbea70c5438,bryancuevas,DEV_WH_MEDIUM,SELECT * FROM MARKETING_CAMPAIGNS LIMIT 1000,0.724607928596207,693203,SUCCESS,
a01b5bb1-cce2-4949-91e6-ae91be7ab5ba,2025-09-04T11:08:00,cea2e75f-1ee1-4b1d-90f5-242f82a02bed,erickennedy,PROD_WH_LARGE,"SELECT DISTINCT column1, column2 FROM SALES_TRANSACTIONS WHERE condition = 'value'",3.249518555042957,212320,SUCCESS,
ffeb0f26-f8fc-406c-9b2c-e42fa8cbf366,2025-09-04T11:08:00,f0c2cfac-cf3b-4053-9e79-a6a4c6bbd187,garciaalison,ETL_WH_LARGE,SELECT * FROM FINANCIAL_METRICS LIMIT 1000,0.7525212052475688,161478,SUCCESS,
e6a3af00-f8aa-4ef0-a8fd-4c963b091199,2025-09-04T11:08:00,5fb2a072-2bab-4b94-9109-9cbea70c5438,bryancuevas,PROD_WH_SMALL,"SELECT * FROM SALES_TRANSACTIONS WHERE created_at >= dateadd('day', -7, current_date())",1.5772979419923285,326654,SUCCESS,
92075c2a-e54c-41e1-9ddc-3bf891a0ba55,2025-09-04T11:08:00,ac5e7ada-2f2f-4292-a0e4-18083982547a,lliu,PROD_WH_SMALL,"SELECT DISTINCT column1, column2 FROM PRODUCT_INVENTORY WHERE condition = 'value'",1.129804247162212,723676,SUCCESS,
dbb97d2b-28c4-4c57-a4f4-1556f0748ea0,2025-09-04T11:08:00,7cd584de-ca92-465c-8ea8-5f7ad356bee6,danasandoval,BI_WH_MEDIUM,"SELECT * FROM FINANCIAL_METRICS WHERE created_at >= dateadd('day', -7, current_date())",1.961257454084098,30552,SUCCESS,
aeff1436-8876-4438-b85a-f1c91d581906,2025-09-04T11:08:00,4bc8b8f2-4d6e-4d5e-8d40-a7b6b3d6bb03,amandamitchell,PROD_WH_LARGE,"SELECT DISTINCT column1, column2 FROM MARKETING_CAMPAIGNS WHERE condition = 'value'",2.3229055753870362,987114,SUCCESS,
9a12f8ab-b637-4b46-a67d-ac8efa818db8,2025-09-04T11:23:00,a3a85592-9f3f-4845-87b8-dd199fcdc3cc,gmoreno,BI_WH_MEDIUM,SELECT * FROM PRODUCT_INVENTORY LIMIT 1000,4.058570739818302,626739,SUCCESS,
ca227b3b-5685-4718-8ad7-d2251be96a89,2025-09-04T11:23:00,4663d48b-596a-4f39-b714-8d69ac9a7d2a,robert93,PROD_WH_X-SMALL,"SELECT * FROM MARKETING_CAMPAIGNS WHERE created_at >= dateadd('day', -7, current_date())",0.19534093740588743,485429,SUCCESS,
f2cdd7a4-5095-485a-971e-ad0808f4dca0,2025-09-04T11:23:00,ac5e7ada-2f2f-4292-a0e4-18083982547a,lliu,ETL_WH_SMALL,"SELECT DISTINCT column1, column2 FROM MARKETING_CAMPAIGNS WHERE condition = 'value'",3.5774036216375946,456827,SUCCESS,
c44482d5-e497-4ad4-94e5-d1010dca9771,2025-09-04T11:23:00,3d8cc43f-0f00-40bd-b8b2-34ac61fc0360,rwilliams,ETL_WH_MEDIUM,SELECT * FROM USER_ACTIVITY_LOGS LIMIT 1000,0.7880149067872578,727696,SUCCESS,
f4fed186-90b0-41df-a450-ea20c7d03a14,2025-09-04T11:23:00,da0f0f7a-8d2c-4ca9-b82e-cda33fba6610,rachel35,ETL_WH_LARGE,"SELECT COUNT(*) FROM SYSTEM_EVENTS GROUP BY date_trunc('day', created_at)",0.42595489860547,362313,SUCCESS,
55256af6-2cb0-43e9-a050-76c63d7c9b80,2025-09-04T11:23:00,4b7e389e-8c78-4e72-ab0b-774df43b399e,hardinjennifer,PROD_WH_X-SMALL,"SELECT DISTINCT column1, column2 FROM CUSTOMER_DATA WHERE condition = 'value'",2.2239181426081163,324269,SUCCESS,
6d3c2a03-14b1-4aab-96a3-f92cc102994d,2025-09-04T11:23:00,4bc8b8f2-4d6e-4d5e-8d40-a7b6b3d6bb03,amandamitchell,ETL_WH_MEDIUM,"SELECT * FROM SALES_TRANSACTIONS WHERE created_at >= dateadd('day', -7, current_date())",0.5900688716097618,243698,SUCCESS,
0af71eb6-5c0e-4b2d-9a94-8e26dae1fe50,2025-09-04T11:23:00,89e53854-09b7-4b59-8352-a231c51f8687,glarsen,PROD_WH_X-SMALL,"SELECT COUNT(*) FROM EMPLOYEE_RECORDS GROUP BY date_trunc('day', created_at)",4.76480823231503,859856,SUCCESS,
42046ed4-276e-40b0-9408-78825999e64c,2025-09-04T11:23:00,ac5e7ada-2f2f-4292-a0e4-18083982547a,lliu,BI_WH_LARGE,"SELECT COUNT(*) FROM PRODUCT_INVENTORY GROUP BY date_trunc('day', created_at)",4.880363426790819,153847,SUCCESS,
71e27276-05aa-4691-89f9-36f21827e956,2025-09-04T11:23:00,00f99f6f-5fcc-490a-84f9-6b24911c0b2e,emilyhamilton,BI_WH_SMALL,SELECT * FROM PRODUCT_INVENTORY LIMIT 1000,3.059889269883148,498963,SUCCESS,
3abd34a8-d0ed-485d-8bb1-bfd92f98f8b8,2025-09-04T11:29:00,4663d48b-596a-4f39-b714-8d69ac9a7d2a,robert93,ETL_WH_LARGE,"SELECT COUNT(*) FROM FINANCIAL_METRICS GROUP BY date_trunc('day', created_at)",1.9497239157913453,43910,SUCCESS,
a0be6374-87d7-483f-91f6-099f519c2420,2025-09-04T11:29:00,3d8cc43f-0f00-40bd-b8b2-34ac61fc0360,rwilliams,BI_WH_SMALL,"SELECT * FROM PRODUCT_INVENTORY WHERE created_at >= dateadd('day', -7, current_date())",1.3570385128230695,635184,SUCCESS,
0097a681-6767-4040-942e-d6f00fee7380,2025-09-04T11:29:00,7cd584de-ca92-465c-8ea8-5f7ad356bee6,danasandoval,BI_WH_LARGE,"SELECT DISTINCT column1, column2 FROM MARKETING_CAMPAIGNS WHERE condition = 'value'",4.487041433607046,508318,SUCCESS,
fddb799c-775f-4d07-9898-95c524eb29e9,2025-09-04T11:29:00,ac5e7ada-2f2f-4292-a0e4-18083982547a,lliu,BI_WH_MEDIUM,"SELECT COUNT(*) FROM CUSTOMER_DATA GROUP BY date_trunc('day', created_at)",1.3974247972604137,916341,SUCCESS,
fd0795b8-e64c-407d-bd34-6196ad4d4ff3,2025-09-04T11:29:00,cea2e75f-1ee1-4b1d-90f5-242f82a02bed,erickennedy,BI_WH_MEDIUM,SELECT * FROM FINANCIAL_METRICS LIMIT 1000,0.5178699666087273,800422,SUCCESS,
3390e1f7-6ca2-413e-9c7b-d51917e6d704,2025-09-04T11:29:00,f0c2cfac-cf3b-4053-9e79-a6a4c6bbd187,garciaalison,ETL_WH_SMALL,"SELECT COUNT(*) FROM PRODUCT_INVENTORY GROUP BY date_trunc('day', created_at)",4.357773827889527,746232,SUCCESS,
e8e28668-6150-4ab4-9d0a-d8729870dd6a,2025-09-04T11:29:00,00f99f6f-5fcc-490a-84f9-6b24911c0b2e,emilyhamilton,BI_WH_LARGE,"SELECT COUNT(*) FROM FINANCIAL_METRICS GROUP BY date_trunc('day', created_at)",1.809673989470128,575975,SUCCESS,
78176587-b1e1-4512-838f-e076606496b7,2025-09-04T11:29:00,7cd584de-ca92-465c-8ea8-5f7ad356bee6,danasandoval,ETL_WH_LARGE,SELECT * FROM SYSTEM_EVENTS LIMIT 1000,2.4391032008384803,912629,SUCCESS,
f67fb63f-6572-4b69-870d-0f43d075d342,2025-09-04T11:29:00,da0f0f7a-8d2c-4ca9-b82e-cda33fba6610,rachel35,DEV_WH_SMALL,"SELECT DISTINCT column1, column2 FROM EMPLOYEE_RECORDS WHERE condition = 'value'",2.8329884416729962,111985,SUCCESS,
0b47e8a9-0f9a-4fae-9095-866fdc6cfc35,2025-09-04T11:29:00,82e7a6a3-1f49-4f5a-8a2a-96e5a654a185,codyoconnor,ETL_WH_X-SMALL,"SELECT * FROM EMPLOYEE_RECORDS WHERE created_at >= dateadd('day', -7, current_date())",1.328283169299626,130480,SUCCESS,
db53face-357d-44dd-9d87-091a922cf6c4,2025-09-04T11:36:00,a3a85592-9f3f-4845-87b8-dd199fcdc3cc,gmoreno,ETL_WH_LARGE,"SELECT COUNT(*) FROM USER_ACTIVITY_LOGS GROUP BY date_trunc('day', created_at)",3.4294282599484087,3160,SUCCESS,
64fcdde5-cdda-473e-9dbf-2ebd6c20aa42,2025-09-04T11:36:00,89e53854-09b7-4b59-8352-a231c51f8687,glarsen,PROD_WH_SMALL,"SELECT COUNT(*) FROM SALES_TRANSACTIONS GROUP BY date_trunc('day', created_at)",3.25814372904616,272797,SUCCESS,
5fd8a4fa-61cb-4c98-b089-794f67a94816,2025-09-04T11:36:00,da0f0f7a-8d2c-4ca9-b82e-cda33fba6610,rachel35,DEV_WH_LARGE,"SELECT COUNT(*) FROM SYSTEM_EVENTS GROUP BY date_trunc('day', created_at)",4.074248318426749,543702,SUCCESS,
09f674bb-dff8-4afc-a562-8a709d38db4a,2025-09-04T11:36:00,da0f0f7a-8d2c-4ca9-b82e-cda33fba6610,rachel35,PROD_WH_MEDIUM,"SELECT COUNT(*) FROM EMPLOYEE_RECORDS GROUP BY date_trunc('day', created_at)",4.3521472444433895,147937,SUCCESS,
88976898-7e41-4025-b42f-fbe6156531fd,2025-09-04T11:36:00,57eba2d7-a4fe-48aa-aa7b-ad0e6f1296b7,jose46,ETL_WH_X-SMALL,"SELECT COUNT(*) FROM FINANCIAL_METRICS GROUP BY date_trunc('day', created_at)",1.7588159151728542,154914,SUCCESS,
3e4f6c9e-c69d-4160-a69c-387a38b7a344,2025-09-04T11:36:00,da0f0f7a-8d2c-4ca9-b82e-cda33fba6610,rachel35,BI_WH_LARGE,"SELECT * FROM SYSTEM_EVENTS WHERE created_at >= dateadd('day', -7, current_date())",4.207264204745916,310684,SUCCESS,
fb19fa30-3ec4-41e9-8c14-ea1994f0140c,2025-09-04T11:36:00,ac5e7ada-2f2f-4292-a0e4-18083982547a,lliu,DEV_WH_LARGE,"SELECT COUNT(*) FROM SYSTEM_EVENTS GROUP BY date_trunc('day', created_at)",3.1537368391024954,582920,SUCCESS,
4f16a2b3-34c5-410e-98d4-2b54835068c3,2025-09-04T11:36:00,cea2e75f-1ee1-4b1d-90f5-242f82a02bed,erickennedy,ETL_WH_X-SMALL,"SELECT * FROM EMPLOYEE_RECORDS WHERE created_at >= dateadd('day', -7, current_date())",3.0835304968043644,414263,SUCCESS,
049212c7-6674-4077-af1d-4e9cce9fddcd,2025-09-04T11:36:00,b92c2609-888c-471e-bf61-4363556df9d8,frank26,BI_WH_SMALL,"SELECT * FROM USER_ACTIVITY_LOGS WHERE created_at >= dateadd('day', -7, current_date())",3.1830528843487316,247204,SUCCESS,
0bea765d-344b-42e6-b15e-9e2ad1855bb3,2025-09-04T11:36:00,a3a85592-9f3f-4845-87b8-dd199fcdc3cc,gmoreno,DEV_WH_MEDIUM,"SELECT DISTINCT column1, column2 FROM SALES_TRANSACTIONS WHERE condition = 'value'",4.7359328200492845,473063,SUCCESS,
464c932c-e0cd-4773-a2e0-a682ae65f6d2,2025-09-04T11:48:00,00f99f6f-5fcc-490a-84f9-6b24911c0b2e,emilyhamilton,PROD_WH_LARGE,SELECT * FROM FINANCIAL_METRICS LIMIT 1000,3.6388612326700955,280379,SUCCESS,
b84d37f7-5d81-4866-a07a-71673e928e1e,2025-09-04T11:48:00,f22aa1cf-fe8b-4e78-8492-b46e0f46ffda,brandtmisty,DEV_WH_LARGE,"SELECT * FROM EMPLOYEE_RECORDS WHERE created_at >= dateadd('day', -7, current_date())",4.149630562977888,123330,SUCCESS,
8098dab7-f7a3-437e-9da5-323e1292c986,2025-09-04T11:48:00,879c852e-e8e8-45c3-9ead-5fa56c9ecfbc,egarcia,ETL_WH_LARGE,SELECT * FROM EMPLOYEE_RECORDS LIMIT 1000,4.199250225706328,790012,SUCCESS,
f658f4f6-f42f-40cf-b348-27a27f008c11,2025-09-04T11:48:00,82e7a6a3-1f49-4f5a-8a2a-96e5a654a185,codyoconnor,PROD_WH_SMALL,SELECT * FROM EMPLOYEE_RECORDS LIMIT 1000,1.990114432287869,380988,SUCCESS,
68fb3934-b5f0-4ea8-96e7-cd6bf1a9cb21,2025-09-04T11:48:00,859c34dd-4540-49a3-b26d-f82b1455d905,oatkinson,PROD_WH_LARGE,"SELECT DISTINCT column1, column2 FROM EMPLOYEE_RECORDS WHERE condition = 'value'",1.7355357360031063,295653,SUCCESS,
9fa5feda-835c-4aa5-963f-9ef4473346bd,2025-09-04T11:48:00,7cd584de-ca92-465c-8ea8-5f7ad356bee6,danasandoval,ETL_WH_MEDIUM,"SELECT COUNT(*) FROM EMPLOYEE_RECORDS GROUP BY date_trunc('day', created_at)",1.7268199524430432,362632,SUCCESS,
e3c1c1e1-8fd5-4694-aacf-49c0e0926e09,2025-09-04T11:48:00,57eba2d7-a4fe-48aa-aa7b-ad0e6f1296b7,jose46,DEV_WH_MEDIUM,"SELECT COUNT(*) FROM EMPLOYEE_RECORDS GROUP BY date_trunc('day', created_at)",3.765024144507979,548277,SUCCESS,
7a9c0559-3da1-4215-b733-32af0ea795c3,2025-09-04T11:48:00,82e7a6a3-1f49-4f5a-8a2a-96e5a654a185,codyoconnor,DEV_WH_MEDIUM,"SELECT COUNT(*) FROM SYSTEM_EVENTS GROUP BY date_trunc('day', created_at)",1.1840866268467418,916432,SUCCESS,
57d4fffd-cdd3-4088-aebb-2449cafa1bd7,2025-09-04T11:48:00,f0c2cfac-cf3b-4053-9e79-a6a4c6bbd187,garciaalison,BI_WH_SMALL,"SELECT COUNT(*) FROM MARKETING_CAMPAIGNS GROUP BY date_trunc('day', created_at)",2.814710780574035,351528,SUCCESS,
460b0127-6ebb-4719-a562-ee5b3f7678d7,2025-09-04T11:48:00,cea2e75f-1ee1-4b1d-90f5-242f82a02bed,erickennedy,BI_WH_SMALL,"SELECT COUNT(*) FROM CUSTOMER_DATA GROUP BY date_trunc('day', created_at)",1.5186311163954838,999446,SUCCESS,
509bcc8a-9f90-4cd0-ac0e-de986a8096c0,2025-09-04T11:55:00,7cd584de-ca92-465c-8ea8-5f7ad356bee6,danasandoval,DEV_WH_MEDIUM,"SELECT * FROM SALES_TRANSACTIONS WHERE created_at >= dateadd('day', -7, current_date())",3.5704109490194775,688713,SUCCESS,
266d81d7-b7da-4447-b439-4e7aae5b8895,2025-09-04T11:55:00,b92c2609-888c-471e-bf61-4363556df9d8,frank26,ETL_WH_X-SMALL,"SELECT DISTINCT column1, column2 FROM SYSTEM_EVENTS WHERE condition = 'value'",1.1712992826769764,781983,SUCCESS,
2b6b670a-e9db-4f1b-a366-4ba8692915f7,2025-09-04T11:55:00,da0f0f7a-8d2c-4ca9-b82e-cda33fba6610,rachel35,ETL_WH_SMALL,"SELECT * FROM SYSTEM_EVENTS WHERE created_at >= dateadd('day', -7, current_date())",1.2077556512213812,957474,SUCCESS,
a6bd05f5-a7a0-4ebb-a81b-57b58276b4f9,2025-09-04T11:55:00,57eba2d7-a4fe-48aa-aa7b-ad0e6f1296b7,jose46,DEV_WH_X-SMALL,"SELECT DISTINCT column1, column2 FROM MARKETING_CAMPAIGNS WHERE condition = 'value'",4.619951047317073,677655,SUCCESS,
e3d39b63-4845-43d5-af22-3329f3b20045,2025-09-04T11:55:00,da0f0f7a-8d2c-4ca9-b82e-cda33fba6610,rachel35,ETL_WH_SMALL,"SELECT DISTINCT column1, column2 FROM USER_ACTIVITY_LOGS WHERE condition = 'value'",2.4501556244791294,94647,SUCCESS,
a3603309-fe8b-4fa6-b7e6-1789355e27c8,2025-09-04T11:55:00,4663d48b-596a-4f39-b714-8d69ac9a7d2a,robert93,PROD_WH_X-SMALL,"SELECT * FROM MARKETING_CAMPAIGNS WHERE created_at >= dateadd('day', -7, current_date())",1.7753402045056286,781367,SUCCESS,
389f0c15-8a95-4f31-bb27-dfc3cb3e661b,2025-09-04T11:55:00,cea2e75f-1ee1-4b1d-90f5-242f82a02bed,erickennedy,PROD_WH_X-SMALL,"SELECT * FROM EMPLOYEE_RECORDS WHERE created_at >= dateadd('day', -7, current_date())",0.6589564633693098,906847,SUCCESS,
47be2b4d-de2a-4d1c-8f7a-4f7a4d6793cf,2025-09-04T11:55:00,4663d48b-596a-4f39-b714-8d69ac9a7d2a,robert93,DEV_WH_MEDIUM,"SELECT DISTINCT column1, column2 FROM SALES_TRANSACTIONS WHERE condition = 'value'",1.0651039703331509,74183,SUCCESS,
11bac98a-9e4e-4e35-b4de-af3f0f368381,2025-09-04T11:55:00,82e7a6a3-1f49-4f5a-8a2a-96e5a654a185,codyoconnor,PROD_WH_MEDIUM,"SELECT * FROM MARKETING_CAMPAIGNS WHERE created_at >= dateadd('day', -7, current_date())",2.3075164368039003,546422,SUCCESS,
b9f4de01-e1c1-4b44-bb14-cbd9c11ba817,2025-09-04T11:55:00,9a7a68c7-1b0c-4669-859f-6d352b1e386f,andrew16,PROD_WH_SMALL,"SELECT * FROM SALES_TRANSACTIONS WHERE created_at >= dateadd('day', -7, current_date())",2.993668350591591,380976,SUCCESS,
7821e3ee-4d41-425c-bd29-a16ab4c1288b,2025-09-04T12:08:00,3d8cc43f-0f00-40bd-b8b2-34ac61fc0360,rwilliams,DEV_WH_MEDIUM,"SELECT DISTINCT column1, column2 FROM USER_ACTIVITY_LOGS WHERE condition = 'value'",0.35644009845056446,838301,SUCCESS,
d36a2ed0-b4b5-4fe3-9e21-91b651d270f2,2025-09-04T12:08:00,859c34dd-4540-49a3-b26d-f82b1455d905,oatkinson,ETL_WH_SMALL,"SELECT DISTINCT column1, column2 FROM SALES_TRANSACTIONS WHERE condition = 'value'",3.0804868105624186,553499,SUCCESS,
b3e82b6e-36bf-4b79-a6f4-41344830f2dd,2025-09-04T12:08:00,b92c2609-888c-471e-bf61-4363556df9d8,frank26,BI_WH_LARGE,"SELECT COUNT(*) FROM MARKETING_CAMPAIGNS GROUP BY date_trunc('day', created_at)",1.102864276422711,150143,SUCCESS,
57991936-9e69-4313-a019-11e1f0f0d166,2025-09-04T12:08:00,f0c2cfac-cf3b-4053-9e79-a6a4c6bbd187,garciaalison,DEV_WH_MEDIUM,"SELECT DISTINCT column1, column2 FROM SYSTEM_EVENTS WHERE condition = 'value'",0.1034951441223365,685812,SUCCESS,
c3a24d86-dd4c-44a4-83f7-7411cf37089f,2025-09-04T12:08:00,3d8cc43f-0f00-40bd-b8b2-34ac61fc0360,rwilliams,DEV_WH_MEDIUM,SELECT * FROM SALES_TRANSACTIONS LIMIT 1000,0.46231598901380044,78553,SUCCESS,
57b9523b-d5ed-484d-bc11-20d98b0a6037,2025-09-04T12:08:00,4bc8b8f2-4d6e-4d5e-8d40-a7b6b3d6bb03,amandamitchell,PROD_WH_X-SMALL,"SELECT * FROM FINANCIAL_METRICS WHERE created_at >= dateadd('day', -7, current_date())",4.77276506811893,443357,SUCCESS,
3e74056b-1c43-4777-9740-e39095111523,2025-09-04T12:08:00,00f99f6f-5fcc-490a-84f9-6b24911c0b2e,emilyhamilton,DEV_WH_LARGE,SELECT * FROM SALES_TRANSACTIONS LIMIT 1000,1.398365256251716,552856,SUCCESS,
736e4918-a473-4b4a-a34c-e42e1268d2d4,2025-09-04T12:08:00,da0f0f7a-8d2c-4ca9-b82e-cda33fba6610,rachel35,ETL_WH_X-SMALL,"SELECT DISTINCT column1, column2 FROM PRODUCT_INVENTORY WHERE condition = 'value'",1.6607379511435079,785052,SUCCESS,
5d2cbbae-a9af-4865-bb8b-afef84ed26fb,2025-09-04T12:08:00,da0f0f7a-8d2c-4ca9-b82e-cda33fba6610,rachel35,ETL_WH_X-SMALL,"SELECT COUNT(*) FROM EMPLOYEE_RECORDS GROUP BY date_trunc('day', created_at)",0.42163338220209934,162166,SUCCESS,
b2eef6a7-0fbd-4b18-a37c-5e9a85b1c801,2025-09-04T12:08:00,859c34dd-4540-49a3-b26d-f82b1455d905,oatkinson,DEV_WH_MEDIUM,"SELECT * FROM FINANCIAL_METRICS WHERE created_at >= dateadd('day', -7, current_date())",1.3857839724306857,751210,SUCCESS,
bc39271c-665b-45a4-8170-9c112c662cc4,2025-09-04T12:19:00,82e7a6a3-1f49-4f5a-8a2a-96e5a654a185,codyoconnor,PROD_WH_SMALL,SELECT * FROM MARKETING_CAMPAIGNS LIMIT 1000,4.003656882098344,377351,SUCCESS,
5bfb49e5-6164-4542-b4f0-b3658e95d615,2025-09-04T12:19:00,4bc8b8f2-4d6e-4d5e-8d40-a7b6b3d6bb03,amandamitchell,PROD_WH_SMALL,"SELECT DISTINCT column1, column2 FROM SYSTEM_EVENTS WHERE condition = 'value'",0.15399142389502085,490888,SUCCESS,
1a7ae12a-eec3-48a5-a59f-299080d591f2,2025-09-04T12:19:00,3d8cc43f-0f00-40bd-b8b2-34ac61fc0360,rwilliams,BI_WH_MEDIUM,"SELECT * FROM CUSTOMER_DATA WHERE created_at >= dateadd('day', -7, current_date())",1.0200049212429378,574889,SUCCESS,
3de1896d-4014-474e-9a01-b14744091cf0,2025-09-04T12:19:00,ac5e7ada-2f2f-4292-a0e4-18083982547a,lliu,PROD_WH_MEDIUM,"SELECT DISTINCT column1, column2 FROM SALES_TRANSACTIONS WHERE condition = 'value'",0.45659509875303894,781412,SUCCESS,
0445f05f-3c4c-49f9-ba05-539eecb65e77,2025-09-04T12:19:00,f0c2cfac-cf3b-4053-9e79-a6a4c6bbd187,garciaalison,BI_WH_LARGE,"SELECT DISTINCT column1, column2 FROM MARKETING_CAMPAIGNS WHERE condition = 'value'",2.3867483894324297,695657,SUCCESS,
425c2f54-a3a2-4a6d-ba5c-82a3d52fb99c,2025-09-04T12:19:00,f0c2cfac-cf3b-4053-9e79-a6a4c6bbd187,garciaalison,ETL_WH_LARGE,"SELECT DISTINCT column1, column2 FROM SYSTEM_EVENTS WHERE condition = 'value'",2.663729457581706,781274,SUCCESS,
e95ec0ec-36cc-4d72-9f51-dd60bbd7ed19,2025-09-04T12:19:00,9a7a68c7-1b0c-4669-859f-6d352b1e386f,andrew16,DEV_WH_MEDIUM,"SELECT * FROM EMPLOYEE_RECORDS WHERE created_at >= dateadd('day', -7, current_date())",3.3054988135797867,337793,SUCCESS,
ce0a8709-2829-4052-b96b-e10346fc945d,2025-09-04T12:19:00,ac5e7ada-2f2f-4292-a0e4-18083982547a,lliu,DEV_WH_SMALL,"SELECT COUNT(*) FROM CUSTOMER_DATA GROUP BY date_trunc('day', created_at)",2.223576422248944,921121,SUCCESS,
c4eab2d4-f623-427d-9613-cb127d2a5ec7,2025-09-04T12:19:00,f0c2cfac-cf3b-4053-9e79-a6a4c6bbd187,garciaalison,PROD_WH_X-SMALL,"SELECT DISTINCT column1, column2 FROM FINANCIAL_METRICS WHERE condition = 'value'",1.3879107571129305,978270,SUCCESS,
6cd935f8-51d7-4e7e-a77f-8982d1c8d5df,2025-09-04T12:19:00,57eba2d7-a4fe-48aa-aa7b-ad0e6f1296b7,jose46,ETL_WH_MEDIUM,SELECT * FROM PRODUCT_INVENTORY LIMIT 1000,4.101501002488718,456728,SUCCESS,
2278603d-a1e5-4145-82a5-04a916808136,2025-09-04T12:28:00,4b7e389e-8c78-4e72-ab0b-774df43b399e,hardinjennifer,PROD_WH_LARGE,"SELECT DISTINCT column1, column2 FROM MARKETING_CAMPAIGNS WHERE condition = 'value'",4.784121181148902,177113,SUCCESS,
fce3ceed-f9f3-411e-807e-9acf7c5e2d2e,2025-09-04T12:28:00,b92c2609-888c-471e-bf61-4363556df9d8,frank26,BI_WH_LARGE,"SELECT * FROM FINANCIAL_METRICS WHERE created_at >= dateadd('day', -7, current_date())",3.6702361408543345,822620,SUCCESS,
7a03bf8d-a74e-48d8-9f1b-0772b837d7fa,2025-09-04T12:28:00,da0f0f7a-8d2c-4ca9-b82e-cda33fba6610,rachel35,BI_WH_X-SMALL,SELECT * FROM SYSTEM_EVENTS LIMIT 1000,3.4971487802579335,482918,SUCCESS,
b796dd38-d2c4-4216-be51-6cb4d26b2ed4,2025-09-04T12:28:00,4663d48b-596a-4f39-b714-8d69ac9a7d2a,robert93,DEV_WH_MEDIUM,SELECT * FROM PRODUCT_INVENTORY LIMIT 1000,3.676519493582379,658386,SUCCESS,
796e530c-3c64-4807-b670-187c46c796a5,2025-09-04T12:28:00,859c34dd-4540-49a3-b26d-f82b1455d905,oatkinson,PROD_WH_SMALL,"SELECT COUNT(*) FROM MARKETING_CAMPAIGNS GROUP BY date_trunc('day', created_at)",1.9679538341241412,254522,SUCCESS,
7e741fb0-55aa-4f7d-9937-4e61758a075e,2025-09-04T12:28:00,57eba2d7-a4fe-48aa-aa7b-ad0e6f1296b7,jose46,ETL_WH_LARGE,"SELECT * FROM SYSTEM_EVENTS WHERE created_at >= dateadd('day', -7, current_date())",3.588936035222182,637518,SUCCESS,
5745fa80-cf56-427d-b338-5eb8fa7fa8ea,2025-09-04T12:28:00,82e7a6a3-1f49-4f5a-8a2a-96e5a654a185,codyoconnor,PROD_WH_X-SMALL,SELECT * FROM MARKETING_CAMPAIGNS LIMIT 1000,1.031059194372346,835869,SUCCESS,
284e00e0-6f96-4721-ab07-34558f94fa8c,2025-09-04T12:28:00,a3a85592-9f3f-4845-87b8-dd199fcdc3cc,gmoreno,ETL_WH_SMALL,"SELECT COUNT(*) FROM CUSTOMER_DATA GROUP BY date_trunc('day', created_at)",0.47691681283025,888101,SUCCESS,
59ec15b9-977d-470b-8772-b8bfdc7ee4e2,2025-09-04T12:28:00,82e7a6a3-1f49-4f5a-8a2a-96e5a654a185,codyoconnor,DEV_WH_LARGE,SELECT * FROM USER_ACTIVITY_LOGS LIMIT 1000,3.086302139879071,726454,SUCCESS,
4e01f0b9-dbc4-4448-9bed-4e037a011e23,2025-09-04T12:28:00,da0f0f7a-8d2c-4ca9-b82e-cda33fba6610,rachel35,ETL_WH_LARGE,"SELECT DISTINCT column1, column2 FROM USER_ACTIVITY_LOGS WHERE condition = 'value'",2.964898818817375,116374,SUCCESS,
92c0be7d-ce45-4753-b41c-561a9a07ec2e,2025-09-04T12:34:00,da0f0f7a-8d2c-4ca9-b82e-cda33fba6610,rachel35,ETL_WH_LARGE,"SELECT * FROM USER_ACTIVITY_LOGS WHERE created_at >= dateadd('day', -7, current_date())",1.9662126089534264,316233,SUCCESS,
37c30a39-c1b1-44a0-8b95-dc32577f5472,2025-09-04T12:34:00,ac5e7ada-2f2f-4292-a0e4-18083982547a,lliu,DEV_WH_LARGE,"SELECT COUNT(*) FROM MARKETING_CAMPAIGNS GROUP BY date_trunc('day', created_at)",1.4119896721504406,742949,SUCCESS,
6fb6aef6-6454-4dc1-956a-89d347b667b9,2025-09-04T12:34:00,859c34dd-4540-49a3-b26d-f82b1455d905,oatkinson,DEV_WH_MEDIUM,"SELECT COUNT(*) FROM PRODUCT_INVENTORY GROUP BY date_trunc('day', created_at)",1.8021705045019878,547631,SUCCESS,
4d1ba983-f195-4cf0-a923-34b8b6e386e6,2025-09-04T12:34:00,57eba2d7-a4fe-48aa-aa7b-ad0e6f1296b7,jose46,BI_WH_SMALL,"SELECT * FROM SYSTEM_EVENTS WHERE created_at >= dateadd('day', -7, current_date())",1.6376302037735764,751679,SUCCESS,
00a4d83a-d54c-4dbe-a28d-1ff3eb8b7728,2025-09-04T12:34:00,5fb2a072-2bab-4b94-9109-9cbea70c5438,bryancuevas,BI_WH_LARGE,SELECT * FROM FINANCIAL_METRICS LIMIT 1000,0.5252270174493316,785800,SUCCESS,
aba7907f-24c8-41e5-83a9-3823f69206d7,2025-09-04T12:34:00,da0f0f7a-8d2c-4ca9-b82e-cda33fba6610,rachel35,ETL_WH_SMALL,SELECT * FROM EMPLOYEE_RECORDS LIMIT 1000,2.6714989406559524,175550,SUCCESS,
2caddd1c-ea3c-442b-96aa-f5854098246e,2025-09-04T12:34:00,4b7e389e-8c78-4e72-ab0b-774df43b399e,hardinjennifer,DEV_WH_SMALL,"SELECT COUNT(*) FROM PRODUCT_INVENTORY GROUP BY date_trunc('day', created_at)",2.4412786719563244,933473,SUCCESS,
90d08917-bd21-49a8-b994-68c6ebfdedde,2025-09-04T12:34:00,cea2e75f-1ee1-4b1d-90f5-242f82a02bed,erickennedy,PROD_WH_MEDIUM,SELECT * FROM EMPLOYEE_RECORDS LIMIT 1000,1.5085617015980624,257128,SUCCESS,
3b360f29-0ebf-4d79-b2bd-8ecd9f72c8bb,2025-09-04T12:34:00,89e53854-09b7-4b59-8352-a231c51f8687,glarsen,PROD_WH_MEDIUM,"SELECT DISTINCT column1, column2 FROM EMPLOYEE_RECORDS WHERE condition = 'value'",2.880885743465317,455174,SUCCESS,
06ce7e43-cf9d-413c-b695-6e47f685f365,2025-09-04T12:34:00,00f99f6f-5fcc-490a-84f9-6b24911c0b2e,emilyhamilton,ETL_WH_SMALL,"SELECT COUNT(*) FROM MARKETING_CAMPAIGNS GROUP BY date_trunc('day', created_at)",1.6704539523158555,298177,SUCCESS,
ab3540cb-3b40-4a43-8f77-56e7af952637,2025-09-04T12:43:00,4663d48b-596a-4f39-b714-8d69ac9a7d2a,robert93,BI_WH_LARGE,SELECT * FROM PRODUCT_INVENTORY LIMIT 1000,4.403778372897061,31283,SUCCESS,
e924a0fd-2eef-4459-9a53-239e7f161d04,2025-09-04T12:43:00,00f99f6f-5fcc-490a-84f9-6b24911c0b2e,emilyhamilton,ETL_WH_SMALL,"SELECT COUNT(*) FROM MARKETING_CAMPAIGNS GROUP BY date_trunc('day', created_at)",4.3504484789073405,668225,SUCCESS,
97b81a12-0316-439f-80a6-4abda6901743,2025-09-04T12:43:00,00f99f6f-5fcc-490a-84f9-6b24911c0b2e,emilyhamilton,DEV_WH_X-SMALL,"SELECT COUNT(*) FROM MARKETING_CAMPAIGNS GROUP BY date_trunc('day', created_at)",0.2603564752022878,521377,SUCCESS,
08be9419-8bf0-4909-b0b1-9bdbf3a8fbdb,2025-09-04T12:43:00,3d8cc43f-0f00-40bd-b8b2-34ac61fc0360,rwilliams,BI_WH_MEDIUM,"SELECT COUNT(*) FROM SYSTEM_EVENTS GROUP BY date_trunc('day', created_at)",4.70489756052276,391653,SUCCESS,
08ef42e1-647f-42e0-83c5-eac8b9bb20cb,2025-09-04T12:43:00,f22aa1cf-fe8b-4e78-8492-b46e0f46ffda,brandtmisty,DEV_WH_LARGE,"SELECT DISTINCT column1, column2 FROM EMPLOYEE_RECORDS WHERE condition = 'value'",4.323027228857385,995551,SUCCESS,
71876699-7e65-447a-a4f3-7f9df395b7f8,2025-09-04T12:43:00,ac5e7ada-2f2f-4292-a0e4-18083982547a,lliu,DEV_WH_X-SMALL,"SELECT * FROM PRODUCT_INVENTORY WHERE created_at >= dateadd('day', -7, current_date())",2.004772250168086,292519,SUCCESS,
b9834470-5d8d-4846-81e0-e520b6f4f3a3,2025-09-04T12:43:00,cea2e75f-1ee1-4b1d-90f5-242f82a02bed,erickennedy,BI_WH_LARGE,SELECT * FROM FINANCIAL_METRICS LIMIT 1000,3.2871406192706485,98618,SUCCESS,
0566ec3a-00f2-49d1-8e97-8c30292068a6,2025-09-04T12:43:00,00f99f6f-5fcc-490a-84f9-6b24911c0b2e,emilyhamilton,DEV_WH_SMALL,"SELECT DISTINCT column1, column2 FROM SALES_TRANSACTIONS WHERE condition = 'value'",2.7427511825093807,376759,SUCCESS,
f460c2a7-042b-40a1-ac5b-b541aa212e8a,2025-09-04T12:43:00,da0f0f7a-8d2c-4ca9-b82e-cda33fba6610,rachel35,ETL_WH_X-SMALL,"SELECT DISTINCT column1, column2 FROM MARKETING_CAMPAIGNS WHERE condition = 'value'",3.733134187404563,101299,SUCCESS,
fd708713-d71b-4f2d-8604-01eec4843ca3,2025-09-04T12:43:00,879c852e-e8e8-45c3-9ead-5fa56c9ecfbc,egarcia,PROD_WH_MEDIUM,"SELECT COUNT(*) FROM MARKETING_CAMPAIGNS GROUP BY date_trunc('day', created_at)",2.0906366827595813,121592,SUCCESS,
1b766238-4db2-4a9f-bc5f-e1aa06f45e2d,2025-09-04T12:57:00,89e53854-09b7-4b59-8352-a231c51f8687,glarsen,ETL_WH_X-SMALL,"SELECT DISTINCT column1, column2 FROM FINANCIAL_METRICS WHERE condition = 'value'",0.3311976239773594,138747,SUCCESS,
b5ec9dd1-4159-48d9-98b4-5b2fa8aed9a8,2025-09-04T12:57:00,879c852e-e8e8-45c3-9ead-5fa56c9ecfbc,egarcia,ETL_WH_X-SMALL,"SELECT * FROM SYSTEM_EVENTS WHERE created_at >= dateadd('day', -7, current_date())",4.79592075826789,808144,SUCCESS,
61f265f6-ced9-4e95-b0f8-6d139bf5afb7,2025-09-04T12:57:00,89e53854-09b7-4b59-8352-a231c51f8687,glarsen,DEV_WH_X-SMALL,"SELECT * FROM EMPLOYEE_RECORDS WHERE created_at >= dateadd('day', -7, current_date())",1.543966561271841,619082,SUCCESS,
0894cbe4-ba52-4b94-83f5-a4415d2280ab,2025-09-04T12:57:00,ac5e7ada-2f2f-4292-a0e4-18083982547a,lliu,ETL_WH_X-SMALL,"SELECT COUNT(*) FROM CUSTOMER_DATA GROUP BY date_trunc('day', created_at)",2.8648841676236,202126,SUCCESS,
1b6c735e-25fb-45f3-b603-4cea216da38b,2025-09-04T12:57:00,ac5e7ada-2f2f-4292-a0e4-18083982547a,lliu,DEV_WH_SMALL,"SELECT * FROM SALES_TRANSACTIONS WHERE created_at >= dateadd('day', -7, current_date())",2.921586161208454,258359,SUCCESS,
0bb11d24-1610-4640-9208-82da31e042b3,2025-09-04T12:57:00,57eba2d7-a4fe-48aa-aa7b-ad0e6f1296b7,jose46,BI_WH_X-SMALL,"SELECT DISTINCT column1, column2 FROM MARKETING_CAMPAIGNS WHERE condition = 'value'",2.2275131409674334,634163,SUCCESS,
da738b26-f877-48b4-87fb-1a42d36d2e32,2025-09-04T12:57:00,f22aa1cf-fe8b-4e78-8492-b46e0f46ffda,brandtmisty,BI_WH_MEDIUM,"SELECT DISTINCT column1, column2 FROM FINANCIAL_METRICS WHERE condition = 'value'",0.8657176124480317,39960,SUCCESS,
71f9b8ce-781a-4f36-9018-2515409ec2f7,2025-09-04T12:57:00,a3a85592-9f3f-4845-87b8-dd199fcdc3cc,gmoreno,ETL_WH_X-SMALL,"SELECT DISTINCT column1, column2 FROM EMPLOYEE_RECORDS WHERE condition = 'value'",2.221387809602078,185625,SUCCESS,
e6d52b1d-0310-496d-93b5-c327b2d45b21,2025-09-04T12:57:00,da0f0f7a-8d2c-4ca9-b82e-cda33fba6610,rachel35,BI_WH_LARGE,"SELECT DISTINCT column1, column2 FROM SALES_TRANSACTIONS WHERE condition = 'value'",3.834156105231056,312817,SUCCESS,
6aeb9be3-7d66-41e0-b75a-a612f0800538,2025-09-04T12:57:00,00f99f6f-5fcc-490a-84f9-6b24911c0b2e,emilyhamilton,DEV_WH_MEDIUM,"SELECT COUNT(*) FROM PRODUCT_INVENTORY GROUP BY date_trunc('day', created_at)",3.084892784056123,865671,SUCCESS,
13e01c3f-2e8d-4f1e-b98f-06fb289484e5,2025-09-04T13:10:00,f22aa1cf-fe8b-4e78-8492-b46e0f46ffda,brandtmisty,PROD_WH_X-SMALL,"SELECT DISTINCT column1, column2 FROM FINANCIAL_METRICS WHERE condition = 'value'",3.787877136058534,701108,SUCCESS,
8b40af91-9497-426a-adac-3634d89a9191,2025-09-04T13:10:00,f0c2cfac-cf3b-4053-9e79-a6a4c6bbd187,garciaalison,BI_WH_X-SMALL,SELECT * FROM MARKETING_CAMPAIGNS LIMIT 1000,1.634053192802675,593203,SUCCESS,
098ea019-43e0-4707-bd0f-e35743d2ea83,2025-09-04T13:10:00,4663d48b-596a-4f39-b714-8d69ac9a7d2a,robert93,PROD_WH_MEDIUM,"SELECT COUNT(*) FROM PRODUCT_INVENTORY GROUP BY date_trunc('day', created_at)",3.04579047266118,336338,SUCCESS,
fb0f92c4-6fd5-4705-8a2c-0b5d91f7d247,2025-09-04T13:10:00,859c34dd-4540-49a3-b26d-f82b1455d905,oatkinson,PROD_WH_MEDIUM,SELECT * FROM CUSTOMER_DATA LIMIT 1000,3.1944569299200816,442705,SUCCESS,
6b7a5180-eb5e-4a1c-be87-8b15497d5df5,2025-09-04T13:10:00,00f99f6f-5fcc-490a-84f9-6b24911c0b2e,emilyhamilton,PROD_WH_MEDIUM,"SELECT DISTINCT column1, column2 FROM PRODUCT_INVENTORY WHERE condition = 'value'",2.870823220442266,961913,SUCCESS,
4d5fe89b-f336-4c5f-95e9-1e92676cda5b,2025-09-04T13:10:00,cea2e75f-1ee1-4b1d-90f5-242f82a02bed,erickennedy,ETL_WH_SMALL,"SELECT * FROM SYSTEM_EVENTS WHERE created_at >= dateadd('day', -7, current_date())",4.751421648457152,255035,SUCCESS,
e050fb56-c8e6-4378-b115-ff479f69c83d,2025-09-04T13:10:00,859c34dd-4540-49a3-b26d-f82b1455d905,oatkinson,ETL_WH_MEDIUM,SELECT * FROM PRODUCT_INVENTORY LIMIT 1000,4.393227821024269,334807,SUCCESS,
10d885c8-a297-4f11-9f78-21ddbfb12efb,2025-09-04T13:10:00,00f99f6f-5fcc-490a-84f9-6b24911c0b2e,emilyhamilton,BI_WH_LARGE,"SELECT DISTINCT column1, column2 FROM SYSTEM_EVENTS WHERE condition = 'value'",3.6774682875400493,629819,SUCCESS,
7cf73b83-f8f5-4732-a9ec-00841e381242,2025-09-04T13:10:00,cea2e75f-1ee1-4b1d-90f5-242f82a02bed,erickennedy,BI_WH_X-SMALL,"SELECT COUNT(*) FROM EMPLOYEE_RECORDS GROUP BY date_trunc('day', created_at)",2.3709772466602104,271559,SUCCESS,
3031cff1-9cfa-460e-8c2f-3615acf04b85,2025-09-04T13:10:00,4b7e389e-8c78-4e72-ab0b-774df43b399e,hardinjennifer,BI_WH_X-SMALL,SELECT * FROM SALES_TRANSACTIONS LIMIT 1000,1.28822378211086,520188,SUCCESS,
286f7419-d6e9-49db-b6f0-533936f21645,2025-09-04T13:24:00,4b7e389e-8c78-4e72-ab0b-774df43b399e,hardinjennifer,PROD_WH_MEDIUM,"SELECT DISTINCT column1, column2 FROM SALES_TRANSACTIONS WHERE condition = 'value'",4.539358643337685,45619,SUCCESS,
075ee01c-497b-4814-8b2d-0b4429c7b33e,2025-09-04T13:24:00,b92c2609-888c-471e-bf61-4363556df9d8,frank26,ETL_WH_X-SMALL,"SELECT * FROM MARKETING_CAMPAIGNS WHERE created_at >= dateadd('day', -7, current_date())",1.1484722222340755,657098,SUCCESS,
fb42e5ff-15e7-4548-af3d-61d48c318bbe,2025-09-04T13:24:00,a3a85592-9f3f-4845-87b8-dd199fcdc3cc,gmoreno,BI_WH_LARGE,"SELECT * FROM MARKETING_CAMPAIGNS WHERE created_at >= dateadd('day', -7, current_date())",0.7524577530466113,795714,SUCCESS,
ddf32c33-05fa-4311-b211-dc36f0e9c248,2025-09-04T13:24:00,57eba2d7-a4fe-48aa-aa7b-ad0e6f1296b7,jose46,PROD_WH_MEDIUM,"SELECT DISTINCT column1, column2 FROM SYSTEM_EVENTS WHERE condition = 'value'",0.8869288606484605,145093,SUCCESS,
18912cc0-8034-4a0a-9cb0-cb18921efec5,2025-09-04T13:24:00,4b7e389e-8c78-4e72-ab0b-774df43b399e,hardinjennifer,BI_WH_X-SMALL,SELECT * FROM FINANCIAL_METRICS LIMIT 1000,3.2670860210589234,303368,SUCCESS,
29a7a38c-c4a7-4548-bbc3-7c47e3448f69,2025-09-04T13:24:00,a3a85592-9f3f-4845-87b8-dd199fcdc3cc,gmoreno,PROD_WH_LARGE,"SELECT * FROM USER_ACTIVITY_LOGS WHERE created_at >= dateadd('day', -7, current_date())",0.5236758610897263,792649,SUCCESS,
6ff5a7b3-ed66-428e-a3b0-75ae446a4ee9,2025-09-04T13:24:00,4bc8b8f2-4d6e-4d5e-8d40-a7b6b3d6bb03,amandamitchell,DEV_WH_SMALL,SELECT * FROM SALES_TRANSACTIONS LIMIT 1000,4.476032857013767,976740,SUCCESS,
924f5042-0112-40cb-a401-67628240a085,2025-09-04T13:24:00,a3a85592-9f3f-4845-87b8-dd199fcdc3cc,gmoreno,DEV_WH_MEDIUM,"SELECT DISTINCT column1, column2 FROM MARKETING_CAMPAIGNS WHERE condition = 'value'",4.768625481342369,715005,SUCCESS,
65c852e0-9909-40fd-b747-9e05bcdf6bc9,2025-09-04T13:24:00,879c852e-e8e8-45c3-9ead-5fa56c9ecfbc,egarcia,DEV_WH_X-SMALL,"SELECT * FROM EMPLOYEE_RECORDS WHERE created_at >= dateadd('day', -7, current_date())",3.75576558821711,519054,SUCCESS,
23daf982-3021-4b93-b28e-9d48ac291e9f,2025-09-04T13:24:00,4b7e389e-8c78-4e72-ab0b-774df43b399e,hardinjennifer,BI_WH_MEDIUM,SELECT * FROM MARKETING_CAMPAIGNS LIMIT 1000,2.2404848276484035,186989,SUCCESS,
955a1835-1252-4182-9e44-478ca4c8214f,2025-09-04T13:30:00,4bc8b8f2-4d6e-4d5e-8d40-a7b6b3d6bb03,amandamitchell,BI_WH_MEDIUM,"SELECT * FROM CUSTOMER_DATA WHERE created_at >= dateadd('day', -7, current_date())",2.325172740812269,573207,SUCCESS,
45af1abc-69c4-494a-a9bd-ffb4a4b2dc7c,2025-09-04T13:30:00,3d8cc43f-0f00-40bd-b8b2-34ac61fc0360,rwilliams,ETL_WH_X-SMALL,SELECT * FROM USER_ACTIVITY_LOGS LIMIT 1000,2.700659342513061,317791,SUCCESS,
89c8aed6-08ab-4c26-ad58-b39b85cba8c0,2025-09-04T13:30:00,3d8cc43f-0f00-40bd-b8b2-34ac61fc0360,rwilliams,BI_WH_X-SMALL,"SELECT * FROM MARKETING_CAMPAIGNS WHERE created_at >= dateadd('day', -7, current_date())",0.1584394612034378,239618,SUCCESS,
0fc22ab9-4900-445e-abf0-d4bd65d0bf24,2025-09-04T13:30:00,859c34dd-4540-49a3-b26d-f82b1455d905,oatkinson,DEV_WH_LARGE,"SELECT COUNT(*) FROM EMPLOYEE_RECORDS GROUP BY date_trunc('day', created_at)",4.92464594536024,13542,SUCCESS,
8237fc99-eac0-4adf-9ba0-f38dd7be10d0,2025-09-04T13:30:00,879c852e-e8e8-45c3-9ead-5fa56c9ecfbc,egarcia,BI_WH_LARGE,"SELECT * FROM FINANCIAL_METRICS WHERE created_at >= dateadd('day', -7, current_date())",0.442542762151671,297558,SUCCESS,
fe88f9ea-180f-4e72-a3e9-2230b438aaba,2025-09-04T13:30:00,5fb2a072-2bab-4b94-9109-9cbea70c5438,bryancuevas,PROD_WH_SMALL,SELECT * FROM SALES_TRANSACTIONS LIMIT 1000,1.1681629250656895,90016,SUCCESS,
1fe7e882-9584-47bd-bd93-5b55afec1941,2025-09-04T13:30:00,57eba2d7-a4fe-48aa-aa7b-ad0e6f1296b7,jose46,PROD_WH_X-SMALL,"SELECT DISTINCT column1, column2 FROM FINANCIAL_METRICS WHERE condition = 'value'",0.321112772116282,962429,SUCCESS,
cc927912-144a-48f6-92a8-203736bb1d10,2025-09-04T13:30:00,b92c2609-888c-471e-bf61-4363556df9d8,frank26,DEV_WH_X-SMALL,"SELECT DISTINCT column1, column2 FROM SALES_TRANSACTIONS WHERE condition = 'value'",4.966278690875511,474293,SUCCESS,
26db6930-f1a0-47cd-94f2-5f9a43455f21,2025-09-04T13:30:00,cea2e75f-1ee1-4b1d-90f5-242f82a02bed,erickennedy,BI_WH_LARGE,"SELECT DISTINCT column1, column2 FROM FINANCIAL_METRICS WHERE condition = 'value'",3.92343301175574,972545,SUCCESS,
3b2fd6d0-7d2f-420e-9f06-7fae31807a38,2025-09-04T13:30:00,859c34dd-4540-49a3-b26d-f82b1455d905,oatkinson,BI_WH_MEDIUM,SELECT * FROM EMPLOYEE_RECORDS LIMIT 1000,2.381895545157727,460124,SUCCESS,
64c6c70e-83ba-4158-b5e6-66aac53bb0cd,2025-09-04T13:44:00,57eba2d7-a4fe-48aa-aa7b-ad0e6f1296b7,jose46,PROD_WH_X-SMALL,SELECT * FROM PRODUCT_INVENTORY LIMIT 1000,2.04134745151373,445779,SUCCESS,
f3fd7ee7-75cb-429b-b1ea-926a90694b98,2025-09-04T13:44:00,a3a85592-9f3f-4845-87b8-dd199fcdc3cc,gmoreno,PROD_WH_LARGE,"SELECT COUNT(*) FROM EMPLOYEE_RECORDS GROUP BY date_trunc('day', created_at)",1.6703783800918424,474551,SUCCESS,
a2080c6c-53ec-4297-a105-aee0033ced47,2025-09-04T13:44:00,f0c2cfac-cf3b-4053-9e79-a6a4c6bbd187,garciaalison,PROD_WH_LARGE,"SELECT * FROM SYSTEM_EVENTS WHERE created_at >= dateadd('day', -7, current_date())",3.7121324080412923,462463,SUCCESS,
2102e1e4-bdad-4ae6-934d-d5141131094f,2025-09-04T13:44:00,9a7a68c7-1b0c-4669-859f-6d352b1e386f,andrew16,BI_WH_MEDIUM,"SELECT * FROM CUSTOMER_DATA WHERE created_at >= dateadd('day', -7, current_date())",3.537092703743656,453321,SUCCESS,
d4abd164-57e2-452b-a43f-25a9e4c67599,2025-09-04T13:44:00,3d8cc43f-0f00-40bd-b8b2-34ac61fc0360,rwilliams,DEV_WH_X-SMALL,"SELECT DISTINCT column1, column2 FROM SYSTEM_EVENTS WHERE condition = 'value'",3.507519942677523,51566,SUCCESS,
28caa91c-f396-40bf-8940-967de9cba806,2025-09-04T13:44:00,00f99f6f-5fcc-490a-84f9-6b24911c0b2e,emilyhamilton,BI_WH_LARGE,SELECT * FROM SALES_TRANSACTIONS LIMIT 1000,1.748549793911921,614203,SUCCESS,
8a19237b-d969-4d53-9f76-f0aac43ac38f,2025-09-04T13:44:00,3d8cc43f-0f00-40bd-b8b2-34ac61fc0360,rwilliams,BI_WH_SMALL,"SELECT COUNT(*) FROM SYSTEM_EVENTS GROUP BY date_trunc('day', created_at)",0.40914952319713227,527339,SUCCESS,
3bcf34d6-f79b-47e0-9682-b683ead3064c,2025-09-04T13:44:00,f22aa1cf-fe8b-4e78-8492-b46e0f46ffda,brandtmisty,ETL_WH_SMALL,"SELECT COUNT(*) FROM CUSTOMER_DATA GROUP BY date_trunc('day', created_at)",0.25195786141544474,185136,SUCCESS,
0d654806-97cc-4b23-ba95-7fe9fec49567,2025-09-04T13:44:00,4bc8b8f2-4d6e-4d5e-8d40-a7b6b3d6bb03,amandamitchell,PROD_WH_MEDIUM,"SELECT * FROM MARKETING_CAMPAIGNS WHERE created_at >= dateadd('day', -7, current_date())",1.9543847354214816,230692,SUCCESS,
abf356d3-661a-4648-ab80-dd3f0eb9a333,2025-09-04T13:44:00,a3a85592-9f3f-4845-87b8-dd199fcdc3cc,gmoreno,DEV_WH_X-SMALL,SELECT * FROM CUSTOMER_DATA LIMIT 1000,0.7441304638677154,725808,SUCCESS,
7b87c959-eb81-466d-943c-90a1ab1256ce,2025-09-04T13:56:00,da0f0f7a-8d2c-4ca9-b82e-cda33fba6610,rachel35,ETL_WH_SMALL,"SELECT DISTINCT column1, column2 FROM EMPLOYEE_RECORDS WHERE condition = 'value'",4.586665512257407,939528,SUCCESS,
e21f9cf7-3f94-4e1b-afab-d7db0918cede,2025-09-04T13:56:00,7cd584de-ca92-465c-8ea8-5f7ad356bee6,danasandoval,BI_WH_LARGE,SELECT * FROM USER_ACTIVITY_LOGS LIMIT 1000,1.512805071398203,296375,SUCCESS,
2e4dee20-3397-4360-88c5-f4f58f2c6ca2,2025-09-04T13:56:00,4bc8b8f2-4d6e-4d5e-8d40-a7b6b3d6bb03,amandamitchell,BI_WH_LARGE,"SELECT COUNT(*) FROM MARKETING_CAMPAIGNS GROUP BY date_trunc('day', created_at)",3.422383071668557,58223,SUCCESS,
16b60ba1-0869-4a3e-bd7e-528beb84d254,2025-09-04T13:56:00,5fb2a072-2bab-4b94-9109-9cbea70c5438,bryancuevas,ETL_WH_SMALL,"SELECT DISTINCT column1, column2 FROM USER_ACTIVITY_LOGS WHERE condition = 'value'",4.400669931390226,74785,SUCCESS,
e44c260e-d7ab-4d67-800c-272d31bc4536,2025-09-04T13:56:00,f22aa1cf-fe8b-4e78-8492-b46e0f46ffda,brandtmisty,ETL_WH_SMALL,SELECT * FROM MARKETING_CAMPAIGNS LIMIT 1000,3.04624311913906,268625,SUCCESS,
cb0512e2-461c-4dad-962a-3393b9805e0e,2025-09-04T13:56:00,859c34dd-4540-49a3-b26d-f82b1455d905,oatkinson,BI_WH_SMALL,"SELECT DISTINCT column1, column2 FROM CUSTOMER_DATA WHERE condition = 'value'",2.335447703907247,227857,SUCCESS,
651a0daa-fd78-4969-a195-350cadb906b9,2025-09-04T13:56:00,879c852e-e8e8-45c3-9ead-5fa56c9ecfbc,egarcia,PROD_WH_MEDIUM,"SELECT COUNT(*) FROM PRODUCT_INVENTORY GROUP BY date_trunc('day', created_at)",4.834524137293737,827284,SUCCESS,
06e91c10-29b8-4d65-9a8b-0b464ce060b2,2025-09-04T13:56:00,ac5e7ada-2f2f-4292-a0e4-18083982547a,lliu,ETL_WH_MEDIUM,SELECT * FROM MARKETING_CAMPAIGNS LIMIT 1000,3.6638081097685364,731904,SUCCESS,
441c92a0-4392-4486-bfe9-d4e4d74d99a5,2025-09-04T13:56:00,4b7e389e-8c78-4e72-ab0b-774df43b399e,hardinjennifer,BI_WH_LARGE,"SELECT DISTINCT column1, column2 FROM FINANCIAL_METRICS WHERE condition = 'value'",0.4684735078129315,881237,SUCCESS,
a920e8b2-6d4f-4541-9dd5-ed7fc0b6ebbf,2025-09-04T13:56:00,5fb2a072-2bab-4b94-9109-9cbea70c5438,bryancuevas,DEV_WH_X-SMALL,SELECT * FROM EMPLOYEE_RECORDS LIMIT 1000,2.753352111513781,14205,SUCCESS,
492bf488-d1e4-4018-bf89-885db767e752,2025-09-04T14:02:00,b92c2609-888c-471e-bf61-4363556df9d8,frank26,ETL_WH_MEDIUM,"SELECT * FROM SALES_TRANSACTIONS WHERE created_at >= dateadd('day', -7, current_date())",2.922905750631573,538262,SUCCESS,
243fc53c-bb1c-4202-b433-9b97a6c471d2,2025-09-04T14:02:00,3d8cc43f-0f00-40bd-b8b2-34ac61fc0360,rwilliams,PROD_WH_X-SMALL,"SELECT DISTINCT column1, column2 FROM FINANCIAL_METRICS WHERE condition = 'value'",2.8094970992744606,756996,SUCCESS,
30d540cd-24ce-47ef-a40a-37e678bbce4c,2025-09-04T14:02:00,4bc8b8f2-4d6e-4d5e-8d40-a7b6b3d6bb03,amandamitchell,ETL_WH_MEDIUM,SELECT * FROM FINANCIAL_METRICS LIMIT 1000,4.791430317883621,557560,SUCCESS,
0dc2e938-fcdf-483d-996a-7979350b4f63,2025-09-04T14:02:00,9a7a68c7-1b0c-4669-859f-6d352b1e386f,andrew16,PROD_WH_MEDIUM,SELECT * FROM SALES_TRANSACTIONS LIMIT 1000,2.3563209808234244,138040,SUCCESS,
4b447b56-47bc-47f7-a030-56c9402fc8ec,2025-09-04T14:02:00,b92c2609-888c-471e-bf61-4363556df9d8,frank26,DEV_WH_SMALL,"SELECT DISTINCT column1, column2 FROM SALES_TRANSACTIONS WHERE condition = 'value'",3.398650577035755,663644,SUCCESS,
a0361e14-454e-47a7-9025-e51cf056264b,2025-09-04T14:02:00,3d8cc43f-0f00-40bd-b8b2-34ac61fc0360,rwilliams,DEV_WH_X-SMALL,"SELECT COUNT(*) FROM CUSTOMER_DATA GROUP BY date_trunc('day', created_at)",3.7908844332095506,117694,SUCCESS,
5acc61d2-4c59-4cbc-84b5-f6b851642916,2025-09-04T14:02:00,4b7e389e-8c78-4e72-ab0b-774df43b399e,hardinjennifer,PROD_WH_SMALL,"SELECT DISTINCT column1, column2 FROM EMPLOYEE_RECORDS WHERE condition = 'value'",2.885326808727486,328144,SUCCESS,
c3b863a9-db15-4e55-bb61-8571ccb67512,2025-09-04T14:02:00,ac5e7ada-2f2f-4292-a0e4-18083982547a,lliu,DEV_WH_LARGE,"SELECT * FROM EMPLOYEE_RECORDS WHERE created_at >= dateadd('day', -7, current_date())",3.5640413336243664,877455,SUCCESS,
598d80b0-5a91-41b9-bf54-4ad5737d3a92,2025-09-04T14:02:00,a3a85592-9f3f-4845-87b8-dd199fcdc3cc,gmoreno,PROD_WH_X-SMALL,"SELECT * FROM SALES_TRANSACTIONS WHERE created_at >= dateadd('day', -7, current_date())",2.415797393501406,999274,SUCCESS,
bcaf4a0b-9bfe-42ac-b5da-54c49ffccc0e,2025-09-04T14:02:00,a3a85592-9f3f-4845-87b8-dd199fcdc3cc,gmoreno,BI_WH_MEDIUM,"SELECT COUNT(*) FROM USER_ACTIVITY_LOGS GROUP BY date_trunc('day', created_at)",4.114814960135426,127835,SUCCESS,
082688aa-8c8b-4e09-aa6c-2bd621b26697,2025-09-04T14:08:00,ac5e7ada-2f2f-4292-a0e4-18083982547a,lliu,BI_WH_MEDIUM,"SELECT COUNT(*) FROM MARKETING_CAMPAIGNS GROUP BY date_trunc('day', created_at)",4.793834174741441,659468,SUCCESS,
fe6cab1e-b788-4473-9ae5-a0767d715732,2025-09-04T14:08:00,9a7a68c7-1b0c-4669-859f-6d352b1e386f,andrew16,ETL_WH_X-SMALL,"SELECT * FROM USER_ACTIVITY_LOGS WHERE created_at >= dateadd('day', -7, current_date())",4.71191819153619,213088,SUCCESS,
320d4630-a298-4a5f-a529-5b9028c34c23,2025-09-04T14:08:00,4bc8b8f2-4d6e-4d5e-8d40-a7b6b3d6bb03,amandamitchell,PROD_WH_X-SMALL,SELECT * FROM SYSTEM_EVENTS LIMIT 1000,0.7788606561708487,556761,SUCCESS,
f7e4de04-a5d8-4c5f-bc22-2bfca8fff2b5,2025-09-04T14:08:00,82e7a6a3-1f49-4f5a-8a2a-96e5a654a185,codyoconnor,DEV_WH_LARGE,"SELECT * FROM USER_ACTIVITY_LOGS WHERE created_at >= dateadd('day', -7, current_date())",2.4213465570988304,311742,SUCCESS,
12f3648f-79cd-43a5-9cca-8f819f40e5fe,2025-09-04T14:08:00,879c852e-e8e8-45c3-9ead-5fa56c9ecfbc,egarcia,PROD_WH_MEDIUM,SELECT * FROM MARKETING_CAMPAIGNS LIMIT 1000,4.553483817903927,951518,SUCCESS,
5f5f8000-470e-4e14-b139-9ef3f3ae5363,2025-09-04T14:08:00,ac5e7ada-2f2f-4292-a0e4-18083982547a,lliu,ETL_WH_SMALL,"SELECT DISTINCT column1, column2 FROM SYSTEM_EVENTS WHERE condition = 'value'",4.585373444633959,564728,SUCCESS,
e6d63a33-6065-4d32-9894-708d51e42c90,2025-09-04T14:08:00,859c34dd-4540-49a3-b26d-f82b1455d905,oatkinson,BI_WH_X-SMALL,"SELECT * FROM CUSTOMER_DATA WHERE created_at >= dateadd('day', -7, current_date())",3.4644791064844007,865518,SUCCESS,
6c74b11b-8f68-417c-b4cc-c5d7061f8baf,2025-09-04T14:08:00,3d8cc43f-0f00-40bd-b8b2-34ac61fc0360,rwilliams,ETL_WH_SMALL,"SELECT COUNT(*) FROM MARKETING_CAMPAIGNS GROUP BY date_trunc('day', created_at)",1.2445457866125627,824845,SUCCESS,
f90c8b73-c1e2-4e99-8167-df6974668e8c,2025-09-04T14:08:00,879c852e-e8e8-45c3-9ead-5fa56c9ecfbc,egarcia,BI_WH_X-SMALL,"SELECT * FROM PRODUCT_INVENTORY WHERE created_at >= dateadd('day', -7, current_date())",2.1574028722542162,377210,SUCCESS,
29b41a02-8154-4884-a251-6f43b013454a,2025-09-04T14:08:00,3d8cc43f-0f00-40bd-b8b2-34ac61fc0360,rwilliams,ETL_WH_MEDIUM,"SELECT * FROM PRODUCT_INVENTORY WHERE created_at >= dateadd('day', -7, current_date())",0.7545423920600858,637468,SUCCESS,
d8df4d88-e1fa-4d01-8f71-dc647c7c5b17,2025-09-04T14:21:00,879c852e-e8e8-45c3-9ead-5fa56c9ecfbc,egarcia,BI_WH_LARGE,"SELECT * FROM SALES_TRANSACTIONS WHERE created_at >= dateadd('day', -7, current_date())",1.2769581167797617,487327,SUCCESS,
49e328fd-cd18-4295-895c-ce9ac60d369f,2025-09-04T14:21:00,5fb2a072-2bab-4b94-9109-9cbea70c5438,bryancuevas,DEV_WH_X-SMALL,"SELECT DISTINCT column1, column2 FROM EMPLOYEE_RECORDS WHERE condition = 'value'",2.398001382507018,825555,SUCCESS,
f7423df7-7aeb-4d81-8c20-65c490664050,2025-09-04T14:21:00,b92c2609-888c-471e-bf61-4363556df9d8,frank26,DEV_WH_MEDIUM,"SELECT * FROM PRODUCT_INVENTORY WHERE created_at >= dateadd('day', -7, current_date())",4.897303159551976,544923,SUCCESS,
672f5544-256c-4ba7-8755-a6541cb98cf1,2025-09-04T14:21:00,4b7e389e-8c78-4e72-ab0b-774df43b399e,hardinjennifer,BI_WH_LARGE,SELECT * FROM SYSTEM_EVENTS LIMIT 1000,2.854017207145765,814205,SUCCESS,
fcbe5754-6574-4698-b5e7-6a5d2ab4b755,2025-09-04T14:21:00,a3a85592-9f3f-4845-87b8-dd199fcdc3cc,gmoreno,DEV_WH_X-SMALL,SELECT * FROM EMPLOYEE_RECORDS LIMIT 1000,0.8285177131582157,946079,SUCCESS,
ca29d580-f8b7-4ab4-8793-489fed278382,2025-09-04T14:21:00,82e7a6a3-1f49-4f5a-8a2a-96e5a654a185,codyoconnor,BI_WH_MEDIUM,"SELECT DISTINCT column1, column2 FROM SALES_TRANSACTIONS WHERE condition = 'value'",0.9949598776265571,427442,SUCCESS,
2617ef5f-6ed4-480b-bd35-0f1d39bca4b8,2025-09-04T14:21:00,da0f0f7a-8d2c-4ca9-b82e-cda33fba6610,rachel35,ETL_WH_SMALL,"SELECT COUNT(*) FROM MARKETING_CAMPAIGNS GROUP BY date_trunc('day', created_at)",2.180113044161352,790137,SUCCESS,
b723148c-5ed3-462b-974b-ab61e617f0a7,2025-09-04T14:21:00,a3a85592-9f3f-4845-87b8-dd199fcdc3cc,gmoreno,BI_WH_LARGE,"SELECT DISTINCT column1, column2 FROM CUSTOMER_DATA WHERE condition = 'value'",1.013958696750408,901196,SUCCESS,
05be43e0-b95f-4a3d-876a-b9ee43f9ce11,2025-09-04T14:21:00,5fb2a072-2bab-4b94-9109-9cbea70c5438,bryancuevas,DEV_WH_LARGE,"SELECT DISTINCT column1, column2 FROM SYSTEM_EVENTS WHERE condition = 'value'",4.1283570981293805,834512,SUCCESS,
2223b5d0-6cf4-4215-96a6-8c93629a1307,2025-09-04T14:21:00,7cd584de-ca92-465c-8ea8-5f7ad356bee6,danasandoval,BI_WH_MEDIUM,"SELECT COUNT(*) FROM FINANCIAL_METRICS GROUP BY date_trunc('day', created_at)",0.359228613581293,521917,SUCCESS,
19636506-2cd9-42b1-b207-26a9c6883cce,2025-09-04T14:30:00,5fb2a072-2bab-4b94-9109-9cbea70c5438,bryancuevas,PROD_WH_MEDIUM,SELECT * FROM PRODUCT_INVENTORY LIMIT 1000,3.3471482234322076,947761,SUCCESS,
1a0d386c-0411-4ac6-b1d0-6f66f679c3cd,2025-09-04T14:30:00,cea2e75f-1ee1-4b1d-90f5-242f82a02bed,erickennedy,PROD_WH_MEDIUM,"SELECT COUNT(*) FROM MARKETING_CAMPAIGNS GROUP BY date_trunc('day', created_at)",0.912014405933861,706679,SUCCESS,
123ae555-1878-4e67-9301-ba0511edb3a1,2025-09-04T14:30:00,cea2e75f-1ee1-4b1d-90f5-242f82a02bed,erickennedy,ETL_WH_LARGE,"SELECT COUNT(*) FROM FINANCIAL_METRICS GROUP BY date_trunc('day', created_at)",3.7577569685645424,796598,SUCCESS,
f0ef3df4-3468-4f85-8570-3becbcf557e1,2025-09-04T14:30:00,cea2e75f-1ee1-4b1d-90f5-242f82a02bed,erickennedy,PROD_WH_X-SMALL,"SELECT DISTINCT column1, column2 FROM FINANCIAL_METRICS WHERE condition = 'value'",4.403493594554567,498735,SUCCESS,
c81bd2d9-54e4-4786-89fb-cfc8c735b728,2025-09-04T14:30:00,7cd584de-ca92-465c-8ea8-5f7ad356bee6,danasandoval,ETL_WH_SMALL,"SELECT * FROM PRODUCT_INVENTORY WHERE created_at >= dateadd('day', -7, current_date())",1.3208669417309737,742383,SUCCESS,
8554aebc-9265-4964-882e-ed1e3b8898b0,2025-09-04T14:30:00,cea2e75f-1ee1-4b1d-90f5-242f82a02bed,erickennedy,ETL_WH_SMALL,"SELECT COUNT(*) FROM FINANCIAL_METRICS GROUP BY date_trunc('day', created_at)",2.5836175119595004,839552,SUCCESS,
910d758e-6c46-4b0b-90b9-00fcf1a6ee59,2025-09-04T14:30:00,7cd584de-ca92-465c-8ea8-5f7ad356bee6,danasandoval,DEV_WH_LARGE,SELECT * FROM FINANCIAL_METRICS LIMIT 1000,4.413895217446696,511590,SUCCESS,
1ae7d827-877f-4551-a83f-5847322894e0,2025-09-04T14:30:00,da0f0f7a-8d2c-4ca9-b82e-cda33fba6610,rachel35,PROD_WH_MEDIUM,"SELECT * FROM EMPLOYEE_RECORDS WHERE created_at >= dateadd('day', -7, current_date())",3.8351678495282875,106667,SUCCESS,
478e3575-7a65-41dc-a56e-1da1178db6b8,2025-09-04T14:30:00,00f99f6f-5fcc-490a-84f9-6b24911c0b2e,emilyhamilton,PROD_WH_X-SMALL,"SELECT * FROM FINANCIAL_METRICS WHERE created_at >= dateadd('day', -7, current_date())",4.525817678125922,334381,SUCCESS,
c9f8ffc7-05f5-4a78-99ed-841eb7ad850b,2025-09-04T14:30:00,cea2e75f-1ee1-4b1d-90f5-242f82a02bed,erickennedy,PROD_WH_SMALL,SELECT * FROM MARKETING_CAMPAIGNS LIMIT 1000,1.4098084696477386,454917,SUCCESS,
580dd66e-e885-4277-b687-e0673dac68b8,2025-09-04T14:35:00,f22aa1cf-fe8b-4e78-8492-b46e0f46ffda,brandtmisty,PROD_WH_LARGE,"SELECT * FROM EMPLOYEE_RECORDS WHERE created_at >= dateadd('day', -7, current_date())",3.114664773965979,946232,SUCCESS,
b3840492-94c6-4eb4-b13d-ae7d61ed436c,2025-09-04T14:35:00,859c34dd-4540-49a3-b26d-f82b1455d905,oatkinson,PROD_WH_X-SMALL,"SELECT COUNT(*) FROM SYSTEM_EVENTS GROUP BY date_trunc('day', created_at)",1.1947085509410493,878670,SUCCESS,
52abb6ef-cfa6-4ff2-a597-1f99d1b986cc,2025-09-04T14:35:00,a3a85592-9f3f-4845-87b8-dd199fcdc3cc,gmoreno,ETL_WH_LARGE,"SELECT * FROM MARKETING_CAMPAIGNS WHERE created_at >= dateadd('day', -7, current_date())",2.729358867842255,198540,SUCCESS,
cfca256f-39eb-4051-bae6-e045ec5972b5,2025-09-04T14:35:00,7cd584de-ca92-465c-8ea8-5f7ad356bee6,danasandoval,PROD_WH_SMALL,SELECT * FROM PRODUCT_INVENTORY LIMIT 1000,3.100054109858975,513279,SUCCESS,
4f382ad3-cd0a-45be-86eb-e1d8d41bb4cd,2025-09-04T14:35:00,7cd584de-ca92-465c-8ea8-5f7ad356bee6,danasandoval,DEV_WH_MEDIUM,SELECT * FROM PRODUCT_INVENTORY LIMIT 1000,3.615373029261942,982372,SUCCESS,
279e65e9-2367-4c37-8833-6c0e47398746,2025-09-04T14:35:00,ac5e7ada-2f2f-4292-a0e4-18083982547a,lliu,DEV_WH_LARGE,"SELECT COUNT(*) FROM SYSTEM_EVENTS GROUP BY date_trunc('day', created_at)",1.373371217137157,770045,SUCCESS,
e970ee8f-b701-4a51-b413-1273de8a34cc,2025-09-04T14:35:00,a3a85592-9f3f-4845-87b8-dd199fcdc3cc,gmoreno,ETL_WH_X-SMALL,SELECT * FROM PRODUCT_INVENTORY LIMIT 1000,1.1423466154298545,318482,SUCCESS,
5ad0d1a1-3e94-4e6f-a833-8920a0babdcd,2025-09-04T14:35:00,b92c2609-888c-471e-bf61-4363556df9d8,frank26,DEV_WH_SMALL,"SELECT * FROM CUSTOMER_DATA WHERE created_at >= dateadd('day', -7, current_date())",4.099152880857739,134857,SUCCESS,
0d897440-252d-4d8e-a260-aa38ae6be2bc,2025-09-04T14:35:00,f0c2cfac-cf3b-4053-9e79-a6a4c6bbd187,garciaalison,BI_WH_X-SMALL,SELECT * FROM USER_ACTIVITY_LOGS LIMIT 1000,3.6012583815441057,304303,SUCCESS,
8538d81b-a281-426f-92e7-8456c5c8d2da,2025-09-04T14:35:00,3d8cc43f-0f00-40bd-b8b2-34ac61fc0360,rwilliams,BI_WH_MEDIUM,"SELECT * FROM FINANCIAL_METRICS WHERE created_at >= dateadd('day', -7, current_date())",3.923115823237632,955144,SUCCESS,
ad2a739b-58a0-4fc7-9127-8cdac4a18c0d,2025-09-04T14:47:00,859c34dd-4540-49a3-b26d-f82b1455d905,oatkinson,PROD_WH_LARGE,SELECT * FROM USER_ACTIVITY_LOGS LIMIT 1000,3.1440565048549822,7708,SUCCESS,
b679d290-e949-4751-a99a-aa68d2fcbd6c,2025-09-04T14:47:00,57eba2d7-a4fe-48aa-aa7b-ad0e6f1296b7,jose46,ETL_WH_SMALL,"SELECT * FROM SYSTEM_EVENTS WHERE created_at >= dateadd('day', -7, current_date())",3.6668959445113063,981823,SUCCESS,
bb9bc1d5-bf36-461f-a33f-42d9ec84bba0,2025-09-04T14:47:00,b92c2609-888c-471e-bf61-4363556df9d8,frank26,PROD_WH_LARGE,"SELECT * FROM PRODUCT_INVENTORY WHERE created_at >= dateadd('day', -7, current_date())",1.466958052221176,100621,SUCCESS,
8ebbcd1d-8957-46bb-b10e-46ef79120874,2025-09-04T14:47:00,00f99f6f-5fcc-490a-84f9-6b24911c0b2e,emilyhamilton,BI_WH_LARGE,"SELECT DISTINCT column1, column2 FROM MARKETING_CAMPAIGNS WHERE condition = 'value'",1.1239639427666381,457991,SUCCESS,
74048958-07ee-4361-954a-b0cd1be11101,2025-09-04T14:47:00,cea2e75f-1ee1-4b1d-90f5-242f82a02bed,erickennedy,ETL_WH_LARGE,"SELECT COUNT(*) FROM EMPLOYEE_RECORDS GROUP BY date_trunc('day', created_at)",2.4437987259763743,670385,SUCCESS,
c029c5c9-9341-46f5-918b-1c99a1ca7a13,2025-09-04T14:47:00,da0f0f7a-8d2c-4ca9-b82e-cda33fba6610,rachel35,PROD_WH_X-SMALL,"SELECT * FROM SALES_TRANSACTIONS WHERE created_at >= dateadd('day', -7, current_date())",4.311685536541488,60928,SUCCESS,
0c7f7b82-ae99-4b51-9b37-1d41d7ed9b5d,2025-09-04T14:47:00,a3a85592-9f3f-4845-87b8-dd199fcdc3cc,gmoreno,BI_WH_X-SMALL,"SELECT COUNT(*) FROM EMPLOYEE_RECORDS GROUP BY date_trunc('day', created_at)",1.6311027070449373,109033,SUCCESS,
fe8cdc2a-d5f5-43fd-a4c6-c3fdc70bb4c9,2025-09-04T14:47:00,ac5e7ada-2f2f-4292-a0e4-18083982547a,lliu,PROD_WH_MEDIUM,"SELECT DISTINCT column1, column2 FROM FINANCIAL_METRICS WHERE condition = 'value'",3.4137908046890453,630169,SUCCESS,
78f20c43-1f47-4143-93ee-4b14efd42ad9,2025-09-04T14:47:00,a3a85592-9f3f-4845-87b8-dd199fcdc3cc,gmoreno,BI_WH_LARGE,"SELECT COUNT(*) FROM PRODUCT_INVENTORY GROUP BY date_trunc('day', created_at)",0.16696708498710494,451325,SUCCESS,
355cf472-acbf-41b4-a5d6-0ad65ae077be,2025-09-04T14:47:00,7cd584de-ca92-465c-8ea8-5f7ad356bee6,danasandoval,PROD_WH_LARGE,"SELECT COUNT(*) FROM FINANCIAL_METRICS GROUP BY date_trunc('day', created_at)",3.298531924895848,194542,SUCCESS,
6e7b09c3-6b15-43ad-babb-cce845894633,2025-09-04T15:01:00,82e7a6a3-1f49-4f5a-8a2a-96e5a654a185,codyoconnor,ETL_WH_LARGE,SELECT * FROM SALES_TRANSACTIONS LIMIT 1000,4.22702256328342,426331,SUCCESS,
c73ab72b-6088-496a-bd89-07dd59fac812,2025-09-04T15:01:00,859c34dd-4540-49a3-b26d-f82b1455d905,oatkinson,DEV_WH_SMALL,"SELECT DISTINCT column1, column2 FROM PRODUCT_INVENTORY WHERE condition = 'value'",3.9034086442636116,961894,SUCCESS,
0d6f414a-7a55-4236-bb4c-e7801709485b,2025-09-04T15:01:00,cea2e75f-1ee1-4b1d-90f5-242f82a02bed,erickennedy,BI_WH_LARGE,SELECT * FROM FINANCIAL_METRICS LIMIT 1000,0.6122837652487051,334072,SUCCESS,
d80017b0-be1b-4a22-bd12-c65d62dc616b,2025-09-04T15:01:00,82e7a6a3-1f49-4f5a-8a2a-96e5a654a185,codyoconnor,ETL_WH_LARGE,"SELECT * FROM SYSTEM_EVENTS WHERE created_at >= dateadd('day', -7, current_date())",3.993852510837983,980038,SUCCESS,
2cc5ea59-3c56-4cec-b580-f9233a401ee9,2025-09-04T15:01:00,cea2e75f-1ee1-4b1d-90f5-242f82a02bed,erickennedy,BI_WH_SMALL,"SELECT DISTINCT column1, column2 FROM SYSTEM_EVENTS WHERE condition = 'value'",2.28028410720786,99714,SUCCESS,
6d94bb44-b47f-4ba3-bc9e-ba31e04da77b,2025-09-04T15:01:00,a3a85592-9f3f-4845-87b8-dd199fcdc3cc,gmoreno,DEV_WH_MEDIUM,"SELECT * FROM EMPLOYEE_RECORDS WHERE created_at >= dateadd('day', -7, current_date())",1.2859489080846698,480113,SUCCESS,
7df46e44-e370-42a0-95ca-badd108bc851,2025-09-04T15:01:00,f0c2cfac-cf3b-4053-9e79-a6a4c6bbd187,garciaalison,ETL_WH_MEDIUM,"SELECT COUNT(*) FROM SALES_TRANSACTIONS GROUP BY date_trunc('day', created_at)",2.106841459648686,567740,SUCCESS,
71206663-c7ea-4836-a4ec-16f9f463541a,2025-09-04T15:01:00,b92c2609-888c-471e-bf61-4363556df9d8,frank26,BI_WH_X-SMALL,"SELECT COUNT(*) FROM SALES_TRANSACTIONS GROUP BY date_trunc('day', created_at)",1.9503010180802045,407611,SUCCESS,
14c94d2e-a71c-46f7-80a0-310ca8a2e2a0,2025-09-04T15:01:00,f22aa1cf-fe8b-4e78-8492-b46e0f46ffda,brandtmisty,ETL_WH_SMALL,"SELECT DISTINCT column1, column2 FROM SYSTEM_EVENTS WHERE condition = 'value'",2.264436872851375,602853,SUCCESS,
83ddc26b-643b-4511-a44b-698ad5e7a8df,2025-09-04T15:01:00,7cd584de-ca92-465c-8ea8-5f7ad356bee6,danasandoval,ETL_WH_MEDIUM,"SELECT COUNT(*) FROM EMPLOYEE_RECORDS GROUP BY date_trunc('day', created_at)",3.7616440406467704,557824,SUCCESS,
76bc2d08-f4e4-452e-8bd4-81c74a27a86b,2025-09-04T15:08:00,5fb2a072-2bab-4b94-9109-9cbea70c5438,bryancuevas,BI_WH_SMALL,"SELECT DISTINCT column1, column2 FROM EMPLOYEE_RECORDS WHERE condition = 'value'",4.655353764948237,187209,SUCCESS,
47611e3c-c630-4a2c-b97b-c5206f080691,2025-09-04T15:08:00,7cd584de-ca92-465c-8ea8-5f7ad356bee6,danasandoval,PROD_WH_MEDIUM,"SELECT COUNT(*) FROM EMPLOYEE_RECORDS GROUP BY date_trunc('day', created_at)",4.410533156743871,325658,SUCCESS,
910c421d-05fc-42c1-9162-f79c07c93b99,2025-09-04T15:08:00,f0c2cfac-cf3b-4053-9e79-a6a4c6bbd187,garciaalison,ETL_WH_X-SMALL,"SELECT DISTINCT column1, column2 FROM MARKETING_CAMPAIGNS WHERE condition = 'value'",0.12572467922040764,176872,SUCCESS,
c684a838-6c0a-4314-9173-56a9a08b9010,2025-09-04T15:08:00,4b7e389e-8c78-4e72-ab0b-774df43b399e,hardinjennifer,DEV_WH_LARGE,"SELECT * FROM USER_ACTIVITY_LOGS WHERE created_at >= dateadd('day', -7, current_date())",1.1736510139177436,207846,SUCCESS,
c5081b94-a00b-408e-9229-1c721704fa9e,2025-09-04T15:08:00,7cd584de-ca92-465c-8ea8-5f7ad356bee6,danasandoval,ETL_WH_SMALL,"SELECT * FROM USER_ACTIVITY_LOGS WHERE created_at >= dateadd('day', -7, current_date())",2.867106106820598,911079,SUCCESS,
c43759e3-e1f1-4907-bf4d-b21fae5a53b7,2025-09-04T15:08:00,4bc8b8f2-4d6e-4d5e-8d40-a7b6b3d6bb03,amandamitchell,DEV_WH_MEDIUM,"SELECT DISTINCT column1, column2 FROM USER_ACTIVITY_LOGS WHERE condition = 'value'",2.504048657058412,38781,SUCCESS,
5d67c18c-0677-4fc3-84e1-a821b0bb7543,2025-09-04T15:08:00,879c852e-e8e8-45c3-9ead-5fa56c9ecfbc,egarcia,DEV_WH_X-SMALL,SELECT * FROM CUSTOMER_DATA LIMIT 1000,0.665036313454244,727128,SUCCESS,
e671a2c2-d4b1-4982-95fd-0bea1c369d45,2025-09-04T15:08:00,b92c2609-888c-471e-bf61-4363556df9d8,frank26,BI_WH_LARGE,SELECT * FROM USER_ACTIVITY_LOGS LIMIT 1000,4.999653517797928,431888,SUCCESS,
a4cb21bb-d40c-4e05-a8aa-10cf7ddab60a,2025-09-04T15:08:00,f0c2cfac-cf3b-4053-9e79-a6a4c6bbd187,garciaalison,ETL_WH_LARGE,"SELECT COUNT(*) FROM EMPLOYEE_RECORDS GROUP BY date_trunc('day', created_at)",3.244942339001996,479758,SUCCESS,
d0431973-6cd2-4a0d-95ad-7956b664c1cd,2025-09-04T15:08:00,da0f0f7a-8d2c-4ca9-b82e-cda33fba6610,rachel35,DEV_WH_MEDIUM,"SELECT DISTINCT column1, column2 FROM EMPLOYEE_RECORDS WHERE condition = 'value'",3.64353472191538,768922,SUCCESS,
fd3b8195-9481-4f98-9d6a-1cf6f6903488,2025-09-04T15:19:00,3d8cc43f-0f00-40bd-b8b2-34ac61fc0360,rwilliams,ETL_WH_X-SMALL,SELECT * FROM CUSTOMER_DATA LIMIT 1000,4.6156357423381875,153331,SUCCESS,
631f1cd3-59c1-41db-805d-98a63724ce6f,2025-09-04T15:19:00,89e53854-09b7-4b59-8352-a231c51f8687,glarsen,DEV_WH_MEDIUM,"SELECT DISTINCT column1, column2 FROM SYSTEM_EVENTS WHERE condition = 'value'",2.23195080256976,356389,SUCCESS,
ab420dc7-59d6-42ed-a1d8-2e1fa6c9c708,2025-09-04T15:19:00,00f99f6f-5fcc-490a-84f9-6b24911c0b2e,emilyhamilton,PROD_WH_LARGE,"SELECT COUNT(*) FROM SALES_TRANSACTIONS GROUP BY date_trunc('day', created_at)",3.2427971914122904,460197,SUCCESS,
75dc9b57-ce63-4ca6-9066-c3ecde1c753e,2025-09-04T15:19:00,4663d48b-596a-4f39-b714-8d69ac9a7d2a,robert93,ETL_WH_LARGE,SELECT * FROM EMPLOYEE_RECORDS LIMIT 1000,1.2229476903061245,552804,SUCCESS,
1ad41925-b672-44d9-9b7d-9d8599475ee3,2025-09-04T15:19:00,f0c2cfac-cf3b-4053-9e79-a6a4c6bbd187,garciaalison,DEV_WH_X-SMALL,"SELECT COUNT(*) FROM PRODUCT_INVENTORY GROUP BY date_trunc('day', created_at)",0.12102665382776805,729568,SUCCESS,
e821453f-b8bd-41d7-b3ee-5fdbef32047a,2025-09-04T15:19:00,f22aa1cf-fe8b-4e78-8492-b46e0f46ffda,brandtmisty,ETL_WH_MEDIUM,"SELECT * FROM SYSTEM_EVENTS WHERE created_at >= dateadd('day', -7, current_date())",2.751559591575212,916160,SUCCESS,
a0ac9d0f-b6d6-4d16-87ee-3c46d016e51a,2025-09-04T15:19:00,82e7a6a3-1f49-4f5a-8a2a-96e5a654a185,codyoconnor,ETL_WH_SMALL,"SELECT COUNT(*) FROM EMPLOYEE_RECORDS GROUP BY date_trunc('day', created_at)",4.03896803811128,516120,SUCCESS,
9bdf456c-1bb0-4fa5-b59b-48406d04e47a,2025-09-04T15:19:00,da0f0f7a-8d2c-4ca9-b82e-cda33fba6610,rachel35,PROD_WH_MEDIUM,SELECT * FROM SALES_TRANSACTIONS LIMIT 1000,0.8688117328046803,251813,SUCCESS,
d7bb06b7-6481-47f1-bd08-a8b78aa03b28,2025-09-04T15:19:00,9a7a68c7-1b0c-4669-859f-6d352b1e386f,andrew16,PROD_WH_X-SMALL,SELECT * FROM MARKETING_CAMPAIGNS LIMIT 1000,3.3965836138392556,289034,SUCCESS,
2c39b221-7a7b-4913-8dee-b63b70cfd097,2025-09-04T15:19:00,82e7a6a3-1f49-4f5a-8a2a-96e5a654a185,codyoconnor,BI_WH_SMALL,"SELECT DISTINCT column1, column2 FROM FINANCIAL_METRICS WHERE condition = 'value'",2.5368409513333483,12755,SUCCESS,
5a879fd0-bb7f-4182-a6e3-d50007f4e697,2025-09-04T15:30:00,9a7a68c7-1b0c-4669-859f-6d352b1e386f,andrew16,PROD_WH_X-SMALL,"SELECT COUNT(*) FROM USER_ACTIVITY_LOGS GROUP BY date_trunc('day', created_at)",4.6560666445323795,365842,SUCCESS,
24f52cbb-1e06-4cad-8e1e-9ff5e7f59c7f,2025-09-04T15:30:00,89e53854-09b7-4b59-8352-a231c51f8687,glarsen,ETL_WH_LARGE,"SELECT * FROM FINANCIAL_METRICS WHERE created_at >= dateadd('day', -7, current_date())",1.1891754067514517,952308,SUCCESS,
f630b7ff-e04a-44c8-adf2-ec905d119bd8,2025-09-04T15:30:00,5fb2a072-2bab-4b94-9109-9cbea70c5438,bryancuevas,PROD_WH_LARGE,"SELECT * FROM USER_ACTIVITY_LOGS WHERE created_at >= dateadd('day', -7, current_date())",3.101102078125191,919553,SUCCESS,
76cda614-89b2-418f-9dfa-b8ee8db66b4a,2025-09-04T15:30:00,859c34dd-4540-49a3-b26d-f82b1455d905,oatkinson,DEV_WH_MEDIUM,"SELECT DISTINCT column1, column2 FROM USER_ACTIVITY_LOGS WHERE condition = 'value'",3.246182615327974,409725,SUCCESS,
dd75489f-d7fc-4e25-a5a3-6118b52e4e0b,2025-09-04T15:30:00,4b7e389e-8c78-4e72-ab0b-774df43b399e,hardinjennifer,ETL_WH_X-SMALL,"SELECT COUNT(*) FROM FINANCIAL_METRICS GROUP BY date_trunc('day', created_at)",3.881569566650185,144896,SUCCESS,
a0095b17-cb15-49cc-b884-05759c683a4e,2025-09-04T15:30:00,4b7e389e-8c78-4e72-ab0b-774df43b399e,hardinjennifer,BI_WH_LARGE,SELECT * FROM PRODUCT_INVENTORY LIMIT 1000,4.02124223008179,571798,SUCCESS,
953d9514-9796-45a3-b086-9a48567dd456,2025-09-04T15:30:00,a3a85592-9f3f-4845-87b8-dd199fcdc3cc,gmoreno,PROD_WH_LARGE,"SELECT DISTINCT column1, column2 FROM SYSTEM_EVENTS WHERE condition = 'value'",4.033750978019147,37207,SUCCESS,
f8014df3-b130-422b-a107-be2f1312ce82,2025-09-04T15:30:00,da0f0f7a-8d2c-4ca9-b82e-cda33fba6610,rachel35,ETL_WH_LARGE,SELECT * FROM USER_ACTIVITY_LOGS LIMIT 1000,2.6159489220010723,98392,SUCCESS,
f05be6b6-541a-43d6-9873-ed4c9bf5223e,2025-09-04T15:30:00,da0f0f7a-8d2c-4ca9-b82e-cda33fba6610,rachel35,DEV_WH_SMALL,"SELECT DISTINCT column1, column2 FROM CUSTOMER_DATA WHERE condition = 'value'",3.9093288846431418,929429,SUCCESS,
7c3e614f-95a1-443b-89a1-8f8340fb8626,2025-09-04T15:30:00,4b7e389e-8c78-4e72-ab0b-774df43b399e,hardinjennifer,PROD_WH_X-SMALL,"SELECT * FROM PRODUCT_INVENTORY WHERE created_at >= dateadd('day', -7, current_date())",2.165206466962853,378672,SUCCESS,
2597575a-04c7-4659-aa32-a14b6f81d673,2025-09-04T15:37:00,5fb2a072-2bab-4b94-9109-9cbea70c5438,bryancuevas,PROD_WH_X-SMALL,SELECT * FROM SYSTEM_EVENTS LIMIT 1000,1.2864047083433974,753761,SUCCESS,
85e1cee0-a854-4d4b-9765-65ee2b2dbab1,2025-09-04T15:37:00,7cd584de-ca92-465c-8ea8-5f7ad356bee6,danasandoval,BI_WH_X-SMALL,"SELECT DISTINCT column1, column2 FROM SALES_TRANSACTIONS WHERE condition = 'value'",2.569595705102584,311533,SUCCESS,
829477ed-0795-4bb9-bc6b-c5814e7765af,2025-09-04T15:37:00,859c34dd-4540-49a3-b26d-f82b1455d905,oatkinson,BI_WH_X-SMALL,SELECT * FROM PRODUCT_INVENTORY LIMIT 1000,0.965103264689812,150436,SUCCESS,
c31ea52e-c7b8-4bd0-b86a-192ea1ec2ad7,2025-09-04T15:37:00,859c34dd-4540-49a3-b26d-f82b1455d905,oatkinson,PROD_WH_X-SMALL,"SELECT COUNT(*) FROM EMPLOYEE_RECORDS GROUP BY date_trunc('day', created_at)",0.25696170979174915,922214,SUCCESS,
ef491e49-d450-4887-ae6b-aa6c4739975a,2025-09-04T15:37:00,a3a85592-9f3f-4845-87b8-dd199fcdc3cc,gmoreno,ETL_WH_X-SMALL,SELECT * FROM MARKETING_CAMPAIGNS LIMIT 1000,1.766135234030757,433479,SUCCESS,
f585b1c0-54bb-44d8-89dc-60fd25c3aff1,2025-09-04T15:37:00,89e53854-09b7-4b59-8352-a231c51f8687,glarsen,DEV_WH_LARGE,"SELECT COUNT(*) FROM PRODUCT_INVENTORY GROUP BY date_trunc('day', created_at)",3.253412129233385,250794,SUCCESS,
a9551090-d777-466f-acd1-b4b99b8ea313,2025-09-04T15:37:00,5fb2a072-2bab-4b94-9109-9cbea70c5438,bryancuevas,ETL_WH_SMALL,"SELECT * FROM EMPLOYEE_RECORDS WHERE created_at >= dateadd('day', -7, current_date())",0.3401790039593865,600543,SUCCESS,
b21aad4d-596f-4eb1-a88b-c7f2154e2c77,2025-09-04T15:37:00,57eba2d7-a4fe-48aa-aa7b-ad0e6f1296b7,jose46,PROD_WH_X-SMALL,SELECT * FROM SALES_TRANSACTIONS LIMIT 1000,3.525619116251918,633468,SUCCESS,
c069f9c4-1137-4231-b6b8-2c4800e05bb1,2025-09-04T15:37:00,f22aa1cf-fe8b-4e78-8492-b46e0f46ffda,brandtmisty,PROD_WH_MEDIUM,"SELECT * FROM PRODUCT_INVENTORY WHERE created_at >= dateadd('day', -7, current_date())",2.4141411834593094,97555,SUCCESS,
60756679-720c-442d-bf06-e0d2e52c5b92,2025-09-04T15:37:00,f22aa1cf-fe8b-4e78-8492-b46e0f46ffda,brandtmisty,DEV_WH_X-SMALL,SELECT * FROM EMPLOYEE_RECORDS LIMIT 1000,2.055417312841384,670236,SUCCESS,
5649bdd3-da03-4ca7-8f73-27a4d4b2f0b7,2025-09-04T15:50:00,859c34dd-4540-49a3-b26d-f82b1455d905,oatkinson,ETL_WH_MEDIUM,"SELECT * FROM MARKETING_CAMPAIGNS WHERE created_at >= dateadd('day', -7, current_date())",1.2275076211251665,112012,SUCCESS,
86e576f9-5483-4523-b7be-d9ebcba6f24d,2025-09-04T15:50:00,879c852e-e8e8-45c3-9ead-5fa56c9ecfbc,egarcia,PROD_WH_SMALL,"SELECT COUNT(*) FROM CUSTOMER_DATA GROUP BY date_trunc('day', created_at)",2.5463042294584888,746640,SUCCESS,
0801b914-de95-4467-9aa2-15063ff1022b,2025-09-04T15:50:00,f22aa1cf-fe8b-4e78-8492-b46e0f46ffda,brandtmisty,PROD_WH_MEDIUM,"SELECT * FROM EMPLOYEE_RECORDS WHERE created_at >= dateadd('day', -7, current_date())",3.8907378391326604,134689,SUCCESS,
6b3c9221-d150-42ae-b556-1e623d1c05f6,2025-09-04T15:50:00,5fb2a072-2bab-4b94-9109-9cbea70c5438,bryancuevas,BI_WH_X-SMALL,SELECT * FROM MARKETING_CAMPAIGNS LIMIT 1000,0.21205713654662672,608607,SUCCESS,
b3e85219-5d75-4c66-a19b-805c8dc93966,2025-09-04T15:50:00,9a7a68c7-1b0c-4669-859f-6d352b1e386f,andrew16,ETL_WH_SMALL,"SELECT DISTINCT column1, column2 FROM SYSTEM_EVENTS WHERE condition = 'value'",4.218930728701972,198493,SUCCESS,
d29a18f1-85fa-4d20-a90b-f98671283f7c,2025-09-04T15:50:00,4663d48b-596a-4f39-b714-8d69ac9a7d2a,robert93,PROD_WH_X-SMALL,"SELECT COUNT(*) FROM EMPLOYEE_RECORDS GROUP BY date_trunc('day', created_at)",4.862351019627438,883978,SUCCESS,
d419d84f-7ebc-4be7-b42e-8ea951470072,2025-09-04T15:50:00,5fb2a072-2bab-4b94-9109-9cbea70c5438,bryancuevas,PROD_WH_MEDIUM,"SELECT * FROM EMPLOYEE_RECORDS WHERE created_at >= dateadd('day', -7, current_date())",3.992915286149239,393392,SUCCESS,
e322832d-0183-4e63-b3b8-105a3bf588ce,2025-09-04T15:50:00,4b7e389e-8c78-4e72-ab0b-774df43b399e,hardinjennifer,BI_WH_LARGE,"SELECT * FROM PRODUCT_INVENTORY WHERE created_at >= dateadd('day', -7, current_date())",3.469870563909764,484570,SUCCESS,
46881d16-afac-4e83-ba14-34afca41cd26,2025-09-04T15:50:00,a3a85592-9f3f-4845-87b8-dd199fcdc3cc,gmoreno,ETL_WH_SMALL,"SELECT DISTINCT column1, column2 FROM EMPLOYEE_RECORDS WHERE condition = 'value'",4.969163495680942,780628,SUCCESS,
4919e716-51f6-4691-b756-6833461c00b7,2025-09-04T15:50:00,879c852e-e8e8-45c3-9ead-5fa56c9ecfbc,egarcia,BI_WH_MEDIUM,"SELECT * FROM FINANCIAL_METRICS WHERE created_at >= dateadd('day', -7, current_date())",0.42286723516163405,203849,SUCCESS,
b9199263-2724-4fba-83f6-65806ada32d5,2025-09-04T15:59:00,a3a85592-9f3f-4845-87b8-dd199fcdc3cc,gmoreno,DEV_WH_LARGE,"SELECT DISTINCT column1, column2 FROM FINANCIAL_METRICS WHERE condition = 'value'",1.5680036747773336,802018,SUCCESS,
90adfd2b-36db-496f-a61f-d6aa995113a4,2025-09-04T15:59:00,5fb2a072-2bab-4b94-9109-9cbea70c5438,bryancuevas,DEV_WH_X-SMALL,"SELECT * FROM SYSTEM_EVENTS WHERE created_at >= dateadd('day', -7, current_date())",2.9878922596476487,541408,SUCCESS,
f243f49a-10ba-4d67-92fb-5f348994bce1,2025-09-04T15:59:00,879c852e-e8e8-45c3-9ead-5fa56c9ecfbc,egarcia,DEV_WH_X-SMALL,"SELECT DISTINCT column1, column2 FROM FINANCIAL_METRICS WHERE condition = 'value'",2.839762376820756,977925,SUCCESS,
2e8156f9-ee66-449e-8333-170e6b084bf1,2025-09-04T15:59:00,ac5e7ada-2f2f-4292-a0e4-18083982547a,lliu,PROD_WH_LARGE,"SELECT COUNT(*) FROM USER_ACTIVITY_LOGS GROUP BY date_trunc('day', created_at)",4.4650582735433755,119508,SUCCESS,
16f678d6-dae6-4849-8665-4b246f54dd5c,2025-09-04T15:59:00,57eba2d7-a4fe-48aa-aa7b-ad0e6f1296b7,jose46,ETL_WH_LARGE,"SELECT DISTINCT column1, column2 FROM CUSTOMER_DATA WHERE condition = 'value'",3.543498031290725,222720,SUCCESS,
ca43cd3b-c966-4f1d-90ac-6eb6060e6f6e,2025-09-04T15:59:00,89e53854-09b7-4b59-8352-a231c51f8687,glarsen,DEV_WH_X-SMALL,"SELECT DISTINCT column1, column2 FROM MARKETING_CAMPAIGNS WHERE condition = 'value'",2.920854974367127,451831,SUCCESS,
1e567b97-9eaa-47f0-8de4-48d06587c06a,2025-09-04T15:59:00,cea2e75f-1ee1-4b1d-90f5-242f82a02bed,erickennedy,BI_WH_MEDIUM,"SELECT DISTINCT column1, column2 FROM MARKETING_CAMPAIGNS WHERE condition = 'value'",0.8858122450333853,718153,SUCCESS,
977a47b2-da89-4dfc-ac4b-d9c5c4c486cc,2025-09-04T15:59:00,57eba2d7-a4fe-48aa-aa7b-ad0e6f1296b7,jose46,PROD_WH_LARGE,"SELECT DISTINCT column1, column2 FROM EMPLOYEE_RECORDS WHERE condition = 'value'",3.6967051837479734,529949,SUCCESS,
2e51988f-615d-4ab9-b225-237ba2786a62,2025-09-04T15:59:00,57eba2d7-a4fe-48aa-aa7b-ad0e6f1296b7,jose46,PROD_WH_LARGE,"SELECT DISTINCT column1, column2 FROM SYSTEM_EVENTS WHERE condition = 'value'",3.910971541330134,169303,SUCCESS,
a654df33-a1d1-4339-ae69-d896bafc545e,2025-09-04T15:59:00,da0f0f7a-8d2c-4ca9-b82e-cda33fba6610,rachel35,BI_WH_LARGE,SELECT * FROM PRODUCT_INVENTORY LIMIT 1000,0.8426022066678266,355323,SUCCESS,
72482ed3-984e-46b4-9893-25f24ec4655e,2025-09-04T16:05:00,a3a85592-9f3f-4845-87b8-dd199fcdc3cc,gmoreno,PROD_WH_SMALL,"SELECT * FROM SALES_TRANSACTIONS WHERE created_at >= dateadd('day', -7, current_date())",4.421008519670215,697807,SUCCESS,
ffebb56e-ecd9-448e-9975-0a6ce2a8c4bf,2025-09-04T16:05:00,3d8cc43f-0f00-40bd-b8b2-34ac61fc0360,rwilliams,PROD_WH_SMALL,SELECT * FROM CUSTOMER_DATA LIMIT 1000,2.9323619089102606,233438,SUCCESS,
cedce289-2908-4c41-8c8b-ad5cebd1746b,2025-09-04T16:05:00,9a7a68c7-1b0c-4669-859f-6d352b1e386f,andrew16,PROD_WH_X-SMALL,SELECT * FROM EMPLOYEE_RECORDS LIMIT 1000,1.8305239685654333,567097,SUCCESS,
e7e4bd95-d658-4947-a10e-8aee0e16d077,2025-09-04T16:05:00,f0c2cfac-cf3b-4053-9e79-a6a4c6bbd187,garciaalison,PROD_WH_LARGE,SELECT * FROM SALES_TRANSACTIONS LIMIT 1000,0.646067844091328,7090,SUCCESS,
53610710-3fba-4b0e-9bcc-8d360fe9933a,2025-09-04T16:05:00,9a7a68c7-1b0c-4669-859f-6d352b1e386f,andrew16,BI_WH_X-SMALL,"SELECT COUNT(*) FROM EMPLOYEE_RECORDS GROUP BY date_trunc('day', created_at)",3.4831814522694673,704394,SUCCESS,
24cf90a5-bb92-4678-a550-5c234f94cdda,2025-09-04T16:05:00,5fb2a072-2bab-4b94-9109-9cbea70c5438,bryancuevas,PROD_WH_SMALL,"SELECT DISTINCT column1, column2 FROM PRODUCT_INVENTORY WHERE condition = 'value'",1.3110497988438372,649622,SUCCESS,
131e99bf-46cd-47f8-99cb-3ca6d55bee33,2025-09-04T16:05:00,7cd584de-ca92-465c-8ea8-5f7ad356bee6,danasandoval,DEV_WH_MEDIUM,"SELECT COUNT(*) FROM CUSTOMER_DATA GROUP BY date_trunc('day', created_at)",0.8944672242146,443967,SUCCESS,
166cab2f-6dda-4710-95bb-4359d48bef95,2025-09-04T16:05:00,82e7a6a3-1f49-4f5a-8a2a-96e5a654a185,codyoconnor,PROD_WH_SMALL,"SELECT COUNT(*) FROM SYSTEM_EVENTS GROUP BY date_trunc('day', created_at)",4.839559396267262,625831,SUCCESS,
128e18f9-e5ee-4cd8-ab41-0307b6fff654,2025-09-04T16:05:00,879c852e-e8e8-45c3-9ead-5fa56c9ecfbc,egarcia,DEV_WH_LARGE,"SELECT COUNT(*) FROM USER_ACTIVITY_LOGS GROUP BY date_trunc('day', created_at)",2.6062026616332026,458296,SUCCESS,
7105c0aa-8076-4c2d-acef-f729aa3ac083,2025-09-04T16:05:00,f0c2cfac-cf3b-4053-9e79-a6a4c6bbd187,garciaalison,BI_WH_X-SMALL,SELECT * FROM SYSTEM_EVENTS LIMIT 1000,1.5239245121860527,616469,SUCCESS,
02825ba1-f96a-4e3d-9875-12216c95090d,2025-09-04T16:19:00,f0c2cfac-cf3b-4053-9e79-a6a4c6bbd187,garciaalison,ETL_WH_SMALL,"SELECT COUNT(*) FROM FINANCIAL_METRICS GROUP BY date_trunc('day', created_at)",0.5480527650752157,35913,SUCCESS,
a40fcccc-5346-43a3-8ab5-3a2dafa23072,2025-09-04T16:19:00,ac5e7ada-2f2f-4292-a0e4-18083982547a,lliu,BI_WH_MEDIUM,SELECT * FROM EMPLOYEE_RECORDS LIMIT 1000,1.5532266793885785,150422,SUCCESS,
2d29d4c4-b01d-43ad-9693-eb91a5fe9564,2025-09-04T16:19:00,89e53854-09b7-4b59-8352-a231c51f8687,glarsen,BI_WH_SMALL,"SELECT COUNT(*) FROM SALES_TRANSACTIONS GROUP BY date_trunc('day', created_at)",4.732467918508827,780702,SUCCESS,
b8c5afbd-2df8-4928-ab34-ce08019d6797,2025-09-04T16:19:00,82e7a6a3-1f49-4f5a-8a2a-96e5a654a185,codyoconnor,ETL_WH_MEDIUM,"SELECT DISTINCT column1, column2 FROM USER_ACTIVITY_LOGS WHERE condition = 'value'",0.3185660705875636,36233,SUCCESS,
ce942600-dfd6-4262-af1b-9bed4052cacb,2025-09-04T16:19:00,82e7a6a3-1f49-4f5a-8a2a-96e5a654a185,codyoconnor,ETL_WH_MEDIUM,"SELECT * FROM USER_ACTIVITY_LOGS WHERE created_at >= dateadd('day', -7, current_date())",1.4576436842440996,498814,SUCCESS,
9dc9cde0-90db-4907-ad63-034c82416066,2025-09-04T16:19:00,00f99f6f-5fcc-490a-84f9-6b24911c0b2e,emilyhamilton,BI_WH_LARGE,"SELECT COUNT(*) FROM EMPLOYEE_RECORDS GROUP BY date_trunc('day', created_at)",3.6580510784682274,326360,SUCCESS,
b6db9957-ddb1-4d7c-a64e-3094c8f077db,2025-09-04T16:19:00,859c34dd-4540-49a3-b26d-f82b1455d905,oatkinson,DEV_WH_SMALL,"SELECT DISTINCT column1, column2 FROM CUSTOMER_DATA WHERE condition = 'value'",1.1475546854666032,671446,SUCCESS,
6f4099f7-7b76-416f-bbc2-74a265ea1191,2025-09-04T16:19:00,82e7a6a3-1f49-4f5a-8a2a-96e5a654a185,codyoconnor,ETL_WH_X-SMALL,"SELECT DISTINCT column1, column2 FROM USER_ACTIVITY_LOGS WHERE condition = 'value'",2.6367980935939266,6097,SUCCESS,
cfe9fc78-0b9b-4034-ad81-c572ea84b928,2025-09-04T16:19:00,4b7e389e-8c78-4e72-ab0b-774df43b399e,hardinjennifer,DEV_WH_LARGE,SELECT * FROM MARKETING_CAMPAIGNS LIMIT 1000,2.3913824502290506,485561,SUCCESS,
38bec759-fc5b-468f-bd1b-c6f3c7aa884e,2025-09-04T16:19:00,859c34dd-4540-49a3-b26d-f82b1455d905,oatkinson,ETL_WH_MEDIUM,"SELECT COUNT(*) FROM FINANCIAL_METRICS GROUP BY date_trunc('day', created_at)",3.6953306418493037,639967,SUCCESS,
3ca4f276-a9d7-4348-b59a-565047a6e465,2025-09-04T16:28:00,5fb2a072-2bab-4b94-9109-9cbea70c5438,bryancuevas,PROD_WH_MEDIUM,"SELECT * FROM SALES_TRANSACTIONS WHERE created_at >= dateadd('day', -7, current_date())",1.3261042290543266,861798,SUCCESS,
c520abab-3e62-4e3d-a70e-43dcf0bc5b86,2025-09-04T16:28:00,b92c2609-888c-471e-bf61-4363556df9d8,frank26,ETL_WH_SMALL,"SELECT * FROM FINANCIAL_METRICS WHERE created_at >= dateadd('day', -7, current_date())",3.8209016382909513,478836,SUCCESS,
14ce74d9-edec-4363-9a3a-90923be38bfc,2025-09-04T16:28:00,89e53854-09b7-4b59-8352-a231c51f8687,glarsen,PROD_WH_SMALL,"SELECT * FROM SYSTEM_EVENTS WHERE created_at >= dateadd('day', -7, current_date())",1.657985148945059,256220,SUCCESS,
24230edc-a261-433b-8b49-d4cb13f43f01,2025-09-04T16:28:00,f0c2cfac-cf3b-4053-9e79-a6a4c6bbd187,garciaalison,PROD_WH_SMALL,"SELECT DISTINCT column1, column2 FROM CUSTOMER_DATA WHERE condition = 'value'",2.2128873784517515,678527,SUCCESS,
09bc6507-297e-45fe-83a6-5114672c4c7f,2025-09-04T16:28:00,4663d48b-596a-4f39-b714-8d69ac9a7d2a,robert93,PROD_WH_SMALL,"SELECT DISTINCT column1, column2 FROM FINANCIAL_METRICS WHERE condition = 'value'",0.6363652474035681,493160,SUCCESS,
b9166486-32b3-4ea3-8665-ee4a0bd6d54e,2025-09-04T16:28:00,859c34dd-4540-49a3-b26d-f82b1455d905,oatkinson,PROD_WH_LARGE,SELECT * FROM FINANCIAL_METRICS LIMIT 1000,4.5340323530194535,243873,SUCCESS,
4cf08fdb-f51a-49d5-b2eb-e0be1c359cad,2025-09-04T16:28:00,4bc8b8f2-4d6e-4d5e-8d40-a7b6b3d6bb03,amandamitchell,ETL_WH_LARGE,"SELECT DISTINCT column1, column2 FROM SALES_TRANSACTIONS WHERE condition = 'value'",4.038882559200229,793199,SUCCESS,
21acf1a5-858b-4cbc-9134-eb713ab0a0cc,2025-09-04T16:28:00,7cd584de-ca92-465c-8ea8-5f7ad356bee6,danasandoval,DEV_WH_SMALL,"SELECT * FROM SYSTEM_EVENTS WHERE created_at >= dateadd('day', -7, current_date())",1.2422034004330822,792518,SUCCESS,
6bf49ff3-46b5-4f41-a355-f530ce0b99ad,2025-09-04T16:28:00,3d8cc43f-0f00-40bd-b8b2-34ac61fc0360,rwilliams,BI_WH_MEDIUM,"SELECT DISTINCT column1, column2 FROM EMPLOYEE_RECORDS WHERE condition = 'value'",4.070034409024426,429796,SUCCESS,
9d8890d0-659a-4bd6-a03f-4acd81e02264,2025-09-04T16:28:00,cea2e75f-1ee1-4b1d-90f5-242f82a02bed,erickennedy,PROD_WH_LARGE,"SELECT DISTINCT column1, column2 FROM USER_ACTIVITY_LOGS WHERE condition = 'value'",2.70402586581711,868675,SUCCESS,
9cf93d6a-9db1-4aa8-bc23-7a7281653bbc,2025-09-04T16:33:00,b92c2609-888c-471e-bf61-4363556df9d8,frank26,ETL_WH_LARGE,"SELECT COUNT(*) FROM CUSTOMER_DATA GROUP BY date_trunc('day', created_at)",2.31045981190916,709458,SUCCESS,
547dda4a-a41c-4b8f-99c2-203eedff53c0,2025-09-04T16:33:00,879c852e-e8e8-45c3-9ead-5fa56c9ecfbc,egarcia,PROD_WH_X-SMALL,"SELECT DISTINCT column1, column2 FROM PRODUCT_INVENTORY WHERE condition = 'value'",3.047055632644586,728659,SUCCESS,
fd42ef3e-a64f-49ba-b334-73de84c2a7c2,2025-09-04T16:33:00,f22aa1cf-fe8b-4e78-8492-b46e0f46ffda,brandtmisty,ETL_WH_X-SMALL,SELECT * FROM PRODUCT_INVENTORY LIMIT 1000,3.892444977818313,35528,SUCCESS,
74f86912-2a1f-421d-8a25-f048e463d368,2025-09-04T16:33:00,859c34dd-4540-49a3-b26d-f82b1455d905,oatkinson,DEV_WH_X-SMALL,"SELECT DISTINCT column1, column2 FROM SALES_TRANSACTIONS WHERE condition = 'value'",0.42153725187780167,603647,SUCCESS,
46a7f3df-e6f6-4026-9abf-3a2c17fa12c9,2025-09-04T16:33:00,89e53854-09b7-4b59-8352-a231c51f8687,glarsen,DEV_WH_MEDIUM,"SELECT DISTINCT column1, column2 FROM USER_ACTIVITY_LOGS WHERE condition = 'value'",1.5728567859343756,297131,SUCCESS,
15f4f31e-8df2-40e6-857d-8500e05a45df,2025-09-04T16:33:00,ac5e7ada-2f2f-4292-a0e4-18083982547a,lliu,DEV_WH_X-SMALL,"SELECT * FROM FINANCIAL_METRICS WHERE created_at >= dateadd('day', -7, current_date())",1.5816665231260953,97987,SUCCESS,
4cf43554-2572-43db-aa84-29ee720bac61,2025-09-04T16:33:00,7cd584de-ca92-465c-8ea8-5f7ad356bee6,danasandoval,BI_WH_SMALL,"SELECT COUNT(*) FROM USER_ACTIVITY_LOGS GROUP BY date_trunc('day', created_at)",0.28430388891610914,509181,SUCCESS,
5a98998d-9fe3-4df3-93b0-00dcbca5711e,2025-09-04T16:33:00,859c34dd-4540-49a3-b26d-f82b1455d905,oatkinson,DEV_WH_LARGE,SELECT * FROM FINANCIAL_METRICS LIMIT 1000,4.211789517541343,151066,SUCCESS,
6148146b-d8ce-4e69-a7d5-a0d8f56b5b1f,2025-09-04T16:33:00,89e53854-09b7-4b59-8352-a231c51f8687,glarsen,DEV_WH_MEDIUM,"SELECT DISTINCT column1, column2 FROM EMPLOYEE_RECORDS WHERE condition = 'value'",0.40695928468681875,173764,SUCCESS,
17c85e2b-0e9b-4338-bd43-9aa8226b15e7,2025-09-04T16:33:00,f0c2cfac-cf3b-4053-9e79-a6a4c6bbd187,garciaalison,PROD_WH_X-SMALL,"SELECT COUNT(*) FROM SALES_TRANSACTIONS GROUP BY date_trunc('day', created_at)",3.7501158441364226,878634,SUCCESS,
e62350e0-cd84-474a-94cc-814cf7d838d3,2025-09-04T16:43:00,57eba2d7-a4fe-48aa-aa7b-ad0e6f1296b7,jose46,ETL_WH_X-SMALL,"SELECT COUNT(*) FROM CUSTOMER_DATA GROUP BY date_trunc('day', created_at)",0.9082205810340889,680975,SUCCESS,
bc7a3c7f-490e-4ce2-be54-920b6993c2a8,2025-09-04T16:43:00,a3a85592-9f3f-4845-87b8-dd199fcdc3cc,gmoreno,DEV_WH_LARGE,"SELECT DISTINCT column1, column2 FROM CUSTOMER_DATA WHERE condition = 'value'",1.1179683295318144,499311,SUCCESS,
9af72824-028f-470d-a52b-ccbe0e0151d9,2025-09-04T16:43:00,4663d48b-596a-4f39-b714-8d69ac9a7d2a,robert93,DEV_WH_MEDIUM,"SELECT * FROM PRODUCT_INVENTORY WHERE created_at >= dateadd('day', -7, current_date())",3.4763165578316357,784686,SUCCESS,
8517ad49-733b-4f56-9186-9edff7e429f5,2025-09-04T16:43:00,859c34dd-4540-49a3-b26d-f82b1455d905,oatkinson,ETL_WH_X-SMALL,"SELECT * FROM EMPLOYEE_RECORDS WHERE created_at >= dateadd('day', -7, current_date())",3.627147766987145,437187,SUCCESS,
010b4892-5227-43e3-8b04-793b919e878e,2025-09-04T16:43:00,89e53854-09b7-4b59-8352-a231c51f8687,glarsen,ETL_WH_MEDIUM,"SELECT * FROM SYSTEM_EVENTS WHERE created_at >= dateadd('day', -7, current_date())",0.410551650313261,958877,SUCCESS,
70f16e0d-4f1a-4dae-8c1e-8d2d8317b742,2025-09-04T16:43:00,9a7a68c7-1b0c-4669-859f-6d352b1e386f,andrew16,ETL_WH_SMALL,"SELECT COUNT(*) FROM USER_ACTIVITY_LOGS GROUP BY date_trunc('day', created_at)",0.5765381327490594,191766,SUCCESS,
21d561c3-9909-4bd6-8927-e1857759be6d,2025-09-04T16:43:00,da0f0f7a-8d2c-4ca9-b82e-cda33fba6610,rachel35,DEV_WH_LARGE,SELECT * FROM MARKETING_CAMPAIGNS LIMIT 1000,1.789156768712282,905402,SUCCESS,
4fb62ac3-ac46-4917-bb42-fb28e94e5eee,2025-09-04T16:43:00,b92c2609-888c-471e-bf61-4363556df9d8,frank26,BI_WH_LARGE,SELECT * FROM USER_ACTIVITY_LOGS LIMIT 1000,4.760933717302708,702978,SUCCESS,
87b0d613-7350-4014-8c2b-600de74d4ef9,2025-09-04T16:43:00,f22aa1cf-fe8b-4e78-8492-b46e0f46ffda,brandtmisty,ETL_WH_X-SMALL,"SELECT COUNT(*) FROM SALES_TRANSACTIONS GROUP BY date_trunc('day', created_at)",3.8910548029048346,584292,SUCCESS,
e93efaa2-f5a9-4c1d-af5a-5c5ea0519903,2025-09-04T16:43:00,4663d48b-596a-4f39-b714-8d69ac9a7d2a,robert93,PROD_WH_LARGE,"SELECT * FROM EMPLOYEE_RECORDS WHERE created_at >= dateadd('day', -7, current_date())",4.0871665468192075,91084,SUCCESS,
c6dd2273-ebcb-4507-b446-ae7be18caa53,2025-09-04T16:49:00,f0c2cfac-cf3b-4053-9e79-a6a4c6bbd187,garciaalison,ETL_WH_SMALL,SELECT * FROM SYSTEM_EVENTS LIMIT 1000,3.0837286728428537,109066,SUCCESS,
afdf93ed-e0e1-41e9-8506-e3c39f0396d2,2025-09-04T16:49:00,5fb2a072-2bab-4b94-9109-9cbea70c5438,bryancuevas,ETL_WH_X-SMALL,"SELECT COUNT(*) FROM SYSTEM_EVENTS GROUP BY date_trunc('day', created_at)",1.0508763150443337,155588,SUCCESS,
552eaae9-d840-430c-9d88-d2628ded5480,2025-09-04T16:49:00,a3a85592-9f3f-4845-87b8-dd199fcdc3cc,gmoreno,DEV_WH_X-SMALL,"SELECT * FROM SYSTEM_EVENTS WHERE created_at >= dateadd('day', -7, current_date())",1.9590289117709767,822298,SUCCESS,
44bb1de9-0e41-4455-bebf-318d1df40aeb,2025-09-04T16:49:00,00f99f6f-5fcc-490a-84f9-6b24911c0b2e,emilyhamilton,PROD_WH_X-SMALL,SELECT * FROM USER_ACTIVITY_LOGS LIMIT 1000,0.7377730197450717,9171,SUCCESS,
9ed97e27-4dbe-4328-84d3-b1ba1a46e74a,2025-09-04T16:49:00,5fb2a072-2bab-4b94-9109-9cbea70c5438,bryancuevas,DEV_WH_SMALL,"SELECT DISTINCT column1, column2 FROM EMPLOYEE_RECORDS WHERE condition = 'value'",4.590191725737784,319119,SUCCESS,
4adb7727-a4f7-4f9d-b058-d047ba0e35f5,2025-09-04T16:49:00,4b7e389e-8c78-4e72-ab0b-774df43b399e,hardinjennifer,DEV_WH_X-SMALL,"SELECT DISTINCT column1, column2 FROM SALES_TRANSACTIONS WHERE condition = 'value'",0.25785188970650996,600900,SUCCESS,
5d7d0d78-7833-452e-b498-81b764cb3bf7,2025-09-04T16:49:00,3d8cc43f-0f00-40bd-b8b2-34ac61fc0360,rwilliams,DEV_WH_X-SMALL,"SELECT COUNT(*) FROM EMPLOYEE_RECORDS GROUP BY date_trunc('day', created_at)",3.5583131364562046,273505,SUCCESS,
1b6fdc92-5810-466c-9f65-e9e768e659bf,2025-09-04T16:49:00,3d8cc43f-0f00-40bd-b8b2-34ac61fc0360,rwilliams,DEV_WH_X-SMALL,"SELECT * FROM CUSTOMER_DATA WHERE created_at >= dateadd('day', -7, current_date())",4.313742918014375,149347,SUCCESS,
6add5e03-528f-45a5-a958-2a0fb5fe4bbc,2025-09-04T16:49:00,5fb2a072-2bab-4b94-9109-9cbea70c5438,bryancuevas,DEV_WH_LARGE,"SELECT COUNT(*) FROM EMPLOYEE_RECORDS GROUP BY date_trunc('day', created_at)",1.1141602150200933,459498,SUCCESS,
be202fc1-85e5-44e1-b5a1-30b60a3e6fa1,2025-09-04T16:49:00,f22aa1cf-fe8b-4e78-8492-b46e0f46ffda,brandtmisty,ETL_WH_X-SMALL,"SELECT * FROM FINANCIAL_METRICS WHERE created_at >= dateadd('day', -7, current_date())",4.937485979389294,90522,SUCCESS,
4b9095e9-4e6e-47d1-af46-0fadf1818262,2025-09-04T16:56:00,4663d48b-596a-4f39-b714-8d69ac9a7d2a,robert93,PROD_WH_SMALL,"SELECT DISTINCT column1, column2 FROM EMPLOYEE_RECORDS WHERE condition = 'value'",0.9745290228775423,78349,SUCCESS,
62f856c7-8e47-48de-9c66-5c5e7716f9bc,2025-09-04T16:56:00,9a7a68c7-1b0c-4669-859f-6d352b1e386f,andrew16,DEV_WH_X-SMALL,SELECT * FROM FINANCIAL_METRICS LIMIT 1000,2.610722965889826,408765,SUCCESS,
cc6a1792-8264-4089-b1d3-19a06f75855d,2025-09-04T16:56:00,00f99f6f-5fcc-490a-84f9-6b24911c0b2e,emilyhamilton,PROD_WH_X-SMALL,"SELECT * FROM SALES_TRANSACTIONS WHERE created_at >= dateadd('day', -7, current_date())",3.8109512933935155,386320,SUCCESS,
edf13309-737c-4f78-be35-ab3e9911a606,2025-09-04T16:56:00,859c34dd-4540-49a3-b26d-f82b1455d905,oatkinson,BI_WH_SMALL,SELECT * FROM PRODUCT_INVENTORY LIMIT 1000,2.5213398863191916,683531,SUCCESS,
03ce97ca-db16-4cce-8cd2-e69d19d8e7e8,2025-09-04T16:56:00,4663d48b-596a-4f39-b714-8d69ac9a7d2a,robert93,ETL_WH_LARGE,SELECT * FROM CUSTOMER_DATA LIMIT 1000,0.30634221800450034,834135,SUCCESS,
0342aa5f-8b4a-4a4d-8406-8a62ee3daebe,2025-09-04T16:56:00,7cd584de-ca92-465c-8ea8-5f7ad356bee6,danasandoval,DEV_WH_LARGE,SELECT * FROM CUSTOMER_DATA LIMIT 1000,1.8266006347022097,824366,SUCCESS,
cc976cff-4e59-4462-aef1-883db182c418,2025-09-04T16:56:00,859c34dd-4540-49a3-b26d-f82b1455d905,oatkinson,DEV_WH_MEDIUM,"SELECT COUNT(*) FROM USER_ACTIVITY_LOGS GROUP BY date_trunc('day', created_at)",2.99419252300177,275435,SUCCESS,
17a897a1-dc21-4402-b690-7f38c320b388,2025-09-04T16:56:00,3d8cc43f-0f00-40bd-b8b2-34ac61fc0360,rwilliams,PROD_WH_MEDIUM,"SELECT * FROM FINANCIAL_METRICS WHERE created_at >= dateadd('day', -7, current_date())",0.34294326953673704,663907,SUCCESS,
84aba4bd-06cc-473f-a50f-6198b6ebb124,2025-09-04T16:56:00,3d8cc43f-0f00-40bd-b8b2-34ac61fc0360,rwilliams,BI_WH_MEDIUM,"SELECT COUNT(*) FROM MARKETING_CAMPAIGNS GROUP BY date_trunc('day', created_at)",0.259303038578945,757006,SUCCESS,
f7c544dd-458b-44e0-bb0f-569004b3baf9,2025-09-04T16:56:00,4663d48b-596a-4f39-b714-8d69ac9a7d2a,robert93,DEV_WH_LARGE,"SELECT * FROM USER_ACTIVITY_LOGS WHERE created_at >= dateadd('day', -7, current_date())",4.516660156193105,969618,SUCCESS,
d32a16d6-e129-4f32-b284-b90f2948be2f,2025-09-04T17:10:00,879c852e-e8e8-45c3-9ead-5fa56c9ecfbc,egarcia,PROD_WH_MEDIUM,SELECT * FROM SALES_TRANSACTIONS LIMIT 1000,2.1700331304503377,696158,SUCCESS,
1d9cdd94-2b21-4848-9182-fe7ebcb5bda1,2025-09-04T17:10:00,4b7e389e-8c78-4e72-ab0b-774df43b399e,hardinjennifer,BI_WH_MEDIUM,"SELECT DISTINCT column1, column2 FROM CUSTOMER_DATA WHERE condition = 'value'",0.5651369274716018,382278,SUCCESS,
10ab3109-7df3-4480-812d-49da174c26b7,2025-09-04T17:25:00,7cd584de-ca92-465c-8ea8-5f7ad356bee6,danasandoval,BI_WH_SMALL,"SELECT * FROM SALES_TRANSACTIONS WHERE created_at >= dateadd('day', -7, current_date())",2.8713218114560375,930027,SUCCESS,
b318e933-e5cc-4414-af86-d5f7e178bf39,2025-09-04T17:25:00,7cd584de-ca92-465c-8ea8-5f7ad356bee6,danasandoval,DEV_WH_LARGE,"SELECT * FROM SALES_TRANSACTIONS WHERE created_at >= dateadd('day', -7, current_date())",3.634785318012979,75939,SUCCESS,
e4fe2a69-543e-4233-b1ae-f6b4604b6cf8,2025-09-04T17:40:00,3d8cc43f-0f00-40bd-b8b2-34ac61fc0360,rwilliams,ETL_WH_X-SMALL,"SELECT * FROM SYSTEM_EVENTS WHERE created_at >= dateadd('day', -7, current_date())",3.4840329526767704,64242,SUCCESS,
037a05f2-d302-4074-8885-cc161f99af0b,2025-09-04T17:40:00,f22aa1cf-fe8b-4e78-8492-b46e0f46ffda,brandtmisty,DEV_WH_MEDIUM,"SELECT * FROM USER_ACTIVITY_LOGS WHERE created_at >= dateadd('day', -7, current_date())",0.10063007744998374,599151,SUCCESS,
50cbfa49-fa96-4aba-8f48-aea6701369c8,2025-09-04T17:45:00,da0f0f7a-8d2c-4ca9-b82e-cda33fba6610,rachel35,DEV_WH_MEDIUM,SELECT * FROM EMPLOYEE_RECORDS LIMIT 1000,4.926586958717064,48939,SUCCESS,
9fced261-75a6-46e5-b229-f8326c2e1516,2025-09-04T17:45:00,3d8cc43f-0f00-40bd-b8b2-34ac61fc0360,rwilliams,ETL_WH_X-SMALL,"SELECT * FROM FINANCIAL_METRICS WHERE created_at >= dateadd('day', -7, current_date())",3.135709657717024,613216,SUCCESS,
3fafb2f4-eb76-4abe-a660-a594d75bf193,2025-09-04T17:57:00,00f99f6f-5fcc-490a-84f9-6b24911c0b2e,emilyhamilton,ETL_WH_MEDIUM,SELECT * FROM FINANCIAL_METRICS LIMIT 1000,4.769174441620424,540312,SUCCESS,
962a69e1-4ccc-4a83-a71f-85b29ebaede5,2025-09-04T17:57:00,3d8cc43f-0f00-40bd-b8b2-34ac61fc0360,rwilliams,DEV_WH_LARGE,"SELECT DISTINCT column1, column2 FROM USER_ACTIVITY_LOGS WHERE condition = 'value'",1.1201303394918913,983393,SUCCESS,
0eae7e4a-8dc6-4179-9ad0-0b98718c27c3,2025-09-04T18:03:00,57eba2d7-a4fe-48aa-aa7b-ad0e6f1296b7,jose46,ETL_WH_X-SMALL,"SELECT COUNT(*) FROM USER_ACTIVITY_LOGS GROUP BY date_trunc('day', created_at)",4.7970198513738165,956207,SUCCESS,
5002a917-d64d-4c52-90e7-8f0b5d608f38,2025-09-04T18:03:00,cea2e75f-1ee1-4b1d-90f5-242f82a02bed,erickennedy,DEV_WH_LARGE,"SELECT COUNT(*) FROM EMPLOYEE_RECORDS GROUP BY date_trunc('day', created_at)",3.483126175282938,54277,SUCCESS,
e9ed7607-1dbf-48ce-a335-fabba35f76b7,2025-09-04T18:09:00,4b7e389e-8c78-4e72-ab0b-774df43b399e,hardinjennifer,PROD_WH_X-SMALL,"SELECT * FROM PRODUCT_INVENTORY WHERE created_at >= dateadd('day', -7, current_date())",2.0784681096385467,966137,SUCCESS,
7ab4ecbf-7675-4ae9-907e-b245278b81df,2025-09-04T18:09:00,f22aa1cf-fe8b-4e78-8492-b46e0f46ffda,brandtmisty,DEV_WH_X-SMALL,"SELECT DISTINCT column1, column2 FROM SYSTEM_EVENTS WHERE condition = 'value'",4.298667080909366,56713,SUCCESS,
3f36dda4-2d16-4dad-8544-3f9dac72e2dc,2025-09-04T18:14:00,7cd584de-ca92-465c-8ea8-5f7ad356bee6,danasandoval,BI_WH_MEDIUM,"SELECT * FROM MARKETING_CAMPAIGNS WHERE created_at >= dateadd('day', -7, current_date())",3.2096201145512584,120869,SUCCESS,
e2b3f7c3-d973-4fe3-9d21-eb678d08bbd7,2025-09-04T18:14:00,57eba2d7-a4fe-48aa-aa7b-ad0e6f1296b7,jose46,ETL_WH_MEDIUM,"SELECT DISTINCT column1, column2 FROM USER_ACTIVITY_LOGS WHERE condition = 'value'",1.180895785405175,403984,SUCCESS,
ea4f1465-65d0-453a-8ce8-78c87a7d1dc8,2025-09-04T18:21:00,57eba2d7-a4fe-48aa-aa7b-ad0e6f1296b7,jose46,ETL_WH_X-SMALL,"SELECT DISTINCT column1, column2 FROM SYSTEM_EVENTS WHERE condition = 'value'",0.9921821143501232,200048,SUCCESS,
9aac5825-30e6-4de3-872c-8b69da0af284,2025-09-04T18:21:00,57eba2d7-a4fe-48aa-aa7b-ad0e6f1296b7,jose46,ETL_WH_MEDIUM,SELECT * FROM MARKETING_CAMPAIGNS LIMIT 1000,2.6200860753934316,972733,SUCCESS,
61381f12-1e61-4846-bbfc-1e9a541fb591,2025-09-04T18:36:00,3d8cc43f-0f00-40bd-b8b2-34ac61fc0360,rwilliams,DEV_WH_SMALL,SELECT * FROM FINANCIAL_METRICS LIMIT 1000,3.5911160928163253,565056,SUCCESS,
05dfb4b1-c11d-4368-8484-079b4cc77b74,2025-09-04T18:36:00,5fb2a072-2bab-4b94-9109-9cbea70c5438,bryancuevas,DEV_WH_SMALL,"SELECT COUNT(*) FROM FINANCIAL_METRICS GROUP BY date_trunc('day', created_at)",0.8802114131979735,196912,SUCCESS,
a98f4cbe-c403-450d-9539-71039eadf824,2025-09-04T18:51:00,00f99f6f-5fcc-490a-84f9-6b24911c0b2e,emilyhamilton,PROD_WH_LARGE,"SELECT * FROM SALES_TRANSACTIONS WHERE created_at >= dateadd('day', -7, current_date())",1.4190432351557993,967509,SUCCESS,
cac62890-b54b-4d2b-8da9-40af4886acd9,2025-09-04T18:51:00,9a7a68c7-1b0c-4669-859f-6d352b1e386f,andrew16,DEV_WH_SMALL,"SELECT * FROM PRODUCT_INVENTORY WHERE created_at >= dateadd('day', -7, current_date())",3.2844774363888787,782344,SUCCESS,
e5efbfb9-5c48-42e1-b62c-8bd95324ac22,2025-09-04T19:05:00,f22aa1cf-fe8b-4e78-8492-b46e0f46ffda,brandtmisty,PROD_WH_LARGE,"SELECT * FROM PRODUCT_INVENTORY WHERE created_at >= dateadd('day', -7, current_date())",1.4216169390455577,59099,SUCCESS,
f95a0379-40fa-4aea-b56c-42f10917c0a5,2025-09-04T19:05:00,da0f0f7a-8d2c-4ca9-b82e-cda33fba6610,rachel35,PROD_WH_LARGE,SELECT * FROM USER_ACTIVITY_LOGS LIMIT 1000,4.529662728521167,151920,SUCCESS,
8fed6fd7-057c-469c-949c-60904cdc1f4c,2025-09-04T19:13:00,cea2e75f-1ee1-4b1d-90f5-242f82a02bed,erickennedy,ETL_WH_X-SMALL,SELECT * FROM CUSTOMER_DATA LIMIT 1000,3.340145924512245,127398,SUCCESS,
02be5d7a-9cfe-47d2-9544-7a0369128767,2025-09-04T19:13:00,4b7e389e-8c78-4e72-ab0b-774df43b399e,hardinjennifer,BI_WH_X-SMALL,"SELECT * FROM EMPLOYEE_RECORDS WHERE created_at >= dateadd('day', -7, current_date())",2.166250274644257,76896,SUCCESS,
477576f6-d0b0-4cbd-bc6a-63141e7dbd0b,2025-09-04T19:22:00,82e7a6a3-1f49-4f5a-8a2a-96e5a654a185,codyoconnor,ETL_WH_X-SMALL,"SELECT * FROM USER_ACTIVITY_LOGS WHERE created_at >= dateadd('day', -7, current_date())",2.7251937394125862,818552,SUCCESS,
0b2eff59-65ca-4d56-9a38-ff998e6a1744,2025-09-04T19:22:00,cea2e75f-1ee1-4b1d-90f5-242f82a02bed,erickennedy,PROD_WH_X-SMALL,SELECT * FROM EMPLOYEE_RECORDS LIMIT 1000,3.7144900224724626,525277,SUCCESS,
940336e2-6656-41b1-a10d-57913e86454c,2025-09-04T19:36:00,3d8cc43f-0f00-40bd-b8b2-34ac61fc0360,rwilliams,ETL_WH_SMALL,"SELECT DISTINCT column1, column2 FROM PRODUCT_INVENTORY WHERE condition = 'value'",1.0674852144169282,886887,SUCCESS,
b9756c18-e519-456f-91cc-59802b59169b,2025-09-04T19:36:00,57eba2d7-a4fe-48aa-aa7b-ad0e6f1296b7,jose46,DEV_WH_LARGE,"SELECT DISTINCT column1, column2 FROM SALES_TRANSACTIONS WHERE condition = 'value'",2.5564291972625313,371982,SUCCESS,
2d546d9a-fab4-4c77-bef4-6abdb9c509a5,2025-09-04T19:47:00,89e53854-09b7-4b59-8352-a231c51f8687,glarsen,BI_WH_X-SMALL,"SELECT COUNT(*) FROM SALES_TRANSACTIONS GROUP BY date_trunc('day', created_at)",3.72099867606459,182028,SUCCESS,
9f254e30-98fa-4629-b40e-bc78361183ec,2025-09-04T19:47:00,00f99f6f-5fcc-490a-84f9-6b24911c0b2e,emilyhamilton,BI_WH_LARGE,"SELECT * FROM PRODUCT_INVENTORY WHERE created_at >= dateadd('day', -7, current_date())",1.2782066751325951,471469,SUCCESS,
c98edb0a-8aa7-4510-a876-ff4e330fb04d,2025-09-04T20:00:00,879c852e-e8e8-45c3-9ead-5fa56c9ecfbc,egarcia,DEV_WH_SMALL,SELECT * FROM SALES_TRANSACTIONS LIMIT 1000,3.5352021125567616,694858,SUCCESS,
9bde19c2-c236-4db9-a752-497847b6ca7a,2025-09-04T20:00:00,4b7e389e-8c78-4e72-ab0b-774df43b399e,hardinjennifer,ETL_WH_LARGE,"SELECT COUNT(*) FROM EMPLOYEE_RECORDS GROUP BY date_trunc('day', created_at)",0.7427437252976937,248519,SUCCESS,
707a7df4-b1ea-4fb3-95d0-be9f3575643c,2025-09-04T20:06:00,879c852e-e8e8-45c3-9ead-5fa56c9ecfbc,egarcia,BI_WH_MEDIUM,SELECT * FROM SYSTEM_EVENTS LIMIT 1000,4.010310087437198,278583,SUCCESS,
3d822488-a26e-4c1e-a23c-cba97cfb6ee7,2025-09-04T20:06:00,879c852e-e8e8-45c3-9ead-5fa56c9ecfbc,egarcia,ETL_WH_X-SMALL,"SELECT DISTINCT column1, column2 FROM CUSTOMER_DATA WHERE condition = 'value'",0.9243897014863742,591529,SUCCESS,
c06da2f4-f79d-4d36-bf54-3c534797715c,2025-09-04T20:20:00,3d8cc43f-0f00-40bd-b8b2-34ac61fc0360,rwilliams,BI_WH_LARGE,"SELECT DISTINCT column1, column2 FROM FINANCIAL_METRICS WHERE condition = 'value'",2.388952972626953,883941,SUCCESS,
ed7cc825-ee42-48c8-98b0-92bed4c66b8b,2025-09-04T20:20:00,82e7a6a3-1f49-4f5a-8a2a-96e5a654a185,codyoconnor,DEV_WH_MEDIUM,SELECT * FROM PRODUCT_INVENTORY LIMIT 1000,0.8019971637386654,728994,SUCCESS,
969f5209-75f8-45dc-b5d6-11cea0efe3ae,2025-09-04T20:32:00,859c34dd-4540-49a3-b26d-f82b1455d905,oatkinson,PROD_WH_LARGE,"SELECT DISTINCT column1, column2 FROM USER_ACTIVITY_LOGS WHERE condition = 'value'",2.7948560607964663,778563,SUCCESS,
52b8c3ff-b0ff-4cbd-a83d-96a2816c4442,2025-09-04T20:32:00,f22aa1cf-fe8b-4e78-8492-b46e0f46ffda,brandtmisty,ETL_WH_MEDIUM,"SELECT * FROM CUSTOMER_DATA WHERE created_at >= dateadd('day', -7, current_date())",3.443025396951992,589977,SUCCESS,
10b4440a-c610-4f55-a204-3502888d6cdc,2025-09-04T20:45:00,4663d48b-596a-4f39-b714-8d69ac9a7d2a,robert93,BI_WH_X-SMALL,SELECT * FROM SALES_TRANSACTIONS LIMIT 1000,4.395076216437092,112371,SUCCESS,
e6b7f4ec-3d09-44f3-a26c-2945cbcfedff,2025-09-04T20:45:00,00f99f6f-5fcc-490a-84f9-6b24911c0b2e,emilyhamilton,DEV_WH_SMALL,"SELECT * FROM SALES_TRANSACTIONS WHERE created_at >= dateadd('day', -7, current_date())",1.2089076407306207,365956,SUCCESS,
98359098-8204-4c4c-9e2a-26ba31df7aa5,2025-09-04T20:50:00,9a7a68c7-1b0c-4669-859f-6d352b1e386f,andrew16,BI_WH_SMALL,"SELECT COUNT(*) FROM SALES_TRANSACTIONS GROUP BY date_trunc('day', created_at)",4.415368265416334,615990,SUCCESS,
268c11b7-7609-4901-b0fa-5a285cb4fb2c,2025-09-04T20:50:00,4663d48b-596a-4f39-b714-8d69ac9a7d2a,robert93,PROD_WH_MEDIUM,"SELECT COUNT(*) FROM CUSTOMER_DATA GROUP BY date_trunc('day', created_at)",1.3307456280252703,979469,SUCCESS,
40c4a566-a066-4567-9197-4a966d7caa71,2025-09-04T20:59:00,cea2e75f-1ee1-4b1d-90f5-242f82a02bed,erickennedy,PROD_WH_MEDIUM,"SELECT * FROM FINANCIAL_METRICS WHERE created_at >= dateadd('day', -7, current_date())",3.5716754626367253,648690,SUCCESS,
846f7e9e-146f-49f0-8d04-077a7271e2a5,2025-09-04T20:59:00,4bc8b8f2-4d6e-4d5e-8d40-a7b6b3d6bb03,amandamitchell,ETL_WH_SMALL,SELECT * FROM USER_ACTIVITY_LOGS LIMIT 1000,4.699227460640008,355092,SUCCESS,
acd6b807-d2a3-402e-a10d-e238f8999e3a,2025-09-04T21:06:00,9a7a68c7-1b0c-4669-859f-6d352b1e386f,andrew16,PROD_WH_MEDIUM,SELECT * FROM PRODUCT_INVENTORY LIMIT 1000,3.4655397158008423,130392,SUCCESS,
d11fbf3f-26ad-4d52-ba6f-3cad9fccaba1,2025-09-04T21:06:00,859c34dd-4540-49a3-b26d-f82b1455d905,oatkinson,DEV_WH_MEDIUM,"SELECT COUNT(*) FROM CUSTOMER_DATA GROUP BY date_trunc('day', created_at)",0.7518938096492316,107115,SUCCESS,
715edb6f-ea98-4a96-a114-17e3a81604f2,2025-09-04T21:21:00,859c34dd-4540-49a3-b26d-f82b1455d905,oatkinson,PROD_WH_MEDIUM,SELECT * FROM EMPLOYEE_RECORDS LIMIT 1000,1.6988648352261297,752959,SUCCESS,
2390772a-bb00-4946-ae6e-db5b2d0e45b5,2025-09-04T21:21:00,879c852e-e8e8-45c3-9ead-5fa56c9ecfbc,egarcia,BI_WH_SMALL,SELECT * FROM SALES_TRANSACTIONS LIMIT 1000,2.626241155111539,503851,SUCCESS,
c4b59995-c15d-4237-b5ce-c250335d115b,2025-09-04T21:35:00,859c34dd-4540-49a3-b26d-f82b1455d905,oatkinson,PROD_WH_X-SMALL,"SELECT * FROM PRODUCT_INVENTORY WHERE created_at >= dateadd('day', -7, current_date())",0.4559866432950265,152127,SUCCESS,
7c96d63e-e24e-45da-b1c5-b05d6ededeb7,2025-09-04T21:35:00,4bc8b8f2-4d6e-4d5e-8d40-a7b6b3d6bb03,amandamitchell,ETL_WH_MEDIUM,SELECT * FROM CUSTOMER_DATA LIMIT 1000,2.092464659494655,598249,SUCCESS,
fc636b71-31de-4314-9070-3ebdbf9ddba7,2025-09-04T21:42:00,a3a85592-9f3f-4845-87b8-dd199fcdc3cc,gmoreno,PROD_WH_SMALL,SELECT * FROM MARKETING_CAMPAIGNS LIMIT 1000,1.4060349912674739,520490,SUCCESS,
e8272782-ee7f-463b-94dc-238467870b3b,2025-09-04T21:42:00,89e53854-09b7-4b59-8352-a231c51f8687,glarsen,PROD_WH_MEDIUM,SELECT * FROM CUSTOMER_DATA LIMIT 1000,4.10844712106196,323182,SUCCESS,
964152b9-cd48-48b2-ad31-e34d206144ca,2025-09-04T21:54:00,a3a85592-9f3f-4845-87b8-dd199fcdc3cc,gmoreno,PROD_WH_LARGE,SELECT * FROM FINANCIAL_METRICS LIMIT 1000,1.8932907974866053,666246,SUCCESS,
4cfb468d-3a03-445d-b0cf-1a73cb5fca03,2025-09-04T21:54:00,82e7a6a3-1f49-4f5a-8a2a-96e5a654a185,codyoconnor,DEV_WH_X-SMALL,"SELECT COUNT(*) FROM SALES_TRANSACTIONS GROUP BY date_trunc('day', created_at)",3.1284608845277497,226407,SUCCESS,
3d56bf3c-23ff-4214-8f09-bf9bc94fe31b,2025-09-04T22:07:00,00f99f6f-5fcc-490a-84f9-6b24911c0b2e,emilyhamilton,DEV_WH_X-SMALL,"SELECT DISTINCT column1, column2 FROM MARKETING_CAMPAIGNS WHERE condition = 'value'",0.39081559635082674,662632,SUCCESS,
ad63f305-c641-4202-bc38-aedec3a82247,2025-09-04T22:07:00,00f99f6f-5fcc-490a-84f9-6b24911c0b2e,emilyhamilton,PROD_WH_X-SMALL,"SELECT DISTINCT column1, column2 FROM USER_ACTIVITY_LOGS WHERE condition = 'value'",2.6284007026826304,912899,SUCCESS,
10270d2a-0f00-49dd-bb28-9878eebf1f1a,2025-09-04T22:20:00,7cd584de-ca92-465c-8ea8-5f7ad356bee6,danasandoval,ETL_WH_SMALL,"SELECT DISTINCT column1, column2 FROM PRODUCT_INVENTORY WHERE condition = 'value'",1.4680273998890427,776716,SUCCESS,
5d584e58-19c9-4f73-9bd9-94c51b36c052,2025-09-04T22:20:00,4663d48b-596a-4f39-b714-8d69ac9a7d2a,robert93,DEV_WH_MEDIUM,"SELECT COUNT(*) FROM PRODUCT_INVENTORY GROUP BY date_trunc('day', created_at)",4.55761177627876,592083,SUCCESS,
a9716582-9ad7-4200-acc2-9794f0acea89,2025-09-04T22:27:00,da0f0f7a-8d2c-4ca9-b82e-cda33fba6610,rachel35,PROD_WH_LARGE,"SELECT COUNT(*) FROM SALES_TRANSACTIONS GROUP BY date_trunc('day', created_at)",3.4070483148956323,537081,SUCCESS,
0bfb2cf1-3600-4d78-864f-242b2b9b9ca9,2025-09-04T22:27:00,879c852e-e8e8-45c3-9ead-5fa56c9ecfbc,egarcia,DEV_WH_SMALL,"SELECT DISTINCT column1, column2 FROM PRODUCT_INVENTORY WHERE condition = 'value'",1.194395534638156,621366,SUCCESS,
cc7490da-b6ab-4f2b-b9ed-c8ec07b2d6e5,2025-09-04T22:39:00,879c852e-e8e8-45c3-9ead-5fa56c9ecfbc,egarcia,BI_WH_MEDIUM,"SELECT DISTINCT column1, column2 FROM FINANCIAL_METRICS WHERE condition = 'value'",0.39038745026720023,928418,SUCCESS,
380125a9-3865-4a68-8597-3e94622b0b42,2025-09-04T22:39:00,f22aa1cf-fe8b-4e78-8492-b46e0f46ffda,brandtmisty,BI_WH_X-SMALL,SELECT * FROM SYSTEM_EVENTS LIMIT 1000,1.8726333120259984,117860,SUCCESS,
60c8a69c-d8d5-4c9b-bb0b-9b79e39747c1,2025-09-04T22:53:00,89e53854-09b7-4b59-8352-a231c51f8687,glarsen,BI_WH_LARGE,"SELECT COUNT(*) FROM FINANCIAL_METRICS GROUP BY date_trunc('day', created_at)",2.894092620524503,137407,SUCCESS,
385ee8e3-3ae3-453c-824f-eef4936869c0,2025-09-04T22:53:00,5fb2a072-2bab-4b94-9109-9cbea70c5438,bryancuevas,DEV_WH_MEDIUM,SELECT * FROM EMPLOYEE_RECORDS LIMIT 1000,1.8423242618958426,373404,SUCCESS,
0f14e2c0-b613-4419-8ee6-336eccc81366,2025-09-04T22:59:00,7cd584de-ca92-465c-8ea8-5f7ad356bee6,danasandoval,ETL_WH_LARGE,"SELECT COUNT(*) FROM SYSTEM_EVENTS GROUP BY date_trunc('day', created_at)",0.5867529007219269,747997,SUCCESS,
6406e1e9-d2dd-4a23-b3cc-f987db4586b7,2025-09-04T22:59:00,a3a85592-9f3f-4845-87b8-dd199fcdc3cc,gmoreno,DEV_WH_LARGE,SELECT * FROM FINANCIAL_METRICS LIMIT 1000,1.6014566441041114,993634,SUCCESS,
13235f94-e295-47dc-93c3-a77ac0a1629d,2025-09-04T23:08:00,f22aa1cf-fe8b-4e78-8492-b46e0f46ffda,brandtmisty,BI_WH_LARGE,"SELECT * FROM CUSTOMER_DATA WHERE created_at >= dateadd('day', -7, current_date())",3.289097810732021,26117,SUCCESS,
17e4f5ba-897c-4d24-b469-0887a93a3b0c,2025-09-04T23:08:00,f0c2cfac-cf3b-4053-9e79-a6a4c6bbd187,garciaalison,BI_WH_X-SMALL,"SELECT * FROM SALES_TRANSACTIONS WHERE created_at >= dateadd('day', -7, current_date())",0.8372027592896583,416628,SUCCESS,
02cf85a9-f266-4e95-99e4-7da7fb53545b,2025-09-04T23:18:00,da0f0f7a-8d2c-4ca9-b82e-cda33fba6610,rachel35,PROD_WH_X-SMALL,"SELECT * FROM USER_ACTIVITY_LOGS WHERE created_at >= dateadd('day', -7, current_date())",4.886464159933,200338,SUCCESS,
141f5d0b-e01f-4901-b986-f8abd213c1df,2025-09-04T23:18:00,4b7e389e-8c78-4e72-ab0b-774df43b399e,hardinjennifer,PROD_WH_LARGE,"SELECT * FROM MARKETING_CAMPAIGNS WHERE created_at >= dateadd('day', -7, current_date())",3.767831048862807,787324,SUCCESS,
1e0fd587-3a59-4ac1-9bf9-c2f40e4ae7df,2025-09-04T23:26:00,3d8cc43f-0f00-40bd-b8b2-34ac61fc0360,rwilliams,BI_WH_MEDIUM,SELECT * FROM EMPLOYEE_RECORDS LIMIT 1000,2.6358228049974852,168586,SUCCESS,
269c4059-6f69-4c49-ade8-610933558ba2,2025-09-04T23:26:00,4b7e389e-8c78-4e72-ab0b-774df43b399e,hardinjennifer,BI_WH_SMALL,SELECT * FROM PRODUCT_INVENTORY LIMIT 1000,0.14532860891460042,833032,SUCCESS,
efe7a0dc-fbb4-4596-9207-cf0bda542a88,2025-09-04T23:36:00,859c34dd-4540-49a3-b26d-f82b1455d905,oatkinson,ETL_WH_LARGE,"SELECT * FROM PRODUCT_INVENTORY WHERE created_at >= dateadd('day', -7, current_date())",4.968338346609498,333208,SUCCESS,
346d6983-714e-4d8b-8c77-20a8bb726f1a,2025-09-04T23:36:00,a3a85592-9f3f-4845-87b8-dd199fcdc3cc,gmoreno,ETL_WH_X-SMALL,SELECT * FROM SALES_TRANSACTIONS LIMIT 1000,2.8250923848976055,724286,SUCCESS,
29974eba-3920-4681-9dd0-5b56aa0ce8d7,2025-09-04T23:46:00,da0f0f7a-8d2c-4ca9-b82e-cda33fba6610,rachel35,DEV_WH_X-SMALL,SELECT * FROM PRODUCT_INVENTORY LIMIT 1000,1.7029753292075696,127745,SUCCESS,
9cb91f57-43ff-416f-96d1-e4233d09fd5c,2025-09-04T23:46:00,cea2e75f-1ee1-4b1d-90f5-242f82a02bed,erickennedy,PROD_WH_MEDIUM,SELECT * FROM FINANCIAL_METRICS LIMIT 1000,4.511992057286622,162284,SUCCESS,
365504c4-92df-45d0-b352-9e3b3aa3637e,2025-09-04T23:51:00,da0f0f7a-8d2c-4ca9-b82e-cda33fba6610,rachel35,ETL_WH_X-SMALL,"SELECT DISTINCT column1, column2 FROM EMPLOYEE_RECORDS WHERE condition = 'value'",0.7114978226302432,932266,SUCCESS,
394ce101-4f55-4049-a2b1-bf87571c9356,2025-09-04T23:51:00,879c852e-e8e8-45c3-9ead-5fa56c9ecfbc,egarcia,PROD_WH_SMALL,"SELECT DISTINCT column1, column2 FROM USER_ACTIVITY_LOGS WHERE condition = 'value'",0.545786889917051,336303,SUCCESS,
db0ea77c-24bf-4b82-8188-f1b1d1429573,2025-09-05T00:04:00,ac5e7ada-2f2f-4292-a0e4-18083982547a,lliu,ETL_WH_LARGE,"SELECT * FROM CUSTOMER_DATA WHERE created_at >= dateadd('day', -7, current_date())",3.451571601483849,759997,SUCCESS,
587a3308-ffc7-41a6-81f4-904258c57cad,2025-09-05T00:04:00,89e53854-09b7-4b59-8352-a231c51f8687,glarsen,PROD_WH_SMALL,"SELECT DISTINCT column1, column2 FROM EMPLOYEE_RECORDS WHERE condition = 'value'",3.4320641246431896,61818,SUCCESS,
1a315188-1fab-451c-8b8f-2350d95387ec,2025-09-05T00:12:00,cea2e75f-1ee1-4b1d-90f5-242f82a02bed,erickennedy,ETL_WH_X-SMALL,SELECT * FROM USER_ACTIVITY_LOGS LIMIT 1000,3.2571626397080014,656614,SUCCESS,
0d40b7d9-126f-4780-b627-87e13c7c58d8,2025-09-05T00:12:00,f0c2cfac-cf3b-4053-9e79-a6a4c6bbd187,garciaalison,DEV_WH_LARGE,SELECT * FROM SYSTEM_EVENTS LIMIT 1000,4.434047225811059,49290,SUCCESS,
3ec8e183-d49c-41a5-af67-8164b68e61c9,2025-09-05T00:21:00,7cd584de-ca92-465c-8ea8-5f7ad356bee6,danasandoval,DEV_WH_MEDIUM,"SELECT COUNT(*) FROM MARKETING_CAMPAIGNS GROUP BY date_trunc('day', created_at)",4.790486098983432,929331,SUCCESS,
09afac91-33ff-47ec-9ad9-4b8e753dcdf4,2025-09-05T00:21:00,4b7e389e-8c78-4e72-ab0b-774df43b399e,hardinjennifer,PROD_WH_LARGE,"SELECT COUNT(*) FROM MARKETING_CAMPAIGNS GROUP BY date_trunc('day', created_at)",2.850231568706154,364738,SUCCESS,
02431f21-60a0-4cab-ab77-f839669a0821,2025-09-05T00:35:00,82e7a6a3-1f49-4f5a-8a2a-96e5a654a185,codyoconnor,PROD_WH_SMALL,SELECT * FROM PRODUCT_INVENTORY LIMIT 1000,3.283597336126284,858270,SUCCESS,
2265ddd1-6fc5-491a-817e-d446cc356ee8,2025-09-05T00:35:00,3d8cc43f-0f00-40bd-b8b2-34ac61fc0360,rwilliams,ETL_WH_LARGE,"SELECT COUNT(*) FROM USER_ACTIVITY_LOGS GROUP BY date_trunc('day', created_at)",2.4522280977138764,277137,SUCCESS,
6acdb7fa-7726-402d-9135-72147b007097,2025-09-05T00:46:00,7cd584de-ca92-465c-8ea8-5f7ad356bee6,danasandoval,BI_WH_X-SMALL,"SELECT DISTINCT column1, column2 FROM EMPLOYEE_RECORDS WHERE condition = 'value'",4.393618816477621,914222,SUCCESS,
2cc20156-092e-4ae3-8d3b-9dff811799d4,2025-09-05T00:46:00,4b7e389e-8c78-4e72-ab0b-774df43b399e,hardinjennifer,PROD_WH_SMALL,"SELECT * FROM USER_ACTIVITY_LOGS WHERE created_at >= dateadd('day', -7, current_date())",4.354282481853191,589457,SUCCESS,
e60f5e2b-d7ba-402a-8b68-06b4e83d0984,2025-09-05T00:59:00,3d8cc43f-0f00-40bd-b8b2-34ac61fc0360,rwilliams,PROD_WH_X-SMALL,"SELECT * FROM SYSTEM_EVENTS WHERE created_at >= dateadd('day', -7, current_date())",3.3026227889130317,913065,SUCCESS,
8cb76f43-89e1-4e90-a9ae-178d1bf48dd7,2025-09-05T00:59:00,9a7a68c7-1b0c-4669-859f-6d352b1e386f,andrew16,ETL_WH_SMALL,"SELECT DISTINCT column1, column2 FROM SALES_TRANSACTIONS WHERE condition = 'value'",3.712482511313403,859735,SUCCESS,
f4f823a4-6271-493c-922a-7db288451ede,2025-09-05T01:06:00,a3a85592-9f3f-4845-87b8-dd199fcdc3cc,gmoreno,DEV_WH_LARGE,"SELECT * FROM USER_ACTIVITY_LOGS WHERE created_at >= dateadd('day', -7, current_date())",0.2515501463052176,843633,SUCCESS,
3fd18de9-6e83-4151-9434-9f4c94496b2d,2025-09-05T01:06:00,3d8cc43f-0f00-40bd-b8b2-34ac61fc0360,rwilliams,ETL_WH_LARGE,"SELECT DISTINCT column1, column2 FROM CUSTOMER_DATA WHERE condition = 'value'",2.26187838533947,148665,SUCCESS,
64e1bde7-4267-4de5-9ca5-39afc85acbad,2025-09-05T01:19:00,4663d48b-596a-4f39-b714-8d69ac9a7d2a,robert93,PROD_WH_LARGE,"SELECT * FROM EMPLOYEE_RECORDS WHERE created_at >= dateadd('day', -7, current_date())",2.4911339092394886,204740,SUCCESS,
1081d671-8678-49d8-a2f8-81e462999727,2025-09-05T01:19:00,82e7a6a3-1f49-4f5a-8a2a-96e5a654a185,codyoconnor,BI_WH_LARGE,"SELECT * FROM EMPLOYEE_RECORDS WHERE created_at >= dateadd('day', -7, current_date())",1.5811853693004314,140988,SUCCESS,
3a83e6ed-c290-4f0b-8404-91a360ae96d0,2025-09-05T01:26:00,3d8cc43f-0f00-40bd-b8b2-34ac61fc0360,rwilliams,BI_WH_MEDIUM,"SELECT DISTINCT column1, column2 FROM SALES_TRANSACTIONS WHERE condition = 'value'",1.032258309683419,303453,SUCCESS,
ace17044-26b7-4cc4-a7ac-7f6f4f3a2a62,2025-09-05T01:26:00,7cd584de-ca92-465c-8ea8-5f7ad356bee6,danasandoval,BI_WH_SMALL,"SELECT DISTINCT column1, column2 FROM CUSTOMER_DATA WHERE condition = 'value'",4.064100359637003,282888,SUCCESS,
898655b6-d975-481d-a7c4-5c58fafc5da8,2025-09-05T01:33:00,57eba2d7-a4fe-48aa-aa7b-ad0e6f1296b7,jose46,PROD_WH_X-SMALL,"SELECT DISTINCT column1, column2 FROM MARKETING_CAMPAIGNS WHERE condition = 'value'",1.864902280326407,113231,SUCCESS,
a1bb309c-85b5-476d-8f14-472ee4321524,2025-09-05T01:33:00,82e7a6a3-1f49-4f5a-8a2a-96e5a654a185,codyoconnor,DEV_WH_MEDIUM,"SELECT COUNT(*) FROM PRODUCT_INVENTORY GROUP BY date_trunc('day', created_at)",0.10231283408645812,60536,SUCCESS,
72bc4aa1-33a6-4296-b5c4-f8fa5b903655,2025-09-05T01:39:00,a3a85592-9f3f-4845-87b8-dd199fcdc3cc,gmoreno,PROD_WH_MEDIUM,SELECT * FROM CUSTOMER_DATA LIMIT 1000,0.1814321786300294,231823,SUCCESS,
41f2b297-4098-481b-ac40-3e6cef9bb745,2025-09-05T01:39:00,a3a85592-9f3f-4845-87b8-dd199fcdc3cc,gmoreno,DEV_WH_MEDIUM,"SELECT COUNT(*) FROM SALES_TRANSACTIONS GROUP BY date_trunc('day', created_at)",3.008795253120941,504005,SUCCESS,
3240d40a-4bda-4215-baab-dd1a57b4c590,2025-09-05T01:49:00,3d8cc43f-0f00-40bd-b8b2-34ac61fc0360,rwilliams,ETL_WH_MEDIUM,SELECT * FROM FINANCIAL_METRICS LIMIT 1000,0.2801777562150881,703835,SUCCESS,
502517bc-3a0c-4939-a525-7c7bb7707809,2025-09-05T01:49:00,f22aa1cf-fe8b-4e78-8492-b46e0f46ffda,brandtmisty,PROD_WH_X-SMALL,"SELECT * FROM MARKETING_CAMPAIGNS WHERE created_at >= dateadd('day', -7, current_date())",1.8177638315089606,248448,SUCCESS,
3e40a9b5-ae70-4673-b956-c2a8c0eae84f,2025-09-05T02:04:00,4bc8b8f2-4d6e-4d5e-8d40-a7b6b3d6bb03,amandamitchell,PROD_WH_X-SMALL,"SELECT * FROM FINANCIAL_METRICS WHERE created_at >= dateadd('day', -7, current_date())",4.6372698627342315,358064,SUCCESS,
ec7a825d-f4f1-47fe-9a9d-9ab0164df5cc,2025-09-05T02:04:00,a3a85592-9f3f-4845-87b8-dd199fcdc3cc,gmoreno,PROD_WH_X-SMALL,SELECT * FROM FINANCIAL_METRICS LIMIT 1000,2.0463738669042426,739525,SUCCESS,
fe9e82c0-3208-4783-a81e-6adddf770fd0,2025-09-05T02:13:00,a3a85592-9f3f-4845-87b8-dd199fcdc3cc,gmoreno,BI_WH_SMALL,"SELECT DISTINCT column1, column2 FROM EMPLOYEE_RECORDS WHERE condition = 'value'",2.8231936190747797,754197,SUCCESS,
1ca4cb6b-338e-4204-9f73-833a51ddae90,2025-09-05T02:13:00,57eba2d7-a4fe-48aa-aa7b-ad0e6f1296b7,jose46,BI_WH_X-SMALL,SELECT * FROM PRODUCT_INVENTORY LIMIT 1000,2.1928410862741754,783485,SUCCESS,
403aa336-d065-4df8-9ba2-048622e5d5fa,2025-09-05T02:22:00,4bc8b8f2-4d6e-4d5e-8d40-a7b6b3d6bb03,amandamitchell,DEV_WH_MEDIUM,"SELECT * FROM SALES_TRANSACTIONS WHERE created_at >= dateadd('day', -7, current_date())",4.86485507551399,107649,SUCCESS,
e12cd8e9-0054-44f2-8b8c-73cc667b2532,2025-09-05T02:22:00,00f99f6f-5fcc-490a-84f9-6b24911c0b2e,emilyhamilton,BI_WH_LARGE,"SELECT DISTINCT column1, column2 FROM MARKETING_CAMPAIGNS WHERE condition = 'value'",3.9955257824011605,755081,SUCCESS,
4af1b1ff-1609-47b6-bfe0-72c0d28d85a2,2025-09-05T02:28:00,da0f0f7a-8d2c-4ca9-b82e-cda33fba6610,rachel35,ETL_WH_X-SMALL,"SELECT DISTINCT column1, column2 FROM PRODUCT_INVENTORY WHERE condition = 'value'",1.1818645695928,514578,SUCCESS,
69696560-4133-4f5c-b08b-ec095b7cbc3f,2025-09-05T02:28:00,57eba2d7-a4fe-48aa-aa7b-ad0e6f1296b7,jose46,DEV_WH_LARGE,SELECT * FROM SYSTEM_EVENTS LIMIT 1000,4.177778483941329,384875,SUCCESS,
36507a52-855f-4bce-80ad-f8d7a8b9e075,2025-09-05T02:39:00,4b7e389e-8c78-4e72-ab0b-774df43b399e,hardinjennifer,PROD_WH_SMALL,"SELECT * FROM USER_ACTIVITY_LOGS WHERE created_at >= dateadd('day', -7, current_date())",2.9214086035723215,518748,SUCCESS,
a7e57f1c-2f05-48db-9871-3b12ca034838,2025-09-05T02:39:00,3d8cc43f-0f00-40bd-b8b2-34ac61fc0360,rwilliams,DEV_WH_MEDIUM,"SELECT COUNT(*) FROM MARKETING_CAMPAIGNS GROUP BY date_trunc('day', created_at)",4.147234075148043,49928,SUCCESS,
1a0d4eb1-6940-4a9e-bbda-1d5c315b7248,2025-09-05T02:49:00,da0f0f7a-8d2c-4ca9-b82e-cda33fba6610,rachel35,PROD_WH_X-SMALL,SELECT * FROM MARKETING_CAMPAIGNS LIMIT 1000,0.4568607045745793,255521,SUCCESS,
4d84c651-b365-4108-925b-df1f0c11154a,2025-09-05T02:49:00,4bc8b8f2-4d6e-4d5e-8d40-a7b6b3d6bb03,amandamitchell,DEV_WH_MEDIUM,"SELECT * FROM CUSTOMER_DATA WHERE created_at >= dateadd('day', -7, current_date())",1.0124581004823743,76171,SUCCESS,
907147ae-821f-43ca-84c8-d9a80f1d10e8,2025-09-05T03:03:00,82e7a6a3-1f49-4f5a-8a2a-96e5a654a185,codyoconnor,ETL_WH_LARGE,"SELECT COUNT(*) FROM PRODUCT_INVENTORY GROUP BY date_trunc('day', created_at)",2.558606424267986,14057,SUCCESS,
8e37e38e-45c8-48fa-a093-2c15396aeb6b,2025-09-05T03:03:00,5fb2a072-2bab-4b94-9109-9cbea70c5438,bryancuevas,BI_WH_LARGE,SELECT * FROM USER_ACTIVITY_LOGS LIMIT 1000,1.7805602247847745,404087,SUCCESS,
6ed60532-ccdf-4d75-ba0b-eb01969f8dcd,2025-09-05T03:10:00,b92c2609-888c-471e-bf61-4363556df9d8,frank26,PROD_WH_LARGE,"SELECT COUNT(*) FROM MARKETING_CAMPAIGNS GROUP BY date_trunc('day', created_at)",3.8679571074155796,851549,SUCCESS,
5ef3b92a-8996-4523-b9ea-8b0d76cea194,2025-09-05T03:10:00,4bc8b8f2-4d6e-4d5e-8d40-a7b6b3d6bb03,amandamitchell,DEV_WH_LARGE,"SELECT * FROM USER_ACTIVITY_LOGS WHERE created_at >= dateadd('day', -7, current_date())",1.2560563889740333,306570,SUCCESS,
0d71992a-94ab-4340-95c5-15402a481db8,2025-09-05T03:20:00,5fb2a072-2bab-4b94-9109-9cbea70c5438,bryancuevas,PROD_WH_X-SMALL,"SELECT * FROM MARKETING_CAMPAIGNS WHERE created_at >= dateadd('day', -7, current_date())",0.88171332643846,638831,SUCCESS,
a36683be-bf2c-43e0-9026-5dd1d4698e5f,2025-09-05T03:20:00,f0c2cfac-cf3b-4053-9e79-a6a4c6bbd187,garciaalison,BI_WH_MEDIUM,SELECT * FROM EMPLOYEE_RECORDS LIMIT 1000,4.100687805230111,684328,SUCCESS,
21b5f340-2055-4c7d-9247-538f3ecd4cc2,2025-09-05T03:27:00,3d8cc43f-0f00-40bd-b8b2-34ac61fc0360,rwilliams,ETL_WH_MEDIUM,"SELECT DISTINCT column1, column2 FROM SYSTEM_EVENTS WHERE condition = 'value'",1.317347530974186,858673,SUCCESS,
4aef9d7c-736b-4667-9d44-dbcddf7352ad,2025-09-05T03:27:00,a3a85592-9f3f-4845-87b8-dd199fcdc3cc,gmoreno,ETL_WH_LARGE,"SELECT DISTINCT column1, column2 FROM SYSTEM_EVENTS WHERE condition = 'value'",3.2852553561907265,556526,SUCCESS,
e53d9736-b594-4baf-9b1b-be2281c3d1bf,2025-09-05T03:37:00,da0f0f7a-8d2c-4ca9-b82e-cda33fba6610,rachel35,ETL_WH_SMALL,"SELECT DISTINCT column1, column2 FROM EMPLOYEE_RECORDS WHERE condition = 'value'",1.1448741239398543,190339,SUCCESS,
ebcee7d2-e32b-4394-9a95-b4f64e5fa918,2025-09-05T03:37:00,5fb2a072-2bab-4b94-9109-9cbea70c5438,bryancuevas,ETL_WH_MEDIUM,"SELECT DISTINCT column1, column2 FROM PRODUCT_INVENTORY WHERE condition = 'value'",1.236625744474065,804991,SUCCESS,
a0557ae8-5625-4a8b-8427-d7165580ab4c,2025-09-05T03:42:00,f0c2cfac-cf3b-4053-9e79-a6a4c6bbd187,garciaalison,PROD_WH_MEDIUM,"SELECT * FROM CUSTOMER_DATA WHERE created_at >= dateadd('day', -7, current_date())",3.87270070087621,738389,SUCCESS,
9ada88cc-2c33-40f4-8b98-cbc2ca20dbcd,2025-09-05T03:42:00,4663d48b-596a-4f39-b714-8d69ac9a7d2a,robert93,DEV_WH_MEDIUM,SELECT * FROM FINANCIAL_METRICS LIMIT 1000,3.514111864878492,720341,SUCCESS,
7f407774-c171-4ac4-bf20-80e62a1f1d59,2025-09-05T03:48:00,4663d48b-596a-4f39-b714-8d69ac9a7d2a,robert93,ETL_WH_LARGE,"SELECT * FROM SALES_TRANSACTIONS WHERE created_at >= dateadd('day', -7, current_date())",4.450453321997242,560355,SUCCESS,
14fe7822-fa88-4498-9328-5a52873da5bb,2025-09-05T03:48:00,3d8cc43f-0f00-40bd-b8b2-34ac61fc0360,rwilliams,BI_WH_X-SMALL,"SELECT COUNT(*) FROM USER_ACTIVITY_LOGS GROUP BY date_trunc('day', created_at)",4.559521336010627,522699,SUCCESS,
1ba03073-b218-4aef-8d0c-4cef6f6e28a1,2025-09-05T03:54:00,3d8cc43f-0f00-40bd-b8b2-34ac61fc0360,rwilliams,PROD_WH_X-SMALL,"SELECT COUNT(*) FROM FINANCIAL_METRICS GROUP BY date_trunc('day', created_at)",1.738907544988607,467393,SUCCESS,
924fe9bc-7bd8-4c5e-833e-e74ae8927b95,2025-09-05T03:54:00,da0f0f7a-8d2c-4ca9-b82e-cda33fba6610,rachel35,DEV_WH_X-SMALL,"SELECT * FROM SYSTEM_EVENTS WHERE created_at >= dateadd('day', -7, current_date())",3.244928512353694,559843,SUCCESS,
6c87e5a0-49ac-43c9-adad-52e87aa0462a,2025-09-05T04:03:00,b92c2609-888c-471e-bf61-4363556df9d8,frank26,PROD_WH_X-SMALL,"SELECT * FROM PRODUCT_INVENTORY WHERE created_at >= dateadd('day', -7, current_date())",2.3044995066977156,506967,SUCCESS,
d376915f-a06d-48b0-a172-e5781ad4db64,2025-09-05T04:03:00,859c34dd-4540-49a3-b26d-f82b1455d905,oatkinson,ETL_WH_SMALL,"SELECT COUNT(*) FROM SALES_TRANSACTIONS GROUP BY date_trunc('day', created_at)",3.4842833020695254,450093,SUCCESS,
88030b70-2c14-4a14-be6f-7b5dd41a77e4,2025-09-05T04:13:00,89e53854-09b7-4b59-8352-a231c51f8687,glarsen,PROD_WH_SMALL,SELECT * FROM EMPLOYEE_RECORDS LIMIT 1000,2.8420062035608082,607238,SUCCESS,
98091b94-8aaf-421f-8758-6ed3639ddb24,2025-09-05T04:13:00,f22aa1cf-fe8b-4e78-8492-b46e0f46ffda,brandtmisty,BI_WH_X-SMALL,SELECT * FROM FINANCIAL_METRICS LIMIT 1000,4.317147455010529,512442,SUCCESS,
02b60c0a-6dd9-483d-ab03-ac5ee3d6a96c,2025-09-05T04:25:00,3d8cc43f-0f00-40bd-b8b2-34ac61fc0360,rwilliams,DEV_WH_SMALL,"SELECT DISTINCT column1, column2 FROM FINANCIAL_METRICS WHERE condition = 'value'",1.0094431148459602,566261,SUCCESS,
452b1dfa-ecd6-46c2-874a-2ea9392fb212,2025-09-05T04:25:00,57eba2d7-a4fe-48aa-aa7b-ad0e6f1296b7,jose46,PROD_WH_MEDIUM,"SELECT COUNT(*) FROM PRODUCT_INVENTORY GROUP BY date_trunc('day', created_at)",4.688797401306883,195421,SUCCESS,
80c74b1b-47d7-4384-845e-6b404a3f6625,2025-09-05T04:36:00,82e7a6a3-1f49-4f5a-8a2a-96e5a654a185,codyoconnor,DEV_WH_SMALL,"SELECT COUNT(*) FROM EMPLOYEE_RECORDS GROUP BY date_trunc('day', created_at)",0.6348339008818169,796302,SUCCESS,
37073aad-f118-45b2-bdde-d3d9b92a3fdc,2025-09-05T04:36:00,9a7a68c7-1b0c-4669-859f-6d352b1e386f,andrew16,BI_WH_LARGE,SELECT * FROM PRODUCT_INVENTORY LIMIT 1000,0.26188547599715706,308904,SUCCESS,
040ee9ec-1fc3-4f5a-b663-39777a512a13,2025-09-05T04:47:00,82e7a6a3-1f49-4f5a-8a2a-96e5a654a185,codyoconnor,BI_WH_SMALL,"SELECT DISTINCT column1, column2 FROM EMPLOYEE_RECORDS WHERE condition = 'value'",1.224576281007971,586987,SUCCESS,
b3412095-e4ce-411b-8c0d-f7517e9a9862,2025-09-05T04:47:00,a3a85592-9f3f-4845-87b8-dd199fcdc3cc,gmoreno,BI_WH_X-SMALL,"SELECT DISTINCT column1, column2 FROM USER_ACTIVITY_LOGS WHERE condition = 'value'",1.9702575378942386,467384,SUCCESS,
b7cd26c7-c071-4bd4-8111-4878cc184e0d,2025-09-05T04:56:00,4b7e389e-8c78-4e72-ab0b-774df43b399e,hardinjennifer,ETL_WH_SMALL,SELECT * FROM PRODUCT_INVENTORY LIMIT 1000,0.3522073454055711,894150,SUCCESS,
c87609f5-ea66-443f-acf9-cd9831c16ae0,2025-09-05T04:56:00,859c34dd-4540-49a3-b26d-f82b1455d905,oatkinson,BI_WH_LARGE,"SELECT * FROM CUSTOMER_DATA WHERE created_at >= dateadd('day', -7, current_date())",0.19551636022304944,364026,SUCCESS,
e23d91d1-5c55-428a-bd53-c3a941f648b7,2025-09-05T05:10:00,cea2e75f-1ee1-4b1d-90f5-242f82a02bed,erickennedy,BI_WH_SMALL,"SELECT * FROM EMPLOYEE_RECORDS WHERE created_at >= dateadd('day', -7, current_date())",3.0891605754400597,419651,SUCCESS,
373bac89-ba81-4b41-9b23-73878db90d15,2025-09-05T05:10:00,57eba2d7-a4fe-48aa-aa7b-ad0e6f1296b7,jose46,DEV_WH_X-SMALL,"SELECT DISTINCT column1, column2 FROM MARKETING_CAMPAIGNS WHERE condition = 'value'",0.5763477307577919,250823,SUCCESS,
3b6f4c64-418a-4bce-9e6d-b40dd1679e84,2025-09-05T05:25:00,da0f0f7a-8d2c-4ca9-b82e-cda33fba6610,rachel35,DEV_WH_X-SMALL,"SELECT * FROM SYSTEM_EVENTS WHERE created_at >= dateadd('day', -7, current_date())",2.0137472248179096,680938,SUCCESS,
af2231f1-d937-4e07-a754-7032facbbc10,2025-09-05T05:25:00,82e7a6a3-1f49-4f5a-8a2a-96e5a654a185,codyoconnor,PROD_WH_SMALL,"SELECT DISTINCT column1, column2 FROM CUSTOMER_DATA WHERE condition = 'value'",2.509926510245935,861158,SUCCESS,
1736dd27-7ada-429c-afe1-08c63542038c,2025-09-05T05:30:00,89e53854-09b7-4b59-8352-a231c51f8687,glarsen,BI_WH_MEDIUM,"SELECT DISTINCT column1, column2 FROM MARKETING_CAMPAIGNS WHERE condition = 'value'",4.078615192453814,854993,SUCCESS,
35c606ba-7bed-4022-8dbe-73bbebbab7b4,2025-09-05T05:30:00,7cd584de-ca92-465c-8ea8-5f7ad356bee6,danasandoval,PROD_WH_X-SMALL,"SELECT * FROM MARKETING_CAMPAIGNS WHERE created_at >= dateadd('day', -7, current_date())",1.3480950242584187,712493,SUCCESS,
aa8cd27d-ec5c-42e9-9ac4-6433a337804a,2025-09-05T05:44:00,82e7a6a3-1f49-4f5a-8a2a-96e5a654a185,codyoconnor,BI_WH_MEDIUM,"SELECT DISTINCT column1, column2 FROM MARKETING_CAMPAIGNS WHERE condition = 'value'",0.567036188057794,875279,SUCCESS,
983850b4-9654-4762-9cf8-48bf0c766c61,2025-09-05T05:44:00,82e7a6a3-1f49-4f5a-8a2a-96e5a654a185,codyoconnor,PROD_WH_LARGE,SELECT * FROM MARKETING_CAMPAIGNS LIMIT 1000,2.8357081186303783,89621,SUCCESS,
290c6e9f-1b6c-4b3c-9a42-8bd22042c196,2025-09-05T05:51:00,ac5e7ada-2f2f-4292-a0e4-18083982547a,lliu,ETL_WH_SMALL,SELECT * FROM USER_ACTIVITY_LOGS LIMIT 1000,3.24369219680548,649465,SUCCESS,
0b6889b9-a4ff-4c1a-aa9b-13d36bd6dae9,2025-09-05T05:51:00,ac5e7ada-2f2f-4292-a0e4-18083982547a,lliu,DEV_WH_X-SMALL,"SELECT COUNT(*) FROM FINANCIAL_METRICS GROUP BY date_trunc('day', created_at)",1.6671406451144535,640080,SUCCESS,
46da6b46-7241-4624-a09a-ecc6b93b20f9,2025-09-05T05:59:00,ac5e7ada-2f2f-4292-a0e4-18083982547a,lliu,BI_WH_MEDIUM,SELECT * FROM EMPLOYEE_RECORDS LIMIT 1000,4.963466131718005,89464,SUCCESS,
9c91d385-fe05-4c11-a8d6-22d801bb8565,2025-09-05T05:59:00,cea2e75f-1ee1-4b1d-90f5-242f82a02bed,erickennedy,ETL_WH_MEDIUM,"SELECT DISTINCT column1, column2 FROM SALES_TRANSACTIONS WHERE condition = 'value'",4.867990434979964,233965,SUCCESS,
2ae26633-a8dd-4bd3-b2eb-03d05602aed7,2025-09-05T06:04:00,ac5e7ada-2f2f-4292-a0e4-18083982547a,lliu,PROD_WH_MEDIUM,"SELECT DISTINCT column1, column2 FROM USER_ACTIVITY_LOGS WHERE condition = 'value'",4.959415579402057,429873,SUCCESS,
cc1b51b4-1a07-4b0e-a2fc-337912b84bb0,2025-09-05T06:04:00,879c852e-e8e8-45c3-9ead-5fa56c9ecfbc,egarcia,PROD_WH_LARGE,"SELECT COUNT(*) FROM SYSTEM_EVENTS GROUP BY date_trunc('day', created_at)",4.573867568747355,190307,SUCCESS,
5d14301e-4887-4ea7-a8ea-d7c7fa8a4d8d,2025-09-05T06:16:00,7cd584de-ca92-465c-8ea8-5f7ad356bee6,danasandoval,PROD_WH_X-SMALL,SELECT * FROM FINANCIAL_METRICS LIMIT 1000,2.6426558756052407,247405,SUCCESS,
07d0c2e7-5573-4c24-8796-9f77707de9a8,2025-09-05T06:16:00,a3a85592-9f3f-4845-87b8-dd199fcdc3cc,gmoreno,ETL_WH_X-SMALL,"SELECT * FROM CUSTOMER_DATA WHERE created_at >= dateadd('day', -7, current_date())",0.4215185690397889,787565,SUCCESS,
f4ffee49-44a6-4875-a35f-2aa1f330150b,2025-09-05T06:31:00,859c34dd-4540-49a3-b26d-f82b1455d905,oatkinson,ETL_WH_SMALL,"SELECT DISTINCT column1, column2 FROM MARKETING_CAMPAIGNS WHERE condition = 'value'",3.100092548828045,513717,SUCCESS,
0aa95df0-ed77-4ae6-a4c1-613f8a780f25,2025-09-05T06:31:00,da0f0f7a-8d2c-4ca9-b82e-cda33fba6610,rachel35,DEV_WH_LARGE,"SELECT * FROM USER_ACTIVITY_LOGS WHERE created_at >= dateadd('day', -7, current_date())",0.42993920777360395,251187,SUCCESS,
ba7feebb-3643-43bf-ac4a-be639b35e809,2025-09-05T06:46:00,a3a85592-9f3f-4845-87b8-dd199fcdc3cc,gmoreno,DEV_WH_SMALL,"SELECT * FROM FINANCIAL_METRICS WHERE created_at >= dateadd('day', -7, current_date())",2.3462626403425535,184576,SUCCESS,
4a62735d-1553-43f0-a1df-bf0425ee952a,2025-09-05T06:46:00,cea2e75f-1ee1-4b1d-90f5-242f82a02bed,erickennedy,BI_WH_MEDIUM,SELECT * FROM FINANCIAL_METRICS LIMIT 1000,0.37416791858141196,569630,SUCCESS,
5180c851-3d94-4ff8-88ed-630853c9cad3,2025-09-05T06:53:00,f0c2cfac-cf3b-4053-9e79-a6a4c6bbd187,garciaalison,DEV_WH_MEDIUM,"SELECT DISTINCT column1, column2 FROM SALES_TRANSACTIONS WHERE condition = 'value'",4.7788057048872465,852109,SUCCESS,
5fb602b6-2236-4950-a8b0-3de17da3e7d7,2025-09-05T06:53:00,ac5e7ada-2f2f-4292-a0e4-18083982547a,lliu,DEV_WH_SMALL,SELECT * FROM MARKETING_CAMPAIGNS LIMIT 1000,1.6507180229874003,399060,SUCCESS,
1fac2b27-1b25-4320-81c1-f68f90f52c47,2025-09-05T07:02:00,3d8cc43f-0f00-40bd-b8b2-34ac61fc0360,rwilliams,DEV_WH_X-SMALL,"SELECT * FROM FINANCIAL_METRICS WHERE created_at >= dateadd('day', -7, current_date())",3.6678806386909195,537404,SUCCESS,
6009813c-7a73-43a9-b487-ec4fedf7f764,2025-09-05T07:02:00,859c34dd-4540-49a3-b26d-f82b1455d905,oatkinson,BI_WH_SMALL,"SELECT DISTINCT column1, column2 FROM FINANCIAL_METRICS WHERE condition = 'value'",3.5219091658998893,302114,SUCCESS,
eb59c92c-5796-438e-a880-55157aa9dbb3,2025-09-05T07:17:00,3d8cc43f-0f00-40bd-b8b2-34ac61fc0360,rwilliams,DEV_WH_LARGE,SELECT * FROM EMPLOYEE_RECORDS LIMIT 1000,3.175708185499038,411539,SUCCESS,
be2eced8-803a-4e22-b8ee-6f295d036010,2025-09-05T07:17:00,4b7e389e-8c78-4e72-ab0b-774df43b399e,hardinjennifer,DEV_WH_X-SMALL,"SELECT * FROM MARKETING_CAMPAIGNS WHERE created_at >= dateadd('day', -7, current_date())",4.095616138808387,531146,SUCCESS,
f0d85b6d-3ae8-4bc0-8913-cc3b76a81fec,2025-09-05T07:29:00,f22aa1cf-fe8b-4e78-8492-b46e0f46ffda,brandtmisty,PROD_WH_LARGE,"SELECT * FROM MARKETING_CAMPAIGNS WHERE created_at >= dateadd('day', -7, current_date())",1.703446430937243,49175,SUCCESS,
9d41840b-1fff-4434-8196-3c690bb1c578,2025-09-05T07:29:00,879c852e-e8e8-45c3-9ead-5fa56c9ecfbc,egarcia,DEV_WH_MEDIUM,"SELECT COUNT(*) FROM MARKETING_CAMPAIGNS GROUP BY date_trunc('day', created_at)",0.7673180120971618,967979,SUCCESS,
a815b61c-a193-458b-9a30-32bdef0bd294,2025-09-05T07:39:00,a3a85592-9f3f-4845-87b8-dd199fcdc3cc,gmoreno,DEV_WH_LARGE,"SELECT COUNT(*) FROM FINANCIAL_METRICS GROUP BY date_trunc('day', created_at)",2.6694082363907095,363208,SUCCESS,
0d1171b5-2429-4d57-be51-9e7dc7306461,2025-09-05T07:39:00,cea2e75f-1ee1-4b1d-90f5-242f82a02bed,erickennedy,BI_WH_X-SMALL,"SELECT DISTINCT column1, column2 FROM SALES_TRANSACTIONS WHERE condition = 'value'",3.393435205736414,338632,SUCCESS,
2d5a62b6-c562-4a76-bc85-e41e0cd63323,2025-09-05T07:52:00,a3a85592-9f3f-4845-87b8-dd199fcdc3cc,gmoreno,BI_WH_LARGE,"SELECT DISTINCT column1, column2 FROM SALES_TRANSACTIONS WHERE condition = 'value'",0.18648949902262346,387553,SUCCESS,
1ed73521-fada-44c6-9ec9-cd9f97108f30,2025-09-05T07:52:00,b92c2609-888c-471e-bf61-4363556df9d8,frank26,DEV_WH_X-SMALL,"SELECT COUNT(*) FROM USER_ACTIVITY_LOGS GROUP BY date_trunc('day', created_at)",1.9011058587599663,977068,SUCCESS,
27cf4602-08f5-4221-bd6d-d393eb514c89,2025-09-05T08:07:00,7cd584de-ca92-465c-8ea8-5f7ad356bee6,danasandoval,ETL_WH_SMALL,"SELECT * FROM EMPLOYEE_RECORDS WHERE created_at >= dateadd('day', -7, current_date())",4.022302683176767,455418,SUCCESS,
fa0ee0b7-a3e5-4ffd-961e-04a7d200a44a,2025-09-05T08:07:00,89e53854-09b7-4b59-8352-a231c51f8687,glarsen,DEV_WH_MEDIUM,SELECT * FROM EMPLOYEE_RECORDS LIMIT 1000,0.16414440934219143,324331,SUCCESS,
6bd68152-dd73-48db-b36d-46649f351e8a,2025-09-05T08:17:00,5fb2a072-2bab-4b94-9109-9cbea70c5438,bryancuevas,DEV_WH_MEDIUM,SELECT * FROM EMPLOYEE_RECORDS LIMIT 1000,2.1314243689959893,515267,SUCCESS,
aba70f6b-5fb7-4948-8896-52925485b2a2,2025-09-05T08:17:00,f0c2cfac-cf3b-4053-9e79-a6a4c6bbd187,garciaalison,PROD_WH_MEDIUM,SELECT * FROM FINANCIAL_METRICS LIMIT 1000,0.5297251012677537,995768,SUCCESS,
41015256-58b5-4a41-9251-c191dadff561,2025-09-05T08:28:00,da0f0f7a-8d2c-4ca9-b82e-cda33fba6610,rachel35,DEV_WH_LARGE,"SELECT DISTINCT column1, column2 FROM MARKETING_CAMPAIGNS WHERE condition = 'value'",2.4659053249327605,847517,SUCCESS,
7c03e116-9b7b-4373-9563-d741012c8b04,2025-09-05T08:28:00,859c34dd-4540-49a3-b26d-f82b1455d905,oatkinson,PROD_WH_X-SMALL,"SELECT DISTINCT column1, column2 FROM USER_ACTIVITY_LOGS WHERE condition = 'value'",3.9757630357994187,294209,SUCCESS,
5b1f559d-67ff-4b4b-8f72-87a32cb1f936,2025-09-05T08:43:00,7cd584de-ca92-465c-8ea8-5f7ad356bee6,danasandoval,PROD_WH_LARGE,SELECT * FROM SALES_TRANSACTIONS LIMIT 1000,4.2530538202543315,392729,SUCCESS,
39a33f41-235b-491a-936b-d419851230e0,2025-09-05T08:43:00,da0f0f7a-8d2c-4ca9-b82e-cda33fba6610,rachel35,PROD_WH_LARGE,SELECT * FROM SALES_TRANSACTIONS LIMIT 1000,0.9786077189309446,429400,SUCCESS,
14d671b4-1e57-42b4-a348-5578a40b58b9,2025-09-05T08:58:00,da0f0f7a-8d2c-4ca9-b82e-cda33fba6610,rachel35,PROD_WH_LARGE,SELECT * FROM EMPLOYEE_RECORDS LIMIT 1000,2.5604098267641286,642994,SUCCESS,
096ce7d7-4825-4fad-bd91-86c505f91925,2025-09-05T08:58:00,4b7e389e-8c78-4e72-ab0b-774df43b399e,hardinjennifer,DEV_WH_LARGE,SELECT * FROM PRODUCT_INVENTORY LIMIT 1000,0.5479434455067316,513873,SUCCESS,
f6c59d0b-1845-4ff1-87ea-3d9a68d9418c,2025-09-05T09:13:00,4bc8b8f2-4d6e-4d5e-8d40-a7b6b3d6bb03,amandamitchell,PROD_WH_X-SMALL,"SELECT COUNT(*) FROM MARKETING_CAMPAIGNS GROUP BY date_trunc('day', created_at)",1.9822921449037603,555675,SUCCESS,
3c00da1c-3eaf-4493-836e-4413bfc8743e,2025-09-05T09:13:00,4663d48b-596a-4f39-b714-8d69ac9a7d2a,robert93,ETL_WH_SMALL,"SELECT COUNT(*) FROM SALES_TRANSACTIONS GROUP BY date_trunc('day', created_at)",2.2491837809759407,379207,SUCCESS,
b733c5f9-0b45-4858-8bc1-bb5cc810606d,2025-09-05T09:13:00,4b7e389e-8c78-4e72-ab0b-774df43b399e,hardinjennifer,ETL_WH_SMALL,"SELECT COUNT(*) FROM EMPLOYEE_RECORDS GROUP BY date_trunc('day', created_at)",2.738589442447711,671713,SUCCESS,
b0f98634-c9ae-41e5-88de-794c8f045d87,2025-09-05T09:13:00,7cd584de-ca92-465c-8ea8-5f7ad356bee6,danasandoval,DEV_WH_SMALL,"SELECT DISTINCT column1, column2 FROM EMPLOYEE_RECORDS WHERE condition = 'value'",3.1495378274829724,658129,SUCCESS,
62483efa-b534-4c75-8c86-8c115e39ccef,2025-09-05T09:13:00,879c852e-e8e8-45c3-9ead-5fa56c9ecfbc,egarcia,PROD_WH_X-SMALL,"SELECT DISTINCT column1, column2 FROM SYSTEM_EVENTS WHERE condition = 'value'",4.384761372745262,484585,SUCCESS,
01f02c99-2f7b-43a0-b75a-0645fc22ec0f,2025-09-05T09:13:00,b92c2609-888c-471e-bf61-4363556df9d8,frank26,DEV_WH_X-SMALL,"SELECT DISTINCT column1, column2 FROM MARKETING_CAMPAIGNS WHERE condition = 'value'",4.5493341596769366,287151,SUCCESS,
0afd18ef-fc25-460d-a860-5486d4dc98e4,2025-09-05T09:13:00,9a7a68c7-1b0c-4669-859f-6d352b1e386f,andrew16,PROD_WH_SMALL,SELECT * FROM SALES_TRANSACTIONS LIMIT 1000,2.2185644594729323,693671,SUCCESS,
5ceb69bd-2527-41d8-9fed-ce67b9731139,2025-09-05T09:13:00,57eba2d7-a4fe-48aa-aa7b-ad0e6f1296b7,jose46,PROD_WH_X-SMALL,"SELECT COUNT(*) FROM EMPLOYEE_RECORDS GROUP BY date_trunc('day', created_at)",4.572809708137892,930975,SUCCESS,
2170778e-7075-476d-afb0-597b0f7de285,2025-09-05T09:13:00,57eba2d7-a4fe-48aa-aa7b-ad0e6f1296b7,jose46,DEV_WH_LARGE,"SELECT COUNT(*) FROM SALES_TRANSACTIONS GROUP BY date_trunc('day', created_at)",4.2452476382908735,597434,SUCCESS,
76da59c2-6dea-4cbb-bbb4-17ce158da8a5,2025-09-05T09:13:00,4b7e389e-8c78-4e72-ab0b-774df43b399e,hardinjennifer,DEV_WH_MEDIUM,"SELECT DISTINCT column1, column2 FROM SALES_TRANSACTIONS WHERE condition = 'value'",4.405921267055105,224188,SUCCESS,
2e817a10-f0a7-4a76-85d7-0b440dd5f92d,2025-09-05T09:24:00,5fb2a072-2bab-4b94-9109-9cbea70c5438,bryancuevas,DEV_WH_X-SMALL,"SELECT COUNT(*) FROM FINANCIAL_METRICS GROUP BY date_trunc('day', created_at)",1.6918591790033273,759108,SUCCESS,
4138daeb-1f60-473d-a76b-35316ceb706f,2025-09-05T09:24:00,879c852e-e8e8-45c3-9ead-5fa56c9ecfbc,egarcia,DEV_WH_MEDIUM,"SELECT * FROM MARKETING_CAMPAIGNS WHERE created_at >= dateadd('day', -7, current_date())",1.695425319774655,285791,SUCCESS,
d3667d0f-7826-42cb-8a97-373e82f9c651,2025-09-05T09:24:00,ac5e7ada-2f2f-4292-a0e4-18083982547a,lliu,DEV_WH_X-SMALL,"SELECT COUNT(*) FROM SALES_TRANSACTIONS GROUP BY date_trunc('day', created_at)",1.4238368708630236,374803,SUCCESS,
fb4ef790-e764-418a-b39d-a4d684b6ed8b,2025-09-05T09:24:00,b92c2609-888c-471e-bf61-4363556df9d8,frank26,DEV_WH_LARGE,"SELECT DISTINCT column1, column2 FROM EMPLOYEE_RECORDS WHERE condition = 'value'",0.36232940865193486,367042,SUCCESS,
867f339b-1a01-4c6e-9d29-2292c5bd531b,2025-09-05T09:24:00,cea2e75f-1ee1-4b1d-90f5-242f82a02bed,erickennedy,PROD_WH_LARGE,"SELECT DISTINCT column1, column2 FROM FINANCIAL_METRICS WHERE condition = 'value'",3.575464432568865,755915,SUCCESS,
b07bb35d-7495-4346-8268-17eb8e5413b7,2025-09-05T09:24:00,4663d48b-596a-4f39-b714-8d69ac9a7d2a,robert93,BI_WH_LARGE,"SELECT * FROM EMPLOYEE_RECORDS WHERE created_at >= dateadd('day', -7, current_date())",3.6699132713961347,874877,SUCCESS,
135c81e2-246a-48c2-98a2-cbc9a06d4ae9,2025-09-05T09:24:00,859c34dd-4540-49a3-b26d-f82b1455d905,oatkinson,ETL_WH_X-SMALL,SELECT * FROM EMPLOYEE_RECORDS LIMIT 1000,4.850296566094776,878570,SUCCESS,
46987943-b546-435b-8e8d-179e4a25c803,2025-09-05T09:24:00,4b7e389e-8c78-4e72-ab0b-774df43b399e,hardinjennifer,PROD_WH_X-SMALL,"SELECT COUNT(*) FROM MARKETING_CAMPAIGNS GROUP BY date_trunc('day', created_at)",2.4105076098972806,672339,SUCCESS,
0f9e5b64-c3fb-404b-a89b-51e0a647b52e,2025-09-05T09:24:00,b92c2609-888c-471e-bf61-4363556df9d8,frank26,ETL_WH_X-SMALL,"SELECT COUNT(*) FROM SYSTEM_EVENTS GROUP BY date_trunc('day', created_at)",2.306137790132562,992923,SUCCESS,
6e67f4d4-775b-4550-9cb0-95fa918a64dd,2025-09-05T09:24:00,b92c2609-888c-471e-bf61-4363556df9d8,frank26,BI_WH_X-SMALL,SELECT * FROM USER_ACTIVITY_LOGS LIMIT 1000,2.316659944105739,455211,SUCCESS,
c97bbc38-96bc-401a-8969-0d28f32223bb,2025-09-05T09:29:00,859c34dd-4540-49a3-b26d-f82b1455d905,oatkinson,ETL_WH_SMALL,"SELECT DISTINCT column1, column2 FROM MARKETING_CAMPAIGNS WHERE condition = 'value'",2.189414267331333,657482,SUCCESS,
1e23006f-4afb-494b-8520-8c51f257bd6a,2025-09-05T09:29:00,ac5e7ada-2f2f-4292-a0e4-18083982547a,lliu,ETL_WH_MEDIUM,"SELECT * FROM MARKETING_CAMPAIGNS WHERE created_at >= dateadd('day', -7, current_date())",4.950213343417157,97999,SUCCESS,
b451c68c-ebca-4e10-8711-f1dcc60d230f,2025-09-05T09:29:00,859c34dd-4540-49a3-b26d-f82b1455d905,oatkinson,DEV_WH_LARGE,"SELECT DISTINCT column1, column2 FROM EMPLOYEE_RECORDS WHERE condition = 'value'",4.876611096007095,183140,SUCCESS,
ffd1ce0f-1729-4125-8898-b9d45f8e5fe7,2025-09-05T09:29:00,00f99f6f-5fcc-490a-84f9-6b24911c0b2e,emilyhamilton,PROD_WH_SMALL,"SELECT * FROM SALES_TRANSACTIONS WHERE created_at >= dateadd('day', -7, current_date())",0.813180643633804,551845,SUCCESS,
8f95fdc9-c3f1-419a-9a7e-8cb6d3e70c0a,2025-09-05T09:29:00,859c34dd-4540-49a3-b26d-f82b1455d905,oatkinson,DEV_WH_MEDIUM,"SELECT COUNT(*) FROM FINANCIAL_METRICS GROUP BY date_trunc('day', created_at)",0.41935850357101045,976890,SUCCESS,
381a99eb-19fc-49cb-af90-99651ad137ae,2025-09-05T09:29:00,4b7e389e-8c78-4e72-ab0b-774df43b399e,hardinjennifer,ETL_WH_MEDIUM,"SELECT DISTINCT column1, column2 FROM MARKETING_CAMPAIGNS WHERE condition = 'value'",2.7986661384489446,925049,SUCCESS,
ea94614d-1d61-43f4-8bb0-2bacd946eb6d,2025-09-05T09:29:00,da0f0f7a-8d2c-4ca9-b82e-cda33fba6610,rachel35,ETL_WH_MEDIUM,"SELECT * FROM SYSTEM_EVENTS WHERE created_at >= dateadd('day', -7, current_date())",2.380230154820043,570099,SUCCESS,
73d02fb1-0277-4501-ad3d-b1ecabb70492,2025-09-05T09:29:00,57eba2d7-a4fe-48aa-aa7b-ad0e6f1296b7,jose46,ETL_WH_X-SMALL,SELECT * FROM MARKETING_CAMPAIGNS LIMIT 1000,2.980532699203865,203846,SUCCESS,
02abc1df-7b08-41d5-8896-8def8cb941f1,2025-09-05T09:29:00,5fb2a072-2bab-4b94-9109-9cbea70c5438,bryancuevas,PROD_WH_X-SMALL,"SELECT DISTINCT column1, column2 FROM SYSTEM_EVENTS WHERE condition = 'value'",3.497190299508441,427776,SUCCESS,
ea1e90b7-39a4-4672-a40e-16a82f6a5e86,2025-09-05T09:29:00,00f99f6f-5fcc-490a-84f9-6b24911c0b2e,emilyhamilton,ETL_WH_MEDIUM,SELECT * FROM SYSTEM_EVENTS LIMIT 1000,3.365279634846657,14396,SUCCESS,
75931b30-9d54-432c-826c-76d1e0c35a10,2025-09-05T09:35:00,ac5e7ada-2f2f-4292-a0e4-18083982547a,lliu,BI_WH_X-SMALL,"SELECT * FROM EMPLOYEE_RECORDS WHERE created_at >= dateadd('day', -7, current_date())",0.512379330340211,822543,SUCCESS,
101dfda0-f9b9-4b50-9a1b-5f5723b7a3f4,2025-09-05T09:35:00,ac5e7ada-2f2f-4292-a0e4-18083982547a,lliu,PROD_WH_MEDIUM,"SELECT COUNT(*) FROM SYSTEM_EVENTS GROUP BY date_trunc('day', created_at)",4.0931064043859315,276800,SUCCESS,
ebde9593-8f3b-466d-b6f2-c81016734426,2025-09-05T09:35:00,9a7a68c7-1b0c-4669-859f-6d352b1e386f,andrew16,BI_WH_SMALL,"SELECT COUNT(*) FROM USER_ACTIVITY_LOGS GROUP BY date_trunc('day', created_at)",0.37213377469404696,107906,SUCCESS,
e7ade337-ec6d-4ba3-af59-84673872a225,2025-09-05T09:35:00,879c852e-e8e8-45c3-9ead-5fa56c9ecfbc,egarcia,ETL_WH_X-SMALL,"SELECT * FROM EMPLOYEE_RECORDS WHERE created_at >= dateadd('day', -7, current_date())",3.384637448080092,212149,SUCCESS,
f12ab77d-7701-4efe-b807-075e175b1bfd,2025-09-05T09:35:00,879c852e-e8e8-45c3-9ead-5fa56c9ecfbc,egarcia,DEV_WH_LARGE,"SELECT DISTINCT column1, column2 FROM USER_ACTIVITY_LOGS WHERE condition = 'value'",4.6034579898443955,114697,SUCCESS,
0e6ffc0c-bb83-4a12-8e22-1139bec8e177,2025-09-05T09:35:00,4bc8b8f2-4d6e-4d5e-8d40-a7b6b3d6bb03,amandamitchell,PROD_WH_SMALL,"SELECT DISTINCT column1, column2 FROM SYSTEM_EVENTS WHERE condition = 'value'",0.9997967596236318,516336,SUCCESS,
5da8c186-1e06-4c09-a662-b570bdd22649,2025-09-05T09:35:00,4663d48b-596a-4f39-b714-8d69ac9a7d2a,robert93,DEV_WH_LARGE,"SELECT * FROM EMPLOYEE_RECORDS WHERE created_at >= dateadd('day', -7, current_date())",0.6624100324217822,968714,SUCCESS,
daae13d1-5c9f-4ba8-a200-7624114c3916,2025-09-05T09:35:00,f0c2cfac-cf3b-4053-9e79-a6a4c6bbd187,garciaalison,BI_WH_X-SMALL,"SELECT DISTINCT column1, column2 FROM FINANCIAL_METRICS WHERE condition = 'value'",4.657725941660211,612591,SUCCESS,
d697e577-7add-48bf-8971-b00ae1392081,2025-09-05T09:35:00,9a7a68c7-1b0c-4669-859f-6d352b1e386f,andrew16,BI_WH_LARGE,"SELECT * FROM CUSTOMER_DATA WHERE created_at >= dateadd('day', -7, current_date())",4.987361047668684,5688,SUCCESS,
67736fdf-c111-44b0-bbf7-8a506772c58f,2025-09-05T09:35:00,a3a85592-9f3f-4845-87b8-dd199fcdc3cc,gmoreno,BI_WH_SMALL,"SELECT COUNT(*) FROM SYSTEM_EVENTS GROUP BY date_trunc('day', created_at)",2.0476550531425386,804195,SUCCESS,
1ae14d79-e7a6-43f1-b802-d579e2bf4327,2025-09-05T09:40:00,57eba2d7-a4fe-48aa-aa7b-ad0e6f1296b7,jose46,ETL_WH_SMALL,"SELECT DISTINCT column1, column2 FROM PRODUCT_INVENTORY WHERE condition = 'value'",4.5683927900779,308866,SUCCESS,
e16e6989-cdd5-48cd-84fe-5afbb73c1d32,2025-09-05T09:40:00,7cd584de-ca92-465c-8ea8-5f7ad356bee6,danasandoval,BI_WH_X-SMALL,"SELECT DISTINCT column1, column2 FROM FINANCIAL_METRICS WHERE condition = 'value'",1.4710288990341305,922247,SUCCESS,
0c9e0418-53e9-42a5-a7a1-0864aeadebd6,2025-09-05T09:40:00,b92c2609-888c-471e-bf61-4363556df9d8,frank26,ETL_WH_X-SMALL,"SELECT * FROM SALES_TRANSACTIONS WHERE created_at >= dateadd('day', -7, current_date())",3.0909236516868703,54312,SUCCESS,
b4fdea4a-2bcd-4d90-a869-72a16e389c18,2025-09-05T09:40:00,f0c2cfac-cf3b-4053-9e79-a6a4c6bbd187,garciaalison,PROD_WH_LARGE,"SELECT DISTINCT column1, column2 FROM FINANCIAL_METRICS WHERE condition = 'value'",0.8548084762006223,169149,SUCCESS,
808502b2-567d-4ddc-8a00-f0382ee98c7c,2025-09-05T09:40:00,f0c2cfac-cf3b-4053-9e79-a6a4c6bbd187,garciaalison,PROD_WH_LARGE,"SELECT COUNT(*) FROM PRODUCT_INVENTORY GROUP BY date_trunc('day', created_at)",3.410679440625249,97801,SUCCESS,
f27b8cf1-b87c-47e0-9316-0c715fe5e6db,2025-09-05T09:40:00,879c852e-e8e8-45c3-9ead-5fa56c9ecfbc,egarcia,PROD_WH_X-SMALL,SELECT * FROM SYSTEM_EVENTS LIMIT 1000,4.5441372966485245,424513,SUCCESS,
e4c19999-d167-4d54-b7a6-eaca3c106a83,2025-09-05T09:40:00,57eba2d7-a4fe-48aa-aa7b-ad0e6f1296b7,jose46,DEV_WH_MEDIUM,"SELECT * FROM PRODUCT_INVENTORY WHERE created_at >= dateadd('day', -7, current_date())",3.1942068236225936,82350,SUCCESS,
ed1f1df3-4c7d-464f-9a79-89e401ebcdf8,2025-09-05T09:40:00,4b7e389e-8c78-4e72-ab0b-774df43b399e,hardinjennifer,PROD_WH_X-SMALL,"SELECT * FROM MARKETING_CAMPAIGNS WHERE created_at >= dateadd('day', -7, current_date())",3.127530307788902,369028,SUCCESS,
38868262-254d-4e98-a2b0-7db3ec521584,2025-09-05T09:40:00,ac5e7ada-2f2f-4292-a0e4-18083982547a,lliu,PROD_WH_MEDIUM,SELECT * FROM PRODUCT_INVENTORY LIMIT 1000,0.6526745546104519,340184,SUCCESS,
97cd6514-6261-48d9-9f8c-4c8d6e1d2ed3,2025-09-05T09:40:00,ac5e7ada-2f2f-4292-a0e4-18083982547a,lliu,ETL_WH_SMALL,"SELECT COUNT(*) FROM EMPLOYEE_RECORDS GROUP BY date_trunc('day', created_at)",2.3731699508810395,950427,SUCCESS,
0f65b562-a654-4a77-9eb2-547ddd00613a,2025-09-05T09:45:00,82e7a6a3-1f49-4f5a-8a2a-96e5a654a185,codyoconnor,ETL_WH_MEDIUM,"SELECT COUNT(*) FROM CUSTOMER_DATA GROUP BY date_trunc('day', created_at)",2.6872024488709405,213460,SUCCESS,
5030e93e-d4b3-4dc9-8a3b-d59c2f2ab2f5,2025-09-05T09:45:00,82e7a6a3-1f49-4f5a-8a2a-96e5a654a185,codyoconnor,DEV_WH_MEDIUM,"SELECT COUNT(*) FROM SALES_TRANSACTIONS GROUP BY date_trunc('day', created_at)",3.4423632860905578,801589,SUCCESS,
9982a680-e993-4469-9545-38e2dd1c0ef0,2025-09-05T09:45:00,5fb2a072-2bab-4b94-9109-9cbea70c5438,bryancuevas,BI_WH_MEDIUM,"SELECT COUNT(*) FROM SYSTEM_EVENTS GROUP BY date_trunc('day', created_at)",1.5498749360184954,933146,SUCCESS,
3c8af457-d915-4ea3-b7a2-e972bf26d24d,2025-09-05T09:45:00,b92c2609-888c-471e-bf61-4363556df9d8,frank26,DEV_WH_SMALL,SELECT * FROM CUSTOMER_DATA LIMIT 1000,3.489206752110757,920973,SUCCESS,
2212f49f-ccfa-45af-8543-b3a0714712ea,2025-09-05T09:45:00,5fb2a072-2bab-4b94-9109-9cbea70c5438,bryancuevas,DEV_WH_MEDIUM,"SELECT DISTINCT column1, column2 FROM SYSTEM_EVENTS WHERE condition = 'value'",1.496766710282903,772963,SUCCESS,
7abf9404-c583-46bd-ad27-053174507657,2025-09-05T09:45:00,5fb2a072-2bab-4b94-9109-9cbea70c5438,bryancuevas,DEV_WH_LARGE,SELECT * FROM USER_ACTIVITY_LOGS LIMIT 1000,2.8805013998703246,723446,SUCCESS,
fb49c725-f3f4-4305-bbfd-2d4c2e5feef7,2025-09-05T09:45:00,f22aa1cf-fe8b-4e78-8492-b46e0f46ffda,brandtmisty,ETL_WH_MEDIUM,"SELECT * FROM PRODUCT_INVENTORY WHERE created_at >= dateadd('day', -7, current_date())",4.272977323765575,175554,SUCCESS,
881198ec-5bf1-496d-ba4c-164e750b2ad1,2025-09-05T09:45:00,89e53854-09b7-4b59-8352-a231c51f8687,glarsen,DEV_WH_SMALL,"SELECT COUNT(*) FROM USER_ACTIVITY_LOGS GROUP BY date_trunc('day', created_at)",4.567116190093839,88437,SUCCESS,
17a28e4a-c1ba-4288-9cc5-60f38c0c6dc5,2025-09-05T09:45:00,ac5e7ada-2f2f-4292-a0e4-18083982547a,lliu,ETL_WH_X-SMALL,"SELECT DISTINCT column1, column2 FROM EMPLOYEE_RECORDS WHERE condition = 'value'",3.1065112590257664,387247,SUCCESS,
95f3a8ff-e9bb-4544-b4b9-86e3364d849b,2025-09-05T09:45:00,82e7a6a3-1f49-4f5a-8a2a-96e5a654a185,codyoconnor,ETL_WH_MEDIUM,"SELECT COUNT(*) FROM USER_ACTIVITY_LOGS GROUP BY date_trunc('day', created_at)",3.19010802104411,790382,SUCCESS,
eb5f2156-93c8-4c3a-bb90-969e9d579d33,2025-09-05T09:59:00,7cd584de-ca92-465c-8ea8-5f7ad356bee6,danasandoval,PROD_WH_X-SMALL,"SELECT * FROM EMPLOYEE_RECORDS WHERE created_at >= dateadd('day', -7, current_date())",4.651236369291925,414170,SUCCESS,
c29f21c9-348e-493d-ab77-78809896beb7,2025-09-05T09:59:00,3d8cc43f-0f00-40bd-b8b2-34ac61fc0360,rwilliams,DEV_WH_MEDIUM,"SELECT COUNT(*) FROM CUSTOMER_DATA GROUP BY date_trunc('day', created_at)",1.030408438283624,713746,SUCCESS,
fac4aa22-c30e-4678-bb7f-a6d1d6e20440,2025-09-05T09:59:00,82e7a6a3-1f49-4f5a-8a2a-96e5a654a185,codyoconnor,DEV_WH_LARGE,"SELECT DISTINCT column1, column2 FROM USER_ACTIVITY_LOGS WHERE condition = 'value'",1.1586462138840115,646626,SUCCESS,
afd36ac1-4f13-467a-bd26-daf8de3b405c,2025-09-05T09:59:00,a3a85592-9f3f-4845-87b8-dd199fcdc3cc,gmoreno,DEV_WH_LARGE,"SELECT DISTINCT column1, column2 FROM PRODUCT_INVENTORY WHERE condition = 'value'",0.19901370727716186,547202,SUCCESS,
e853cb94-13b3-4dc8-be4a-be8987480dbb,2025-09-05T09:59:00,f22aa1cf-fe8b-4e78-8492-b46e0f46ffda,brandtmisty,PROD_WH_LARGE,"SELECT * FROM EMPLOYEE_RECORDS WHERE created_at >= dateadd('day', -7, current_date())",2.957746703969829,396482,SUCCESS,
a445dde7-b4b2-4b31-a1cd-5c2fc3d8463a,2025-09-05T09:59:00,57eba2d7-a4fe-48aa-aa7b-ad0e6f1296b7,jose46,DEV_WH_MEDIUM,"SELECT COUNT(*) FROM USER_ACTIVITY_LOGS GROUP BY date_trunc('day', created_at)",3.7050568818815313,640998,SUCCESS,
4e54d9f4-da29-4fcb-aca6-5aa28c03943d,2025-09-05T09:59:00,4b7e389e-8c78-4e72-ab0b-774df43b399e,hardinjennifer,PROD_WH_MEDIUM,"SELECT COUNT(*) FROM SYSTEM_EVENTS GROUP BY date_trunc('day', created_at)",1.5001912052210973,837958,SUCCESS,
0e64bccb-6014-4ccb-8236-6f70ab9e317b,2025-09-05T09:59:00,89e53854-09b7-4b59-8352-a231c51f8687,glarsen,BI_WH_X-SMALL,SELECT * FROM FINANCIAL_METRICS LIMIT 1000,4.711848657977098,511770,SUCCESS,
b6740ea7-3688-4fde-88ab-52c7ff8c0c9a,2025-09-05T09:59:00,cea2e75f-1ee1-4b1d-90f5-242f82a02bed,erickennedy,ETL_WH_X-SMALL,"SELECT DISTINCT column1, column2 FROM SYSTEM_EVENTS WHERE condition = 'value'",4.824260472148746,61780,SUCCESS,
17c01bdf-50a4-47d8-bd56-4f47e8718a09,2025-09-05T09:59:00,82e7a6a3-1f49-4f5a-8a2a-96e5a654a185,codyoconnor,DEV_WH_X-SMALL,"SELECT DISTINCT column1, column2 FROM FINANCIAL_METRICS WHERE condition = 'value'",0.3903598510875642,813256,SUCCESS,
ff20bdb1-b2fd-4383-a508-0f2c7d636642,2025-09-05T10:14:00,89e53854-09b7-4b59-8352-a231c51f8687,glarsen,BI_WH_LARGE,SELECT * FROM FINANCIAL_METRICS LIMIT 1000,4.570820216492575,264783,SUCCESS,
e25ae674-e5a2-44ec-911e-d17628a4cb56,2025-09-05T10:14:00,859c34dd-4540-49a3-b26d-f82b1455d905,oatkinson,ETL_WH_X-SMALL,"SELECT * FROM SALES_TRANSACTIONS WHERE created_at >= dateadd('day', -7, current_date())",4.995528489904221,242656,SUCCESS,
978ac3d7-3efc-4e7d-9c0f-a1ee2e34ddab,2025-09-05T10:14:00,859c34dd-4540-49a3-b26d-f82b1455d905,oatkinson,DEV_WH_SMALL,"SELECT DISTINCT column1, column2 FROM PRODUCT_INVENTORY WHERE condition = 'value'",3.846260304885416,610954,SUCCESS,
b3a803da-0abc-47b9-886a-8985b600e101,2025-09-05T10:14:00,b92c2609-888c-471e-bf61-4363556df9d8,frank26,ETL_WH_X-SMALL,SELECT * FROM USER_ACTIVITY_LOGS LIMIT 1000,3.190332686195396,367759,SUCCESS,
fddb0d67-6a5e-4a4c-9f19-7bdbcf3ec01a,2025-09-05T10:14:00,859c34dd-4540-49a3-b26d-f82b1455d905,oatkinson,DEV_WH_LARGE,"SELECT * FROM MARKETING_CAMPAIGNS WHERE created_at >= dateadd('day', -7, current_date())",4.693450101562626,13298,SUCCESS,
200bcc32-43dc-4f5a-b8b6-cc2eeed51233,2025-09-05T10:14:00,5fb2a072-2bab-4b94-9109-9cbea70c5438,bryancuevas,ETL_WH_LARGE,"SELECT DISTINCT column1, column2 FROM CUSTOMER_DATA WHERE condition = 'value'",0.9760750223677647,366223,SUCCESS,
34ecdb08-8dc1-4046-817f-ecaa43b29a25,2025-09-05T10:14:00,5fb2a072-2bab-4b94-9109-9cbea70c5438,bryancuevas,PROD_WH_SMALL,"SELECT * FROM USER_ACTIVITY_LOGS WHERE created_at >= dateadd('day', -7, current_date())",4.77645188679661,104262,SUCCESS,
fc6afb64-521f-49d9-91bc-560652ccba42,2025-09-05T10:14:00,f22aa1cf-fe8b-4e78-8492-b46e0f46ffda,brandtmisty,BI_WH_LARGE,"SELECT DISTINCT column1, column2 FROM PRODUCT_INVENTORY WHERE condition = 'value'",1.4014270214131197,425911,SUCCESS,
78a1eea5-5070-4cb2-ba6a-07fcae1b5897,2025-09-05T10:14:00,4bc8b8f2-4d6e-4d5e-8d40-a7b6b3d6bb03,amandamitchell,ETL_WH_MEDIUM,"SELECT COUNT(*) FROM MARKETING_CAMPAIGNS GROUP BY date_trunc('day', created_at)",3.935257644288501,175535,SUCCESS,
411aa2cf-ffcf-49aa-9eb2-fee3a8a9ddb8,2025-09-05T10:14:00,57eba2d7-a4fe-48aa-aa7b-ad0e6f1296b7,jose46,DEV_WH_X-SMALL,"SELECT COUNT(*) FROM USER_ACTIVITY_LOGS GROUP BY date_trunc('day', created_at)",3.544904681716037,809726,SUCCESS,
63fd251d-2b50-497c-ab9e-08a2a602515c,2025-09-05T10:29:00,da0f0f7a-8d2c-4ca9-b82e-cda33fba6610,rachel35,DEV_WH_SMALL,"SELECT * FROM MARKETING_CAMPAIGNS WHERE created_at >= dateadd('day', -7, current_date())",2.0824810622450385,747551,SUCCESS,
f19b9cec-9897-4bf4-896b-e7857480c618,2025-09-05T10:29:00,89e53854-09b7-4b59-8352-a231c51f8687,glarsen,BI_WH_SMALL,"SELECT DISTINCT column1, column2 FROM PRODUCT_INVENTORY WHERE condition = 'value'",1.5071176674689868,190941,SUCCESS,
f978379b-33a6-43ba-8be2-f19cbde6e3eb,2025-09-05T10:29:00,da0f0f7a-8d2c-4ca9-b82e-cda33fba6610,rachel35,BI_WH_SMALL,SELECT * FROM PRODUCT_INVENTORY LIMIT 1000,1.3095403557327696,626496,SUCCESS,
4e6ef240-97aa-4eb2-9375-59b73e8f92ed,2025-09-05T10:29:00,da0f0f7a-8d2c-4ca9-b82e-cda33fba6610,rachel35,DEV_WH_MEDIUM,"SELECT COUNT(*) FROM PRODUCT_INVENTORY GROUP BY date_trunc('day', created_at)",4.568486201954472,638245,SUCCESS,
e95935e9-5279-4417-b3d1-b982a2028f54,2025-09-05T10:29:00,5fb2a072-2bab-4b94-9109-9cbea70c5438,bryancuevas,BI_WH_MEDIUM,"SELECT COUNT(*) FROM PRODUCT_INVENTORY GROUP BY date_trunc('day', created_at)",0.1329808597496089,267379,SUCCESS,
2255f84c-a899-4798-9c08-10652dd47516,2025-09-05T10:29:00,ac5e7ada-2f2f-4292-a0e4-18083982547a,lliu,BI_WH_SMALL,SELECT * FROM PRODUCT_INVENTORY LIMIT 1000,4.279353204418965,194847,SUCCESS,
0341f2f3-eb5d-4707-a79c-acc99e81226e,2025-09-05T10:29:00,4bc8b8f2-4d6e-4d5e-8d40-a7b6b3d6bb03,amandamitchell,PROD_WH_MEDIUM,SELECT * FROM SALES_TRANSACTIONS LIMIT 1000,1.6491975394643996,251235,SUCCESS,
323eeb9f-4f62-4e46-988f-508dd342fc12,2025-09-05T10:29:00,9a7a68c7-1b0c-4669-859f-6d352b1e386f,andrew16,ETL_WH_SMALL,SELECT * FROM USER_ACTIVITY_LOGS LIMIT 1000,1.5476859386804158,566325,SUCCESS,
233697e2-1a24-44ed-97d9-c7e58a66ec5e,2025-09-05T10:29:00,5fb2a072-2bab-4b94-9109-9cbea70c5438,bryancuevas,DEV_WH_LARGE,"SELECT DISTINCT column1, column2 FROM MARKETING_CAMPAIGNS WHERE condition = 'value'",4.681540878500567,691469,SUCCESS,
de2d2e21-5db4-4c3f-9c64-005b04a4b17d,2025-09-05T10:29:00,5fb2a072-2bab-4b94-9109-9cbea70c5438,bryancuevas,PROD_WH_X-SMALL,"SELECT DISTINCT column1, column2 FROM SALES_TRANSACTIONS WHERE condition = 'value'",4.296307149934173,197683,SUCCESS,
f85b0bd6-cb8f-443b-bd15-4ef8072d9b79,2025-09-05T10:37:00,82e7a6a3-1f49-4f5a-8a2a-96e5a654a185,codyoconnor,BI_WH_MEDIUM,"SELECT * FROM PRODUCT_INVENTORY WHERE created_at >= dateadd('day', -7, current_date())",0.49337755777831827,928099,SUCCESS,
7ce6c41c-c310-411e-9e85-8a9084b5d888,2025-09-05T10:37:00,00f99f6f-5fcc-490a-84f9-6b24911c0b2e,emilyhamilton,BI_WH_MEDIUM,"SELECT COUNT(*) FROM SYSTEM_EVENTS GROUP BY date_trunc('day', created_at)",4.404483755819737,326098,SUCCESS,
1749266e-997a-4f62-9003-924765aaa9c2,2025-09-05T10:37:00,00f99f6f-5fcc-490a-84f9-6b24911c0b2e,emilyhamilton,PROD_WH_LARGE,"SELECT COUNT(*) FROM CUSTOMER_DATA GROUP BY date_trunc('day', created_at)",3.227073547626841,445900,SUCCESS,
4644c93d-ba98-4401-a360-e9e5f9704881,2025-09-05T10:37:00,5fb2a072-2bab-4b94-9109-9cbea70c5438,bryancuevas,BI_WH_SMALL,SELECT * FROM SYSTEM_EVENTS LIMIT 1000,2.702663029472633,38167,SUCCESS,
d071bd01-292b-41e0-a643-b4b81e0f4b1f,2025-09-05T10:37:00,da0f0f7a-8d2c-4ca9-b82e-cda33fba6610,rachel35,DEV_WH_SMALL,SELECT * FROM SALES_TRANSACTIONS LIMIT 1000,1.0612078135277985,350528,SUCCESS,
afd5e61e-51a9-4fcc-a0de-c25609bef2bb,2025-09-05T10:37:00,ac5e7ada-2f2f-4292-a0e4-18083982547a,lliu,BI_WH_SMALL,"SELECT COUNT(*) FROM USER_ACTIVITY_LOGS GROUP BY date_trunc('day', created_at)",3.0993534877664315,398847,SUCCESS,
55dd8aa2-f3f2-4320-9c1c-8f402f0f7250,2025-09-05T10:37:00,f22aa1cf-fe8b-4e78-8492-b46e0f46ffda,brandtmisty,BI_WH_MEDIUM,"SELECT DISTINCT column1, column2 FROM EMPLOYEE_RECORDS WHERE condition = 'value'",1.01471078195094,828186,SUCCESS,
f81c0ef3-5fc1-4801-8f72-da0bb63ea80f,2025-09-05T10:37:00,cea2e75f-1ee1-4b1d-90f5-242f82a02bed,erickennedy,DEV_WH_X-SMALL,SELECT * FROM USER_ACTIVITY_LOGS LIMIT 1000,3.326407721223854,921854,SUCCESS,
795f64c3-eda6-4f7b-876a-f7dd8e50e2bf,2025-09-05T10:37:00,879c852e-e8e8-45c3-9ead-5fa56c9ecfbc,egarcia,ETL_WH_SMALL,"SELECT COUNT(*) FROM PRODUCT_INVENTORY GROUP BY date_trunc('day', created_at)",1.487635073147444,540668,SUCCESS,
ae7f34cd-0ae8-4e4c-9313-bcd3fe439d7d,2025-09-05T10:37:00,82e7a6a3-1f49-4f5a-8a2a-96e5a654a185,codyoconnor,DEV_WH_SMALL,"SELECT COUNT(*) FROM SALES_TRANSACTIONS GROUP BY date_trunc('day', created_at)",2.4987531962015246,808412,SUCCESS,
8e250e10-9c5b-4021-8555-4471d8333902,2025-09-05T10:45:00,da0f0f7a-8d2c-4ca9-b82e-cda33fba6610,rachel35,DEV_WH_MEDIUM,"SELECT DISTINCT column1, column2 FROM CUSTOMER_DATA WHERE condition = 'value'",0.8565132829105508,970845,SUCCESS,
59cad065-7206-4adf-81ee-5e5e85acacb8,2025-09-05T10:45:00,4b7e389e-8c78-4e72-ab0b-774df43b399e,hardinjennifer,ETL_WH_LARGE,SELECT * FROM CUSTOMER_DATA LIMIT 1000,0.8254744862362321,136310,SUCCESS,
7f0bca7c-7d02-4c5d-8273-4c7ba5cef2ee,2025-09-05T10:45:00,859c34dd-4540-49a3-b26d-f82b1455d905,oatkinson,DEV_WH_MEDIUM,"SELECT COUNT(*) FROM EMPLOYEE_RECORDS GROUP BY date_trunc('day', created_at)",3.0552350978073166,926981,SUCCESS,
e5fac5c4-be03-4b0a-b136-0b53183a2464,2025-09-05T10:45:00,859c34dd-4540-49a3-b26d-f82b1455d905,oatkinson,DEV_WH_X-SMALL,"SELECT COUNT(*) FROM CUSTOMER_DATA GROUP BY date_trunc('day', created_at)",4.328716385779994,43389,SUCCESS,
ed031980-57e8-4fc2-93c0-a0f6790a7665,2025-09-05T10:45:00,4bc8b8f2-4d6e-4d5e-8d40-a7b6b3d6bb03,amandamitchell,DEV_WH_LARGE,SELECT * FROM CUSTOMER_DATA LIMIT 1000,0.9330719466738979,731926,SUCCESS,
8ad78bcc-f8f0-4cff-a3d7-d6317afd31c3,2025-09-05T10:45:00,ac5e7ada-2f2f-4292-a0e4-18083982547a,lliu,BI_WH_LARGE,"SELECT COUNT(*) FROM SYSTEM_EVENTS GROUP BY date_trunc('day', created_at)",1.997278475474099,379817,SUCCESS,
b94067fb-275f-44b9-b96e-305d786fb920,2025-09-05T10:45:00,4bc8b8f2-4d6e-4d5e-8d40-a7b6b3d6bb03,amandamitchell,ETL_WH_X-SMALL,SELECT * FROM CUSTOMER_DATA LIMIT 1000,2.7236526161168366,924789,SUCCESS,
a091d6ad-4f8b-4fdc-9786-1b541dcb0ab8,2025-09-05T10:45:00,ac5e7ada-2f2f-4292-a0e4-18083982547a,lliu,BI_WH_MEDIUM,"SELECT COUNT(*) FROM SALES_TRANSACTIONS GROUP BY date_trunc('day', created_at)",4.341815208279428,580566,SUCCESS,
eb5ece95-4e73-4584-b7ba-f899f09ee513,2025-09-05T10:45:00,ac5e7ada-2f2f-4292-a0e4-18083982547a,lliu,DEV_WH_MEDIUM,"SELECT COUNT(*) FROM USER_ACTIVITY_LOGS GROUP BY date_trunc('day', created_at)",4.103696433109806,32691,SUCCESS,
38cb209a-c32f-4a56-9734-2b300e5dba5f,2025-09-05T10:45:00,4663d48b-596a-4f39-b714-8d69ac9a7d2a,robert93,PROD_WH_SMALL,"SELECT COUNT(*) FROM USER_ACTIVITY_LOGS GROUP BY date_trunc('day', created_at)",1.705814852913075,179148,SUCCESS,
07c308c8-2ad9-4b1f-82ee-bdd5487dd583,2025-09-05T10:57:00,a3a85592-9f3f-4845-87b8-dd199fcdc3cc,gmoreno,DEV_WH_MEDIUM,"SELECT COUNT(*) FROM USER_ACTIVITY_LOGS GROUP BY date_trunc('day', created_at)",0.18083740285149366,603950,SUCCESS,
2548a0a0-7070-4a39-98d6-2d1d73081641,2025-09-05T10:57:00,4b7e389e-8c78-4e72-ab0b-774df43b399e,hardinjennifer,ETL_WH_SMALL,"SELECT * FROM PRODUCT_INVENTORY WHERE created_at >= dateadd('day', -7, current_date())",1.1699359030541656,649981,SUCCESS,
5956b600-1fa3-40b5-b36c-8ac99a1dfe12,2025-09-05T10:57:00,9a7a68c7-1b0c-4669-859f-6d352b1e386f,andrew16,ETL_WH_MEDIUM,"SELECT COUNT(*) FROM SALES_TRANSACTIONS GROUP BY date_trunc('day', created_at)",4.306465725043877,907767,SUCCESS,
2d343abc-d1d7-4913-ab7f-3a8fae994a18,2025-09-05T10:57:00,ac5e7ada-2f2f-4292-a0e4-18083982547a,lliu,BI_WH_SMALL,SELECT * FROM MARKETING_CAMPAIGNS LIMIT 1000,2.5479512289211494,141519,SUCCESS,
ced8a3f8-163e-4f59-a4f2-cf5194cda6b2,2025-09-05T10:57:00,b92c2609-888c-471e-bf61-4363556df9d8,frank26,PROD_WH_SMALL,"SELECT COUNT(*) FROM FINANCIAL_METRICS GROUP BY date_trunc('day', created_at)",0.7481714499173301,933457,SUCCESS,
9c2f8473-43ba-4ee6-b58f-1142f3059e0b,2025-09-05T10:57:00,ac5e7ada-2f2f-4292-a0e4-18083982547a,lliu,DEV_WH_LARGE,"SELECT * FROM CUSTOMER_DATA WHERE created_at >= dateadd('day', -7, current_date())",0.562083485694345,282733,SUCCESS,
79fa3d88-045b-45ab-91d8-34538d650be1,2025-09-05T10:57:00,9a7a68c7-1b0c-4669-859f-6d352b1e386f,andrew16,ETL_WH_SMALL,"SELECT COUNT(*) FROM EMPLOYEE_RECORDS GROUP BY date_trunc('day', created_at)",2.3043485840155506,163847,SUCCESS,
bedcafe2-f620-48e5-83a3-870027af0de0,2025-09-05T10:57:00,7cd584de-ca92-465c-8ea8-5f7ad356bee6,danasandoval,BI_WH_X-SMALL,"SELECT DISTINCT column1, column2 FROM CUSTOMER_DATA WHERE condition = 'value'",1.1009871279354981,155543,SUCCESS,
9663fe58-a2bf-4884-aa03-8f55914c2b54,2025-09-05T10:57:00,ac5e7ada-2f2f-4292-a0e4-18083982547a,lliu,PROD_WH_MEDIUM,"SELECT DISTINCT column1, column2 FROM MARKETING_CAMPAIGNS WHERE condition = 'value'",1.5521455513832583,232684,SUCCESS,
5f43d89e-f9e1-4bf0-83ad-f5b4b0f6a304,2025-09-05T10:57:00,82e7a6a3-1f49-4f5a-8a2a-96e5a654a185,codyoconnor,DEV_WH_LARGE,"SELECT * FROM MARKETING_CAMPAIGNS WHERE created_at >= dateadd('day', -7, current_date())",2.6854548687396376,930584,SUCCESS,
4570a836-e29d-4e30-8e05-e229a2dfff89,2025-09-05T11:09:00,879c852e-e8e8-45c3-9ead-5fa56c9ecfbc,egarcia,ETL_WH_LARGE,SELECT * FROM PRODUCT_INVENTORY LIMIT 1000,1.6973042659373092,545537,SUCCESS,
6698ba1c-5635-4865-b88a-b7159a738a1b,2025-09-05T11:09:00,3d8cc43f-0f00-40bd-b8b2-34ac61fc0360,rwilliams,BI_WH_MEDIUM,"SELECT * FROM MARKETING_CAMPAIGNS WHERE created_at >= dateadd('day', -7, current_date())",0.771671327337331,878634,SUCCESS,
7506d142-7ac2-4ebd-8d1a-7d01e96de448,2025-09-05T11:09:00,859c34dd-4540-49a3-b26d-f82b1455d905,oatkinson,PROD_WH_SMALL,"SELECT * FROM SYSTEM_EVENTS WHERE created_at >= dateadd('day', -7, current_date())",3.8208999335596583,788570,SUCCESS,
e771adec-97fd-4b53-bf66-f647d9849bf0,2025-09-05T11:09:00,da0f0f7a-8d2c-4ca9-b82e-cda33fba6610,rachel35,DEV_WH_LARGE,"SELECT * FROM CUSTOMER_DATA WHERE created_at >= dateadd('day', -7, current_date())",3.091630882390673,533813,SUCCESS,
51a2525f-8b54-4b6f-822b-56f5211471ee,2025-09-05T11:09:00,859c34dd-4540-49a3-b26d-f82b1455d905,oatkinson,ETL_WH_SMALL,"SELECT DISTINCT column1, column2 FROM PRODUCT_INVENTORY WHERE condition = 'value'",4.6575918857583885,872619,SUCCESS,
9b0a76b3-60e6-48f8-aa08-f73245a43134,2025-09-05T11:09:00,4663d48b-596a-4f39-b714-8d69ac9a7d2a,robert93,ETL_WH_SMALL,"SELECT DISTINCT column1, column2 FROM SALES_TRANSACTIONS WHERE condition = 'value'",1.9924332631712576,783133,SUCCESS,
24386b15-9cda-49c5-947e-7581677b8331,2025-09-05T11:09:00,859c34dd-4540-49a3-b26d-f82b1455d905,oatkinson,DEV_WH_SMALL,"SELECT DISTINCT column1, column2 FROM SALES_TRANSACTIONS WHERE condition = 'value'",0.46699994527293454,600204,SUCCESS,
72dccb5e-96b6-43a0-a754-6326bd5f9fb3,2025-09-05T11:09:00,5fb2a072-2bab-4b94-9109-9cbea70c5438,bryancuevas,ETL_WH_MEDIUM,"SELECT * FROM USER_ACTIVITY_LOGS WHERE created_at >= dateadd('day', -7, current_date())",4.004257019476041,724315,SUCCESS,
98eee0a6-f281-443c-828d-ac3553d4b3a9,2025-09-05T11:09:00,859c34dd-4540-49a3-b26d-f82b1455d905,oatkinson,PROD_WH_SMALL,SELECT * FROM MARKETING_CAMPAIGNS LIMIT 1000,2.586778466484054,923842,SUCCESS,
3897bc5f-f4bd-46d9-9435-a65b11e7e3e6,2025-09-05T11:09:00,f22aa1cf-fe8b-4e78-8492-b46e0f46ffda,brandtmisty,PROD_WH_LARGE,"SELECT * FROM EMPLOYEE_RECORDS WHERE created_at >= dateadd('day', -7, current_date())",4.820788888286757,575161,SUCCESS,
0ebd61c8-6554-405b-84e3-082f6db2a316,2025-09-05T11:16:00,57eba2d7-a4fe-48aa-aa7b-ad0e6f1296b7,jose46,PROD_WH_SMALL,"SELECT * FROM PRODUCT_INVENTORY WHERE created_at >= dateadd('day', -7, current_date())",4.160191513647048,936459,SUCCESS,
3d511271-9901-439c-a154-dbcfcd9a8079,2025-09-05T11:16:00,f0c2cfac-cf3b-4053-9e79-a6a4c6bbd187,garciaalison,ETL_WH_SMALL,"SELECT DISTINCT column1, column2 FROM MARKETING_CAMPAIGNS WHERE condition = 'value'",0.8278977224911699,218242,SUCCESS,
9741461f-af85-4df2-89aa-364fea69d3a6,2025-09-05T11:16:00,4663d48b-596a-4f39-b714-8d69ac9a7d2a,robert93,PROD_WH_LARGE,SELECT * FROM FINANCIAL_METRICS LIMIT 1000,1.9453592046418233,351159,SUCCESS,
86a0803b-1aef-4ae0-bd4b-e261feb44180,2025-09-05T11:16:00,3d8cc43f-0f00-40bd-b8b2-34ac61fc0360,rwilliams,ETL_WH_X-SMALL,"SELECT DISTINCT column1, column2 FROM SYSTEM_EVENTS WHERE condition = 'value'",1.0885665088562084,678383,SUCCESS,
a679a062-6372-43f2-a0bc-3d317e8f5091,2025-09-05T11:16:00,82e7a6a3-1f49-4f5a-8a2a-96e5a654a185,codyoconnor,PROD_WH_SMALL,"SELECT * FROM FINANCIAL_METRICS WHERE created_at >= dateadd('day', -7, current_date())",1.2289896985979007,976982,SUCCESS,
ad9eabed-4378-4a3f-b280-4561fd5e2479,2025-09-05T11:16:00,a3a85592-9f3f-4845-87b8-dd199fcdc3cc,gmoreno,ETL_WH_SMALL,"SELECT COUNT(*) FROM USER_ACTIVITY_LOGS GROUP BY date_trunc('day', created_at)",3.7696728383055103,850449,SUCCESS,
a7406dd9-60b7-4521-830b-0d8f360f77cd,2025-09-05T11:16:00,3d8cc43f-0f00-40bd-b8b2-34ac61fc0360,rwilliams,BI_WH_MEDIUM,"SELECT DISTINCT column1, column2 FROM PRODUCT_INVENTORY WHERE condition = 'value'",3.4159192042040107,284926,SUCCESS,
2fbe264e-25bb-4b58-b341-a8c8f0f250b6,2025-09-05T11:16:00,57eba2d7-a4fe-48aa-aa7b-ad0e6f1296b7,jose46,ETL_WH_LARGE,"SELECT DISTINCT column1, column2 FROM CUSTOMER_DATA WHERE condition = 'value'",0.5723060439957037,257874,SUCCESS,
1f95d00c-cda9-4c85-bdbb-ab9ada0ea8f0,2025-09-05T11:16:00,f0c2cfac-cf3b-4053-9e79-a6a4c6bbd187,garciaalison,PROD_WH_LARGE,SELECT * FROM SALES_TRANSACTIONS LIMIT 1000,0.6895868790664688,315099,SUCCESS,
d7e56fab-6ca6-43ae-8b32-61dfea435be2,2025-09-05T11:16:00,89e53854-09b7-4b59-8352-a231c51f8687,glarsen,BI_WH_LARGE,SELECT * FROM FINANCIAL_METRICS LIMIT 1000,3.8321467279754047,408610,SUCCESS,
3d984e92-919c-4642-adfb-10cf3a9e64c2,2025-09-05T11:27:00,82e7a6a3-1f49-4f5a-8a2a-96e5a654a185,codyoconnor,DEV_WH_X-SMALL,"SELECT COUNT(*) FROM CUSTOMER_DATA GROUP BY date_trunc('day', created_at)",4.918349993135612,581651,SUCCESS,
9f5a1987-69d1-4413-82a6-7e9d2c261c0c,2025-09-05T11:27:00,3d8cc43f-0f00-40bd-b8b2-34ac61fc0360,rwilliams,PROD_WH_MEDIUM,"SELECT * FROM MARKETING_CAMPAIGNS WHERE created_at >= dateadd('day', -7, current_date())",3.8820574971076014,129688,SUCCESS,
1ccd40ef-b8a3-41d9-91f6-2ca5a449d6f2,2025-09-05T11:27:00,b92c2609-888c-471e-bf61-4363556df9d8,frank26,DEV_WH_SMALL,SELECT * FROM PRODUCT_INVENTORY LIMIT 1000,3.021406239641273,793296,SUCCESS,
de6909ce-5138-4d59-b3ea-c6cd7eb43f02,2025-09-05T11:27:00,859c34dd-4540-49a3-b26d-f82b1455d905,oatkinson,ETL_WH_MEDIUM,SELECT * FROM EMPLOYEE_RECORDS LIMIT 1000,4.1401483568980675,719438,SUCCESS,
b852ed68-0719-4c18-9787-f52fb01b7288,2025-09-05T11:27:00,f22aa1cf-fe8b-4e78-8492-b46e0f46ffda,brandtmisty,BI_WH_SMALL,"SELECT COUNT(*) FROM EMPLOYEE_RECORDS GROUP BY date_trunc('day', created_at)",1.1131486555659906,641802,SUCCESS,
322efeef-0b86-4d6e-a7de-15df7f6e8071,2025-09-05T11:27:00,f22aa1cf-fe8b-4e78-8492-b46e0f46ffda,brandtmisty,BI_WH_SMALL,"SELECT DISTINCT column1, column2 FROM SALES_TRANSACTIONS WHERE condition = 'value'",4.894500975681477,584720,SUCCESS,
b4258805-baf5-4218-876b-683a02ffa4a8,2025-09-05T11:27:00,3d8cc43f-0f00-40bd-b8b2-34ac61fc0360,rwilliams,ETL_WH_MEDIUM,"SELECT * FROM CUSTOMER_DATA WHERE created_at >= dateadd('day', -7, current_date())",4.129013144676343,988056,SUCCESS,
8e0c0017-1866-4b06-a37c-cedb816161ad,2025-09-05T11:27:00,5fb2a072-2bab-4b94-9109-9cbea70c5438,bryancuevas,ETL_WH_SMALL,SELECT * FROM EMPLOYEE_RECORDS LIMIT 1000,3.0736810865854394,58616,SUCCESS,
def0f4b7-4d00-49a5-8537-5abaed137b96,2025-09-05T11:27:00,82e7a6a3-1f49-4f5a-8a2a-96e5a654a185,codyoconnor,BI_WH_LARGE,"SELECT DISTINCT column1, column2 FROM USER_ACTIVITY_LOGS WHERE condition = 'value'",4.936453381143393,127501,SUCCESS,
268e2893-e832-4244-9630-5d4871e76892,2025-09-05T11:27:00,879c852e-e8e8-45c3-9ead-5fa56c9ecfbc,egarcia,ETL_WH_X-SMALL,"SELECT COUNT(*) FROM SALES_TRANSACTIONS GROUP BY date_trunc('day', created_at)",0.8765359676013473,363752,SUCCESS,
b3f9b2e7-7737-4f84-a417-0469301e38c5,2025-09-05T11:35:00,da0f0f7a-8d2c-4ca9-b82e-cda33fba6610,rachel35,PROD_WH_SMALL,"SELECT COUNT(*) FROM USER_ACTIVITY_LOGS GROUP BY date_trunc('day', created_at)",3.2318784094733974,583251,SUCCESS,
017c5096-2e73-4ed1-a41f-84338f483d2b,2025-09-05T11:35:00,57eba2d7-a4fe-48aa-aa7b-ad0e6f1296b7,jose46,ETL_WH_LARGE,"SELECT COUNT(*) FROM EMPLOYEE_RECORDS GROUP BY date_trunc('day', created_at)",4.975694203249374,838976,SUCCESS,
196aa99a-6b25-43da-9f1e-09e601a72544,2025-09-05T11:35:00,4663d48b-596a-4f39-b714-8d69ac9a7d2a,robert93,BI_WH_SMALL,"SELECT DISTINCT column1, column2 FROM CUSTOMER_DATA WHERE condition = 'value'",3.478903818611311,901578,SUCCESS,
498c5c47-0e6a-4679-8b62-68818cc8bfba,2025-09-05T11:35:00,9a7a68c7-1b0c-4669-859f-6d352b1e386f,andrew16,DEV_WH_X-SMALL,SELECT * FROM MARKETING_CAMPAIGNS LIMIT 1000,2.322291583752078,54127,SUCCESS,
69db44bf-5dbb-4e88-92ad-3e515ab84dc9,2025-09-05T11:35:00,f22aa1cf-fe8b-4e78-8492-b46e0f46ffda,brandtmisty,ETL_WH_MEDIUM,"SELECT * FROM CUSTOMER_DATA WHERE created_at >= dateadd('day', -7, current_date())",4.780520284562675,962669,SUCCESS,
9c5b6870-d93d-4c5f-ae21-c6213d45bb7f,2025-09-05T11:35:00,879c852e-e8e8-45c3-9ead-5fa56c9ecfbc,egarcia,PROD_WH_SMALL,"SELECT DISTINCT column1, column2 FROM MARKETING_CAMPAIGNS WHERE condition = 'value'",2.4533811956398033,429705,SUCCESS,
bb2840af-cbd9-4a9a-837d-328733d0940e,2025-09-05T11:35:00,cea2e75f-1ee1-4b1d-90f5-242f82a02bed,erickennedy,DEV_WH_MEDIUM,"SELECT DISTINCT column1, column2 FROM PRODUCT_INVENTORY WHERE condition = 'value'",2.168054464055997,748183,SUCCESS,
9b14f77b-0cca-4499-9938-a14bea9cc551,2025-09-05T11:35:00,3d8cc43f-0f00-40bd-b8b2-34ac61fc0360,rwilliams,DEV_WH_SMALL,"SELECT COUNT(*) FROM CUSTOMER_DATA GROUP BY date_trunc('day', created_at)",0.6593683397562642,476285,SUCCESS,
cce18422-56ab-4f42-a341-a8cb22d9ec09,2025-09-05T11:35:00,82e7a6a3-1f49-4f5a-8a2a-96e5a654a185,codyoconnor,BI_WH_LARGE,"SELECT * FROM SALES_TRANSACTIONS WHERE created_at >= dateadd('day', -7, current_date())",1.185598543714503,771838,SUCCESS,
d94d2772-913e-44d2-9b7a-071535e65af4,2025-09-05T11:35:00,f0c2cfac-cf3b-4053-9e79-a6a4c6bbd187,garciaalison,ETL_WH_LARGE,"SELECT DISTINCT column1, column2 FROM CUSTOMER_DATA WHERE condition = 'value'",4.380003154620467,726953,SUCCESS,
1d458a1d-43d0-4dd8-9f24-a3e3db11b15e,2025-09-05T11:49:00,da0f0f7a-8d2c-4ca9-b82e-cda33fba6610,rachel35,ETL_WH_MEDIUM,SELECT * FROM FINANCIAL_METRICS LIMIT 1000,0.6795877121841871,436844,SUCCESS,
3207b75f-1bb4-41af-9a27-599ff214ddfd,2025-09-05T11:49:00,4b7e389e-8c78-4e72-ab0b-774df43b399e,hardinjennifer,DEV_WH_MEDIUM,"SELECT * FROM MARKETING_CAMPAIGNS WHERE created_at >= dateadd('day', -7, current_date())",1.765936945934428,487710,SUCCESS,
cc3ce256-0a83-419b-9163-feba7d4c68ca,2025-09-05T11:49:00,7cd584de-ca92-465c-8ea8-5f7ad356bee6,danasandoval,PROD_WH_X-SMALL,"SELECT COUNT(*) FROM PRODUCT_INVENTORY GROUP BY date_trunc('day', created_at)",1.3037888479690665,482585,SUCCESS,
586bd3ca-b5a8-4237-ab45-d1e4cd78ed03,2025-09-05T11:49:00,3d8cc43f-0f00-40bd-b8b2-34ac61fc0360,rwilliams,ETL_WH_LARGE,"SELECT COUNT(*) FROM EMPLOYEE_RECORDS GROUP BY date_trunc('day', created_at)",1.1794356339508099,790596,SUCCESS,
d8a18550-b96b-4e5f-a614-379f6ae34ff2,2025-09-05T11:49:00,b92c2609-888c-471e-bf61-4363556df9d8,frank26,BI_WH_SMALL,"SELECT * FROM PRODUCT_INVENTORY WHERE created_at >= dateadd('day', -7, current_date())",4.835046363689433,67720,SUCCESS,
5ad26b7f-0775-4603-a727-bc97e569230a,2025-09-05T11:49:00,859c34dd-4540-49a3-b26d-f82b1455d905,oatkinson,BI_WH_SMALL,SELECT * FROM SYSTEM_EVENTS LIMIT 1000,2.2066260337539783,872000,SUCCESS,
8b45e033-e36f-443a-bc46-fcc1706b373a,2025-09-05T11:49:00,879c852e-e8e8-45c3-9ead-5fa56c9ecfbc,egarcia,BI_WH_LARGE,"SELECT COUNT(*) FROM CUSTOMER_DATA GROUP BY date_trunc('day', created_at)",2.606212329041156,563912,SUCCESS,
6a618786-1563-463e-bf44-1a63bc377194,2025-09-05T11:49:00,7cd584de-ca92-465c-8ea8-5f7ad356bee6,danasandoval,BI_WH_MEDIUM,"SELECT * FROM SYSTEM_EVENTS WHERE created_at >= dateadd('day', -7, current_date())",4.965978548151685,892625,SUCCESS,
bebca206-9f3c-4211-88bb-bb6f860a1c1c,2025-09-05T11:49:00,82e7a6a3-1f49-4f5a-8a2a-96e5a654a185,codyoconnor,BI_WH_X-SMALL,"SELECT DISTINCT column1, column2 FROM FINANCIAL_METRICS WHERE condition = 'value'",0.15219710483759985,131439,SUCCESS,
f713f2df-7ba9-4384-9200-95e493f185e3,2025-09-05T11:49:00,cea2e75f-1ee1-4b1d-90f5-242f82a02bed,erickennedy,BI_WH_LARGE,"SELECT DISTINCT column1, column2 FROM FINANCIAL_METRICS WHERE condition = 'value'",0.6207186715966083,258735,SUCCESS,
86397c44-f1cd-4d25-a040-f12b82ed11f4,2025-09-05T11:56:00,cea2e75f-1ee1-4b1d-90f5-242f82a02bed,erickennedy,BI_WH_SMALL,SELECT * FROM PRODUCT_INVENTORY LIMIT 1000,0.12354869566296732,70415,SUCCESS,
d5a19e09-8c8c-41e6-b119-b1c3f0473dfc,2025-09-05T11:56:00,4bc8b8f2-4d6e-4d5e-8d40-a7b6b3d6bb03,amandamitchell,PROD_WH_MEDIUM,SELECT * FROM USER_ACTIVITY_LOGS LIMIT 1000,4.26393110016561,840148,SUCCESS,
374842ff-c015-4f4b-9e55-938754ffa624,2025-09-05T11:56:00,9a7a68c7-1b0c-4669-859f-6d352b1e386f,andrew16,ETL_WH_LARGE,SELECT * FROM FINANCIAL_METRICS LIMIT 1000,2.577336781906273,180678,SUCCESS,
d4b121d0-2a34-460b-a904-51a5b25217ae,2025-09-05T11:56:00,f22aa1cf-fe8b-4e78-8492-b46e0f46ffda,brandtmisty,ETL_WH_SMALL,SELECT * FROM MARKETING_CAMPAIGNS LIMIT 1000,0.40991461270086804,408164,SUCCESS,
7a49e170-353f-4301-bd50-d7f4e982eb7a,2025-09-05T11:56:00,f0c2cfac-cf3b-4053-9e79-a6a4c6bbd187,garciaalison,BI_WH_MEDIUM,"SELECT COUNT(*) FROM SALES_TRANSACTIONS GROUP BY date_trunc('day', created_at)",1.304066530560771,759828,SUCCESS,
161e04fa-4cc5-40f1-a4bc-ca1324d182b3,2025-09-05T11:56:00,4663d48b-596a-4f39-b714-8d69ac9a7d2a,robert93,BI_WH_X-SMALL,"SELECT COUNT(*) FROM FINANCIAL_METRICS GROUP BY date_trunc('day', created_at)",1.4930156594763004,922664,SUCCESS,
f2b5b30f-e1ca-4ac0-8730-11eb0aacd776,2025-09-05T11:56:00,ac5e7ada-2f2f-4292-a0e4-18083982547a,lliu,PROD_WH_LARGE,SELECT * FROM SYSTEM_EVENTS LIMIT 1000,3.6592945764754288,610128,SUCCESS,
a8ee9c9b-7913-4621-aea2-56419eba8e97,2025-09-05T11:56:00,ac5e7ada-2f2f-4292-a0e4-18083982547a,lliu,DEV_WH_MEDIUM,"SELECT * FROM FINANCIAL_METRICS WHERE created_at >= dateadd('day', -7, current_date())",1.8531096494517008,280164,SUCCESS,
777b18a0-fb82-461a-afe6-fd99663a1a47,2025-09-05T11:56:00,ac5e7ada-2f2f-4292-a0e4-18083982547a,lliu,BI_WH_LARGE,SELECT * FROM FINANCIAL_METRICS LIMIT 1000,2.3479104912948254,610539,SUCCESS,
c74e16e7-cf26-4e74-a089-d39b13f34edc,2025-09-05T11:56:00,57eba2d7-a4fe-48aa-aa7b-ad0e6f1296b7,jose46,DEV_WH_X-SMALL,"SELECT * FROM EMPLOYEE_RECORDS WHERE created_at >= dateadd('day', -7, current_date())",1.181147210404426,419245,SUCCESS,
81e8bd2f-e552-42b8-98b7-d06aeebe11bc,2025-09-05T12:02:00,f0c2cfac-cf3b-4053-9e79-a6a4c6bbd187,garciaalison,PROD_WH_LARGE,SELECT * FROM CUSTOMER_DATA LIMIT 1000,4.163035435788549,451189,SUCCESS,
fcb23511-e724-408e-b352-919d3c513735,2025-09-05T12:02:00,4663d48b-596a-4f39-b714-8d69ac9a7d2a,robert93,PROD_WH_X-SMALL,"SELECT * FROM SALES_TRANSACTIONS WHERE created_at >= dateadd('day', -7, current_date())",4.4843648310567765,412718,SUCCESS,
4dff6286-5fb0-41fd-970d-f42bae261d42,2025-09-05T12:02:00,00f99f6f-5fcc-490a-84f9-6b24911c0b2e,emilyhamilton,DEV_WH_X-SMALL,SELECT * FROM FINANCIAL_METRICS LIMIT 1000,1.026751703316638,119556,SUCCESS,
2029544e-0468-4764-b57d-4e54ecd2d47c,2025-09-05T12:02:00,da0f0f7a-8d2c-4ca9-b82e-cda33fba6610,rachel35,PROD_WH_X-SMALL,"SELECT DISTINCT column1, column2 FROM PRODUCT_INVENTORY WHERE condition = 'value'",3.997686582929806,618517,SUCCESS,
b7487669-c086-426f-975f-a68117521402,2025-09-05T12:02:00,f22aa1cf-fe8b-4e78-8492-b46e0f46ffda,brandtmisty,PROD_WH_MEDIUM,"SELECT * FROM FINANCIAL_METRICS WHERE created_at >= dateadd('day', -7, current_date())",4.596559743448244,134814,SUCCESS,
54a3edb7-fb84-4a77-8e48-25aa61c7f86b,2025-09-05T12:02:00,f22aa1cf-fe8b-4e78-8492-b46e0f46ffda,brandtmisty,BI_WH_LARGE,"SELECT DISTINCT column1, column2 FROM SYSTEM_EVENTS WHERE condition = 'value'",1.587537771904082,294584,SUCCESS,
103815b0-f86d-4793-a02a-b85cc13c426d,2025-09-05T12:02:00,cea2e75f-1ee1-4b1d-90f5-242f82a02bed,erickennedy,DEV_WH_SMALL,"SELECT * FROM USER_ACTIVITY_LOGS WHERE created_at >= dateadd('day', -7, current_date())",3.369590983240714,524373,SUCCESS,
549eccf1-89bc-4d89-9eeb-81f18953a736,2025-09-05T12:02:00,cea2e75f-1ee1-4b1d-90f5-242f82a02bed,erickennedy,ETL_WH_SMALL,"SELECT DISTINCT column1, column2 FROM FINANCIAL_METRICS WHERE condition = 'value'",1.4905475229703944,431776,SUCCESS,
4a7a2913-969f-40e0-a0d4-1151f7cb41a2,2025-09-05T12:02:00,5fb2a072-2bab-4b94-9109-9cbea70c5438,bryancuevas,DEV_WH_SMALL,"SELECT DISTINCT column1, column2 FROM FINANCIAL_METRICS WHERE condition = 'value'",4.2795247778931325,158338,SUCCESS,
7524f242-3be6-4c43-87b5-37877c77e7ba,2025-09-05T12:02:00,4bc8b8f2-4d6e-4d5e-8d40-a7b6b3d6bb03,amandamitchell,ETL_WH_SMALL,SELECT * FROM MARKETING_CAMPAIGNS LIMIT 1000,3.785473718632865,229554,SUCCESS,
bd46a97b-5b81-472b-a506-f4146bde9dc1,2025-09-05T12:17:00,da0f0f7a-8d2c-4ca9-b82e-cda33fba6610,rachel35,PROD_WH_SMALL,"SELECT COUNT(*) FROM USER_ACTIVITY_LOGS GROUP BY date_trunc('day', created_at)",4.4389994329784415,228559,SUCCESS,
c2a88db9-e85c-45aa-aed4-d5ee273e9e3e,2025-09-05T12:17:00,a3a85592-9f3f-4845-87b8-dd199fcdc3cc,gmoreno,DEV_WH_X-SMALL,"SELECT DISTINCT column1, column2 FROM SYSTEM_EVENTS WHERE condition = 'value'",0.14392169487877327,345909,SUCCESS,
705faaf7-f848-401a-9f24-08e95faef9ea,2025-09-05T12:17:00,89e53854-09b7-4b59-8352-a231c51f8687,glarsen,ETL_WH_SMALL,SELECT * FROM SYSTEM_EVENTS LIMIT 1000,0.6413077663458253,179634,SUCCESS,
8ff2d741-fe34-49b9-9440-7a78368c5a77,2025-09-05T12:17:00,9a7a68c7-1b0c-4669-859f-6d352b1e386f,andrew16,PROD_WH_MEDIUM,SELECT * FROM USER_ACTIVITY_LOGS LIMIT 1000,2.423192140073844,36399,SUCCESS,
01b13ded-9681-459f-baf2-bbd74fec0bf5,2025-09-05T12:17:00,f22aa1cf-fe8b-4e78-8492-b46e0f46ffda,brandtmisty,PROD_WH_SMALL,"SELECT COUNT(*) FROM EMPLOYEE_RECORDS GROUP BY date_trunc('day', created_at)",4.865221886247863,593155,SUCCESS,
7b0a25c0-6c2d-47a3-8557-4ea6ca4f448e,2025-09-05T12:17:00,b92c2609-888c-471e-bf61-4363556df9d8,frank26,DEV_WH_SMALL,"SELECT COUNT(*) FROM MARKETING_CAMPAIGNS GROUP BY date_trunc('day', created_at)",2.0951351402091163,151880,SUCCESS,
57a80488-3f79-43e4-b033-a567de4fb4ff,2025-09-05T12:17:00,f22aa1cf-fe8b-4e78-8492-b46e0f46ffda,brandtmisty,ETL_WH_X-SMALL,"SELECT * FROM PRODUCT_INVENTORY WHERE created_at >= dateadd('day', -7, current_date())",3.8792285112641305,866092,SUCCESS,
4390a931-25ee-4403-a5bb-b1167d5e58ff,2025-09-05T12:17:00,4bc8b8f2-4d6e-4d5e-8d40-a7b6b3d6bb03,amandamitchell,DEV_WH_MEDIUM,"SELECT COUNT(*) FROM SYSTEM_EVENTS GROUP BY date_trunc('day', created_at)",1.286269462420611,732993,SUCCESS,
b4f56d90-cf26-434e-84c7-7f0e839866f5,2025-09-05T12:17:00,9a7a68c7-1b0c-4669-859f-6d352b1e386f,andrew16,DEV_WH_SMALL,"SELECT COUNT(*) FROM SYSTEM_EVENTS GROUP BY date_trunc('day', created_at)",2.978528871123825,510155,SUCCESS,
1dc23546-38c9-4ce2-9d88-50debfe25dac,2025-09-05T12:17:00,a3a85592-9f3f-4845-87b8-dd199fcdc3cc,gmoreno,ETL_WH_LARGE,SELECT * FROM USER_ACTIVITY_LOGS LIMIT 1000,1.987582366920461,426751,SUCCESS,
ff675958-3396-4c32-878f-fd41000b4661,2025-09-05T12:26:00,da0f0f7a-8d2c-4ca9-b82e-cda33fba6610,rachel35,PROD_WH_LARGE,"SELECT DISTINCT column1, column2 FROM CUSTOMER_DATA WHERE condition = 'value'",4.895895576200974,687505,SUCCESS,
67677316-e805-490e-ba79-f8dd7a2d54b0,2025-09-05T12:26:00,a3a85592-9f3f-4845-87b8-dd199fcdc3cc,gmoreno,ETL_WH_SMALL,"SELECT COUNT(*) FROM MARKETING_CAMPAIGNS GROUP BY date_trunc('day', created_at)",0.9614452511724634,329913,SUCCESS,
65d958a4-df7e-48e6-9293-10e941e6942f,2025-09-05T12:26:00,82e7a6a3-1f49-4f5a-8a2a-96e5a654a185,codyoconnor,ETL_WH_SMALL,"SELECT DISTINCT column1, column2 FROM PRODUCT_INVENTORY WHERE condition = 'value'",2.6924179800056267,906334,SUCCESS,
a17956cf-e88a-4b54-9d0d-cdd722264d9c,2025-09-05T12:26:00,859c34dd-4540-49a3-b26d-f82b1455d905,oatkinson,ETL_WH_SMALL,"SELECT COUNT(*) FROM MARKETING_CAMPAIGNS GROUP BY date_trunc('day', created_at)",0.21603978260977386,207691,SUCCESS,
34af7532-e511-4046-80ba-9f5ba8b2ce88,2025-09-05T12:26:00,9a7a68c7-1b0c-4669-859f-6d352b1e386f,andrew16,DEV_WH_MEDIUM,"SELECT DISTINCT column1, column2 FROM CUSTOMER_DATA WHERE condition = 'value'",4.737062073811038,854987,SUCCESS,
2c5657b1-116f-417e-98e3-bded68b8b86c,2025-09-05T12:26:00,f22aa1cf-fe8b-4e78-8492-b46e0f46ffda,brandtmisty,BI_WH_MEDIUM,"SELECT COUNT(*) FROM USER_ACTIVITY_LOGS GROUP BY date_trunc('day', created_at)",1.7354444198593637,643502,SUCCESS,
fb968056-e57c-4859-a3e1-25331823390d,2025-09-05T12:26:00,b92c2609-888c-471e-bf61-4363556df9d8,frank26,DEV_WH_MEDIUM,"SELECT COUNT(*) FROM EMPLOYEE_RECORDS GROUP BY date_trunc('day', created_at)",3.2225889518139077,504904,SUCCESS,
9be78f17-b409-4287-ab0d-53aceed47144,2025-09-05T12:26:00,7cd584de-ca92-465c-8ea8-5f7ad356bee6,danasandoval,DEV_WH_SMALL,SELECT * FROM EMPLOYEE_RECORDS LIMIT 1000,0.1977652246790333,415011,SUCCESS,
626ea2b4-70cc-4a3c-9868-d12cff018223,2025-09-05T12:26:00,00f99f6f-5fcc-490a-84f9-6b24911c0b2e,emilyhamilton,ETL_WH_MEDIUM,"SELECT COUNT(*) FROM FINANCIAL_METRICS GROUP BY date_trunc('day', created_at)",4.926403633609527,115272,SUCCESS,
d6e504dd-9f73-4bf3-9f93-a1a0658da448,2025-09-05T12:26:00,b92c2609-888c-471e-bf61-4363556df9d8,frank26,ETL_WH_LARGE,"SELECT COUNT(*) FROM SYSTEM_EVENTS GROUP BY date_trunc('day', created_at)",4.990898661609592,993431,SUCCESS,
39d10aef-5710-468a-90c1-1ec1b1141d73,2025-09-05T12:33:00,4bc8b8f2-4d6e-4d5e-8d40-a7b6b3d6bb03,amandamitchell,BI_WH_SMALL,"SELECT COUNT(*) FROM SYSTEM_EVENTS GROUP BY date_trunc('day', created_at)",0.795280238355619,64384,SUCCESS,
d09848e0-6d93-4f9e-a578-dbb34887db8a,2025-09-05T12:33:00,9a7a68c7-1b0c-4669-859f-6d352b1e386f,andrew16,DEV_WH_LARGE,"SELECT COUNT(*) FROM CUSTOMER_DATA GROUP BY date_trunc('day', created_at)",3.0621940942969315,485771,SUCCESS,
ee2c2985-600a-42f1-8b55-fcc8f4216bf7,2025-09-05T12:33:00,a3a85592-9f3f-4845-87b8-dd199fcdc3cc,gmoreno,ETL_WH_LARGE,SELECT * FROM EMPLOYEE_RECORDS LIMIT 1000,1.656847557394191,935686,SUCCESS,
9aeee6cc-a93e-44d9-ba0b-74dac56b7065,2025-09-05T12:33:00,879c852e-e8e8-45c3-9ead-5fa56c9ecfbc,egarcia,PROD_WH_SMALL,"SELECT COUNT(*) FROM FINANCIAL_METRICS GROUP BY date_trunc('day', created_at)",2.5496889483308123,422866,SUCCESS,
8f935745-6c9d-436b-acf6-3c943d89957e,2025-09-05T12:33:00,879c852e-e8e8-45c3-9ead-5fa56c9ecfbc,egarcia,BI_WH_SMALL,"SELECT DISTINCT column1, column2 FROM MARKETING_CAMPAIGNS WHERE condition = 'value'",1.5821552750298589,529266,SUCCESS,
56ef4b26-da33-4299-8df1-af7b6fbceb34,2025-09-05T12:33:00,ac5e7ada-2f2f-4292-a0e4-18083982547a,lliu,ETL_WH_SMALL,"SELECT COUNT(*) FROM EMPLOYEE_RECORDS GROUP BY date_trunc('day', created_at)",2.8572371747792977,283103,SUCCESS,
4b4c5a0a-1432-4e07-99a1-180d3fe71430,2025-09-05T12:33:00,cea2e75f-1ee1-4b1d-90f5-242f82a02bed,erickennedy,PROD_WH_MEDIUM,"SELECT DISTINCT column1, column2 FROM FINANCIAL_METRICS WHERE condition = 'value'",3.725700025798582,409060,SUCCESS,
75f87b3a-59a9-4381-bfd7-21f451790c45,2025-09-05T12:33:00,ac5e7ada-2f2f-4292-a0e4-18083982547a,lliu,DEV_WH_MEDIUM,"SELECT COUNT(*) FROM USER_ACTIVITY_LOGS GROUP BY date_trunc('day', created_at)",4.245395633559097,787830,SUCCESS,
a3aae4c6-a0b3-427e-89b7-a0b317f06d49,2025-09-05T12:33:00,57eba2d7-a4fe-48aa-aa7b-ad0e6f1296b7,jose46,PROD_WH_MEDIUM,"SELECT DISTINCT column1, column2 FROM MARKETING_CAMPAIGNS WHERE condition = 'value'",0.7594544535048595,387039,SUCCESS,
e9505f3f-a3fd-4179-bbfa-204a90035527,2025-09-05T12:33:00,82e7a6a3-1f49-4f5a-8a2a-96e5a654a185,codyoconnor,BI_WH_SMALL,"SELECT COUNT(*) FROM MARKETING_CAMPAIGNS GROUP BY date_trunc('day', created_at)",1.6944647544704052,379201,SUCCESS,
4b729850-1a7a-4880-9179-fbb09cef0bf9,2025-09-05T12:38:00,a3a85592-9f3f-4845-87b8-dd199fcdc3cc,gmoreno,ETL_WH_SMALL,"SELECT DISTINCT column1, column2 FROM MARKETING_CAMPAIGNS WHERE condition = 'value'",4.884863393345908,267984,SUCCESS,
d078cb63-7efb-49aa-affd-46c11e5a2c73,2025-09-05T12:38:00,89e53854-09b7-4b59-8352-a231c51f8687,glarsen,DEV_WH_LARGE,"SELECT DISTINCT column1, column2 FROM SYSTEM_EVENTS WHERE condition = 'value'",0.7296177826678114,739700,SUCCESS,
6a925c71-c210-45a1-a36c-830480968362,2025-09-05T12:38:00,cea2e75f-1ee1-4b1d-90f5-242f82a02bed,erickennedy,ETL_WH_MEDIUM,SELECT * FROM SALES_TRANSACTIONS LIMIT 1000,0.5094059269484346,435100,SUCCESS,
ec9f9dee-d0ba-4d23-9638-9e8c2f7d790c,2025-09-05T12:38:00,57eba2d7-a4fe-48aa-aa7b-ad0e6f1296b7,jose46,ETL_WH_X-SMALL,SELECT * FROM USER_ACTIVITY_LOGS LIMIT 1000,3.809638376417976,43656,SUCCESS,
d46d7e55-fc77-4e5b-90fe-03a77c99653a,2025-09-05T12:38:00,a3a85592-9f3f-4845-87b8-dd199fcdc3cc,gmoreno,DEV_WH_LARGE,"SELECT DISTINCT column1, column2 FROM SALES_TRANSACTIONS WHERE condition = 'value'",3.892638881415704,868405,SUCCESS,
175a36bb-12a7-4ff2-9442-4e1056399f31,2025-09-05T12:38:00,da0f0f7a-8d2c-4ca9-b82e-cda33fba6610,rachel35,BI_WH_LARGE,"SELECT DISTINCT column1, column2 FROM EMPLOYEE_RECORDS WHERE condition = 'value'",2.6617790157070234,713415,SUCCESS,
f2b5c680-d86f-4292-837e-734099f14202,2025-09-05T12:38:00,7cd584de-ca92-465c-8ea8-5f7ad356bee6,danasandoval,PROD_WH_X-SMALL,"SELECT DISTINCT column1, column2 FROM USER_ACTIVITY_LOGS WHERE condition = 'value'",3.863091367791872,849512,SUCCESS,
8678f1ee-487e-44d9-b006-ba957cefc5e3,2025-09-05T12:38:00,57eba2d7-a4fe-48aa-aa7b-ad0e6f1296b7,jose46,PROD_WH_X-SMALL,"SELECT DISTINCT column1, column2 FROM FINANCIAL_METRICS WHERE condition = 'value'",3.232559728387385,108756,SUCCESS,
929c7ddb-450f-42ba-8a1e-d0bdeb3b971e,2025-09-05T12:38:00,859c34dd-4540-49a3-b26d-f82b1455d905,oatkinson,BI_WH_X-SMALL,"SELECT DISTINCT column1, column2 FROM SALES_TRANSACTIONS WHERE condition = 'value'",0.9751223883642762,348590,SUCCESS,
d2cb69c5-26ae-46ec-b2e6-a3a9ba2bd84f,2025-09-05T12:38:00,57eba2d7-a4fe-48aa-aa7b-ad0e6f1296b7,jose46,ETL_WH_MEDIUM,"SELECT * FROM SYSTEM_EVENTS WHERE created_at >= dateadd('day', -7, current_date())",4.368923763353348,617312,SUCCESS,
52c1e0b7-005d-4250-96a9-1805f7ba3433,2025-09-05T12:52:00,4b7e389e-8c78-4e72-ab0b-774df43b399e,hardinjennifer,BI_WH_MEDIUM,"SELECT * FROM CUSTOMER_DATA WHERE created_at >= dateadd('day', -7, current_date())",3.345958388206299,711976,SUCCESS,
d2d0621d-c4f7-45a0-acd4-399e73e4e614,2025-09-05T12:52:00,82e7a6a3-1f49-4f5a-8a2a-96e5a654a185,codyoconnor,PROD_WH_MEDIUM,"SELECT * FROM EMPLOYEE_RECORDS WHERE created_at >= dateadd('day', -7, current_date())",2.701500494205939,106088,SUCCESS,
1d9d8551-2481-4cc6-8743-38ad6bcf179f,2025-09-05T12:52:00,da0f0f7a-8d2c-4ca9-b82e-cda33fba6610,rachel35,DEV_WH_LARGE,"SELECT * FROM CUSTOMER_DATA WHERE created_at >= dateadd('day', -7, current_date())",1.769902035394532,860372,SUCCESS,
3a973bd8-3e91-4e15-a9d8-1d352964adda,2025-09-05T12:52:00,f22aa1cf-fe8b-4e78-8492-b46e0f46ffda,brandtmisty,BI_WH_MEDIUM,"SELECT COUNT(*) FROM USER_ACTIVITY_LOGS GROUP BY date_trunc('day', created_at)",3.990089227851383,190837,SUCCESS,
6d04a311-3a7e-4afd-b594-c5cddafd4b05,2025-09-05T12:52:00,3d8cc43f-0f00-40bd-b8b2-34ac61fc0360,rwilliams,PROD_WH_X-SMALL,SELECT * FROM EMPLOYEE_RECORDS LIMIT 1000,4.085328823578816,473487,SUCCESS,
15fb2405-7d27-4cca-bd47-03bfae613697,2025-09-05T12:52:00,b92c2609-888c-471e-bf61-4363556df9d8,frank26,BI_WH_X-SMALL,"SELECT COUNT(*) FROM USER_ACTIVITY_LOGS GROUP BY date_trunc('day', created_at)",0.2835119166217347,263050,SUCCESS,
4ff67764-db0d-4f0d-ac40-f2d64815cb66,2025-09-05T12:52:00,da0f0f7a-8d2c-4ca9-b82e-cda33fba6610,rachel35,ETL_WH_LARGE,"SELECT COUNT(*) FROM PRODUCT_INVENTORY GROUP BY date_trunc('day', created_at)",0.7167470792884101,607672,SUCCESS,
58f52512-e66e-4cc9-a662-eb19544e3056,2025-09-05T12:52:00,ac5e7ada-2f2f-4292-a0e4-18083982547a,lliu,BI_WH_MEDIUM,"SELECT * FROM SYSTEM_EVENTS WHERE created_at >= dateadd('day', -7, current_date())",1.9673360847624939,291613,SUCCESS,
2b59a730-12cc-4427-969e-cf57e5efc0f0,2025-09-05T12:52:00,9a7a68c7-1b0c-4669-859f-6d352b1e386f,andrew16,BI_WH_SMALL,"SELECT * FROM PRODUCT_INVENTORY WHERE created_at >= dateadd('day', -7, current_date())",3.780137866094701,680467,SUCCESS,
d3c245b2-4a3b-4f9c-865c-0f3cdb346aa3,2025-09-05T12:52:00,f0c2cfac-cf3b-4053-9e79-a6a4c6bbd187,garciaalison,BI_WH_SMALL,"SELECT COUNT(*) FROM USER_ACTIVITY_LOGS GROUP BY date_trunc('day', created_at)",0.5880506230507843,445733,SUCCESS,
a8515acf-14f5-4bb7-beab-be2d122abcf4,2025-09-05T13:07:00,a3a85592-9f3f-4845-87b8-dd199fcdc3cc,gmoreno,PROD_WH_X-SMALL,"SELECT COUNT(*) FROM CUSTOMER_DATA GROUP BY date_trunc('day', created_at)",1.1344474656651802,595012,SUCCESS,
fb21c8f5-cb2f-442d-a0f6-c5d803eeb2e8,2025-09-05T13:07:00,9a7a68c7-1b0c-4669-859f-6d352b1e386f,andrew16,DEV_WH_SMALL,SELECT * FROM SYSTEM_EVENTS LIMIT 1000,2.733838711895306,827065,SUCCESS,
ed57ed31-8167-430c-a45c-84079c0c12d9,2025-09-05T13:07:00,82e7a6a3-1f49-4f5a-8a2a-96e5a654a185,codyoconnor,BI_WH_LARGE,"SELECT COUNT(*) FROM EMPLOYEE_RECORDS GROUP BY date_trunc('day', created_at)",0.5936028353932993,958891,SUCCESS,
b0f6d20e-48b6-4dd8-b681-412b226ff416,2025-09-05T13:07:00,4bc8b8f2-4d6e-4d5e-8d40-a7b6b3d6bb03,amandamitchell,PROD_WH_LARGE,"SELECT DISTINCT column1, column2 FROM SYSTEM_EVENTS WHERE condition = 'value'",4.236181113108826,691101,SUCCESS,
0c722bd7-688d-4d89-9121-58eac7da49c9,2025-09-05T13:07:00,879c852e-e8e8-45c3-9ead-5fa56c9ecfbc,egarcia,DEV_WH_MEDIUM,"SELECT COUNT(*) FROM PRODUCT_INVENTORY GROUP BY date_trunc('day', created_at)",1.562134634307603,639405,SUCCESS,
b57b7722-c2db-4d63-aead-0526dfff941a,2025-09-05T13:07:00,f0c2cfac-cf3b-4053-9e79-a6a4c6bbd187,garciaalison,BI_WH_MEDIUM,"SELECT DISTINCT column1, column2 FROM CUSTOMER_DATA WHERE condition = 'value'",3.974531700407962,785980,SUCCESS,
1e38c05c-f35e-4a10-920b-27a68f6e5320,2025-09-05T13:07:00,f22aa1cf-fe8b-4e78-8492-b46e0f46ffda,brandtmisty,PROD_WH_MEDIUM,"SELECT COUNT(*) FROM CUSTOMER_DATA GROUP BY date_trunc('day', created_at)",4.758379616442035,494957,SUCCESS,
5ee692bd-543e-4288-b515-3f6d3faf0bb8,2025-09-05T13:07:00,879c852e-e8e8-45c3-9ead-5fa56c9ecfbc,egarcia,PROD_WH_SMALL,SELECT * FROM EMPLOYEE_RECORDS LIMIT 1000,0.5859290301900263,886074,SUCCESS,
0b98a128-9d8b-4ede-b065-d4b7905db7a5,2025-09-05T13:07:00,7cd584de-ca92-465c-8ea8-5f7ad356bee6,danasandoval,PROD_WH_LARGE,"SELECT DISTINCT column1, column2 FROM EMPLOYEE_RECORDS WHERE condition = 'value'",3.9334237877821017,968161,SUCCESS,
345c71a3-9b76-49f2-a3b4-3e7b14a512a9,2025-09-05T13:07:00,da0f0f7a-8d2c-4ca9-b82e-cda33fba6610,rachel35,ETL_WH_MEDIUM,SELECT * FROM SYSTEM_EVENTS LIMIT 1000,4.758166668034119,339706,SUCCESS,
a4eb1e3a-9320-4cfd-a2b7-97eca7bcd224,2025-09-05T13:22:00,82e7a6a3-1f49-4f5a-8a2a-96e5a654a185,codyoconnor,BI_WH_SMALL,"SELECT COUNT(*) FROM EMPLOYEE_RECORDS GROUP BY date_trunc('day', created_at)",0.6027899742445564,248149,SUCCESS,
51e9a2ed-b26d-4351-9bc7-e7636b58cdab,2025-09-05T13:22:00,82e7a6a3-1f49-4f5a-8a2a-96e5a654a185,codyoconnor,DEV_WH_MEDIUM,SELECT * FROM USER_ACTIVITY_LOGS LIMIT 1000,1.8854960526537268,220132,SUCCESS,
954bed24-e360-4689-9b25-566c1ae9c074,2025-09-05T13:22:00,b92c2609-888c-471e-bf61-4363556df9d8,frank26,DEV_WH_SMALL,"SELECT COUNT(*) FROM FINANCIAL_METRICS GROUP BY date_trunc('day', created_at)",1.1401987244329355,163554,SUCCESS,
6bb7d61a-92d9-4fb7-939d-1c7d549bad9e,2025-09-05T13:22:00,da0f0f7a-8d2c-4ca9-b82e-cda33fba6610,rachel35,DEV_WH_MEDIUM,SELECT * FROM EMPLOYEE_RECORDS LIMIT 1000,2.090237946550198,261724,SUCCESS,
281e36b7-fb0f-4648-9221-f935975aabb0,2025-09-05T13:22:00,4663d48b-596a-4f39-b714-8d69ac9a7d2a,robert93,BI_WH_MEDIUM,"SELECT DISTINCT column1, column2 FROM PRODUCT_INVENTORY WHERE condition = 'value'",4.911246784485413,840577,SUCCESS,
797bc540-cb60-487c-a147-3b8e68e47f57,2025-09-05T13:22:00,ac5e7ada-2f2f-4292-a0e4-18083982547a,lliu,PROD_WH_SMALL,"SELECT * FROM SYSTEM_EVENTS WHERE created_at >= dateadd('day', -7, current_date())",4.0375295191146705,428962,SUCCESS,
99e28f7a-7010-4fce-b79c-76ddefd10c0c,2025-09-05T13:22:00,879c852e-e8e8-45c3-9ead-5fa56c9ecfbc,egarcia,ETL_WH_LARGE,SELECT * FROM SALES_TRANSACTIONS LIMIT 1000,2.608851514401083,205485,SUCCESS,
813a4789-3f39-4b27-94f1-d87e113cd698,2025-09-05T13:22:00,4663d48b-596a-4f39-b714-8d69ac9a7d2a,robert93,PROD_WH_SMALL,SELECT * FROM PRODUCT_INVENTORY LIMIT 1000,2.8235140491049813,88417,SUCCESS,
4859ed3a-95c4-4454-8824-3351c423a976,2025-09-05T13:22:00,7cd584de-ca92-465c-8ea8-5f7ad356bee6,danasandoval,DEV_WH_SMALL,"SELECT * FROM CUSTOMER_DATA WHERE created_at >= dateadd('day', -7, current_date())",3.22372869826536,926684,SUCCESS,
2a61178a-1c44-4aee-b6b3-757088ed397e,2025-09-05T13:22:00,859c34dd-4540-49a3-b26d-f82b1455d905,oatkinson,BI_WH_X-SMALL,SELECT * FROM EMPLOYEE_RECORDS LIMIT 1000,0.4093220512563083,827487,SUCCESS,
cbbbb46c-321b-47d9-9b0f-7f81a692a101,2025-09-05T13:27:00,4b7e389e-8c78-4e72-ab0b-774df43b399e,hardinjennifer,BI_WH_X-SMALL,"SELECT DISTINCT column1, column2 FROM FINANCIAL_METRICS WHERE condition = 'value'",0.12548623507648018,673709,SUCCESS,
ac0e90be-6b42-4f20-99af-c0113f090c14,2025-09-05T13:27:00,5fb2a072-2bab-4b94-9109-9cbea70c5438,bryancuevas,PROD_WH_SMALL,"SELECT DISTINCT column1, column2 FROM PRODUCT_INVENTORY WHERE condition = 'value'",1.2410519764783647,245756,SUCCESS,
59b3aeaa-d213-472b-89c7-87653ff95aac,2025-09-05T13:27:00,4b7e389e-8c78-4e72-ab0b-774df43b399e,hardinjennifer,ETL_WH_LARGE,"SELECT COUNT(*) FROM MARKETING_CAMPAIGNS GROUP BY date_trunc('day', created_at)",3.031076714270519,367980,SUCCESS,
79b7d6f5-bf57-4b70-9d73-a99043aea6ca,2025-09-05T13:27:00,879c852e-e8e8-45c3-9ead-5fa56c9ecfbc,egarcia,BI_WH_X-SMALL,"SELECT DISTINCT column1, column2 FROM USER_ACTIVITY_LOGS WHERE condition = 'value'",3.8509681871393364,377735,SUCCESS,
4ea5fff6-c402-48b8-8ef3-054ce7a97703,2025-09-05T13:27:00,5fb2a072-2bab-4b94-9109-9cbea70c5438,bryancuevas,BI_WH_X-SMALL,"SELECT * FROM SYSTEM_EVENTS WHERE created_at >= dateadd('day', -7, current_date())",3.575375326676814,418773,SUCCESS,
9e2f0c4d-423f-43ba-aac2-4cb59fc31dc2,2025-09-05T13:27:00,da0f0f7a-8d2c-4ca9-b82e-cda33fba6610,rachel35,PROD_WH_LARGE,SELECT * FROM FINANCIAL_METRICS LIMIT 1000,4.812026853232845,230718,SUCCESS,
06f91739-1987-4fc4-8c3d-ad7e1f7ae082,2025-09-05T13:27:00,b92c2609-888c-471e-bf61-4363556df9d8,frank26,DEV_WH_X-SMALL,"SELECT * FROM CUSTOMER_DATA WHERE created_at >= dateadd('day', -7, current_date())",3.925729255499948,529595,SUCCESS,
3468ccde-c234-467b-970a-f7d1aa40b9cf,2025-09-05T13:27:00,4663d48b-596a-4f39-b714-8d69ac9a7d2a,robert93,BI_WH_X-SMALL,"SELECT COUNT(*) FROM USER_ACTIVITY_LOGS GROUP BY date_trunc('day', created_at)",1.7674211582913384,374241,SUCCESS,
0496977f-00ee-4463-8da3-1ddfcae77906,2025-09-05T13:27:00,82e7a6a3-1f49-4f5a-8a2a-96e5a654a185,codyoconnor,DEV_WH_SMALL,"SELECT COUNT(*) FROM PRODUCT_INVENTORY GROUP BY date_trunc('day', created_at)",2.8484634683262695,648755,SUCCESS,
c41da8f7-f5b2-40ff-bc22-34e32635eebf,2025-09-05T13:27:00,ac5e7ada-2f2f-4292-a0e4-18083982547a,lliu,ETL_WH_X-SMALL,"SELECT COUNT(*) FROM EMPLOYEE_RECORDS GROUP BY date_trunc('day', created_at)",0.685385488429023,114692,SUCCESS,
1de2f529-fa45-4c77-ad85-812eaba80c62,2025-09-05T13:34:00,89e53854-09b7-4b59-8352-a231c51f8687,glarsen,PROD_WH_X-SMALL,SELECT * FROM CUSTOMER_DATA LIMIT 1000,1.44161319827847,968010,SUCCESS,
3fda0fbf-b63f-4d1b-9fd1-114962960c73,2025-09-05T13:34:00,82e7a6a3-1f49-4f5a-8a2a-96e5a654a185,codyoconnor,PROD_WH_LARGE,"SELECT COUNT(*) FROM EMPLOYEE_RECORDS GROUP BY date_trunc('day', created_at)",3.390178851648627,305538,SUCCESS,
c435e9d4-01f6-4af3-81d1-d991434f32e9,2025-09-05T13:34:00,9a7a68c7-1b0c-4669-859f-6d352b1e386f,andrew16,DEV_WH_X-SMALL,SELECT * FROM CUSTOMER_DATA LIMIT 1000,3.1269052357279428,159179,SUCCESS,
3eabb1d3-83c0-4a50-8a4b-47c80393e0a1,2025-09-05T13:34:00,4bc8b8f2-4d6e-4d5e-8d40-a7b6b3d6bb03,amandamitchell,DEV_WH_LARGE,SELECT * FROM FINANCIAL_METRICS LIMIT 1000,1.9764107558819723,105686,SUCCESS,
aaf6c33b-31e0-42d8-ad25-5bfa3a91b6f8,2025-09-05T13:34:00,57eba2d7-a4fe-48aa-aa7b-ad0e6f1296b7,jose46,ETL_WH_MEDIUM,"SELECT COUNT(*) FROM CUSTOMER_DATA GROUP BY date_trunc('day', created_at)",3.8961610698602156,863597,SUCCESS,
70a7b2e6-550c-4e38-b637-750105c2cbc8,2025-09-05T13:34:00,89e53854-09b7-4b59-8352-a231c51f8687,glarsen,DEV_WH_SMALL,"SELECT COUNT(*) FROM EMPLOYEE_RECORDS GROUP BY date_trunc('day', created_at)",1.5172159314003686,366273,SUCCESS,
67636b21-37eb-41b8-9a77-ff253c1f9d09,2025-09-05T13:34:00,89e53854-09b7-4b59-8352-a231c51f8687,glarsen,BI_WH_LARGE,SELECT * FROM CUSTOMER_DATA LIMIT 1000,0.8280129245686549,268142,SUCCESS,
cd9d800e-fc95-4748-b168-d4a73ba9e363,2025-09-05T13:34:00,82e7a6a3-1f49-4f5a-8a2a-96e5a654a185,codyoconnor,BI_WH_SMALL,"SELECT * FROM PRODUCT_INVENTORY WHERE created_at >= dateadd('day', -7, current_date())",1.284371730419134,535966,SUCCESS,
5cecf096-61e0-4ccd-855a-1f2152790246,2025-09-05T13:34:00,3d8cc43f-0f00-40bd-b8b2-34ac61fc0360,rwilliams,DEV_WH_LARGE,SELECT * FROM SALES_TRANSACTIONS LIMIT 1000,3.0555150837815304,298721,SUCCESS,
b9509f05-0570-446e-98bf-706a68ff7c94,2025-09-05T13:34:00,9a7a68c7-1b0c-4669-859f-6d352b1e386f,andrew16,PROD_WH_SMALL,SELECT * FROM SYSTEM_EVENTS LIMIT 1000,4.922904105844342,46140,SUCCESS,
6b6eb4ec-0217-4b4e-bdee-8f4265500ae0,2025-09-05T13:46:00,7cd584de-ca92-465c-8ea8-5f7ad356bee6,danasandoval,DEV_WH_LARGE,"SELECT COUNT(*) FROM USER_ACTIVITY_LOGS GROUP BY date_trunc('day', created_at)",4.255295589777883,255902,SUCCESS,
c3767f68-40a8-47c8-a92c-547a31e2f5e0,2025-09-05T13:46:00,82e7a6a3-1f49-4f5a-8a2a-96e5a654a185,codyoconnor,PROD_WH_LARGE,"SELECT COUNT(*) FROM USER_ACTIVITY_LOGS GROUP BY date_trunc('day', created_at)",3.8986134930784564,189064,SUCCESS,
957fb9ca-4a46-455d-a6fe-0e77b2a713b1,2025-09-05T13:46:00,3d8cc43f-0f00-40bd-b8b2-34ac61fc0360,rwilliams,BI_WH_MEDIUM,"SELECT * FROM EMPLOYEE_RECORDS WHERE created_at >= dateadd('day', -7, current_date())",4.943650933175476,706550,SUCCESS,
d05d967d-1509-48f9-a5ad-569e018d8ef9,2025-09-05T13:46:00,5fb2a072-2bab-4b94-9109-9cbea70c5438,bryancuevas,BI_WH_LARGE,SELECT * FROM SYSTEM_EVENTS LIMIT 1000,3.096029617203841,362133,SUCCESS,
84e25e7f-35eb-47f1-ad83-a67daa80e21e,2025-09-05T13:46:00,859c34dd-4540-49a3-b26d-f82b1455d905,oatkinson,DEV_WH_SMALL,SELECT * FROM CUSTOMER_DATA LIMIT 1000,2.7728662240978648,92147,SUCCESS,
97a81ae2-e3b8-4caf-8d7c-603c7ee40b63,2025-09-05T13:46:00,b92c2609-888c-471e-bf61-4363556df9d8,frank26,PROD_WH_X-SMALL,"SELECT COUNT(*) FROM USER_ACTIVITY_LOGS GROUP BY date_trunc('day', created_at)",0.8079664240762592,314955,SUCCESS,
f69decf7-6db4-4fb9-aa53-701e3455619b,2025-09-05T13:46:00,5fb2a072-2bab-4b94-9109-9cbea70c5438,bryancuevas,DEV_WH_LARGE,"SELECT DISTINCT column1, column2 FROM SALES_TRANSACTIONS WHERE condition = 'value'",3.8599518639551187,626779,SUCCESS,
b82317f8-8f19-4d9a-ab45-69d120e00365,2025-09-05T13:46:00,859c34dd-4540-49a3-b26d-f82b1455d905,oatkinson,DEV_WH_X-SMALL,"SELECT COUNT(*) FROM MARKETING_CAMPAIGNS GROUP BY date_trunc('day', created_at)",4.423788146248061,762137,SUCCESS,
4d4394b7-633e-4db7-88d6-328c11f04119,2025-09-05T13:46:00,da0f0f7a-8d2c-4ca9-b82e-cda33fba6610,rachel35,PROD_WH_MEDIUM,"SELECT DISTINCT column1, column2 FROM FINANCIAL_METRICS WHERE condition = 'value'",4.3336248544459695,292584,SUCCESS,
b8fc56cd-fb21-483a-9381-5b7e3b51822e,2025-09-05T13:46:00,ac5e7ada-2f2f-4292-a0e4-18083982547a,lliu,PROD_WH_X-SMALL,SELECT * FROM MARKETING_CAMPAIGNS LIMIT 1000,3.5185959699807703,605559,SUCCESS,
071c3d8f-3eed-443a-b01b-1bf9334a32ec,2025-09-05T13:53:00,3d8cc43f-0f00-40bd-b8b2-34ac61fc0360,rwilliams,DEV_WH_LARGE,"SELECT COUNT(*) FROM PRODUCT_INVENTORY GROUP BY date_trunc('day', created_at)",2.2805795007676197,286438,SUCCESS,
051916c2-bcb5-4577-8e15-2c26289b1594,2025-09-05T13:53:00,f22aa1cf-fe8b-4e78-8492-b46e0f46ffda,brandtmisty,ETL_WH_MEDIUM,"SELECT DISTINCT column1, column2 FROM SYSTEM_EVENTS WHERE condition = 'value'",3.8160487283031093,911175,SUCCESS,
bc42b8d3-6a72-4b33-9661-c4e2cc83ea42,2025-09-05T13:53:00,00f99f6f-5fcc-490a-84f9-6b24911c0b2e,emilyhamilton,PROD_WH_LARGE,"SELECT COUNT(*) FROM EMPLOYEE_RECORDS GROUP BY date_trunc('day', created_at)",3.5740881272589413,542263,SUCCESS,
5efe0e30-dca6-4bf5-8f15-8562a71adb62,2025-09-05T13:53:00,7cd584de-ca92-465c-8ea8-5f7ad356bee6,danasandoval,PROD_WH_LARGE,"SELECT * FROM CUSTOMER_DATA WHERE created_at >= dateadd('day', -7, current_date())",1.4231462916526476,815002,SUCCESS,
07b86725-d6e9-4653-a941-28f685361c54,2025-09-05T13:53:00,f22aa1cf-fe8b-4e78-8492-b46e0f46ffda,brandtmisty,PROD_WH_MEDIUM,"SELECT COUNT(*) FROM EMPLOYEE_RECORDS GROUP BY date_trunc('day', created_at)",4.722448313070913,478831,SUCCESS,
70765082-458b-4af1-b042-67998c6d91f2,2025-09-05T13:53:00,5fb2a072-2bab-4b94-9109-9cbea70c5438,bryancuevas,DEV_WH_MEDIUM,"SELECT DISTINCT column1, column2 FROM EMPLOYEE_RECORDS WHERE condition = 'value'",4.239588260838156,532471,SUCCESS,
531db7fc-50b7-4d77-9172-4eb97122c126,2025-09-05T13:53:00,879c852e-e8e8-45c3-9ead-5fa56c9ecfbc,egarcia,BI_WH_X-SMALL,"SELECT DISTINCT column1, column2 FROM USER_ACTIVITY_LOGS WHERE condition = 'value'",3.869624249116529,969469,SUCCESS,
a936b67a-2fba-428d-be5e-90dfcd416148,2025-09-05T13:53:00,f0c2cfac-cf3b-4053-9e79-a6a4c6bbd187,garciaalison,DEV_WH_MEDIUM,SELECT * FROM SALES_TRANSACTIONS LIMIT 1000,2.093857155875592,648090,SUCCESS,
7311ffe4-79f4-4388-af0a-700af6eff2b8,2025-09-05T13:53:00,4bc8b8f2-4d6e-4d5e-8d40-a7b6b3d6bb03,amandamitchell,PROD_WH_MEDIUM,"SELECT COUNT(*) FROM PRODUCT_INVENTORY GROUP BY date_trunc('day', created_at)",0.3099516328743228,243922,SUCCESS,
c5a7c0df-5862-4078-9ded-eb61b799c934,2025-09-05T13:53:00,ac5e7ada-2f2f-4292-a0e4-18083982547a,lliu,ETL_WH_SMALL,"SELECT COUNT(*) FROM EMPLOYEE_RECORDS GROUP BY date_trunc('day', created_at)",1.8621393104770245,429271,SUCCESS,
2ba0e540-1197-470c-b73d-6667eb72cc94,2025-09-05T14:06:00,4b7e389e-8c78-4e72-ab0b-774df43b399e,hardinjennifer,PROD_WH_LARGE,"SELECT * FROM CUSTOMER_DATA WHERE created_at >= dateadd('day', -7, current_date())",1.8875696671409317,824749,SUCCESS,
9775878b-2cc3-42d7-8ac8-2e2de472717c,2025-09-05T14:06:00,859c34dd-4540-49a3-b26d-f82b1455d905,oatkinson,PROD_WH_MEDIUM,"SELECT DISTINCT column1, column2 FROM EMPLOYEE_RECORDS WHERE condition = 'value'",1.175746075211815,243010,SUCCESS,
3cb6cf2f-3e6e-45b4-86f9-f144f21e7b2c,2025-09-05T14:06:00,879c852e-e8e8-45c3-9ead-5fa56c9ecfbc,egarcia,DEV_WH_MEDIUM,SELECT * FROM MARKETING_CAMPAIGNS LIMIT 1000,0.579009350665637,536561,SUCCESS,
e314628f-f5e5-43e4-9462-cc4c4cc1a82d,2025-09-05T14:06:00,7cd584de-ca92-465c-8ea8-5f7ad356bee6,danasandoval,DEV_WH_SMALL,SELECT * FROM CUSTOMER_DATA LIMIT 1000,1.494261792631172,447603,SUCCESS,
402586eb-a994-4e23-94da-8eb60ee7876e,2025-09-05T14:06:00,cea2e75f-1ee1-4b1d-90f5-242f82a02bed,erickennedy,BI_WH_SMALL,SELECT * FROM FINANCIAL_METRICS LIMIT 1000,2.2820446293167898,667723,SUCCESS,
f342567a-7e6e-4b5b-8df5-286a8709a54c,2025-09-05T14:06:00,57eba2d7-a4fe-48aa-aa7b-ad0e6f1296b7,jose46,ETL_WH_LARGE,"SELECT DISTINCT column1, column2 FROM FINANCIAL_METRICS WHERE condition = 'value'",1.148475102562229,461467,SUCCESS,
1ff50ee8-b43a-487f-8975-84f2d57fb8a4,2025-09-05T14:06:00,82e7a6a3-1f49-4f5a-8a2a-96e5a654a185,codyoconnor,ETL_WH_SMALL,"SELECT DISTINCT column1, column2 FROM EMPLOYEE_RECORDS WHERE condition = 'value'",0.5274602295320093,818581,SUCCESS,
55d6691b-a998-482d-9d91-3ff39e44a690,2025-09-05T14:06:00,879c852e-e8e8-45c3-9ead-5fa56c9ecfbc,egarcia,PROD_WH_SMALL,SELECT * FROM CUSTOMER_DATA LIMIT 1000,3.805535235411866,362170,SUCCESS,
a4c738dd-1f5c-4d3c-a88e-08a2f258c258,2025-09-05T14:06:00,da0f0f7a-8d2c-4ca9-b82e-cda33fba6610,rachel35,PROD_WH_SMALL,"SELECT * FROM MARKETING_CAMPAIGNS WHERE created_at >= dateadd('day', -7, current_date())",3.853876187759469,657865,SUCCESS,
f78ca4d3-61c2-4153-ac38-7657428c37e9,2025-09-05T14:06:00,82e7a6a3-1f49-4f5a-8a2a-96e5a654a185,codyoconnor,ETL_WH_MEDIUM,"SELECT DISTINCT column1, column2 FROM FINANCIAL_METRICS WHERE condition = 'value'",3.086743318330118,884962,SUCCESS,
fb5b1f77-f681-481a-a876-8f553546cc17,2025-09-05T14:19:00,ac5e7ada-2f2f-4292-a0e4-18083982547a,lliu,BI_WH_SMALL,"SELECT COUNT(*) FROM USER_ACTIVITY_LOGS GROUP BY date_trunc('day', created_at)",2.168167618305202,959319,SUCCESS,
93a2b5a8-65c7-4240-9403-7a6a6bc598dc,2025-09-05T14:19:00,4663d48b-596a-4f39-b714-8d69ac9a7d2a,robert93,DEV_WH_MEDIUM,"SELECT * FROM EMPLOYEE_RECORDS WHERE created_at >= dateadd('day', -7, current_date())",0.5672430995379487,379127,SUCCESS,
71c591eb-2325-42ff-95cb-0d56f4e1b58c,2025-09-05T14:19:00,57eba2d7-a4fe-48aa-aa7b-ad0e6f1296b7,jose46,DEV_WH_MEDIUM,"SELECT * FROM EMPLOYEE_RECORDS WHERE created_at >= dateadd('day', -7, current_date())",1.3217998487656204,704976,SUCCESS,
47a2e6df-cac2-4ea0-9acc-287804265dbb,2025-09-05T14:19:00,cea2e75f-1ee1-4b1d-90f5-242f82a02bed,erickennedy,DEV_WH_LARGE,"SELECT * FROM SYSTEM_EVENTS WHERE created_at >= dateadd('day', -7, current_date())",4.51643023674173,51781,SUCCESS,
377af7bd-6032-404a-a4aa-ae1f7c71665c,2025-09-05T14:19:00,7cd584de-ca92-465c-8ea8-5f7ad356bee6,danasandoval,BI_WH_MEDIUM,SELECT * FROM EMPLOYEE_RECORDS LIMIT 1000,1.1743557250042953,365095,SUCCESS,
8a21a399-4de7-40b6-bae0-36ad966ef754,2025-09-05T14:19:00,00f99f6f-5fcc-490a-84f9-6b24911c0b2e,emilyhamilton,BI_WH_LARGE,"SELECT * FROM EMPLOYEE_RECORDS WHERE created_at >= dateadd('day', -7, current_date())",2.389510038888508,27315,SUCCESS,
33ca336c-1122-4aa8-85ab-b3281d5a1f09,2025-09-05T14:19:00,9a7a68c7-1b0c-4669-859f-6d352b1e386f,andrew16,BI_WH_LARGE,SELECT * FROM SALES_TRANSACTIONS LIMIT 1000,1.4011377143285824,423845,SUCCESS,
9ebc1096-346a-41ce-8e38-58ff74e4556d,2025-09-05T14:19:00,859c34dd-4540-49a3-b26d-f82b1455d905,oatkinson,ETL_WH_MEDIUM,"SELECT DISTINCT column1, column2 FROM MARKETING_CAMPAIGNS WHERE condition = 'value'",1.8958388353143971,68424,SUCCESS,
80663125-9c77-4c6b-a197-6fed137e1c31,2025-09-05T14:19:00,00f99f6f-5fcc-490a-84f9-6b24911c0b2e,emilyhamilton,ETL_WH_LARGE,"SELECT * FROM SALES_TRANSACTIONS WHERE created_at >= dateadd('day', -7, current_date())",3.1159031439016873,703437,SUCCESS,
cf169f2a-ea72-474a-a74f-eefcfa8a4e10,2025-09-05T14:19:00,879c852e-e8e8-45c3-9ead-5fa56c9ecfbc,egarcia,BI_WH_LARGE,"SELECT * FROM EMPLOYEE_RECORDS WHERE created_at >= dateadd('day', -7, current_date())",2.9946033387649567,123683,SUCCESS,
c96df02c-ed22-4612-a247-8566532bf390,2025-09-05T14:33:00,a3a85592-9f3f-4845-87b8-dd199fcdc3cc,gmoreno,BI_WH_X-SMALL,"SELECT * FROM PRODUCT_INVENTORY WHERE created_at >= dateadd('day', -7, current_date())",2.3353685850085837,62519,SUCCESS,
1e078467-b950-4723-a6fc-92316055dff0,2025-09-05T14:33:00,4663d48b-596a-4f39-b714-8d69ac9a7d2a,robert93,DEV_WH_LARGE,"SELECT DISTINCT column1, column2 FROM USER_ACTIVITY_LOGS WHERE condition = 'value'",1.9280717572996804,307999,SUCCESS,
ff57ffd5-1a7c-4f13-aa9e-1266fc490f36,2025-09-05T14:33:00,3d8cc43f-0f00-40bd-b8b2-34ac61fc0360,rwilliams,PROD_WH_X-SMALL,SELECT * FROM MARKETING_CAMPAIGNS LIMIT 1000,2.7188671857298314,735850,SUCCESS,
c94e8ed0-b73f-463b-904c-ada7ab8b32b8,2025-09-05T14:33:00,89e53854-09b7-4b59-8352-a231c51f8687,glarsen,PROD_WH_SMALL,"SELECT * FROM EMPLOYEE_RECORDS WHERE created_at >= dateadd('day', -7, current_date())",0.1256427850892169,240620,SUCCESS,
8a027c9b-a4b5-4d6d-838d-6d88f0de037d,2025-09-05T14:33:00,89e53854-09b7-4b59-8352-a231c51f8687,glarsen,DEV_WH_SMALL,"SELECT COUNT(*) FROM USER_ACTIVITY_LOGS GROUP BY date_trunc('day', created_at)",2.2480776749070777,396987,SUCCESS,
a86a3af4-7bad-4afd-bb07-c931824e7453,2025-09-05T14:33:00,9a7a68c7-1b0c-4669-859f-6d352b1e386f,andrew16,PROD_WH_X-SMALL,"SELECT DISTINCT column1, column2 FROM SYSTEM_EVENTS WHERE condition = 'value'",3.563376389491598,80446,SUCCESS,
80b4add8-acec-468b-a58e-e268ee2926dd,2025-09-05T14:33:00,f0c2cfac-cf3b-4053-9e79-a6a4c6bbd187,garciaalison,BI_WH_SMALL,"SELECT * FROM USER_ACTIVITY_LOGS WHERE created_at >= dateadd('day', -7, current_date())",3.5576001485060913,858196,SUCCESS,
97ac558f-cb6d-41ea-9b24-b3d0b0e9768b,2025-09-05T14:33:00,57eba2d7-a4fe-48aa-aa7b-ad0e6f1296b7,jose46,BI_WH_LARGE,"SELECT DISTINCT column1, column2 FROM MARKETING_CAMPAIGNS WHERE condition = 'value'",3.4922859976299936,121860,SUCCESS,
54fa58c5-48af-4c84-a4e4-907b580c251e,2025-09-05T14:33:00,3d8cc43f-0f00-40bd-b8b2-34ac61fc0360,rwilliams,PROD_WH_SMALL,"SELECT * FROM SALES_TRANSACTIONS WHERE created_at >= dateadd('day', -7, current_date())",2.7804018253814564,495608,SUCCESS,
4791ebf8-65ef-4ebe-9352-be3e6b67a1e1,2025-09-05T14:33:00,f0c2cfac-cf3b-4053-9e79-a6a4c6bbd187,garciaalison,PROD_WH_MEDIUM,"SELECT * FROM PRODUCT_INVENTORY WHERE created_at >= dateadd('day', -7, current_date())",3.899982080250935,615804,SUCCESS,
e832641a-32cc-4fc5-9d0e-2b3fbee478e9,2025-09-05T14:42:00,da0f0f7a-8d2c-4ca9-b82e-cda33fba6610,rachel35,DEV_WH_X-SMALL,"SELECT * FROM SALES_TRANSACTIONS WHERE created_at >= dateadd('day', -7, current_date())",3.3287993809464935,903724,SUCCESS,
ff00d651-e6d3-4575-95e7-2c22bc3ce598,2025-09-05T14:42:00,9a7a68c7-1b0c-4669-859f-6d352b1e386f,andrew16,BI_WH_MEDIUM,"SELECT DISTINCT column1, column2 FROM CUSTOMER_DATA WHERE condition = 'value'",1.107619528617326,514117,SUCCESS,
6a7825e0-fe9d-4ad9-91fa-1a94b86f8503,2025-09-05T14:42:00,ac5e7ada-2f2f-4292-a0e4-18083982547a,lliu,BI_WH_SMALL,"SELECT DISTINCT column1, column2 FROM PRODUCT_INVENTORY WHERE condition = 'value'",0.3063686320222275,254135,SUCCESS,
e448b32b-8795-44e3-9b4d-a4a86abb845b,2025-09-05T14:42:00,cea2e75f-1ee1-4b1d-90f5-242f82a02bed,erickennedy,DEV_WH_LARGE,SELECT * FROM PRODUCT_INVENTORY LIMIT 1000,0.2276248422543199,774127,SUCCESS,
d4856afc-afe4-48c1-9cc2-01d818e4abb9,2025-09-05T14:42:00,5fb2a072-2bab-4b94-9109-9cbea70c5438,bryancuevas,ETL_WH_MEDIUM,"SELECT * FROM SALES_TRANSACTIONS WHERE created_at >= dateadd('day', -7, current_date())",0.8085857093721444,408199,SUCCESS,
d1326f32-bd03-4345-a4e2-96b878084bf1,2025-09-05T14:42:00,f0c2cfac-cf3b-4053-9e79-a6a4c6bbd187,garciaalison,DEV_WH_SMALL,"SELECT DISTINCT column1, column2 FROM EMPLOYEE_RECORDS WHERE condition = 'value'",0.7602153519353214,660021,SUCCESS,
925ddca9-ece7-4148-8cd9-de862dc4b33f,2025-09-05T14:42:00,7cd584de-ca92-465c-8ea8-5f7ad356bee6,danasandoval,ETL_WH_X-SMALL,"SELECT DISTINCT column1, column2 FROM PRODUCT_INVENTORY WHERE condition = 'value'",3.6122884472644543,989905,SUCCESS,
e0ef25ec-6315-45fb-b5b4-115901373522,2025-09-05T14:42:00,9a7a68c7-1b0c-4669-859f-6d352b1e386f,andrew16,DEV_WH_MEDIUM,"SELECT DISTINCT column1, column2 FROM CUSTOMER_DATA WHERE condition = 'value'",2.298013353398791,761108,SUCCESS,
47080b3b-189f-4866-b39a-3c644a7982b7,2025-09-05T14:42:00,5fb2a072-2bab-4b94-9109-9cbea70c5438,bryancuevas,ETL_WH_SMALL,"SELECT DISTINCT column1, column2 FROM CUSTOMER_DATA WHERE condition = 'value'",0.10883318279590355,607606,SUCCESS,
406b359c-119a-4b7a-9940-fa212151f2df,2025-09-05T14:42:00,3d8cc43f-0f00-40bd-b8b2-34ac61fc0360,rwilliams,BI_WH_SMALL,"SELECT COUNT(*) FROM EMPLOYEE_RECORDS GROUP BY date_trunc('day', created_at)",1.6966007065771214,740643,SUCCESS,
efe30dc3-090b-45ad-a5e4-86d6b52d8e1b,2025-09-05T14:56:00,b92c2609-888c-471e-bf61-4363556df9d8,frank26,BI_WH_X-SMALL,"SELECT COUNT(*) FROM PRODUCT_INVENTORY GROUP BY date_trunc('day', created_at)",3.4571864917557207,390237,SUCCESS,
6d162ae1-6dbd-4f95-b9a9-8965a440b4bd,2025-09-05T14:56:00,5fb2a072-2bab-4b94-9109-9cbea70c5438,bryancuevas,ETL_WH_LARGE,SELECT * FROM PRODUCT_INVENTORY LIMIT 1000,0.990060819739993,910197,SUCCESS,
4d87cba2-3a11-4036-8274-fdd2529886e1,2025-09-05T14:56:00,a3a85592-9f3f-4845-87b8-dd199fcdc3cc,gmoreno,ETL_WH_SMALL,"SELECT COUNT(*) FROM MARKETING_CAMPAIGNS GROUP BY date_trunc('day', created_at)",1.8976159206230285,841620,SUCCESS,
eb772364-5819-4b25-93de-f5de9184bd26,2025-09-05T14:56:00,859c34dd-4540-49a3-b26d-f82b1455d905,oatkinson,ETL_WH_SMALL,"SELECT DISTINCT column1, column2 FROM SALES_TRANSACTIONS WHERE condition = 'value'",1.1612901464504661,189000,SUCCESS,
4dfa5a64-e1e3-43c7-8606-23b861481eb9,2025-09-05T14:56:00,82e7a6a3-1f49-4f5a-8a2a-96e5a654a185,codyoconnor,BI_WH_SMALL,"SELECT * FROM MARKETING_CAMPAIGNS WHERE created_at >= dateadd('day', -7, current_date())",4.684754460356489,102518,SUCCESS,
240c489e-5f21-4ba1-b2dc-b8621310c6ba,2025-09-05T14:56:00,82e7a6a3-1f49-4f5a-8a2a-96e5a654a185,codyoconnor,PROD_WH_X-SMALL,"SELECT DISTINCT column1, column2 FROM CUSTOMER_DATA WHERE condition = 'value'",2.572353133161138,844755,SUCCESS,
4c8debbe-eb48-4216-be5a-933ba5c21432,2025-09-05T14:56:00,3d8cc43f-0f00-40bd-b8b2-34ac61fc0360,rwilliams,DEV_WH_X-SMALL,"SELECT * FROM MARKETING_CAMPAIGNS WHERE created_at >= dateadd('day', -7, current_date())",3.513595256911574,975605,SUCCESS,
75c996f1-3fef-4283-a751-8b3a30eb2670,2025-09-05T14:56:00,859c34dd-4540-49a3-b26d-f82b1455d905,oatkinson,DEV_WH_X-SMALL,SELECT * FROM EMPLOYEE_RECORDS LIMIT 1000,4.394688488670559,388208,SUCCESS,
b3fc2ae9-b353-4739-98d8-f11c9f94bf12,2025-09-05T14:56:00,da0f0f7a-8d2c-4ca9-b82e-cda33fba6610,rachel35,DEV_WH_X-SMALL,"SELECT DISTINCT column1, column2 FROM FINANCIAL_METRICS WHERE condition = 'value'",4.856725372427261,812602,SUCCESS,
b872dce0-725b-4efe-8c59-5c2dca2fce76,2025-09-05T14:56:00,cea2e75f-1ee1-4b1d-90f5-242f82a02bed,erickennedy,ETL_WH_LARGE,"SELECT DISTINCT column1, column2 FROM EMPLOYEE_RECORDS WHERE condition = 'value'",1.1825865523589854,19890,SUCCESS,
f583a483-e419-497b-bcb8-2e7fc6d5b109,2025-09-05T15:07:00,7cd584de-ca92-465c-8ea8-5f7ad356bee6,danasandoval,PROD_WH_LARGE,"SELECT * FROM PRODUCT_INVENTORY WHERE created_at >= dateadd('day', -7, current_date())",3.233661488543236,52605,SUCCESS,
284ee92d-c77e-4e82-b1a9-b89527eac564,2025-09-05T15:07:00,ac5e7ada-2f2f-4292-a0e4-18083982547a,lliu,ETL_WH_X-SMALL,SELECT * FROM FINANCIAL_METRICS LIMIT 1000,0.8858957078599861,595369,SUCCESS,
8cff1600-85ad-4b90-83fb-908a8297ec64,2025-09-05T15:07:00,ac5e7ada-2f2f-4292-a0e4-18083982547a,lliu,DEV_WH_X-SMALL,SELECT * FROM SYSTEM_EVENTS LIMIT 1000,2.787535867510671,232810,SUCCESS,
c2c8ea76-5fe9-4883-a06d-ccb38ce6013f,2025-09-05T15:07:00,4bc8b8f2-4d6e-4d5e-8d40-a7b6b3d6bb03,amandamitchell,PROD_WH_SMALL,"SELECT COUNT(*) FROM SYSTEM_EVENTS GROUP BY date_trunc('day', created_at)",4.030271650428818,675672,SUCCESS,
66941d4b-5a2b-43e5-a3e8-b71543725e2b,2025-09-05T15:07:00,cea2e75f-1ee1-4b1d-90f5-242f82a02bed,erickennedy,BI_WH_X-SMALL,SELECT * FROM SYSTEM_EVENTS LIMIT 1000,4.080805370225783,469749,SUCCESS,
24cc2697-1fb0-4b0a-8053-18b0c491c21f,2025-09-05T15:07:00,879c852e-e8e8-45c3-9ead-5fa56c9ecfbc,egarcia,ETL_WH_MEDIUM,SELECT * FROM FINANCIAL_METRICS LIMIT 1000,0.8349246824850045,810770,SUCCESS,
69353589-4d9f-4aa2-99b4-0bbd845d273b,2025-09-05T15:07:00,00f99f6f-5fcc-490a-84f9-6b24911c0b2e,emilyhamilton,BI_WH_SMALL,SELECT * FROM EMPLOYEE_RECORDS LIMIT 1000,2.9202391309146876,73432,SUCCESS,
dfb837a6-8a84-4b7e-b8f4-792d4c332206,2025-09-05T15:07:00,ac5e7ada-2f2f-4292-a0e4-18083982547a,lliu,BI_WH_LARGE,"SELECT * FROM EMPLOYEE_RECORDS WHERE created_at >= dateadd('day', -7, current_date())",3.5984132589078244,497356,SUCCESS,
3fe8743c-e2e5-4d90-a9fb-853062193587,2025-09-05T15:07:00,f0c2cfac-cf3b-4053-9e79-a6a4c6bbd187,garciaalison,ETL_WH_X-SMALL,"SELECT COUNT(*) FROM FINANCIAL_METRICS GROUP BY date_trunc('day', created_at)",2.730374639200162,889745,SUCCESS,
3c3a52c6-9e6f-4c18-823a-9ab197fc0e39,2025-09-05T15:07:00,a3a85592-9f3f-4845-87b8-dd199fcdc3cc,gmoreno,ETL_WH_X-SMALL,"SELECT * FROM MARKETING_CAMPAIGNS WHERE created_at >= dateadd('day', -7, current_date())",4.072593631549015,866782,SUCCESS,
72665d25-e8f0-43e3-a5a6-9b79dbe3fd39,2025-09-05T15:16:00,a3a85592-9f3f-4845-87b8-dd199fcdc3cc,gmoreno,PROD_WH_X-SMALL,"SELECT COUNT(*) FROM FINANCIAL_METRICS GROUP BY date_trunc('day', created_at)",2.352663499201051,944763,SUCCESS,
c7189c35-0a2a-410c-aa79-e8c41e3ac673,2025-09-05T15:16:00,3d8cc43f-0f00-40bd-b8b2-34ac61fc0360,rwilliams,ETL_WH_SMALL,SELECT * FROM PRODUCT_INVENTORY LIMIT 1000,3.5017577772996673,583579,SUCCESS,
5a52fe9e-bd92-44e0-b18f-17285f0bd63e,2025-09-05T15:16:00,859c34dd-4540-49a3-b26d-f82b1455d905,oatkinson,BI_WH_MEDIUM,SELECT * FROM SYSTEM_EVENTS LIMIT 1000,3.831192116640277,221804,SUCCESS,
5dbc4702-a36c-4d73-897e-c296d01a2374,2025-09-05T15:16:00,89e53854-09b7-4b59-8352-a231c51f8687,glarsen,DEV_WH_X-SMALL,"SELECT COUNT(*) FROM USER_ACTIVITY_LOGS GROUP BY date_trunc('day', created_at)",2.4357426955929298,465778,SUCCESS,
09fdc103-0ed8-417a-8bb0-511fb2c337b6,2025-09-05T15:16:00,879c852e-e8e8-45c3-9ead-5fa56c9ecfbc,egarcia,BI_WH_SMALL,"SELECT * FROM CUSTOMER_DATA WHERE created_at >= dateadd('day', -7, current_date())",0.27491129302365325,922324,SUCCESS,
a3cea65d-be68-4ed4-812e-37ecd5922f24,2025-09-05T15:16:00,89e53854-09b7-4b59-8352-a231c51f8687,glarsen,BI_WH_X-SMALL,"SELECT COUNT(*) FROM USER_ACTIVITY_LOGS GROUP BY date_trunc('day', created_at)",3.5487945001721792,331999,SUCCESS,
cce7a8da-ebc9-43da-b93e-0e2c23b78fd0,2025-09-05T15:16:00,9a7a68c7-1b0c-4669-859f-6d352b1e386f,andrew16,BI_WH_X-SMALL,SELECT * FROM USER_ACTIVITY_LOGS LIMIT 1000,2.418708625654983,526168,SUCCESS,
e6d8ef53-636d-4e25-b504-7eed016984ba,2025-09-05T15:16:00,89e53854-09b7-4b59-8352-a231c51f8687,glarsen,BI_WH_SMALL,SELECT * FROM SYSTEM_EVENTS LIMIT 1000,0.8204901507102299,868501,SUCCESS,
c36888e8-823f-4ee5-b26b-3da5218c9ab7,2025-09-05T15:16:00,4bc8b8f2-4d6e-4d5e-8d40-a7b6b3d6bb03,amandamitchell,ETL_WH_LARGE,SELECT * FROM EMPLOYEE_RECORDS LIMIT 1000,3.70244143808807,44585,SUCCESS,
4d7e0fc8-1068-4616-a720-e5812d5fc457,2025-09-05T15:16:00,ac5e7ada-2f2f-4292-a0e4-18083982547a,lliu,BI_WH_X-SMALL,"SELECT DISTINCT column1, column2 FROM PRODUCT_INVENTORY WHERE condition = 'value'",4.936926762785431,46904,SUCCESS,
2f50b9df-8088-4309-9d16-f52f27e2f19d,2025-09-05T15:26:00,da0f0f7a-8d2c-4ca9-b82e-cda33fba6610,rachel35,PROD_WH_LARGE,"SELECT COUNT(*) FROM FINANCIAL_METRICS GROUP BY date_trunc('day', created_at)",0.17167591069117896,837886,SUCCESS,
ae431ab2-f024-4641-87bb-29bf0cb8cffb,2025-09-05T15:26:00,a3a85592-9f3f-4845-87b8-dd199fcdc3cc,gmoreno,DEV_WH_MEDIUM,SELECT * FROM FINANCIAL_METRICS LIMIT 1000,2.787931299459288,20409,SUCCESS,
0b076260-edad-47de-ae9e-02ea9fa87054,2025-09-05T15:26:00,b92c2609-888c-471e-bf61-4363556df9d8,frank26,BI_WH_LARGE,"SELECT * FROM SALES_TRANSACTIONS WHERE created_at >= dateadd('day', -7, current_date())",1.5609789745101246,111755,SUCCESS,
f0fc7669-a94a-4d7e-8360-fd0e88d9a303,2025-09-05T15:26:00,a3a85592-9f3f-4845-87b8-dd199fcdc3cc,gmoreno,DEV_WH_X-SMALL,"SELECT COUNT(*) FROM EMPLOYEE_RECORDS GROUP BY date_trunc('day', created_at)",2.1295599177567035,707132,SUCCESS,
fd649aa4-fb72-4ff0-a4ac-db3cddf9cea8,2025-09-05T15:26:00,ac5e7ada-2f2f-4292-a0e4-18083982547a,lliu,DEV_WH_SMALL,SELECT * FROM MARKETING_CAMPAIGNS LIMIT 1000,2.2031869210170156,238670,SUCCESS,
1236186f-671d-4ef9-a643-2a3b0ffc6db3,2025-09-05T15:26:00,5fb2a072-2bab-4b94-9109-9cbea70c5438,bryancuevas,DEV_WH_X-SMALL,"SELECT * FROM SYSTEM_EVENTS WHERE created_at >= dateadd('day', -7, current_date())",2.4697049529653787,466696,SUCCESS,
663087d0-5fd8-4a21-ab5a-27a31ad7151a,2025-09-05T15:26:00,5fb2a072-2bab-4b94-9109-9cbea70c5438,bryancuevas,DEV_WH_MEDIUM,"SELECT * FROM EMPLOYEE_RECORDS WHERE created_at >= dateadd('day', -7, current_date())",3.747362721686523,66114,SUCCESS,
a5848df8-ea16-4760-9568-90a6bd771dbd,2025-09-05T15:26:00,a3a85592-9f3f-4845-87b8-dd199fcdc3cc,gmoreno,BI_WH_LARGE,SELECT * FROM SYSTEM_EVENTS LIMIT 1000,2.8914991477929486,305487,SUCCESS,
df6ddbef-8bda-4ec1-aee7-99476caea4f2,2025-09-05T15:26:00,4bc8b8f2-4d6e-4d5e-8d40-a7b6b3d6bb03,amandamitchell,PROD_WH_MEDIUM,"SELECT DISTINCT column1, column2 FROM USER_ACTIVITY_LOGS WHERE condition = 'value'",0.8115544378606379,814132,SUCCESS,
fa94acaa-cad7-4281-ae65-2cec485bf329,2025-09-05T15:26:00,da0f0f7a-8d2c-4ca9-b82e-cda33fba6610,rachel35,ETL_WH_SMALL,SELECT * FROM USER_ACTIVITY_LOGS LIMIT 1000,1.1200641281416432,901986,SUCCESS,
519c94cc-2dfe-4223-9de5-244655d067af,2025-09-05T15:40:00,4663d48b-596a-4f39-b714-8d69ac9a7d2a,robert93,DEV_WH_MEDIUM,"SELECT COUNT(*) FROM CUSTOMER_DATA GROUP BY date_trunc('day', created_at)",4.201467896320072,478322,SUCCESS,
2606501f-bb1b-45bb-9a92-9845ac06e907,2025-09-05T15:40:00,5fb2a072-2bab-4b94-9109-9cbea70c5438,bryancuevas,PROD_WH_X-SMALL,"SELECT * FROM PRODUCT_INVENTORY WHERE created_at >= dateadd('day', -7, current_date())",2.2995340602068435,986849,SUCCESS,
dd3e0605-9717-43d6-8298-c46bede1ee1a,2025-09-05T15:40:00,9a7a68c7-1b0c-4669-859f-6d352b1e386f,andrew16,ETL_WH_MEDIUM,SELECT * FROM MARKETING_CAMPAIGNS LIMIT 1000,0.10379134713673902,800047,SUCCESS,
14b9c3d9-a08b-4427-9e96-c73f4c4cbb3f,2025-09-05T15:40:00,9a7a68c7-1b0c-4669-859f-6d352b1e386f,andrew16,PROD_WH_X-SMALL,SELECT * FROM SALES_TRANSACTIONS LIMIT 1000,3.3008300620295423,438500,SUCCESS,
8a97cf46-e344-4395-8083-de4781d07c0c,2025-09-05T15:40:00,b92c2609-888c-471e-bf61-4363556df9d8,frank26,BI_WH_MEDIUM,"SELECT COUNT(*) FROM MARKETING_CAMPAIGNS GROUP BY date_trunc('day', created_at)",0.4509828214029974,2768,SUCCESS,
e75426e5-fa79-480c-9002-97ef747fcaa2,2025-09-05T15:40:00,82e7a6a3-1f49-4f5a-8a2a-96e5a654a185,codyoconnor,ETL_WH_LARGE,"SELECT COUNT(*) FROM CUSTOMER_DATA GROUP BY date_trunc('day', created_at)",0.6299523791118234,171550,SUCCESS,
92493733-b99d-40da-a42d-8da93a5dafb1,2025-09-05T15:40:00,5fb2a072-2bab-4b94-9109-9cbea70c5438,bryancuevas,PROD_WH_LARGE,"SELECT DISTINCT column1, column2 FROM EMPLOYEE_RECORDS WHERE condition = 'value'",0.5183908966024611,208745,SUCCESS,
aaac558d-c6d5-4b6a-bccc-dd42afc92094,2025-09-05T15:40:00,f0c2cfac-cf3b-4053-9e79-a6a4c6bbd187,garciaalison,BI_WH_LARGE,"SELECT DISTINCT column1, column2 FROM PRODUCT_INVENTORY WHERE condition = 'value'",1.8247131662103684,178984,SUCCESS,
fe1b59b0-7c8e-4ed0-a5d0-1db3870664c6,2025-09-05T15:40:00,f22aa1cf-fe8b-4e78-8492-b46e0f46ffda,brandtmisty,PROD_WH_LARGE,"SELECT DISTINCT column1, column2 FROM PRODUCT_INVENTORY WHERE condition = 'value'",3.7635340264530037,876072,SUCCESS,
d4dca1d4-651f-4e7c-9bf7-72abbe22652d,2025-09-05T15:40:00,7cd584de-ca92-465c-8ea8-5f7ad356bee6,danasandoval,PROD_WH_LARGE,"SELECT DISTINCT column1, column2 FROM CUSTOMER_DATA WHERE condition = 'value'",4.912189715623166,638812,SUCCESS,
717edbda-21f4-4145-816a-be9b0b9073fc,2025-09-05T15:55:00,3d8cc43f-0f00-40bd-b8b2-34ac61fc0360,rwilliams,BI_WH_MEDIUM,"SELECT * FROM PRODUCT_INVENTORY WHERE created_at >= dateadd('day', -7, current_date())",1.0814218009824124,237982,SUCCESS,
bf80aa98-a7d2-427a-83f5-e42f5c6a05f6,2025-09-05T15:55:00,3d8cc43f-0f00-40bd-b8b2-34ac61fc0360,rwilliams,ETL_WH_LARGE,"SELECT COUNT(*) FROM SYSTEM_EVENTS GROUP BY date_trunc('day', created_at)",4.599243552583515,115557,SUCCESS,
9c696add-c6bb-49f1-9ea6-67c4e194f8b7,2025-09-05T15:55:00,00f99f6f-5fcc-490a-84f9-6b24911c0b2e,emilyhamilton,DEV_WH_LARGE,"SELECT COUNT(*) FROM EMPLOYEE_RECORDS GROUP BY date_trunc('day', created_at)",2.573948620249362,928369,SUCCESS,
d0bed245-d8d6-469e-af9e-c0c8577df05a,2025-09-05T15:55:00,7cd584de-ca92-465c-8ea8-5f7ad356bee6,danasandoval,ETL_WH_MEDIUM,SELECT * FROM FINANCIAL_METRICS LIMIT 1000,0.551742819474309,463084,SUCCESS,
d63060b0-f0f4-4471-80c6-c1caa1c955eb,2025-09-05T15:55:00,57eba2d7-a4fe-48aa-aa7b-ad0e6f1296b7,jose46,PROD_WH_X-SMALL,SELECT * FROM MARKETING_CAMPAIGNS LIMIT 1000,1.3515824689775526,406979,SUCCESS,
85e2b674-5912-475b-939e-ae2f9441fc60,2025-09-05T15:55:00,cea2e75f-1ee1-4b1d-90f5-242f82a02bed,erickennedy,BI_WH_LARGE,"SELECT COUNT(*) FROM CUSTOMER_DATA GROUP BY date_trunc('day', created_at)",2.5088978102013075,609091,SUCCESS,
069e62c8-09bc-4fd5-9326-71db64e13f16,2025-09-05T15:55:00,879c852e-e8e8-45c3-9ead-5fa56c9ecfbc,egarcia,DEV_WH_MEDIUM,"SELECT DISTINCT column1, column2 FROM PRODUCT_INVENTORY WHERE condition = 'value'",2.176461930494572,525433,SUCCESS,
67d44d08-2ae4-438e-946e-1d1cda325451,2025-09-05T15:55:00,4b7e389e-8c78-4e72-ab0b-774df43b399e,hardinjennifer,BI_WH_SMALL,"SELECT DISTINCT column1, column2 FROM EMPLOYEE_RECORDS WHERE condition = 'value'",1.0276615296149125,53694,SUCCESS,
9a128677-9cb0-49dc-96b5-ac98a8e4c9b4,2025-09-05T15:55:00,4b7e389e-8c78-4e72-ab0b-774df43b399e,hardinjennifer,DEV_WH_MEDIUM,"SELECT COUNT(*) FROM SYSTEM_EVENTS GROUP BY date_trunc('day', created_at)",3.868099908310808,603517,SUCCESS,
a06768af-8bc7-4f68-ae01-35fe76ef5f08,2025-09-05T15:55:00,a3a85592-9f3f-4845-87b8-dd199fcdc3cc,gmoreno,DEV_WH_MEDIUM,SELECT * FROM USER_ACTIVITY_LOGS LIMIT 1000,1.283768745444102,395994,SUCCESS,
06c03778-6649-4bd9-91a8-72c1debdb6d6,2025-09-05T16:04:00,82e7a6a3-1f49-4f5a-8a2a-96e5a654a185,codyoconnor,BI_WH_LARGE,"SELECT DISTINCT column1, column2 FROM MARKETING_CAMPAIGNS WHERE condition = 'value'",4.20299384162027,974047,SUCCESS,
a165c04a-3904-46e9-b3f8-c3fd2c5d93f9,2025-09-05T16:04:00,b92c2609-888c-471e-bf61-4363556df9d8,frank26,BI_WH_LARGE,"SELECT DISTINCT column1, column2 FROM SALES_TRANSACTIONS WHERE condition = 'value'",1.0580553857929647,213247,SUCCESS,
8560638e-a49a-49a7-a40c-9a4afcb8934d,2025-09-05T16:04:00,ac5e7ada-2f2f-4292-a0e4-18083982547a,lliu,BI_WH_LARGE,"SELECT DISTINCT column1, column2 FROM SALES_TRANSACTIONS WHERE condition = 'value'",4.184726322442287,918408,SUCCESS,
47e8174b-42f6-447b-8290-f5e1c16b7e0b,2025-09-05T16:04:00,4b7e389e-8c78-4e72-ab0b-774df43b399e,hardinjennifer,DEV_WH_LARGE,"SELECT COUNT(*) FROM EMPLOYEE_RECORDS GROUP BY date_trunc('day', created_at)",0.823250019821932,764087,SUCCESS,
925b874f-6aec-46bb-897d-a5a2ad78ffae,2025-09-05T16:04:00,4663d48b-596a-4f39-b714-8d69ac9a7d2a,robert93,DEV_WH_LARGE,"SELECT * FROM PRODUCT_INVENTORY WHERE created_at >= dateadd('day', -7, current_date())",0.7625291533921574,808239,SUCCESS,
d294712d-2e85-4056-a349-87e42cb737f6,2025-09-05T16:04:00,859c34dd-4540-49a3-b26d-f82b1455d905,oatkinson,PROD_WH_X-SMALL,SELECT * FROM SALES_TRANSACTIONS LIMIT 1000,0.6735098251980691,355416,SUCCESS,
06a89099-7156-45ee-a2d4-c7c59a0153fe,2025-09-05T16:04:00,cea2e75f-1ee1-4b1d-90f5-242f82a02bed,erickennedy,PROD_WH_LARGE,"SELECT * FROM USER_ACTIVITY_LOGS WHERE created_at >= dateadd('day', -7, current_date())",2.821831226365196,540550,SUCCESS,
6acd25d5-a063-4e2f-89aa-9a7d40d9e746,2025-09-05T16:04:00,89e53854-09b7-4b59-8352-a231c51f8687,glarsen,ETL_WH_MEDIUM,"SELECT DISTINCT column1, column2 FROM PRODUCT_INVENTORY WHERE condition = 'value'",0.3813747489063736,854374,SUCCESS,
87f71e1f-d491-474b-83c8-4b2407d21b71,2025-09-05T16:04:00,7cd584de-ca92-465c-8ea8-5f7ad356bee6,danasandoval,PROD_WH_SMALL,"SELECT DISTINCT column1, column2 FROM PRODUCT_INVENTORY WHERE condition = 'value'",3.1013781076534768,804351,SUCCESS,
e5398231-5633-4393-b163-2ae190deeea3,2025-09-05T16:04:00,cea2e75f-1ee1-4b1d-90f5-242f82a02bed,erickennedy,PROD_WH_X-SMALL,"SELECT COUNT(*) FROM EMPLOYEE_RECORDS GROUP BY date_trunc('day', created_at)",0.9219219064176434,152791,SUCCESS,
99763768-814e-4ec7-a72c-deebe9273d7e,2025-09-05T16:19:00,9a7a68c7-1b0c-4669-859f-6d352b1e386f,andrew16,ETL_WH_LARGE,"SELECT DISTINCT column1, column2 FROM USER_ACTIVITY_LOGS WHERE condition = 'value'",3.3247121745137713,704050,SUCCESS,
7fd953bc-2fa7-46bb-9282-1ec637c8105b,2025-09-05T16:19:00,ac5e7ada-2f2f-4292-a0e4-18083982547a,lliu,BI_WH_LARGE,SELECT * FROM EMPLOYEE_RECORDS LIMIT 1000,4.615660987333686,215278,SUCCESS,
bd1ecfd3-a8b4-40bd-9c99-7504a319fcd4,2025-09-05T16:19:00,859c34dd-4540-49a3-b26d-f82b1455d905,oatkinson,ETL_WH_LARGE,"SELECT * FROM SYSTEM_EVENTS WHERE created_at >= dateadd('day', -7, current_date())",4.042382140604586,494666,SUCCESS,
73a457f7-cc96-45e7-8ef0-7a03aba5f31c,2025-09-05T16:19:00,3d8cc43f-0f00-40bd-b8b2-34ac61fc0360,rwilliams,ETL_WH_X-SMALL,"SELECT DISTINCT column1, column2 FROM SALES_TRANSACTIONS WHERE condition = 'value'",1.9193588458965893,78618,SUCCESS,
142cd58d-b6ee-45df-a1c6-7b30d052362b,2025-09-05T16:19:00,f0c2cfac-cf3b-4053-9e79-a6a4c6bbd187,garciaalison,ETL_WH_SMALL,"SELECT * FROM SYSTEM_EVENTS WHERE created_at >= dateadd('day', -7, current_date())",0.648679702193493,171992,SUCCESS,
2f842909-c325-48b5-9ec5-37634cc8a872,2025-09-05T16:19:00,f22aa1cf-fe8b-4e78-8492-b46e0f46ffda,brandtmisty,DEV_WH_LARGE,"SELECT COUNT(*) FROM EMPLOYEE_RECORDS GROUP BY date_trunc('day', created_at)",0.9570297555238066,337879,SUCCESS,
a0561153-558e-433b-b86b-b23b47fc7e8d,2025-09-05T16:19:00,4b7e389e-8c78-4e72-ab0b-774df43b399e,hardinjennifer,DEV_WH_LARGE,"SELECT * FROM EMPLOYEE_RECORDS WHERE created_at >= dateadd('day', -7, current_date())",1.1434285631898007,796046,SUCCESS,
a50dd437-eb5c-4613-bf6c-aa66413306ec,2025-09-05T16:19:00,cea2e75f-1ee1-4b1d-90f5-242f82a02bed,erickennedy,ETL_WH_X-SMALL,"SELECT * FROM FINANCIAL_METRICS WHERE created_at >= dateadd('day', -7, current_date())",0.35085819654456685,973952,SUCCESS,
dc9554ea-da95-4f54-9067-baabffd04095,2025-09-05T16:19:00,00f99f6f-5fcc-490a-84f9-6b24911c0b2e,emilyhamilton,ETL_WH_SMALL,SELECT * FROM SALES_TRANSACTIONS LIMIT 1000,2.699182617406106,567156,SUCCESS,
12d90b21-3850-4a90-b93b-aeb1f0f865dc,2025-09-05T16:19:00,7cd584de-ca92-465c-8ea8-5f7ad356bee6,danasandoval,BI_WH_X-SMALL,"SELECT DISTINCT column1, column2 FROM MARKETING_CAMPAIGNS WHERE condition = 'value'",4.815313731285398,723353,SUCCESS,
8a24a230-a7c1-4d67-8244-f90d7f76ea03,2025-09-05T16:24:00,4b7e389e-8c78-4e72-ab0b-774df43b399e,hardinjennifer,DEV_WH_SMALL,SELECT * FROM SALES_TRANSACTIONS LIMIT 1000,2.3446578996054233,120958,SUCCESS,
3a666ca3-0bed-4406-a459-e6f9679e4baf,2025-09-05T16:24:00,3d8cc43f-0f00-40bd-b8b2-34ac61fc0360,rwilliams,BI_WH_X-SMALL,SELECT * FROM CUSTOMER_DATA LIMIT 1000,3.892863109216182,887237,SUCCESS,
2ad12ffc-a536-4165-90c1-f23b482a0b0d,2025-09-05T16:24:00,7cd584de-ca92-465c-8ea8-5f7ad356bee6,danasandoval,ETL_WH_MEDIUM,SELECT * FROM SALES_TRANSACTIONS LIMIT 1000,2.181982368072236,590713,SUCCESS,
0cea8cf0-458e-4ad8-8ee9-f0681cde1bb8,2025-09-05T16:24:00,57eba2d7-a4fe-48aa-aa7b-ad0e6f1296b7,jose46,ETL_WH_X-SMALL,"SELECT COUNT(*) FROM MARKETING_CAMPAIGNS GROUP BY date_trunc('day', created_at)",4.099853513783188,854383,SUCCESS,
7dd98b1c-971b-489f-b45f-498d1598d7c2,2025-09-05T16:24:00,4663d48b-596a-4f39-b714-8d69ac9a7d2a,robert93,ETL_WH_LARGE,SELECT * FROM SYSTEM_EVENTS LIMIT 1000,4.176725616674928,658380,SUCCESS,
e37530d6-ec8e-4a11-913b-b89824ed74be,2025-09-05T16:24:00,cea2e75f-1ee1-4b1d-90f5-242f82a02bed,erickennedy,DEV_WH_X-SMALL,"SELECT * FROM PRODUCT_INVENTORY WHERE created_at >= dateadd('day', -7, current_date())",2.3079488306304525,991277,SUCCESS,
682b083b-5833-4bd0-bb2c-d804d3566cde,2025-09-05T16:24:00,cea2e75f-1ee1-4b1d-90f5-242f82a02bed,erickennedy,ETL_WH_MEDIUM,"SELECT * FROM EMPLOYEE_RECORDS WHERE created_at >= dateadd('day', -7, current_date())",2.3815173831815506,326385,SUCCESS,
2ddc6742-0630-49e9-b16c-c35a90289797,2025-09-05T16:24:00,f22aa1cf-fe8b-4e78-8492-b46e0f46ffda,brandtmisty,DEV_WH_X-SMALL,"SELECT * FROM SYSTEM_EVENTS WHERE created_at >= dateadd('day', -7, current_date())",0.6404224282309785,216374,SUCCESS,
36fc2cd1-5de4-4870-8c5d-5df08ded5646,2025-09-05T16:24:00,3d8cc43f-0f00-40bd-b8b2-34ac61fc0360,rwilliams,PROD_WH_X-SMALL,"SELECT DISTINCT column1, column2 FROM SALES_TRANSACTIONS WHERE condition = 'value'",0.6425470222702636,972069,SUCCESS,
1c7d6132-7b2d-4493-9409-5466153ace2c,2025-09-05T16:24:00,da0f0f7a-8d2c-4ca9-b82e-cda33fba6610,rachel35,PROD_WH_MEDIUM,"SELECT * FROM SYSTEM_EVENTS WHERE created_at >= dateadd('day', -7, current_date())",2.2830804199639987,926071,SUCCESS,
9389f1e2-40ec-4dc0-ae61-a4ddca1015a6,2025-09-05T16:29:00,f22aa1cf-fe8b-4e78-8492-b46e0f46ffda,brandtmisty,ETL_WH_MEDIUM,SELECT * FROM SALES_TRANSACTIONS LIMIT 1000,0.1901744102137239,724352,SUCCESS,
eface8cc-ad52-4715-a2c5-3854e438443f,2025-09-05T16:29:00,3d8cc43f-0f00-40bd-b8b2-34ac61fc0360,rwilliams,PROD_WH_X-SMALL,"SELECT * FROM CUSTOMER_DATA WHERE created_at >= dateadd('day', -7, current_date())",2.108923088525364,641012,SUCCESS,
4ed9c4cf-8c40-4d63-aff2-1de4173379b7,2025-09-05T16:29:00,89e53854-09b7-4b59-8352-a231c51f8687,glarsen,PROD_WH_LARGE,"SELECT * FROM FINANCIAL_METRICS WHERE created_at >= dateadd('day', -7, current_date())",4.141887085732761,779954,SUCCESS,
dbb81e8a-73f0-452d-814d-9a033bcde211,2025-09-05T16:29:00,82e7a6a3-1f49-4f5a-8a2a-96e5a654a185,codyoconnor,BI_WH_SMALL,"SELECT COUNT(*) FROM PRODUCT_INVENTORY GROUP BY date_trunc('day', created_at)",3.979650226544508,337325,SUCCESS,
f79d8045-38e0-4c84-8807-5077f2f2dfd5,2025-09-05T16:29:00,b92c2609-888c-471e-bf61-4363556df9d8,frank26,ETL_WH_LARGE,"SELECT * FROM CUSTOMER_DATA WHERE created_at >= dateadd('day', -7, current_date())",3.4120843107213465,230298,SUCCESS,
71761696-7857-40a5-90db-6b4672e67a89,2025-09-05T16:29:00,859c34dd-4540-49a3-b26d-f82b1455d905,oatkinson,BI_WH_LARGE,SELECT * FROM EMPLOYEE_RECORDS LIMIT 1000,2.9334820584197527,13635,SUCCESS,
10f30b7e-c614-4cc3-a075-8818bc113d74,2025-09-05T16:29:00,da0f0f7a-8d2c-4ca9-b82e-cda33fba6610,rachel35,BI_WH_MEDIUM,"SELECT DISTINCT column1, column2 FROM USER_ACTIVITY_LOGS WHERE condition = 'value'",1.356733428084007,45129,SUCCESS,
ed120a67-18c3-4f2a-bf63-1da8e255b69f,2025-09-05T16:29:00,859c34dd-4540-49a3-b26d-f82b1455d905,oatkinson,ETL_WH_X-SMALL,SELECT * FROM SYSTEM_EVENTS LIMIT 1000,1.1637760811397457,866858,SUCCESS,
444c5f77-09dc-41c9-89b7-c98c214af1c0,2025-09-05T16:29:00,f0c2cfac-cf3b-4053-9e79-a6a4c6bbd187,garciaalison,DEV_WH_SMALL,"SELECT * FROM MARKETING_CAMPAIGNS WHERE created_at >= dateadd('day', -7, current_date())",0.4637276181512415,733925,SUCCESS,
99860a51-029a-492f-9bb4-5ea2a3b63364,2025-09-05T16:29:00,a3a85592-9f3f-4845-87b8-dd199fcdc3cc,gmoreno,PROD_WH_LARGE,"SELECT * FROM SYSTEM_EVENTS WHERE created_at >= dateadd('day', -7, current_date())",0.6709633743175915,636355,SUCCESS,
176a0c33-fdbf-43a5-9873-350c806dab54,2025-09-05T16:40:00,5fb2a072-2bab-4b94-9109-9cbea70c5438,bryancuevas,ETL_WH_X-SMALL,SELECT * FROM EMPLOYEE_RECORDS LIMIT 1000,3.545348475101433,98417,SUCCESS,
a0db6f4d-b848-40e3-ab07-06b7098b7d12,2025-09-05T16:40:00,4b7e389e-8c78-4e72-ab0b-774df43b399e,hardinjennifer,BI_WH_X-SMALL,"SELECT COUNT(*) FROM SYSTEM_EVENTS GROUP BY date_trunc('day', created_at)",2.4410258814043653,366325,SUCCESS,
d2b6b4a7-00c7-4bb7-921e-84049b5e81b0,2025-09-05T16:40:00,f0c2cfac-cf3b-4053-9e79-a6a4c6bbd187,garciaalison,BI_WH_SMALL,"SELECT * FROM FINANCIAL_METRICS WHERE created_at >= dateadd('day', -7, current_date())",4.376023721274812,214401,SUCCESS,
179ffdaa-5c47-4103-8a37-0e2b3e1230cd,2025-09-05T16:40:00,f22aa1cf-fe8b-4e78-8492-b46e0f46ffda,brandtmisty,BI_WH_X-SMALL,"SELECT * FROM USER_ACTIVITY_LOGS WHERE created_at >= dateadd('day', -7, current_date())",2.2776420510862465,447853,SUCCESS,
a62ffe6b-134b-4473-b62b-752c86ddd530,2025-09-05T16:40:00,3d8cc43f-0f00-40bd-b8b2-34ac61fc0360,rwilliams,DEV_WH_X-SMALL,"SELECT * FROM MARKETING_CAMPAIGNS WHERE created_at >= dateadd('day', -7, current_date())",2.4955368299638336,390725,SUCCESS,
e3c58c6c-68f9-4904-9c0e-30fa5898f1fc,2025-09-05T16:40:00,b92c2609-888c-471e-bf61-4363556df9d8,frank26,ETL_WH_X-SMALL,"SELECT * FROM SALES_TRANSACTIONS WHERE created_at >= dateadd('day', -7, current_date())",3.231397743193577,624704,SUCCESS,
0406aaf9-0f6d-4b9b-b506-bd82181903b6,2025-09-05T16:40:00,4b7e389e-8c78-4e72-ab0b-774df43b399e,hardinjennifer,PROD_WH_LARGE,SELECT * FROM SALES_TRANSACTIONS LIMIT 1000,1.7044595131922036,292673,SUCCESS,
1cd3af5c-387b-4f42-894c-3a3b927a6dc7,2025-09-05T16:40:00,cea2e75f-1ee1-4b1d-90f5-242f82a02bed,erickennedy,DEV_WH_MEDIUM,"SELECT COUNT(*) FROM FINANCIAL_METRICS GROUP BY date_trunc('day', created_at)",1.975250719476126,559361,SUCCESS,
5aecc4b2-76b9-4541-a1dd-d6818c3d58f0,2025-09-05T16:40:00,ac5e7ada-2f2f-4292-a0e4-18083982547a,lliu,DEV_WH_LARGE,"SELECT * FROM CUSTOMER_DATA WHERE created_at >= dateadd('day', -7, current_date())",2.2152280444573367,740960,SUCCESS,
1502b70d-86fa-4cf8-932f-e9381fa6441f,2025-09-05T16:40:00,4b7e389e-8c78-4e72-ab0b-774df43b399e,hardinjennifer,DEV_WH_LARGE,"SELECT DISTINCT column1, column2 FROM SYSTEM_EVENTS WHERE condition = 'value'",1.3715400184766944,704444,SUCCESS,
995fbbad-42d1-42f5-96e7-e20837d14ff2,2025-09-05T16:54:00,f22aa1cf-fe8b-4e78-8492-b46e0f46ffda,brandtmisty,PROD_WH_SMALL,"SELECT COUNT(*) FROM CUSTOMER_DATA GROUP BY date_trunc('day', created_at)",2.4939158302332785,267693,SUCCESS,
e51be69f-796d-4c12-9957-2f47418d0c68,2025-09-05T16:54:00,3d8cc43f-0f00-40bd-b8b2-34ac61fc0360,rwilliams,DEV_WH_SMALL,"SELECT DISTINCT column1, column2 FROM SYSTEM_EVENTS WHERE condition = 'value'",1.7808363995816618,52961,SUCCESS,
fdc474f0-f3ba-4f50-a4c4-7b9774270f39,2025-09-05T16:54:00,7cd584de-ca92-465c-8ea8-5f7ad356bee6,danasandoval,DEV_WH_MEDIUM,"SELECT DISTINCT column1, column2 FROM PRODUCT_INVENTORY WHERE condition = 'value'",4.332321932603359,675841,SUCCESS,
ce3ca1bf-e96d-4b9f-82f9-f3cb8eb9dac6,2025-09-05T16:54:00,f22aa1cf-fe8b-4e78-8492-b46e0f46ffda,brandtmisty,BI_WH_MEDIUM,"SELECT DISTINCT column1, column2 FROM SALES_TRANSACTIONS WHERE condition = 'value'",3.8213202198094334,161647,SUCCESS,
25203948-8163-4a34-a0cb-69010f05304b,2025-09-05T16:54:00,cea2e75f-1ee1-4b1d-90f5-242f82a02bed,erickennedy,PROD_WH_MEDIUM,SELECT * FROM PRODUCT_INVENTORY LIMIT 1000,0.282338952716613,869941,SUCCESS,
b4ab2d04-4f07-4f6c-b148-11a8350f4dce,2025-09-05T16:54:00,7cd584de-ca92-465c-8ea8-5f7ad356bee6,danasandoval,ETL_WH_SMALL,"SELECT * FROM USER_ACTIVITY_LOGS WHERE created_at >= dateadd('day', -7, current_date())",0.10437120741228055,996567,SUCCESS,
f5bfb70c-4cfc-4e4a-aa04-589ad826ca31,2025-09-05T16:54:00,b92c2609-888c-471e-bf61-4363556df9d8,frank26,PROD_WH_SMALL,"SELECT COUNT(*) FROM FINANCIAL_METRICS GROUP BY date_trunc('day', created_at)",1.702192055216363,313604,SUCCESS,
48b003a2-f619-4a45-9262-5ef472c3dd35,2025-09-05T16:54:00,4bc8b8f2-4d6e-4d5e-8d40-a7b6b3d6bb03,amandamitchell,BI_WH_X-SMALL,SELECT * FROM EMPLOYEE_RECORDS LIMIT 1000,4.663662184070707,464387,SUCCESS,
e0d1b40d-6aaa-4bb2-bffb-6bf986cf9ca1,2025-09-05T16:54:00,7cd584de-ca92-465c-8ea8-5f7ad356bee6,danasandoval,ETL_WH_LARGE,"SELECT DISTINCT column1, column2 FROM USER_ACTIVITY_LOGS WHERE condition = 'value'",1.3128323204782593,45381,SUCCESS,
87517d8f-9fb1-4dbd-949d-9384b9a45d93,2025-09-05T16:54:00,cea2e75f-1ee1-4b1d-90f5-242f82a02bed,erickennedy,ETL_WH_MEDIUM,SELECT * FROM USER_ACTIVITY_LOGS LIMIT 1000,2.1861420576671913,397259,SUCCESS,
62e184c6-4acb-4b46-8392-5b3416e453bc,2025-09-05T17:05:00,89e53854-09b7-4b59-8352-a231c51f8687,glarsen,PROD_WH_MEDIUM,"SELECT COUNT(*) FROM EMPLOYEE_RECORDS GROUP BY date_trunc('day', created_at)",1.4125413680967083,848634,SUCCESS,
d35b939d-5eb3-4961-bbdb-13eeeb034889,2025-09-05T17:05:00,82e7a6a3-1f49-4f5a-8a2a-96e5a654a185,codyoconnor,DEV_WH_MEDIUM,"SELECT * FROM SYSTEM_EVENTS WHERE created_at >= dateadd('day', -7, current_date())",4.800692685120357,692660,SUCCESS,
8b262427-be01-4877-8435-5e9d2b5d3798,2025-09-05T17:17:00,89e53854-09b7-4b59-8352-a231c51f8687,glarsen,PROD_WH_X-SMALL,"SELECT DISTINCT column1, column2 FROM SALES_TRANSACTIONS WHERE condition = 'value'",2.233151770059527,963380,SUCCESS,
f82bb5f4-0710-490a-998a-3383929818f3,2025-09-05T17:17:00,89e53854-09b7-4b59-8352-a231c51f8687,glarsen,PROD_WH_MEDIUM,"SELECT * FROM USER_ACTIVITY_LOGS WHERE created_at >= dateadd('day', -7, current_date())",1.9789702283819255,875725,SUCCESS,
23f9d272-933e-4523-9343-e4bfb7e8e649,2025-09-05T17:29:00,f22aa1cf-fe8b-4e78-8492-b46e0f46ffda,brandtmisty,BI_WH_LARGE,"SELECT * FROM SALES_TRANSACTIONS WHERE created_at >= dateadd('day', -7, current_date())",4.26207684674792,576874,SUCCESS,
c16a3b49-847a-4926-9ab6-376a832aff21,2025-09-05T17:29:00,4663d48b-596a-4f39-b714-8d69ac9a7d2a,robert93,DEV_WH_X-SMALL,SELECT * FROM PRODUCT_INVENTORY LIMIT 1000,4.7142564346262805,371407,SUCCESS,
3bf6af84-ddb4-47f0-b10b-b7ca0c897ef7,2025-09-05T17:39:00,859c34dd-4540-49a3-b26d-f82b1455d905,oatkinson,DEV_WH_X-SMALL,"SELECT DISTINCT column1, column2 FROM FINANCIAL_METRICS WHERE condition = 'value'",3.5286330341182266,288936,SUCCESS,
3e010445-5b11-43d2-8e31-cd97afa9e483,2025-09-05T17:39:00,cea2e75f-1ee1-4b1d-90f5-242f82a02bed,erickennedy,DEV_WH_LARGE,"SELECT COUNT(*) FROM PRODUCT_INVENTORY GROUP BY date_trunc('day', created_at)",2.1423679483775766,643239,SUCCESS,
9ef6225e-367c-48c1-8d32-aa9033d6abc0,2025-09-05T17:49:00,3d8cc43f-0f00-40bd-b8b2-34ac61fc0360,rwilliams,PROD_WH_X-SMALL,"SELECT COUNT(*) FROM EMPLOYEE_RECORDS GROUP BY date_trunc('day', created_at)",4.68327340984206,225133,SUCCESS,
8e7649d8-2a89-4da9-88f3-f8313d0891b8,2025-09-05T17:49:00,9a7a68c7-1b0c-4669-859f-6d352b1e386f,andrew16,ETL_WH_LARGE,"SELECT DISTINCT column1, column2 FROM FINANCIAL_METRICS WHERE condition = 'value'",0.22021018962557412,550202,SUCCESS,
2e59d82d-9aeb-4d00-902c-a30a61821771,2025-09-05T17:59:00,879c852e-e8e8-45c3-9ead-5fa56c9ecfbc,egarcia,PROD_WH_MEDIUM,"SELECT COUNT(*) FROM FINANCIAL_METRICS GROUP BY date_trunc('day', created_at)",2.762437994418549,196217,SUCCESS,
bc51df2b-a793-4d38-8629-1a4a3376633d,2025-09-05T17:59:00,4663d48b-596a-4f39-b714-8d69ac9a7d2a,robert93,BI_WH_SMALL,"SELECT * FROM SALES_TRANSACTIONS WHERE created_at >= dateadd('day', -7, current_date())",1.6382301883186419,415590,SUCCESS,
b8748fad-a173-4573-b5fc-bbd5217028a0,2025-09-05T18:05:00,9a7a68c7-1b0c-4669-859f-6d352b1e386f,andrew16,PROD_WH_SMALL,"SELECT DISTINCT column1, column2 FROM MARKETING_CAMPAIGNS WHERE condition = 'value'",2.224060706579786,635297,SUCCESS,
8c6f8df1-0a4c-4dc4-8b4d-9fb853934ac2,2025-09-05T18:05:00,82e7a6a3-1f49-4f5a-8a2a-96e5a654a185,codyoconnor,ETL_WH_X-SMALL,"SELECT COUNT(*) FROM FINANCIAL_METRICS GROUP BY date_trunc('day', created_at)",0.8071778927712273,509118,SUCCESS,
82a358a6-c460-41c0-af4a-e66124d27b7c,2025-09-05T18:13:00,f0c2cfac-cf3b-4053-9e79-a6a4c6bbd187,garciaalison,ETL_WH_SMALL,SELECT * FROM CUSTOMER_DATA LIMIT 1000,4.537071970989037,806047,SUCCESS,
7bb2d1ac-b613-45ea-b5b7-6a02b92a6d72,2025-09-05T18:13:00,f0c2cfac-cf3b-4053-9e79-a6a4c6bbd187,garciaalison,DEV_WH_MEDIUM,"SELECT DISTINCT column1, column2 FROM PRODUCT_INVENTORY WHERE condition = 'value'",4.288435630673661,858498,SUCCESS,
ad4aa616-fdfe-42c9-b549-a44974a946ea,2025-09-05T18:21:00,00f99f6f-5fcc-490a-84f9-6b24911c0b2e,emilyhamilton,PROD_WH_X-SMALL,"SELECT * FROM PRODUCT_INVENTORY WHERE created_at >= dateadd('day', -7, current_date())",0.2550803135521495,229147,SUCCESS,
da20d8c4-38b8-4583-8482-709d123568c2,2025-09-05T18:21:00,859c34dd-4540-49a3-b26d-f82b1455d905,oatkinson,PROD_WH_MEDIUM,SELECT * FROM MARKETING_CAMPAIGNS LIMIT 1000,2.228329799253515,260868,SUCCESS,
e9b2016b-9a56-47e2-8bc2-fa0fb47c5901,2025-09-05T18:27:00,f0c2cfac-cf3b-4053-9e79-a6a4c6bbd187,garciaalison,PROD_WH_MEDIUM,"SELECT DISTINCT column1, column2 FROM SALES_TRANSACTIONS WHERE condition = 'value'",0.764140354559086,782972,SUCCESS,
f38ad28c-ac00-49f4-aca4-505da93fa2e8,2025-09-05T18:27:00,f22aa1cf-fe8b-4e78-8492-b46e0f46ffda,brandtmisty,ETL_WH_MEDIUM,"SELECT DISTINCT column1, column2 FROM SYSTEM_EVENTS WHERE condition = 'value'",4.359062867287524,633112,SUCCESS,
7320be60-16e0-4558-98f6-135074beb01d,2025-09-05T18:37:00,3d8cc43f-0f00-40bd-b8b2-34ac61fc0360,rwilliams,DEV_WH_SMALL,"SELECT * FROM USER_ACTIVITY_LOGS WHERE created_at >= dateadd('day', -7, current_date())",0.7173218569363276,570413,SUCCESS,
d72f9b9d-7d50-464f-bc12-0f2d8d0b755a,2025-09-05T18:37:00,cea2e75f-1ee1-4b1d-90f5-242f82a02bed,erickennedy,PROD_WH_X-SMALL,SELECT * FROM CUSTOMER_DATA LIMIT 1000,4.971563627751018,464517,SUCCESS,
0dbd8703-e682-4057-bd27-7de1e3ae57aa,2025-09-05T18:48:00,82e7a6a3-1f49-4f5a-8a2a-96e5a654a185,codyoconnor,DEV_WH_MEDIUM,"SELECT COUNT(*) FROM PRODUCT_INVENTORY GROUP BY date_trunc('day', created_at)",2.00196160270983,997455,SUCCESS,
b48d961a-1c5f-4111-937f-c2122a9a778e,2025-09-05T18:48:00,7cd584de-ca92-465c-8ea8-5f7ad356bee6,danasandoval,PROD_WH_MEDIUM,"SELECT COUNT(*) FROM PRODUCT_INVENTORY GROUP BY date_trunc('day', created_at)",1.9192636388097213,341118,SUCCESS,
2930ecea-52cb-4c0a-bf2d-e8896e5ba8c9,2025-09-05T18:56:00,879c852e-e8e8-45c3-9ead-5fa56c9ecfbc,egarcia,DEV_WH_MEDIUM,SELECT * FROM CUSTOMER_DATA LIMIT 1000,4.509865889016636,395038,SUCCESS,
33d15885-fc23-4666-bef2-ae8f6e9be36f,2025-09-05T18:56:00,4bc8b8f2-4d6e-4d5e-8d40-a7b6b3d6bb03,amandamitchell,ETL_WH_SMALL,"SELECT * FROM FINANCIAL_METRICS WHERE created_at >= dateadd('day', -7, current_date())",2.193622710858405,208153,SUCCESS,
81f1c1c9-1218-466e-8612-ba0a7d38097d,2025-09-05T19:11:00,b92c2609-888c-471e-bf61-4363556df9d8,frank26,BI_WH_MEDIUM,"SELECT COUNT(*) FROM EMPLOYEE_RECORDS GROUP BY date_trunc('day', created_at)",2.197567009093566,880763,SUCCESS,
a50d398e-dd78-43ce-98e6-e37077be1f75,2025-09-05T19:11:00,879c852e-e8e8-45c3-9ead-5fa56c9ecfbc,egarcia,DEV_WH_SMALL,"SELECT COUNT(*) FROM CUSTOMER_DATA GROUP BY date_trunc('day', created_at)",3.343586755086228,472575,SUCCESS,
7873e566-c24f-411e-9414-7094d1effd44,2025-09-05T19:24:00,00f99f6f-5fcc-490a-84f9-6b24911c0b2e,emilyhamilton,DEV_WH_LARGE,"SELECT * FROM SYSTEM_EVENTS WHERE created_at >= dateadd('day', -7, current_date())",4.696659764962537,635521,SUCCESS,
7d509730-b706-420d-82c8-668881bdd718,2025-09-05T19:24:00,859c34dd-4540-49a3-b26d-f82b1455d905,oatkinson,PROD_WH_X-SMALL,"SELECT * FROM USER_ACTIVITY_LOGS WHERE created_at >= dateadd('day', -7, current_date())",3.514161071439935,384578,SUCCESS,
e1e7b914-4798-4f00-b691-b441c4634362,2025-09-05T19:37:00,4bc8b8f2-4d6e-4d5e-8d40-a7b6b3d6bb03,amandamitchell,DEV_WH_SMALL,"SELECT DISTINCT column1, column2 FROM SYSTEM_EVENTS WHERE condition = 'value'",3.6993773443885303,103874,SUCCESS,
7aa7e3a4-b007-4f6a-9014-cca0b39db9b5,2025-09-05T19:37:00,859c34dd-4540-49a3-b26d-f82b1455d905,oatkinson,DEV_WH_MEDIUM,"SELECT COUNT(*) FROM CUSTOMER_DATA GROUP BY date_trunc('day', created_at)",0.4580731165842413,640378,SUCCESS,
bf6d9870-9f47-4ebc-bf00-5d8e9c2f6f10,2025-09-05T19:52:00,ac5e7ada-2f2f-4292-a0e4-18083982547a,lliu,ETL_WH_LARGE,"SELECT COUNT(*) FROM SYSTEM_EVENTS GROUP BY date_trunc('day', created_at)",4.461913993605193,883980,SUCCESS,
ba569978-bc37-46a4-a33c-c5f3a53b8967,2025-09-05T19:52:00,4bc8b8f2-4d6e-4d5e-8d40-a7b6b3d6bb03,amandamitchell,DEV_WH_LARGE,"SELECT DISTINCT column1, column2 FROM CUSTOMER_DATA WHERE condition = 'value'",2.807619395568687,821552,SUCCESS,
82d2d5b2-85de-4478-8586-075d1b1e48b2,2025-09-05T19:57:00,da0f0f7a-8d2c-4ca9-b82e-cda33fba6610,rachel35,PROD_WH_MEDIUM,"SELECT * FROM FINANCIAL_METRICS WHERE created_at >= dateadd('day', -7, current_date())",0.5633032118455122,625082,SUCCESS,
b3303740-6100-4b58-9b63-7e3119e54e9c,2025-09-05T19:57:00,f0c2cfac-cf3b-4053-9e79-a6a4c6bbd187,garciaalison,PROD_WH_SMALL,"SELECT * FROM PRODUCT_INVENTORY WHERE created_at >= dateadd('day', -7, current_date())",2.825366314098187,715194,SUCCESS,
e2e677f6-363c-4ff3-af61-684f2f7224f6,2025-09-05T20:07:00,cea2e75f-1ee1-4b1d-90f5-242f82a02bed,erickennedy,ETL_WH_X-SMALL,"SELECT DISTINCT column1, column2 FROM FINANCIAL_METRICS WHERE condition = 'value'",4.190183921428351,861103,SUCCESS,
895a7ca8-43c3-4285-b8c6-c02856489832,2025-09-05T20:07:00,82e7a6a3-1f49-4f5a-8a2a-96e5a654a185,codyoconnor,PROD_WH_X-SMALL,"SELECT * FROM USER_ACTIVITY_LOGS WHERE created_at >= dateadd('day', -7, current_date())",4.392146746519473,878368,SUCCESS,
857e771f-2676-4b31-91fd-259721291c51,2025-09-05T20:13:00,4bc8b8f2-4d6e-4d5e-8d40-a7b6b3d6bb03,amandamitchell,PROD_WH_MEDIUM,"SELECT DISTINCT column1, column2 FROM SYSTEM_EVENTS WHERE condition = 'value'",1.2651533073944934,982587,SUCCESS,
518c77eb-1e1e-4735-b383-172f9c6bdf77,2025-09-05T20:13:00,4b7e389e-8c78-4e72-ab0b-774df43b399e,hardinjennifer,BI_WH_LARGE,"SELECT * FROM PRODUCT_INVENTORY WHERE created_at >= dateadd('day', -7, current_date())",4.564020033214234,538140,SUCCESS,
0dbd3d21-f8d5-4f98-9ac9-5204fd12f1df,2025-09-05T20:26:00,89e53854-09b7-4b59-8352-a231c51f8687,glarsen,DEV_WH_LARGE,"SELECT * FROM EMPLOYEE_RECORDS WHERE created_at >= dateadd('day', -7, current_date())",3.6113878096281216,854336,SUCCESS,
907f7076-9c51-41f3-bd6f-c27d1da7c061,2025-09-05T20:26:00,859c34dd-4540-49a3-b26d-f82b1455d905,oatkinson,ETL_WH_MEDIUM,"SELECT COUNT(*) FROM USER_ACTIVITY_LOGS GROUP BY date_trunc('day', created_at)",0.6495857065999409,645989,SUCCESS,
2314d591-0eca-4395-b0cf-042be200af87,2025-09-05T20:39:00,859c34dd-4540-49a3-b26d-f82b1455d905,oatkinson,PROD_WH_SMALL,SELECT * FROM EMPLOYEE_RECORDS LIMIT 1000,2.08235909184629,534776,SUCCESS,
096a2d4e-8c98-428a-b245-63e13e592587,2025-09-05T20:39:00,57eba2d7-a4fe-48aa-aa7b-ad0e6f1296b7,jose46,BI_WH_LARGE,SELECT * FROM FINANCIAL_METRICS LIMIT 1000,3.376535594184125,732172,SUCCESS,
a7cb50d7-6dc3-44fd-9fa3-dbd2c2cb1741,2025-09-05T20:54:00,879c852e-e8e8-45c3-9ead-5fa56c9ecfbc,egarcia,BI_WH_X-SMALL,"SELECT COUNT(*) FROM SALES_TRANSACTIONS GROUP BY date_trunc('day', created_at)",0.6463686053277706,323623,SUCCESS,
aa86c4a9-5aba-4378-a232-e69759452070,2025-09-05T20:54:00,3d8cc43f-0f00-40bd-b8b2-34ac61fc0360,rwilliams,DEV_WH_MEDIUM,SELECT * FROM SALES_TRANSACTIONS LIMIT 1000,0.4738818301817366,542366,SUCCESS,
1ac37b57-e583-447f-b037-1c6e73e3d73d,2025-09-05T21:06:00,4663d48b-596a-4f39-b714-8d69ac9a7d2a,robert93,DEV_WH_LARGE,"SELECT DISTINCT column1, column2 FROM USER_ACTIVITY_LOGS WHERE condition = 'value'",1.7006851558275755,905516,SUCCESS,
f7aed13b-d3be-49a3-adf1-4809ed5bfcb9,2025-09-05T21:06:00,b92c2609-888c-471e-bf61-4363556df9d8,frank26,BI_WH_LARGE,"SELECT * FROM SYSTEM_EVENTS WHERE created_at >= dateadd('day', -7, current_date())",2.2419389668016194,465211,SUCCESS,
766afc70-4f86-4140-a460-06a76a177b24,2025-09-05T21:12:00,a3a85592-9f3f-4845-87b8-dd199fcdc3cc,gmoreno,DEV_WH_X-SMALL,"SELECT DISTINCT column1, column2 FROM PRODUCT_INVENTORY WHERE condition = 'value'",3.424898887344566,566064,SUCCESS,
849946bb-1c20-4ea2-aa46-52253f7e38f8,2025-09-05T21:12:00,da0f0f7a-8d2c-4ca9-b82e-cda33fba6610,rachel35,DEV_WH_LARGE,"SELECT * FROM FINANCIAL_METRICS WHERE created_at >= dateadd('day', -7, current_date())",1.3583165996940874,932663,SUCCESS,
bc13490a-9115-4e86-aaa2-2e3313b52789,2025-09-05T21:24:00,5fb2a072-2bab-4b94-9109-9cbea70c5438,bryancuevas,PROD_WH_MEDIUM,"SELECT * FROM USER_ACTIVITY_LOGS WHERE created_at >= dateadd('day', -7, current_date())",4.848712846227618,708250,SUCCESS,
4da96429-d80b-4666-80e8-05fc5b83a39e,2025-09-05T21:24:00,859c34dd-4540-49a3-b26d-f82b1455d905,oatkinson,BI_WH_LARGE,SELECT * FROM FINANCIAL_METRICS LIMIT 1000,1.4100654411003644,215978,SUCCESS,
a423b5b5-4ba8-4ee8-acc0-5e0b66ceabba,2025-09-05T21:38:00,4663d48b-596a-4f39-b714-8d69ac9a7d2a,robert93,BI_WH_X-SMALL,"SELECT COUNT(*) FROM EMPLOYEE_RECORDS GROUP BY date_trunc('day', created_at)",4.43592210948651,469100,SUCCESS,
5a8cd20e-0102-4920-b9c8-31e7325120ff,2025-09-05T21:38:00,82e7a6a3-1f49-4f5a-8a2a-96e5a654a185,codyoconnor,PROD_WH_SMALL,"SELECT * FROM SALES_TRANSACTIONS WHERE created_at >= dateadd('day', -7, current_date())",2.8863174862092444,129149,SUCCESS,
a69e849e-f267-470b-affe-bc496d8ac3d8,2025-09-05T21:53:00,a3a85592-9f3f-4845-87b8-dd199fcdc3cc,gmoreno,BI_WH_LARGE,"SELECT * FROM FINANCIAL_METRICS WHERE created_at >= dateadd('day', -7, current_date())",0.4493157622337812,495473,SUCCESS,
7517aa69-5a8c-40b7-b46b-26b5f11e2ce8,2025-09-05T21:53:00,89e53854-09b7-4b59-8352-a231c51f8687,glarsen,ETL_WH_LARGE,"SELECT * FROM EMPLOYEE_RECORDS WHERE created_at >= dateadd('day', -7, current_date())",2.2501107749584897,209807,SUCCESS,
5759c6de-d684-4477-abbd-dfde8b18d797,2025-09-05T22:07:00,f22aa1cf-fe8b-4e78-8492-b46e0f46ffda,brandtmisty,DEV_WH_LARGE,SELECT * FROM MARKETING_CAMPAIGNS LIMIT 1000,2.438644339153288,254759,SUCCESS,
d85fa739-4588-463f-bb0b-11f50c3ee20c,2025-09-05T22:07:00,7cd584de-ca92-465c-8ea8-5f7ad356bee6,danasandoval,DEV_WH_X-SMALL,"SELECT * FROM USER_ACTIVITY_LOGS WHERE created_at >= dateadd('day', -7, current_date())",1.1976061012474482,575786,SUCCESS,
6f21f87b-ab12-450e-b4fd-7c0ebf5ac6bb,2025-09-05T22:19:00,82e7a6a3-1f49-4f5a-8a2a-96e5a654a185,codyoconnor,BI_WH_LARGE,"SELECT COUNT(*) FROM CUSTOMER_DATA GROUP BY date_trunc('day', created_at)",1.8933083252563425,141993,SUCCESS,
b61f548c-8bdf-483a-981a-78eb12b43911,2025-09-05T22:19:00,a3a85592-9f3f-4845-87b8-dd199fcdc3cc,gmoreno,ETL_WH_SMALL,"SELECT DISTINCT column1, column2 FROM SYSTEM_EVENTS WHERE condition = 'value'",3.9058330927728773,582092,SUCCESS,
8c91b1b7-9027-405a-8656-73465914e916,2025-09-05T22:32:00,859c34dd-4540-49a3-b26d-f82b1455d905,oatkinson,PROD_WH_LARGE,SELECT * FROM PRODUCT_INVENTORY LIMIT 1000,3.9804746991165447,777620,SUCCESS,
3af9bd09-cbe6-4ee9-8dcf-9b2dfbe13b20,2025-09-05T22:32:00,4663d48b-596a-4f39-b714-8d69ac9a7d2a,robert93,ETL_WH_LARGE,"SELECT COUNT(*) FROM SALES_TRANSACTIONS GROUP BY date_trunc('day', created_at)",0.39443235111227015,261044,SUCCESS,
9dd0d5f0-c53a-4fa0-8f90-6b81625be50d,2025-09-05T22:45:00,82e7a6a3-1f49-4f5a-8a2a-96e5a654a185,codyoconnor,ETL_WH_LARGE,"SELECT * FROM FINANCIAL_METRICS WHERE created_at >= dateadd('day', -7, current_date())",0.9545064080218087,440634,SUCCESS,
ee01a630-01ab-4cb8-aecc-fb6968c32829,2025-09-05T22:45:00,da0f0f7a-8d2c-4ca9-b82e-cda33fba6610,rachel35,ETL_WH_LARGE,"SELECT DISTINCT column1, column2 FROM EMPLOYEE_RECORDS WHERE condition = 'value'",1.7642889620966098,426441,SUCCESS,
f00d0559-268c-4550-911d-d9031548ff74,2025-09-05T22:51:00,da0f0f7a-8d2c-4ca9-b82e-cda33fba6610,rachel35,DEV_WH_SMALL,"SELECT COUNT(*) FROM FINANCIAL_METRICS GROUP BY date_trunc('day', created_at)",4.5452019466987155,385291,SUCCESS,
ff28c2b0-52a1-48c5-8e17-85348dc6631d,2025-09-05T22:51:00,ac5e7ada-2f2f-4292-a0e4-18083982547a,lliu,PROD_WH_X-SMALL,"SELECT COUNT(*) FROM CUSTOMER_DATA GROUP BY date_trunc('day', created_at)",0.8258850080714379,279357,SUCCESS,
7f4e0e6c-dc0e-42d7-928a-e08ace19bae9,2025-09-05T22:59:00,4bc8b8f2-4d6e-4d5e-8d40-a7b6b3d6bb03,amandamitchell,ETL_WH_X-SMALL,"SELECT COUNT(*) FROM FINANCIAL_METRICS GROUP BY date_trunc('day', created_at)",4.662680573097649,605331,SUCCESS,
08581c42-c707-4208-a5d1-aa6355034aca,2025-09-05T22:59:00,4bc8b8f2-4d6e-4d5e-8d40-a7b6b3d6bb03,amandamitchell,ETL_WH_SMALL,SELECT * FROM SYSTEM_EVENTS LIMIT 1000,4.371600474866005,330581,SUCCESS,
f4aa46bc-9271-488a-a6b9-993be32ea927,2025-09-05T23:08:00,ac5e7ada-2f2f-4292-a0e4-18083982547a,lliu,DEV_WH_X-SMALL,"SELECT COUNT(*) FROM FINANCIAL_METRICS GROUP BY date_trunc('day', created_at)",3.689072698086472,534559,SUCCESS,
6aa822ba-4ad4-403b-b9d2-6e2a6f4b4050,2025-09-05T23:08:00,9a7a68c7-1b0c-4669-859f-6d352b1e386f,andrew16,ETL_WH_SMALL,SELECT * FROM EMPLOYEE_RECORDS LIMIT 1000,0.883137306330397,249982,SUCCESS,
f7d0fdf6-eb54-4a88-9dbb-93dbaf0590c1,2025-09-05T23:21:00,00f99f6f-5fcc-490a-84f9-6b24911c0b2e,emilyhamilton,PROD_WH_SMALL,"SELECT DISTINCT column1, column2 FROM FINANCIAL_METRICS WHERE condition = 'value'",4.05276821016254,554521,SUCCESS,
478e0000-1927-4050-958d-19b9c91e889f,2025-09-05T23:21:00,879c852e-e8e8-45c3-9ead-5fa56c9ecfbc,egarcia,ETL_WH_SMALL,"SELECT DISTINCT column1, column2 FROM USER_ACTIVITY_LOGS WHERE condition = 'value'",2.720813252921956,499833,SUCCESS,
3c5a6bd8-2758-4aef-9861-e5a7db4ceef3,2025-09-05T23:28:00,89e53854-09b7-4b59-8352-a231c51f8687,glarsen,DEV_WH_LARGE,SELECT * FROM FINANCIAL_METRICS LIMIT 1000,2.2689664689923443,874517,SUCCESS,
a32612cb-92a0-4388-85b0-3c255439d756,2025-09-05T23:28:00,4bc8b8f2-4d6e-4d5e-8d40-a7b6b3d6bb03,amandamitchell,BI_WH_SMALL,SELECT * FROM SYSTEM_EVENTS LIMIT 1000,4.024777895415603,697169,SUCCESS,
b3e14dc7-33d0-4f1e-8685-c1f77b5fc2b2,2025-09-05T23:41:00,7cd584de-ca92-465c-8ea8-5f7ad356bee6,danasandoval,BI_WH_X-SMALL,SELECT * FROM PRODUCT_INVENTORY LIMIT 1000,4.639766155817922,976271,SUCCESS,
d35930f7-d0df-4086-9deb-8e0f328b1e7f,2025-09-05T23:41:00,f22aa1cf-fe8b-4e78-8492-b46e0f46ffda,brandtmisty,ETL_WH_SMALL,"SELECT COUNT(*) FROM SALES_TRANSACTIONS GROUP BY date_trunc('day', created_at)",1.1923825511096109,938488,SUCCESS,
e5e5fe0e-a26a-496b-8b3c-31e656524352,2025-09-05T23:53:00,4bc8b8f2-4d6e-4d5e-8d40-a7b6b3d6bb03,amandamitchell,BI_WH_MEDIUM,"SELECT COUNT(*) FROM USER_ACTIVITY_LOGS GROUP BY date_trunc('day', created_at)",4.050775626343101,464599,SUCCESS,
8ec746f5-68f4-4d6b-a8e8-7b5720a99804,2025-09-05T23:53:00,cea2e75f-1ee1-4b1d-90f5-242f82a02bed,erickennedy,DEV_WH_LARGE,"SELECT DISTINCT column1, column2 FROM FINANCIAL_METRICS WHERE condition = 'value'",2.066001024979842,931842,SUCCESS,
5c373774-8ba2-48d2-a582-fe1298f95daf,2025-09-05T23:58:00,82e7a6a3-1f49-4f5a-8a2a-96e5a654a185,codyoconnor,ETL_WH_MEDIUM,"SELECT * FROM MARKETING_CAMPAIGNS WHERE created_at >= dateadd('day', -7, current_date())",1.3837533929231105,245200,SUCCESS,
459c0ceb-320e-4e64-9e3c-1cb0e909c45a,2025-09-05T23:58:00,f22aa1cf-fe8b-4e78-8492-b46e0f46ffda,brandtmisty,DEV_WH_LARGE,"SELECT COUNT(*) FROM CUSTOMER_DATA GROUP BY date_trunc('day', created_at)",0.6154985544001161,259684,SUCCESS,
ddc2fc2d-99c9-463a-910d-d7e8e3ef726d,2025-09-06T00:08:00,4b7e389e-8c78-4e72-ab0b-774df43b399e,hardinjennifer,ETL_WH_X-SMALL,SELECT * FROM CUSTOMER_DATA LIMIT 1000,3.1323782571316205,451731,SUCCESS,
72213673-5245-4e68-9381-74fbb485a23b,2025-09-06T00:08:00,a3a85592-9f3f-4845-87b8-dd199fcdc3cc,gmoreno,ETL_WH_SMALL,"SELECT COUNT(*) FROM SYSTEM_EVENTS GROUP BY date_trunc('day', created_at)",0.6330517740259176,140811,SUCCESS,
aa68a63f-1d59-4dc2-be59-c2632f60a7cf,2025-09-06T00:15:00,82e7a6a3-1f49-4f5a-8a2a-96e5a654a185,codyoconnor,BI_WH_SMALL,SELECT * FROM SYSTEM_EVENTS LIMIT 1000,3.8997574650995537,507292,SUCCESS,
b9991b5d-7711-47f0-a9ca-f511eefaed28,2025-09-06T00:15:00,879c852e-e8e8-45c3-9ead-5fa56c9ecfbc,egarcia,DEV_WH_MEDIUM,"SELECT COUNT(*) FROM SYSTEM_EVENTS GROUP BY date_trunc('day', created_at)",2.8808237065626905,190397,SUCCESS,
0457f03b-8e32-4eee-81b6-4222105bb669,2025-09-06T00:22:00,a3a85592-9f3f-4845-87b8-dd199fcdc3cc,gmoreno,DEV_WH_MEDIUM,"SELECT DISTINCT column1, column2 FROM SYSTEM_EVENTS WHERE condition = 'value'",4.985900605224417,315468,SUCCESS,
a6930703-7715-4afb-ad17-f0ac51005dd7,2025-09-06T00:22:00,b92c2609-888c-471e-bf61-4363556df9d8,frank26,PROD_WH_SMALL,"SELECT * FROM PRODUCT_INVENTORY WHERE created_at >= dateadd('day', -7, current_date())",0.5613067679117668,642925,SUCCESS,
75203670-51b5-427e-a730-881b3dbf2da0,2025-09-06T00:35:00,879c852e-e8e8-45c3-9ead-5fa56c9ecfbc,egarcia,DEV_WH_SMALL,SELECT * FROM PRODUCT_INVENTORY LIMIT 1000,3.4349623088499732,351824,SUCCESS,
4fe910ac-8890-40cc-ace6-4ffc2781c0c3,2025-09-06T00:35:00,3d8cc43f-0f00-40bd-b8b2-34ac61fc0360,rwilliams,BI_WH_SMALL,SELECT * FROM FINANCIAL_METRICS LIMIT 1000,4.7432800925305525,873384,SUCCESS,
6e79855f-4a43-4f0d-902e-2ee04360e2f5,2025-09-06T00:46:00,4b7e389e-8c78-4e72-ab0b-774df43b399e,hardinjennifer,PROD_WH_LARGE,SELECT * FROM USER_ACTIVITY_LOGS LIMIT 1000,4.610372941174742,420563,SUCCESS,
9cd43500-baee-443d-a8e0-b5c619a417f4,2025-09-06T00:46:00,00f99f6f-5fcc-490a-84f9-6b24911c0b2e,emilyhamilton,DEV_WH_SMALL,"SELECT COUNT(*) FROM MARKETING_CAMPAIGNS GROUP BY date_trunc('day', created_at)",2.0749157114956196,70327,SUCCESS,
24482d5a-28ad-4073-9256-4a5a2b682c9a,2025-09-06T00:57:00,3d8cc43f-0f00-40bd-b8b2-34ac61fc0360,rwilliams,PROD_WH_X-SMALL,"SELECT COUNT(*) FROM EMPLOYEE_RECORDS GROUP BY date_trunc('day', created_at)",2.6847825278904116,880747,SUCCESS,
8a69bc65-0031-40c3-8ec0-835d9a022570,2025-09-06T00:57:00,ac5e7ada-2f2f-4292-a0e4-18083982547a,lliu,BI_WH_LARGE,SELECT * FROM SALES_TRANSACTIONS LIMIT 1000,4.414409105666555,522169,SUCCESS,
ebeff575-b73f-431b-8a0f-584e256f0b5d,2025-09-06T01:10:00,da0f0f7a-8d2c-4ca9-b82e-cda33fba6610,rachel35,BI_WH_SMALL,"SELECT DISTINCT column1, column2 FROM SALES_TRANSACTIONS WHERE condition = 'value'",1.601726216651749,869524,SUCCESS,
49563220-6940-4238-a11f-874a6883f3a7,2025-09-06T01:10:00,82e7a6a3-1f49-4f5a-8a2a-96e5a654a185,codyoconnor,BI_WH_X-SMALL,"SELECT COUNT(*) FROM CUSTOMER_DATA GROUP BY date_trunc('day', created_at)",3.207534447560986,613147,SUCCESS,
5d2df3af-3b70-456a-8439-7a4e97a12df8,2025-09-06T01:17:00,cea2e75f-1ee1-4b1d-90f5-242f82a02bed,erickennedy,ETL_WH_LARGE,SELECT * FROM FINANCIAL_METRICS LIMIT 1000,3.880250714511436,395671,SUCCESS,
2bb72e93-338a-4462-8d66-5abc657a5a21,2025-09-06T01:17:00,f22aa1cf-fe8b-4e78-8492-b46e0f46ffda,brandtmisty,ETL_WH_SMALL,"SELECT DISTINCT column1, column2 FROM MARKETING_CAMPAIGNS WHERE condition = 'value'",3.58957177231018,129576,SUCCESS,
0bf4676c-5b4b-4bd0-9967-cc476473c9bc,2025-09-06T01:28:00,a3a85592-9f3f-4845-87b8-dd199fcdc3cc,gmoreno,PROD_WH_LARGE,"SELECT DISTINCT column1, column2 FROM CUSTOMER_DATA WHERE condition = 'value'",1.4937254392945714,962496,SUCCESS,
3ef49a27-8744-4226-91b8-7a67f0264cdf,2025-09-06T01:28:00,a3a85592-9f3f-4845-87b8-dd199fcdc3cc,gmoreno,DEV_WH_X-SMALL,SELECT * FROM PRODUCT_INVENTORY LIMIT 1000,4.8641710477284015,804671,SUCCESS,
63976797-98e6-4e56-9ade-8dc0511015d1,2025-09-06T01:34:00,82e7a6a3-1f49-4f5a-8a2a-96e5a654a185,codyoconnor,PROD_WH_LARGE,"SELECT DISTINCT column1, column2 FROM PRODUCT_INVENTORY WHERE condition = 'value'",2.9859490379983717,578738,SUCCESS,
f071169e-4f5a-49bf-b4ae-10c2ac6c7b5f,2025-09-06T01:34:00,f0c2cfac-cf3b-4053-9e79-a6a4c6bbd187,garciaalison,ETL_WH_SMALL,"SELECT * FROM MARKETING_CAMPAIGNS WHERE created_at >= dateadd('day', -7, current_date())",1.774607962608489,468060,SUCCESS,
6e637f27-41f8-4a95-b489-6e6d34324cf8,2025-09-06T01:43:00,879c852e-e8e8-45c3-9ead-5fa56c9ecfbc,egarcia,PROD_WH_X-SMALL,"SELECT COUNT(*) FROM MARKETING_CAMPAIGNS GROUP BY date_trunc('day', created_at)",2.072604836472243,592792,SUCCESS,
dc937c79-8ffd-4ff3-8bdb-3b1fd2cb6efd,2025-09-06T01:43:00,9a7a68c7-1b0c-4669-859f-6d352b1e386f,andrew16,DEV_WH_LARGE,"SELECT COUNT(*) FROM SALES_TRANSACTIONS GROUP BY date_trunc('day', created_at)",1.8378744212220315,241219,SUCCESS,
fef867bb-4ff9-4bc0-90d8-24337d07d5ff,2025-09-06T01:48:00,4663d48b-596a-4f39-b714-8d69ac9a7d2a,robert93,ETL_WH_SMALL,"SELECT * FROM USER_ACTIVITY_LOGS WHERE created_at >= dateadd('day', -7, current_date())",0.6619341636125651,163413,SUCCESS,
c5b2c930-4b1f-4c0c-87f4-340572856dd8,2025-09-06T01:48:00,9a7a68c7-1b0c-4669-859f-6d352b1e386f,andrew16,ETL_WH_LARGE,"SELECT * FROM FINANCIAL_METRICS WHERE created_at >= dateadd('day', -7, current_date())",1.9832000349025682,877566,SUCCESS,
ca220c3f-8e3e-4b41-9805-ee6ef7289a7a,2025-09-06T02:03:00,4663d48b-596a-4f39-b714-8d69ac9a7d2a,robert93,ETL_WH_MEDIUM,"SELECT * FROM MARKETING_CAMPAIGNS WHERE created_at >= dateadd('day', -7, current_date())",3.672669892256889,240291,SUCCESS,
8254b06c-8296-4df2-88bd-d851187a2e55,2025-09-06T02:03:00,a3a85592-9f3f-4845-87b8-dd199fcdc3cc,gmoreno,DEV_WH_LARGE,SELECT * FROM FINANCIAL_METRICS LIMIT 1000,0.25771194577550693,359962,SUCCESS,
f1ab3b71-6a82-426f-935e-9402024e267b,2025-09-06T02:14:00,89e53854-09b7-4b59-8352-a231c51f8687,glarsen,PROD_WH_LARGE,"SELECT * FROM USER_ACTIVITY_LOGS WHERE created_at >= dateadd('day', -7, current_date())",1.5132270730135058,152516,SUCCESS,
8815f062-b3db-4b93-95c9-a7adbb2c08ce,2025-09-06T02:14:00,4bc8b8f2-4d6e-4d5e-8d40-a7b6b3d6bb03,amandamitchell,DEV_WH_SMALL,SELECT * FROM SALES_TRANSACTIONS LIMIT 1000,4.718482215255964,492521,SUCCESS,
3971e760-0845-4863-ad54-38b076a37dcf,2025-09-06T02:28:00,3d8cc43f-0f00-40bd-b8b2-34ac61fc0360,rwilliams,ETL_WH_LARGE,SELECT * FROM SALES_TRANSACTIONS LIMIT 1000,1.5221853347544645,91302,SUCCESS,
4a6acd8a-5cde-4655-b1f1-293211784e00,2025-09-06T02:28:00,3d8cc43f-0f00-40bd-b8b2-34ac61fc0360,rwilliams,ETL_WH_SMALL,"SELECT DISTINCT column1, column2 FROM SALES_TRANSACTIONS WHERE condition = 'value'",3.5492966450757204,114657,SUCCESS,
3cbf5d44-6518-4b8d-8b46-fc97bb3a0fe0,2025-09-06T02:38:00,879c852e-e8e8-45c3-9ead-5fa56c9ecfbc,egarcia,ETL_WH_LARGE,"SELECT DISTINCT column1, column2 FROM SALES_TRANSACTIONS WHERE condition = 'value'",0.2736058701544769,553082,SUCCESS,
3944b5c8-22f0-4841-bdfb-fb935ddb202f,2025-09-06T02:38:00,f0c2cfac-cf3b-4053-9e79-a6a4c6bbd187,garciaalison,ETL_WH_MEDIUM,SELECT * FROM SYSTEM_EVENTS LIMIT 1000,2.7386751845721724,832484,SUCCESS,
39483cbf-a4bd-4af0-9ce4-34586d28f9c6,2025-09-06T02:52:00,cea2e75f-1ee1-4b1d-90f5-242f82a02bed,erickennedy,DEV_WH_MEDIUM,"SELECT DISTINCT column1, column2 FROM FINANCIAL_METRICS WHERE condition = 'value'",2.9790964502026553,875304,SUCCESS,
8836018d-e31f-4fd6-8259-10912e71cd4d,2025-09-06T02:52:00,89e53854-09b7-4b59-8352-a231c51f8687,glarsen,PROD_WH_MEDIUM,"SELECT * FROM CUSTOMER_DATA WHERE created_at >= dateadd('day', -7, current_date())",3.356533557309213,797113,SUCCESS,
fe15b8ea-545f-40cf-bb95-0817bcc40b0b,2025-09-06T02:58:00,5fb2a072-2bab-4b94-9109-9cbea70c5438,bryancuevas,ETL_WH_MEDIUM,"SELECT DISTINCT column1, column2 FROM CUSTOMER_DATA WHERE condition = 'value'",0.9793436924969592,583559,SUCCESS,
19d11a5c-5496-4e32-8550-9d7e465cdd37,2025-09-06T02:58:00,f22aa1cf-fe8b-4e78-8492-b46e0f46ffda,brandtmisty,ETL_WH_SMALL,"SELECT * FROM SYSTEM_EVENTS WHERE created_at >= dateadd('day', -7, current_date())",1.8460946584825475,968859,SUCCESS,
943a17a0-5c3c-46cc-8b77-902154e2ca49,2025-09-06T03:13:00,b92c2609-888c-471e-bf61-4363556df9d8,frank26,DEV_WH_X-SMALL,"SELECT * FROM EMPLOYEE_RECORDS WHERE created_at >= dateadd('day', -7, current_date())",3.3675730732097806,578457,SUCCESS,
3e3e7098-8553-4c0e-93e3-eb7313d739e3,2025-09-06T03:13:00,4663d48b-596a-4f39-b714-8d69ac9a7d2a,robert93,PROD_WH_LARGE,"SELECT * FROM FINANCIAL_METRICS WHERE created_at >= dateadd('day', -7, current_date())",3.1523425558747613,751926,SUCCESS,
9d728bd1-f918-405d-9298-9f82b00f4ea7,2025-09-06T03:18:00,4b7e389e-8c78-4e72-ab0b-774df43b399e,hardinjennifer,BI_WH_LARGE,"SELECT * FROM MARKETING_CAMPAIGNS WHERE created_at >= dateadd('day', -7, current_date())",0.8040687934440426,517843,SUCCESS,
40f606dc-a145-42b1-8be8-c1b4e0afa9c8,2025-09-06T03:18:00,3d8cc43f-0f00-40bd-b8b2-34ac61fc0360,rwilliams,PROD_WH_SMALL,SELECT * FROM SALES_TRANSACTIONS LIMIT 1000,3.2996866090378365,296228,SUCCESS,
78e4ee3d-63ea-4e10-be30-5921aa7c85c8,2025-09-06T03:26:00,b92c2609-888c-471e-bf61-4363556df9d8,frank26,DEV_WH_LARGE,SELECT * FROM SYSTEM_EVENTS LIMIT 1000,0.2680635584710664,781016,SUCCESS,
f31f0ba0-1d1a-45ac-87ec-0b0547384d08,2025-09-06T03:26:00,82e7a6a3-1f49-4f5a-8a2a-96e5a654a185,codyoconnor,DEV_WH_X-SMALL,"SELECT DISTINCT column1, column2 FROM CUSTOMER_DATA WHERE condition = 'value'",1.4293413083111823,431915,SUCCESS,
699654b8-2e65-4656-ba07-5290feeb2781,2025-09-06T03:40:00,4663d48b-596a-4f39-b714-8d69ac9a7d2a,robert93,DEV_WH_LARGE,SELECT * FROM PRODUCT_INVENTORY LIMIT 1000,2.3108238515668313,988184,SUCCESS,
c5946566-ae2b-4add-ac0a-c6c011336d38,2025-09-06T03:40:00,7cd584de-ca92-465c-8ea8-5f7ad356bee6,danasandoval,DEV_WH_LARGE,SELECT * FROM PRODUCT_INVENTORY LIMIT 1000,4.104620788648408,408017,SUCCESS,
fc7c70cd-b16c-4217-ba16-94985365577e,2025-09-06T03:50:00,9a7a68c7-1b0c-4669-859f-6d352b1e386f,andrew16,ETL_WH_SMALL,"SELECT * FROM FINANCIAL_METRICS WHERE created_at >= dateadd('day', -7, current_date())",3.1960652222156787,607935,SUCCESS,
0c35bbff-15ab-4922-8d31-5d111cdf8b61,2025-09-06T03:50:00,a3a85592-9f3f-4845-87b8-dd199fcdc3cc,gmoreno,DEV_WH_SMALL,"SELECT COUNT(*) FROM PRODUCT_INVENTORY GROUP BY date_trunc('day', created_at)",4.618711267098305,90452,SUCCESS,
1086f84b-ddea-49c6-953e-f9e913f044db,2025-09-06T03:58:00,ac5e7ada-2f2f-4292-a0e4-18083982547a,lliu,BI_WH_MEDIUM,SELECT * FROM EMPLOYEE_RECORDS LIMIT 1000,4.181574456826823,144464,SUCCESS,
8f8624a6-dc62-4afb-9311-2fceeff55cf7,2025-09-06T03:58:00,4b7e389e-8c78-4e72-ab0b-774df43b399e,hardinjennifer,PROD_WH_MEDIUM,SELECT * FROM MARKETING_CAMPAIGNS LIMIT 1000,4.162714548287584,724735,SUCCESS,
38a86a1e-1cad-4f72-a8a8-e27c4d09c199,2025-09-06T04:03:00,4663d48b-596a-4f39-b714-8d69ac9a7d2a,robert93,BI_WH_MEDIUM,SELECT * FROM FINANCIAL_METRICS LIMIT 1000,3.171691541897965,912498,SUCCESS,
9c0b7eb0-7e2b-4926-8101-3acfe9b51713,2025-09-06T04:03:00,b92c2609-888c-471e-bf61-4363556df9d8,frank26,DEV_WH_X-SMALL,SELECT * FROM EMPLOYEE_RECORDS LIMIT 1000,2.1003486391126924,607869,SUCCESS,
eb2020df-096b-4153-aaca-470e84551b58,2025-09-06T04:11:00,cea2e75f-1ee1-4b1d-90f5-242f82a02bed,erickennedy,DEV_WH_LARGE,"SELECT DISTINCT column1, column2 FROM FINANCIAL_METRICS WHERE condition = 'value'",4.193920836478355,478537,SUCCESS,
0fb43674-a075-4968-869d-0dbe984b9122,2025-09-06T04:11:00,3d8cc43f-0f00-40bd-b8b2-34ac61fc0360,rwilliams,BI_WH_LARGE,"SELECT * FROM FINANCIAL_METRICS WHERE created_at >= dateadd('day', -7, current_date())",2.8117558261451028,966502,SUCCESS,
62fd944f-df2d-4f42-8b31-79d0ede8f3c3,2025-09-06T04:19:00,f0c2cfac-cf3b-4053-9e79-a6a4c6bbd187,garciaalison,PROD_WH_MEDIUM,SELECT * FROM EMPLOYEE_RECORDS LIMIT 1000,1.1716715284593051,751233,SUCCESS,
348a451a-6f8c-4b26-95fe-2da5372d6a39,2025-09-06T04:19:00,5fb2a072-2bab-4b94-9109-9cbea70c5438,bryancuevas,BI_WH_MEDIUM,"SELECT DISTINCT column1, column2 FROM CUSTOMER_DATA WHERE condition = 'value'",3.7872602215220734,974077,SUCCESS,
20213221-0799-4e7b-babb-9aea73e247a0,2025-09-06T04:30:00,3d8cc43f-0f00-40bd-b8b2-34ac61fc0360,rwilliams,ETL_WH_X-SMALL,"SELECT DISTINCT column1, column2 FROM SYSTEM_EVENTS WHERE condition = 'value'",4.949737465151795,937463,SUCCESS,
3607a908-c769-4edd-999a-4b64ab969b6a,2025-09-06T04:30:00,f22aa1cf-fe8b-4e78-8492-b46e0f46ffda,brandtmisty,PROD_WH_SMALL,"SELECT DISTINCT column1, column2 FROM FINANCIAL_METRICS WHERE condition = 'value'",1.8915144085542022,356836,SUCCESS,
c5297316-6a93-4bed-b553-3f9fac7a64dd,2025-09-06T04:36:00,f22aa1cf-fe8b-4e78-8492-b46e0f46ffda,brandtmisty,PROD_WH_X-SMALL,"SELECT DISTINCT column1, column2 FROM SALES_TRANSACTIONS WHERE condition = 'value'",4.509572668008812,945280,SUCCESS,
3f8edf5e-9928-467b-97d9-ed73df071e70,2025-09-06T04:36:00,57eba2d7-a4fe-48aa-aa7b-ad0e6f1296b7,jose46,BI_WH_SMALL,"SELECT DISTINCT column1, column2 FROM USER_ACTIVITY_LOGS WHERE condition = 'value'",3.3639454519921754,520804,SUCCESS,
179a0a51-c36c-44b7-9cb4-b62fbf4e35e5,2025-09-06T04:48:00,4b7e389e-8c78-4e72-ab0b-774df43b399e,hardinjennifer,DEV_WH_X-SMALL,SELECT * FROM SALES_TRANSACTIONS LIMIT 1000,3.339160103465765,275849,SUCCESS,
d17aed42-b115-4aab-a84c-e56ef2a71583,2025-09-06T04:48:00,57eba2d7-a4fe-48aa-aa7b-ad0e6f1296b7,jose46,ETL_WH_MEDIUM,"SELECT DISTINCT column1, column2 FROM MARKETING_CAMPAIGNS WHERE condition = 'value'",4.2641095516612735,119491,SUCCESS,
607429d9-cd8a-4602-ae91-07633d42e03f,2025-09-06T04:54:00,f22aa1cf-fe8b-4e78-8492-b46e0f46ffda,brandtmisty,BI_WH_LARGE,"SELECT DISTINCT column1, column2 FROM SYSTEM_EVENTS WHERE condition = 'value'",2.7092539543172567,237243,SUCCESS,
740db2c6-e5a9-4baf-83c7-bbe438a31bd0,2025-09-06T04:54:00,859c34dd-4540-49a3-b26d-f82b1455d905,oatkinson,ETL_WH_MEDIUM,"SELECT DISTINCT column1, column2 FROM FINANCIAL_METRICS WHERE condition = 'value'",3.5381879938538177,37232,SUCCESS,
c55fa78f-6465-4ed8-9082-c7a656a2ddd9,2025-09-06T05:05:00,89e53854-09b7-4b59-8352-a231c51f8687,glarsen,DEV_WH_X-SMALL,SELECT * FROM MARKETING_CAMPAIGNS LIMIT 1000,3.6797389425635916,368488,SUCCESS,
5950171f-94a8-426b-be10-53eb694ab202,2025-09-06T05:05:00,3d8cc43f-0f00-40bd-b8b2-34ac61fc0360,rwilliams,BI_WH_LARGE,"SELECT DISTINCT column1, column2 FROM USER_ACTIVITY_LOGS WHERE condition = 'value'",3.3200128575372725,281581,SUCCESS,
c6ab8d17-3e3f-43ff-924d-fb94532a5c81,2025-09-06T05:10:00,f0c2cfac-cf3b-4053-9e79-a6a4c6bbd187,garciaalison,PROD_WH_LARGE,"SELECT COUNT(*) FROM FINANCIAL_METRICS GROUP BY date_trunc('day', created_at)",4.608604280242787,183437,SUCCESS,
6e5dfcef-1e58-4f35-a6c1-4985d052a3fa,2025-09-06T05:10:00,7cd584de-ca92-465c-8ea8-5f7ad356bee6,danasandoval,BI_WH_X-SMALL,"SELECT COUNT(*) FROM FINANCIAL_METRICS GROUP BY date_trunc('day', created_at)",4.698721819374799,571569,SUCCESS,
44443e63-2c1c-49d3-98cb-88c0a05fb9ab,2025-09-06T05:25:00,7cd584de-ca92-465c-8ea8-5f7ad356bee6,danasandoval,ETL_WH_SMALL,"SELECT COUNT(*) FROM SALES_TRANSACTIONS GROUP BY date_trunc('day', created_at)",1.2373218814990004,309577,SUCCESS,
72e9ca59-08fc-458a-9348-094a5bc0311d,2025-09-06T05:25:00,b92c2609-888c-471e-bf61-4363556df9d8,frank26,ETL_WH_LARGE,"SELECT COUNT(*) FROM MARKETING_CAMPAIGNS GROUP BY date_trunc('day', created_at)",1.225732722192579,314658,SUCCESS,
d6eec6b1-52d5-4947-a431-c50bf8c43b67,2025-09-06T05:31:00,82e7a6a3-1f49-4f5a-8a2a-96e5a654a185,codyoconnor,DEV_WH_MEDIUM,"SELECT DISTINCT column1, column2 FROM SYSTEM_EVENTS WHERE condition = 'value'",2.0381272428817456,668806,SUCCESS,
a6f8b2fe-d19d-439b-95f7-1f71c57e02b8,2025-09-06T05:31:00,b92c2609-888c-471e-bf61-4363556df9d8,frank26,PROD_WH_SMALL,"SELECT * FROM SALES_TRANSACTIONS WHERE created_at >= dateadd('day', -7, current_date())",3.344633617913334,385233,SUCCESS,
bd46f28b-c02c-4622-974c-511eaa0265de,2025-09-06T05:41:00,a3a85592-9f3f-4845-87b8-dd199fcdc3cc,gmoreno,DEV_WH_MEDIUM,SELECT * FROM PRODUCT_INVENTORY LIMIT 1000,0.4414175734453375,529130,SUCCESS,
852bd40d-1641-4a10-8cb1-49589c575c70,2025-09-06T05:41:00,da0f0f7a-8d2c-4ca9-b82e-cda33fba6610,rachel35,DEV_WH_MEDIUM,"SELECT DISTINCT column1, column2 FROM SALES_TRANSACTIONS WHERE condition = 'value'",2.079734199226875,779598,SUCCESS,
0cda51e0-a021-4ba6-9745-acd90515a418,2025-09-06T05:50:00,f22aa1cf-fe8b-4e78-8492-b46e0f46ffda,brandtmisty,PROD_WH_LARGE,"SELECT * FROM USER_ACTIVITY_LOGS WHERE created_at >= dateadd('day', -7, current_date())",3.0468783587337716,708037,SUCCESS,
c3a30ec3-0aad-4b06-ac48-cbdb485de904,2025-09-06T05:50:00,da0f0f7a-8d2c-4ca9-b82e-cda33fba6610,rachel35,DEV_WH_MEDIUM,"SELECT * FROM EMPLOYEE_RECORDS WHERE created_at >= dateadd('day', -7, current_date())",1.8875372364217056,550080,SUCCESS,
36ca6e63-d8af-4af2-895e-1ba3981eb260,2025-09-06T05:55:00,00f99f6f-5fcc-490a-84f9-6b24911c0b2e,emilyhamilton,ETL_WH_MEDIUM,"SELECT * FROM CUSTOMER_DATA WHERE created_at >= dateadd('day', -7, current_date())",3.889230355661428,905843,SUCCESS,
b2e37ca6-18c0-4bb0-bd22-7576d58a2423,2025-09-06T05:55:00,ac5e7ada-2f2f-4292-a0e4-18083982547a,lliu,ETL_WH_LARGE,"SELECT DISTINCT column1, column2 FROM EMPLOYEE_RECORDS WHERE condition = 'value'",1.0792482371486873,374394,SUCCESS,
0d491bba-4cd1-4993-bf96-d0024dff9de7,2025-09-06T06:06:00,a3a85592-9f3f-4845-87b8-dd199fcdc3cc,gmoreno,ETL_WH_LARGE,"SELECT COUNT(*) FROM FINANCIAL_METRICS GROUP BY date_trunc('day', created_at)",3.328219671762845,513354,SUCCESS,
88886ec2-5c19-4a84-a407-20a45d200aaf,2025-09-06T06:06:00,f22aa1cf-fe8b-4e78-8492-b46e0f46ffda,brandtmisty,ETL_WH_LARGE,"SELECT COUNT(*) FROM SALES_TRANSACTIONS GROUP BY date_trunc('day', created_at)",1.2286284260700377,368056,SUCCESS,
11da6e27-cf7a-41ab-b994-2b7ac7c4e479,2025-09-06T06:12:00,859c34dd-4540-49a3-b26d-f82b1455d905,oatkinson,PROD_WH_LARGE,"SELECT * FROM FINANCIAL_METRICS WHERE created_at >= dateadd('day', -7, current_date())",4.757388417429467,140418,SUCCESS,
340ad44c-34df-4980-9bd9-a0cda72bb969,2025-09-06T06:12:00,da0f0f7a-8d2c-4ca9-b82e-cda33fba6610,rachel35,BI_WH_X-SMALL,SELECT * FROM SYSTEM_EVENTS LIMIT 1000,2.172006056794415,93194,SUCCESS,
5464f90d-0bb6-4a40-bf5c-accbd21458f1,2025-09-06T06:23:00,879c852e-e8e8-45c3-9ead-5fa56c9ecfbc,egarcia,BI_WH_X-SMALL,"SELECT COUNT(*) FROM PRODUCT_INVENTORY GROUP BY date_trunc('day', created_at)",4.236507601916485,652939,SUCCESS,
13535686-6508-45b4-88b6-cb89c386c4ae,2025-09-06T06:23:00,f0c2cfac-cf3b-4053-9e79-a6a4c6bbd187,garciaalison,ETL_WH_MEDIUM,"SELECT * FROM FINANCIAL_METRICS WHERE created_at >= dateadd('day', -7, current_date())",3.9038621850876263,662209,SUCCESS,
e114cdfa-7186-479b-b755-cba4dc463273,2025-09-06T06:34:00,7cd584de-ca92-465c-8ea8-5f7ad356bee6,danasandoval,PROD_WH_X-SMALL,"SELECT * FROM SALES_TRANSACTIONS WHERE created_at >= dateadd('day', -7, current_date())",0.5817479919766212,407259,SUCCESS,
e217628e-f6f7-42de-9550-f61c871150a3,2025-09-06T06:34:00,da0f0f7a-8d2c-4ca9-b82e-cda33fba6610,rachel35,BI_WH_LARGE,SELECT * FROM PRODUCT_INVENTORY LIMIT 1000,1.4098146932687303,773385,SUCCESS,
37b2c985-0a9c-45ab-bbb5-e8e13eb3750f,2025-09-06T06:49:00,f0c2cfac-cf3b-4053-9e79-a6a4c6bbd187,garciaalison,BI_WH_SMALL,"SELECT DISTINCT column1, column2 FROM CUSTOMER_DATA WHERE condition = 'value'",4.044881212037365,752411,SUCCESS,
844e48fe-5acb-4e6d-ad04-e6a35a4f0d1a,2025-09-06T06:49:00,a3a85592-9f3f-4845-87b8-dd199fcdc3cc,gmoreno,ETL_WH_X-SMALL,"SELECT DISTINCT column1, column2 FROM CUSTOMER_DATA WHERE condition = 'value'",1.9345331454715309,799827,SUCCESS,
9601a397-f220-460c-9a05-ee1c4b112fdf,2025-09-06T07:03:00,5fb2a072-2bab-4b94-9109-9cbea70c5438,bryancuevas,PROD_WH_LARGE,"SELECT COUNT(*) FROM FINANCIAL_METRICS GROUP BY date_trunc('day', created_at)",0.48763082471298025,451277,SUCCESS,
fad74ab5-7c2d-456f-bd91-10d42e3b9f50,2025-09-06T07:03:00,cea2e75f-1ee1-4b1d-90f5-242f82a02bed,erickennedy,BI_WH_MEDIUM,"SELECT * FROM USER_ACTIVITY_LOGS WHERE created_at >= dateadd('day', -7, current_date())",0.47929427898181187,40520,SUCCESS,
5efd651f-8dad-40a4-be2f-125fdefc9d74,2025-09-06T07:10:00,4663d48b-596a-4f39-b714-8d69ac9a7d2a,robert93,DEV_WH_SMALL,"SELECT * FROM FINANCIAL_METRICS WHERE created_at >= dateadd('day', -7, current_date())",1.5974612128509125,458788,SUCCESS,
fa005640-cd99-43b9-97f9-d2ae984420d2,2025-09-06T07:10:00,879c852e-e8e8-45c3-9ead-5fa56c9ecfbc,egarcia,BI_WH_LARGE,SELECT * FROM SALES_TRANSACTIONS LIMIT 1000,4.734259768520973,584947,SUCCESS,
509baa17-a5c3-4762-8e9c-d9694450b6bf,2025-09-06T07:19:00,a3a85592-9f3f-4845-87b8-dd199fcdc3cc,gmoreno,PROD_WH_SMALL,"SELECT COUNT(*) FROM CUSTOMER_DATA GROUP BY date_trunc('day', created_at)",4.314057012894853,990198,SUCCESS,
5f6eda17-4cef-4e07-ba22-a8507ffb678b,2025-09-06T07:19:00,57eba2d7-a4fe-48aa-aa7b-ad0e6f1296b7,jose46,DEV_WH_X-SMALL,"SELECT * FROM PRODUCT_INVENTORY WHERE created_at >= dateadd('day', -7, current_date())",3.4099082011754818,521004,SUCCESS,
80b433a8-b119-4c0e-b8cb-0bcad86dcfed,2025-09-06T07:25:00,4bc8b8f2-4d6e-4d5e-8d40-a7b6b3d6bb03,amandamitchell,BI_WH_LARGE,"SELECT COUNT(*) FROM PRODUCT_INVENTORY GROUP BY date_trunc('day', created_at)",2.924156857523771,278042,SUCCESS,
a8f1a929-e8c9-4636-8cc1-faee766e6534,2025-09-06T07:25:00,879c852e-e8e8-45c3-9ead-5fa56c9ecfbc,egarcia,BI_WH_X-SMALL,"SELECT DISTINCT column1, column2 FROM FINANCIAL_METRICS WHERE condition = 'value'",3.135026843131194,609113,SUCCESS,
0f79ab37-309f-4800-a0eb-8d2355ed6a23,2025-09-06T07:34:00,a3a85592-9f3f-4845-87b8-dd199fcdc3cc,gmoreno,ETL_WH_X-SMALL,"SELECT COUNT(*) FROM EMPLOYEE_RECORDS GROUP BY date_trunc('day', created_at)",4.083526043281762,195205,SUCCESS,
4eac4f7e-f33b-4a3f-9569-16b9d9655375,2025-09-06T07:34:00,da0f0f7a-8d2c-4ca9-b82e-cda33fba6610,rachel35,PROD_WH_MEDIUM,"SELECT DISTINCT column1, column2 FROM EMPLOYEE_RECORDS WHERE condition = 'value'",3.673281130945177,889270,SUCCESS,
eb6c6b7d-efb7-4191-9283-0f9b0c751c0f,2025-09-06T07:48:00,859c34dd-4540-49a3-b26d-f82b1455d905,oatkinson,BI_WH_SMALL,"SELECT DISTINCT column1, column2 FROM EMPLOYEE_RECORDS WHERE condition = 'value'",1.5946886259202153,658984,SUCCESS,
62dd6069-f5df-4ee6-83b3-2b5615d2a486,2025-09-06T07:48:00,ac5e7ada-2f2f-4292-a0e4-18083982547a,lliu,BI_WH_SMALL,"SELECT DISTINCT column1, column2 FROM EMPLOYEE_RECORDS WHERE condition = 'value'",0.23571731935203497,880719,SUCCESS,
01b52b5b-24b6-4b75-8994-3aff042b6dbf,2025-09-06T07:59:00,cea2e75f-1ee1-4b1d-90f5-242f82a02bed,erickennedy,DEV_WH_SMALL,SELECT * FROM PRODUCT_INVENTORY LIMIT 1000,3.0805097630087905,690315,SUCCESS,
263f9a6f-084c-44f3-a3b8-21173738dd79,2025-09-06T07:59:00,a3a85592-9f3f-4845-87b8-dd199fcdc3cc,gmoreno,BI_WH_LARGE,"SELECT * FROM MARKETING_CAMPAIGNS WHERE created_at >= dateadd('day', -7, current_date())",4.0605576264044405,385798,SUCCESS,
9fb13049-f3de-4f24-9941-b44bfa5f3a36,2025-09-06T08:14:00,57eba2d7-a4fe-48aa-aa7b-ad0e6f1296b7,jose46,ETL_WH_LARGE,"SELECT COUNT(*) FROM FINANCIAL_METRICS GROUP BY date_trunc('day', created_at)",2.7706693499449564,948503,SUCCESS,
87ad5f89-95e4-4cb6-8d19-f86e25fa55aa,2025-09-06T08:14:00,ac5e7ada-2f2f-4292-a0e4-18083982547a,lliu,ETL_WH_MEDIUM,SELECT * FROM CUSTOMER_DATA LIMIT 1000,0.1459432857133049,629839,SUCCESS,
0ad65634-4c3e-4c13-b1cc-de34fc14a0ef,2025-09-06T08:27:00,57eba2d7-a4fe-48aa-aa7b-ad0e6f1296b7,jose46,ETL_WH_SMALL,SELECT * FROM SALES_TRANSACTIONS LIMIT 1000,2.0715841924774834,801094,SUCCESS,
ea062611-66b5-40f6-b65d-ddaa65645b65,2025-09-06T08:27:00,7cd584de-ca92-465c-8ea8-5f7ad356bee6,danasandoval,DEV_WH_MEDIUM,"SELECT COUNT(*) FROM CUSTOMER_DATA GROUP BY date_trunc('day', created_at)",3.5033554534815137,686650,SUCCESS,
d64b79e3-9c0a-4900-bd53-bbaed7f946a9,2025-09-06T08:38:00,f0c2cfac-cf3b-4053-9e79-a6a4c6bbd187,garciaalison,ETL_WH_LARGE,"SELECT * FROM EMPLOYEE_RECORDS WHERE created_at >= dateadd('day', -7, current_date())",2.5135058015937513,732662,SUCCESS,
7d85a5f2-33bc-40a7-a59f-898d021c2dfc,2025-09-06T08:38:00,859c34dd-4540-49a3-b26d-f82b1455d905,oatkinson,DEV_WH_X-SMALL,SELECT * FROM EMPLOYEE_RECORDS LIMIT 1000,1.9631300168748895,773705,SUCCESS,
c12c2be8-e49e-4e18-a839-332fdc4e3dc0,2025-09-06T08:43:00,879c852e-e8e8-45c3-9ead-5fa56c9ecfbc,egarcia,DEV_WH_SMALL,"SELECT COUNT(*) FROM SALES_TRANSACTIONS GROUP BY date_trunc('day', created_at)",0.9337151722014957,689549,SUCCESS,
935e6f1e-5665-4b39-b69d-3f47bdfd884d,2025-09-06T08:43:00,f22aa1cf-fe8b-4e78-8492-b46e0f46ffda,brandtmisty,ETL_WH_MEDIUM,"SELECT COUNT(*) FROM PRODUCT_INVENTORY GROUP BY date_trunc('day', created_at)",4.6427436530526585,587324,SUCCESS,
0b2c851d-a787-4c43-845f-f47c4f491c7c,2025-09-06T08:56:00,9a7a68c7-1b0c-4669-859f-6d352b1e386f,andrew16,ETL_WH_X-SMALL,"SELECT * FROM FINANCIAL_METRICS WHERE created_at >= dateadd('day', -7, current_date())",0.5462445938881682,908707,SUCCESS,
90898584-3f47-4754-b623-f0b1adc8b788,2025-09-06T08:56:00,f22aa1cf-fe8b-4e78-8492-b46e0f46ffda,brandtmisty,ETL_WH_LARGE,"SELECT * FROM EMPLOYEE_RECORDS WHERE created_at >= dateadd('day', -7, current_date())",3.6606710435886307,489404,SUCCESS,
5aa43842-e38f-476f-ad0a-0bb7f75b7b9e,2025-09-06T09:09:00,ac5e7ada-2f2f-4292-a0e4-18083982547a,lliu,DEV_WH_LARGE,"SELECT DISTINCT column1, column2 FROM MARKETING_CAMPAIGNS WHERE condition = 'value'",1.8818368190933856,80695,SUCCESS,
9d246d50-db33-419d-8e24-97656e33a330,2025-09-06T09:09:00,ac5e7ada-2f2f-4292-a0e4-18083982547a,lliu,PROD_WH_LARGE,"SELECT DISTINCT column1, column2 FROM EMPLOYEE_RECORDS WHERE condition = 'value'",3.9931742033494477,372751,SUCCESS,
ddee423e-e3f2-49e2-a83a-1a9efb45872f,2025-09-06T09:16:00,879c852e-e8e8-45c3-9ead-5fa56c9ecfbc,egarcia,BI_WH_LARGE,"SELECT DISTINCT column1, column2 FROM MARKETING_CAMPAIGNS WHERE condition = 'value'",2.275038891263264,67033,SUCCESS,
4df5e28b-8b03-48c9-9265-d2b453e919ba,2025-09-06T09:16:00,f22aa1cf-fe8b-4e78-8492-b46e0f46ffda,brandtmisty,DEV_WH_MEDIUM,"SELECT * FROM SALES_TRANSACTIONS WHERE created_at >= dateadd('day', -7, current_date())",1.2018469933080838,710566,SUCCESS,
e33ef987-2231-46ad-9d54-ec482137d874,2025-09-06T09:31:00,f0c2cfac-cf3b-4053-9e79-a6a4c6bbd187,garciaalison,PROD_WH_LARGE,"SELECT DISTINCT column1, column2 FROM SYSTEM_EVENTS WHERE condition = 'value'",4.971193966783224,831343,SUCCESS,
7ec3b643-be9e-4c2a-9ee2-e952d0d312be,2025-09-06T09:31:00,89e53854-09b7-4b59-8352-a231c51f8687,glarsen,BI_WH_LARGE,"SELECT COUNT(*) FROM SYSTEM_EVENTS GROUP BY date_trunc('day', created_at)",4.840799681606558,91412,SUCCESS,
3413aa01-e409-4bbb-b606-7c15519abcf7,2025-09-06T09:46:00,a3a85592-9f3f-4845-87b8-dd199fcdc3cc,gmoreno,ETL_WH_X-SMALL,"SELECT DISTINCT column1, column2 FROM PRODUCT_INVENTORY WHERE condition = 'value'",3.055433085100438,826272,SUCCESS,
dba711b7-d8cd-4fdb-99ec-acb7827c8f52,2025-09-06T09:46:00,7cd584de-ca92-465c-8ea8-5f7ad356bee6,danasandoval,PROD_WH_SMALL,"SELECT DISTINCT column1, column2 FROM SYSTEM_EVENTS WHERE condition = 'value'",0.1398075467338078,136160,SUCCESS,
b9e5bcd6-73c6-45b4-bc26-54aaaf992f86,2025-09-06T09:53:00,57eba2d7-a4fe-48aa-aa7b-ad0e6f1296b7,jose46,ETL_WH_SMALL,"SELECT * FROM CUSTOMER_DATA WHERE created_at >= dateadd('day', -7, current_date())",4.696560247844774,892714,SUCCESS,
66592af8-37c9-42a4-b119-7dd22633480f,2025-09-06T09:53:00,a3a85592-9f3f-4845-87b8-dd199fcdc3cc,gmoreno,ETL_WH_SMALL,"SELECT COUNT(*) FROM CUSTOMER_DATA GROUP BY date_trunc('day', created_at)",1.5703883974999955,896597,SUCCESS,
57a5dad4-f40b-4bcc-8649-af40e8fac2f5,2025-09-06T10:05:00,4bc8b8f2-4d6e-4d5e-8d40-a7b6b3d6bb03,amandamitchell,ETL_WH_SMALL,SELECT * FROM MARKETING_CAMPAIGNS LIMIT 1000,3.4031457954143787,428621,SUCCESS,
06a2bcba-e48c-43ce-8f65-bda52f78b099,2025-09-06T10:05:00,4b7e389e-8c78-4e72-ab0b-774df43b399e,hardinjennifer,PROD_WH_MEDIUM,"SELECT DISTINCT column1, column2 FROM SALES_TRANSACTIONS WHERE condition = 'value'",1.0714885536267447,324783,SUCCESS,
3a5a39fb-4e4d-45a7-b556-1d81590fc7dd,2025-09-06T10:12:00,cea2e75f-1ee1-4b1d-90f5-242f82a02bed,erickennedy,BI_WH_SMALL,"SELECT DISTINCT column1, column2 FROM CUSTOMER_DATA WHERE condition = 'value'",1.9274558983050112,258873,SUCCESS,
b96a4e7d-8438-4683-8d69-9135349b8ecc,2025-09-06T10:12:00,cea2e75f-1ee1-4b1d-90f5-242f82a02bed,erickennedy,DEV_WH_MEDIUM,"SELECT DISTINCT column1, column2 FROM SALES_TRANSACTIONS WHERE condition = 'value'",3.9391943117977704,487443,SUCCESS,
2027b3aa-d841-47bf-a691-62d008d34dc5,2025-09-06T10:26:00,82e7a6a3-1f49-4f5a-8a2a-96e5a654a185,codyoconnor,PROD_WH_X-SMALL,SELECT * FROM CUSTOMER_DATA LIMIT 1000,4.696816265531635,164582,SUCCESS,
cad68ae1-67dd-48ba-b754-42aae26e37f5,2025-09-06T10:26:00,9a7a68c7-1b0c-4669-859f-6d352b1e386f,andrew16,BI_WH_MEDIUM,SELECT * FROM SALES_TRANSACTIONS LIMIT 1000,4.760331108086534,374455,SUCCESS,
73ce9104-10ec-44e7-b0d9-121ecf4ca246,2025-09-06T10:31:00,859c34dd-4540-49a3-b26d-f82b1455d905,oatkinson,BI_WH_LARGE,"SELECT * FROM EMPLOYEE_RECORDS WHERE created_at >= dateadd('day', -7, current_date())",1.5777058557296808,651434,SUCCESS,
a778722a-0314-4900-ac53-98993869e538,2025-09-06T10:31:00,4663d48b-596a-4f39-b714-8d69ac9a7d2a,robert93,BI_WH_SMALL,"SELECT COUNT(*) FROM USER_ACTIVITY_LOGS GROUP BY date_trunc('day', created_at)",0.6465186620231109,391028,SUCCESS,
c7a57a7d-f73f-493a-ac18-17254babb0c1,2025-09-06T10:41:00,cea2e75f-1ee1-4b1d-90f5-242f82a02bed,erickennedy,DEV_WH_MEDIUM,"SELECT * FROM CUSTOMER_DATA WHERE created_at >= dateadd('day', -7, current_date())",4.511070293171859,418860,SUCCESS,
63dad774-6046-4b1a-a056-1040f164f736,2025-09-06T10:41:00,9a7a68c7-1b0c-4669-859f-6d352b1e386f,andrew16,DEV_WH_MEDIUM,SELECT * FROM SALES_TRANSACTIONS LIMIT 1000,2.9955537481276036,152442,SUCCESS,
52c3b990-b4a9-41fa-8fd3-e818fae4a90e,2025-09-06T10:54:00,879c852e-e8e8-45c3-9ead-5fa56c9ecfbc,egarcia,DEV_WH_LARGE,SELECT * FROM USER_ACTIVITY_LOGS LIMIT 1000,0.5066418257059884,167758,SUCCESS,
43ab3e71-c327-4180-866f-a400b6c8d4f1,2025-09-06T10:54:00,89e53854-09b7-4b59-8352-a231c51f8687,glarsen,PROD_WH_MEDIUM,"SELECT COUNT(*) FROM MARKETING_CAMPAIGNS GROUP BY date_trunc('day', created_at)",1.6100781971869267,600339,SUCCESS,
2886e2b1-b248-45d4-b50e-14dc0eb0028d,2025-09-06T11:03:00,00f99f6f-5fcc-490a-84f9-6b24911c0b2e,emilyhamilton,ETL_WH_X-SMALL,"SELECT DISTINCT column1, column2 FROM MARKETING_CAMPAIGNS WHERE condition = 'value'",3.669218908519541,698173,SUCCESS,
32f6fab4-e7c3-4a51-97a2-a4ef0c7cc6ec,2025-09-06T11:03:00,7cd584de-ca92-465c-8ea8-5f7ad356bee6,danasandoval,PROD_WH_MEDIUM,"SELECT COUNT(*) FROM CUSTOMER_DATA GROUP BY date_trunc('day', created_at)",4.71418644528151,357060,SUCCESS,
9ad6854c-ad40-4f45-8441-96b482d78b4c,2025-09-06T11:11:00,3d8cc43f-0f00-40bd-b8b2-34ac61fc0360,rwilliams,PROD_WH_X-SMALL,"SELECT DISTINCT column1, column2 FROM CUSTOMER_DATA WHERE condition = 'value'",3.516872349368676,697745,SUCCESS,
09404b73-d9ee-4b56-8325-69f078717b65,2025-09-06T11:11:00,cea2e75f-1ee1-4b1d-90f5-242f82a02bed,erickennedy,DEV_WH_SMALL,SELECT * FROM PRODUCT_INVENTORY LIMIT 1000,1.9348633520613383,134734,SUCCESS,
415514eb-38cc-48f9-bb45-415dd2506561,2025-09-06T11:16:00,da0f0f7a-8d2c-4ca9-b82e-cda33fba6610,rachel35,PROD_WH_SMALL,"SELECT * FROM SALES_TRANSACTIONS WHERE created_at >= dateadd('day', -7, current_date())",0.2427430246251958,714029,SUCCESS,
ad82828e-ba89-4874-bc75-7ff8030083f4,2025-09-06T11:16:00,7cd584de-ca92-465c-8ea8-5f7ad356bee6,danasandoval,DEV_WH_MEDIUM,"SELECT COUNT(*) FROM SALES_TRANSACTIONS GROUP BY date_trunc('day', created_at)",2.8034660964515754,313895,SUCCESS,
0c7c148a-50b5-407e-9d52-2fcea1ac454e,2025-09-06T11:29:00,f0c2cfac-cf3b-4053-9e79-a6a4c6bbd187,garciaalison,BI_WH_X-SMALL,"SELECT * FROM CUSTOMER_DATA WHERE created_at >= dateadd('day', -7, current_date())",0.8517744475828477,697654,SUCCESS,
e07e6828-b505-4f8a-983e-e6e8f8542371,2025-09-06T11:29:00,82e7a6a3-1f49-4f5a-8a2a-96e5a654a185,codyoconnor,DEV_WH_MEDIUM,"SELECT DISTINCT column1, column2 FROM MARKETING_CAMPAIGNS WHERE condition = 'value'",4.970810607082621,358160,SUCCESS,
bc897094-14be-4dd8-8ca5-b99f40827084,2025-09-06T11:40:00,7cd584de-ca92-465c-8ea8-5f7ad356bee6,danasandoval,ETL_WH_SMALL,"SELECT COUNT(*) FROM PRODUCT_INVENTORY GROUP BY date_trunc('day', created_at)",3.8389433972336193,974334,SUCCESS,
e4ffa97d-6046-42ac-84c7-285389c1753d,2025-09-06T11:40:00,da0f0f7a-8d2c-4ca9-b82e-cda33fba6610,rachel35,PROD_WH_X-SMALL,"SELECT * FROM PRODUCT_INVENTORY WHERE created_at >= dateadd('day', -7, current_date())",4.272538298722004,253797,SUCCESS,
2208a797-595b-48f2-937a-77f1252a5dba,2025-09-06T11:46:00,4663d48b-596a-4f39-b714-8d69ac9a7d2a,robert93,BI_WH_SMALL,SELECT * FROM FINANCIAL_METRICS LIMIT 1000,3.968926092586206,945867,SUCCESS,
3bc14a80-e7b7-45ae-a315-1c0606b86142,2025-09-06T11:46:00,f22aa1cf-fe8b-4e78-8492-b46e0f46ffda,brandtmisty,DEV_WH_SMALL,"SELECT COUNT(*) FROM PRODUCT_INVENTORY GROUP BY date_trunc('day', created_at)",4.954663449769437,421787,SUCCESS,
344c9ff6-6247-4308-bf7d-1facb28652ed,2025-09-06T11:55:00,5fb2a072-2bab-4b94-9109-9cbea70c5438,bryancuevas,ETL_WH_SMALL,"SELECT DISTINCT column1, column2 FROM SYSTEM_EVENTS WHERE condition = 'value'",1.9785884633695752,627845,SUCCESS,
046c88dc-d3bd-45ba-a51e-69567d17a204,2025-09-06T11:55:00,7cd584de-ca92-465c-8ea8-5f7ad356bee6,danasandoval,ETL_WH_SMALL,SELECT * FROM MARKETING_CAMPAIGNS LIMIT 1000,1.179547965898928,154100,SUCCESS,
acd3c220-07c8-45b7-9800-1a52faa675ce,2025-09-06T12:04:00,9a7a68c7-1b0c-4669-859f-6d352b1e386f,andrew16,BI_WH_X-SMALL,"SELECT * FROM EMPLOYEE_RECORDS WHERE created_at >= dateadd('day', -7, current_date())",1.3169508599776836,729652,SUCCESS,
c80acc26-15d6-4e73-a4aa-200e904982bd,2025-09-06T12:04:00,f22aa1cf-fe8b-4e78-8492-b46e0f46ffda,brandtmisty,BI_WH_X-SMALL,"SELECT DISTINCT column1, column2 FROM SYSTEM_EVENTS WHERE condition = 'value'",4.8217939237143375,911182,SUCCESS,
08408575-c04e-495b-be22-df39e416358f,2025-09-06T12:11:00,ac5e7ada-2f2f-4292-a0e4-18083982547a,lliu,DEV_WH_X-SMALL,"SELECT * FROM FINANCIAL_METRICS WHERE created_at >= dateadd('day', -7, current_date())",4.751406717326243,473506,SUCCESS,
a322fe71-906a-4adb-8192-8d0d05db43bd,2025-09-06T12:11:00,879c852e-e8e8-45c3-9ead-5fa56c9ecfbc,egarcia,PROD_WH_LARGE,SELECT * FROM EMPLOYEE_RECORDS LIMIT 1000,1.0859311342935527,111665,SUCCESS,
95503500-2d1e-4cf8-8e7c-2b50bb20053b,2025-09-06T12:24:00,b92c2609-888c-471e-bf61-4363556df9d8,frank26,ETL_WH_SMALL,"SELECT DISTINCT column1, column2 FROM SYSTEM_EVENTS WHERE condition = 'value'",2.0358490346808824,530480,SUCCESS,
8621e88a-d208-485c-8ebf-d1638068986c,2025-09-06T12:24:00,4bc8b8f2-4d6e-4d5e-8d40-a7b6b3d6bb03,amandamitchell,PROD_WH_SMALL,SELECT * FROM PRODUCT_INVENTORY LIMIT 1000,0.8135049212295692,185723,SUCCESS,
02b1dcee-bb05-4093-b6c6-181f2b53d331,2025-09-06T12:32:00,859c34dd-4540-49a3-b26d-f82b1455d905,oatkinson,ETL_WH_SMALL,SELECT * FROM PRODUCT_INVENTORY LIMIT 1000,1.7301381949736028,25138,SUCCESS,
51837e7b-1359-4df0-80c3-ad6b0813e602,2025-09-06T12:32:00,5fb2a072-2bab-4b94-9109-9cbea70c5438,bryancuevas,ETL_WH_MEDIUM,"SELECT * FROM MARKETING_CAMPAIGNS WHERE created_at >= dateadd('day', -7, current_date())",4.185985792986071,116431,SUCCESS,
1d972a45-543c-47e9-af56-89b276be876a,2025-09-06T12:41:00,4663d48b-596a-4f39-b714-8d69ac9a7d2a,robert93,DEV_WH_MEDIUM,"SELECT COUNT(*) FROM SALES_TRANSACTIONS GROUP BY date_trunc('day', created_at)",4.5651782671076,768279,SUCCESS,
94659ed2-41c4-4c7e-9078-8939c33df09d,2025-09-06T12:41:00,3d8cc43f-0f00-40bd-b8b2-34ac61fc0360,rwilliams,DEV_WH_X-SMALL,"SELECT COUNT(*) FROM SYSTEM_EVENTS GROUP BY date_trunc('day', created_at)",4.751539200000237,496740,SUCCESS,
4d5293fb-446d-47f6-ab37-c044b6589ff5,2025-09-06T12:56:00,ac5e7ada-2f2f-4292-a0e4-18083982547a,lliu,DEV_WH_LARGE,SELECT * FROM CUSTOMER_DATA LIMIT 1000,2.8268992031233178,879974,SUCCESS,
9e701c3a-ec63-4865-9577-9ea933dcfcdf,2025-09-06T12:56:00,57eba2d7-a4fe-48aa-aa7b-ad0e6f1296b7,jose46,PROD_WH_X-SMALL,"SELECT DISTINCT column1, column2 FROM MARKETING_CAMPAIGNS WHERE condition = 'value'",1.5349891011330854,130676,SUCCESS,
85c322df-0517-41b8-96d7-26e20c4f3ca4,2025-09-06T13:08:00,3d8cc43f-0f00-40bd-b8b2-34ac61fc0360,rwilliams,BI_WH_X-SMALL,"SELECT DISTINCT column1, column2 FROM USER_ACTIVITY_LOGS WHERE condition = 'value'",0.27925174630807315,859203,SUCCESS,
ea2baeb7-b644-419a-8e14-523f34346fe6,2025-09-06T13:08:00,00f99f6f-5fcc-490a-84f9-6b24911c0b2e,emilyhamilton,BI_WH_X-SMALL,"SELECT DISTINCT column1, column2 FROM PRODUCT_INVENTORY WHERE condition = 'value'",0.8825831317360812,484539,SUCCESS,
279c036c-bc41-45fe-8cd2-1f42686c6d81,2025-09-06T13:18:00,da0f0f7a-8d2c-4ca9-b82e-cda33fba6610,rachel35,PROD_WH_MEDIUM,SELECT * FROM EMPLOYEE_RECORDS LIMIT 1000,4.219799709034114,578916,SUCCESS,
714bce1a-2d2d-4d94-8d7c-5e26f046d602,2025-09-06T13:18:00,4bc8b8f2-4d6e-4d5e-8d40-a7b6b3d6bb03,amandamitchell,PROD_WH_X-SMALL,"SELECT * FROM CUSTOMER_DATA WHERE created_at >= dateadd('day', -7, current_date())",0.2785034161685722,554187,SUCCESS,
c2319e1a-3fc6-4a98-918e-44db8bd1e8fd,2025-09-06T13:27:00,cea2e75f-1ee1-4b1d-90f5-242f82a02bed,erickennedy,BI_WH_X-SMALL,"SELECT COUNT(*) FROM SALES_TRANSACTIONS GROUP BY date_trunc('day', created_at)",0.8125322952025916,452696,SUCCESS,
16e7c9e4-2c50-4cc7-a63a-12eb81137492,2025-09-06T13:27:00,f0c2cfac-cf3b-4053-9e79-a6a4c6bbd187,garciaalison,DEV_WH_X-SMALL,"SELECT DISTINCT column1, column2 FROM PRODUCT_INVENTORY WHERE condition = 'value'",3.339560290029811,63400,SUCCESS,
9d869e95-8e66-4fd3-bb07-39a5183f1090,2025-09-06T13:42:00,879c852e-e8e8-45c3-9ead-5fa56c9ecfbc,egarcia,BI_WH_MEDIUM,"SELECT DISTINCT column1, column2 FROM EMPLOYEE_RECORDS WHERE condition = 'value'",4.149432649756063,327739,SUCCESS,
7df1b336-9d2d-48a2-9d11-1a30364c8ae3,2025-09-06T13:42:00,b92c2609-888c-471e-bf61-4363556df9d8,frank26,BI_WH_SMALL,SELECT * FROM FINANCIAL_METRICS LIMIT 1000,3.9575961242871864,765730,SUCCESS,
22b27e4e-207b-4cf5-98cd-8feafccb6fb6,2025-09-06T13:56:00,57eba2d7-a4fe-48aa-aa7b-ad0e6f1296b7,jose46,ETL_WH_SMALL,SELECT * FROM SALES_TRANSACTIONS LIMIT 1000,1.2814226482435673,672427,SUCCESS,
65154ea3-e666-464a-9154-3e5520f269c3,2025-09-06T13:56:00,7cd584de-ca92-465c-8ea8-5f7ad356bee6,danasandoval,DEV_WH_X-SMALL,"SELECT DISTINCT column1, column2 FROM CUSTOMER_DATA WHERE condition = 'value'",2.416131897640262,97684,SUCCESS,
550737f0-ae45-47ce-8660-9fa7675c06f4,2025-09-06T14:06:00,57eba2d7-a4fe-48aa-aa7b-ad0e6f1296b7,jose46,PROD_WH_MEDIUM,"SELECT COUNT(*) FROM USER_ACTIVITY_LOGS GROUP BY date_trunc('day', created_at)",2.5331662683285203,822832,SUCCESS,
e7778687-c383-48c2-a4e7-7c34ec2207ec,2025-09-06T14:06:00,da0f0f7a-8d2c-4ca9-b82e-cda33fba6610,rachel35,PROD_WH_LARGE,"SELECT COUNT(*) FROM FINANCIAL_METRICS GROUP BY date_trunc('day', created_at)",4.771389168801919,87865,SUCCESS,
a79922af-993b-456d-87a3-0cc9a11d9a4c,2025-09-06T14:13:00,879c852e-e8e8-45c3-9ead-5fa56c9ecfbc,egarcia,PROD_WH_LARGE,"SELECT * FROM SALES_TRANSACTIONS WHERE created_at >= dateadd('day', -7, current_date())",2.270368296650529,349586,SUCCESS,
a4a61c40-10bc-4fa5-8e18-099fa31ab858,2025-09-06T14:13:00,4b7e389e-8c78-4e72-ab0b-774df43b399e,hardinjennifer,PROD_WH_SMALL,"SELECT * FROM SYSTEM_EVENTS WHERE created_at >= dateadd('day', -7, current_date())",0.8206891942697607,703435,SUCCESS,
361693f2-74b9-4663-9577-7d40dff0d109,2025-09-06T14:20:00,a3a85592-9f3f-4845-87b8-dd199fcdc3cc,gmoreno,PROD_WH_X-SMALL,"SELECT * FROM USER_ACTIVITY_LOGS WHERE created_at >= dateadd('day', -7, current_date())",3.4993511345486947,417765,SUCCESS,
bda8b2f4-5a9d-42df-91a3-b50b2ab1efac,2025-09-06T14:20:00,4b7e389e-8c78-4e72-ab0b-774df43b399e,hardinjennifer,DEV_WH_SMALL,SELECT * FROM SALES_TRANSACTIONS LIMIT 1000,4.469428789912412,751343,SUCCESS,
125ef99b-110f-427d-b7a1-783196179c0d,2025-09-06T14:34:00,f22aa1cf-fe8b-4e78-8492-b46e0f46ffda,brandtmisty,DEV_WH_LARGE,"SELECT COUNT(*) FROM PRODUCT_INVENTORY GROUP BY date_trunc('day', created_at)",1.244779746397998,716217,SUCCESS,
5dc45d91-c3b0-46af-a8e7-92590b3ab131,2025-09-06T14:34:00,4bc8b8f2-4d6e-4d5e-8d40-a7b6b3d6bb03,amandamitchell,ETL_WH_X-SMALL,"SELECT COUNT(*) FROM CUSTOMER_DATA GROUP BY date_trunc('day', created_at)",2.620779879402443,429988,SUCCESS,
77bd9298-e45c-43d8-a799-a41d54a6aa46,2025-09-06T14:40:00,a3a85592-9f3f-4845-87b8-dd199fcdc3cc,gmoreno,PROD_WH_X-SMALL,"SELECT COUNT(*) FROM USER_ACTIVITY_LOGS GROUP BY date_trunc('day', created_at)",4.806635765684443,77228,SUCCESS,
7af2f85d-edce-4077-84eb-748db27dfaea,2025-09-06T14:40:00,82e7a6a3-1f49-4f5a-8a2a-96e5a654a185,codyoconnor,BI_WH_MEDIUM,"SELECT DISTINCT column1, column2 FROM FINANCIAL_METRICS WHERE condition = 'value'",4.98893594857678,383224,SUCCESS,
672a22a0-4a3b-440a-b439-ff5a72544ba0,2025-09-06T14:48:00,82e7a6a3-1f49-4f5a-8a2a-96e5a654a185,codyoconnor,DEV_WH_LARGE,"SELECT * FROM MARKETING_CAMPAIGNS WHERE created_at >= dateadd('day', -7, current_date())",4.916074088877934,181880,SUCCESS,
2dd5e6dc-7bd7-4635-ac67-6a96550e5cdf,2025-09-06T14:48:00,a3a85592-9f3f-4845-87b8-dd199fcdc3cc,gmoreno,DEV_WH_MEDIUM,SELECT * FROM USER_ACTIVITY_LOGS LIMIT 1000,4.097116762181788,6527,SUCCESS,
03747f2b-1e9e-4b02-99bb-0ecaa9f44880,2025-09-06T14:57:00,f0c2cfac-cf3b-4053-9e79-a6a4c6bbd187,garciaalison,PROD_WH_SMALL,"SELECT DISTINCT column1, column2 FROM FINANCIAL_METRICS WHERE condition = 'value'",4.301978178420857,304302,SUCCESS,
4996ab86-bc17-4c88-a0c6-7df48256f06c,2025-09-06T14:57:00,9a7a68c7-1b0c-4669-859f-6d352b1e386f,andrew16,PROD_WH_MEDIUM,"SELECT * FROM USER_ACTIVITY_LOGS WHERE created_at >= dateadd('day', -7, current_date())",4.2579026506487905,802430,SUCCESS,
75d8fed3-3761-4fda-9435-57ccf73a5202,2025-09-06T15:12:00,a3a85592-9f3f-4845-87b8-dd199fcdc3cc,gmoreno,BI_WH_MEDIUM,"SELECT COUNT(*) FROM MARKETING_CAMPAIGNS GROUP BY date_trunc('day', created_at)",0.3144783504921216,368296,SUCCESS,
95bb40a8-03e6-4438-ac50-a8d1c12721e4,2025-09-06T15:12:00,da0f0f7a-8d2c-4ca9-b82e-cda33fba6610,rachel35,DEV_WH_MEDIUM,"SELECT * FROM EMPLOYEE_RECORDS WHERE created_at >= dateadd('day', -7, current_date())",1.8103080322204355,704990,SUCCESS,
654f3e10-e71a-4cd4-8946-2f601c45fd04,2025-09-06T15:25:00,da0f0f7a-8d2c-4ca9-b82e-cda33fba6610,rachel35,ETL_WH_X-SMALL,"SELECT DISTINCT column1, column2 FROM MARKETING_CAMPAIGNS WHERE condition = 'value'",3.8494354626166642,736266,SUCCESS,
8f246cfc-9bb2-4dc3-b741-b05927d04f03,2025-09-06T15:25:00,f0c2cfac-cf3b-4053-9e79-a6a4c6bbd187,garciaalison,ETL_WH_SMALL,SELECT * FROM SALES_TRANSACTIONS LIMIT 1000,1.611355976516637,517586,SUCCESS,
4d57d936-049d-44e2-881a-5d6827edb5f7,2025-09-06T15:36:00,57eba2d7-a4fe-48aa-aa7b-ad0e6f1296b7,jose46,DEV_WH_SMALL,"SELECT * FROM USER_ACTIVITY_LOGS WHERE created_at >= dateadd('day', -7, current_date())",3.9927256951136094,365836,SUCCESS,
7050ac8d-e0b4-4689-92ac-69a39f93ed46,2025-09-06T15:36:00,9a7a68c7-1b0c-4669-859f-6d352b1e386f,andrew16,BI_WH_MEDIUM,"SELECT COUNT(*) FROM EMPLOYEE_RECORDS GROUP BY date_trunc('day', created_at)",1.9690065686911706,431766,SUCCESS,
2fe8100e-fff5-4bb3-b964-85308bcc80b3,2025-09-06T15:50:00,3d8cc43f-0f00-40bd-b8b2-34ac61fc0360,rwilliams,BI_WH_X-SMALL,SELECT * FROM SALES_TRANSACTIONS LIMIT 1000,3.4140342787354734,730348,SUCCESS,
22b887b7-e79f-4e36-af81-5190240b03d6,2025-09-06T15:50:00,9a7a68c7-1b0c-4669-859f-6d352b1e386f,andrew16,PROD_WH_SMALL,"SELECT DISTINCT column1, column2 FROM SYSTEM_EVENTS WHERE condition = 'value'",1.1911160985769387,246371,SUCCESS,
1fb9e055-3cc9-451d-84d1-34fd59afe521,2025-09-06T16:03:00,859c34dd-4540-49a3-b26d-f82b1455d905,oatkinson,ETL_WH_MEDIUM,"SELECT DISTINCT column1, column2 FROM PRODUCT_INVENTORY WHERE condition = 'value'",2.757348722640862,813536,SUCCESS,
54288e72-becd-4786-8453-21f84b6d4bc6,2025-09-06T16:03:00,ac5e7ada-2f2f-4292-a0e4-18083982547a,lliu,ETL_WH_LARGE,"SELECT COUNT(*) FROM USER_ACTIVITY_LOGS GROUP BY date_trunc('day', created_at)",1.9042814651264188,586244,SUCCESS,
bb5d6aa6-9e4b-4c2c-8eb4-e76496a77a76,2025-09-06T16:14:00,9a7a68c7-1b0c-4669-859f-6d352b1e386f,andrew16,ETL_WH_X-SMALL,"SELECT DISTINCT column1, column2 FROM USER_ACTIVITY_LOGS WHERE condition = 'value'",3.2098671489960124,140404,SUCCESS,
46d5fdf4-3300-4e53-ae56-a7fabf300b24,2025-09-06T16:14:00,89e53854-09b7-4b59-8352-a231c51f8687,glarsen,ETL_WH_X-SMALL,SELECT * FROM SALES_TRANSACTIONS LIMIT 1000,0.24850823171169348,357897,SUCCESS,
ae368a03-5451-4d4f-a061-3633c4bb9f08,2025-09-06T16:26:00,879c852e-e8e8-45c3-9ead-5fa56c9ecfbc,egarcia,ETL_WH_LARGE,"SELECT COUNT(*) FROM CUSTOMER_DATA GROUP BY date_trunc('day', created_at)",2.4364384012361993,653448,SUCCESS,
897fd643-07c6-4596-bdba-4d32fc9874d0,2025-09-06T16:26:00,4663d48b-596a-4f39-b714-8d69ac9a7d2a,robert93,BI_WH_MEDIUM,"SELECT COUNT(*) FROM EMPLOYEE_RECORDS GROUP BY date_trunc('day', created_at)",4.321302774923542,953211,SUCCESS,
84eb0bf7-99ca-4686-a82e-1957e8b9156f,2025-09-06T16:37:00,f0c2cfac-cf3b-4053-9e79-a6a4c6bbd187,garciaalison,ETL_WH_MEDIUM,"SELECT DISTINCT column1, column2 FROM USER_ACTIVITY_LOGS WHERE condition = 'value'",0.5668269173500867,415867,SUCCESS,
109d3e07-bb90-44dc-a650-c2ae682281ad,2025-09-06T16:37:00,4b7e389e-8c78-4e72-ab0b-774df43b399e,hardinjennifer,BI_WH_MEDIUM,"SELECT DISTINCT column1, column2 FROM PRODUCT_INVENTORY WHERE condition = 'value'",1.4750081307763532,848278,SUCCESS,
03497fea-166f-4ccb-b7c5-46c5a9373723,2025-09-06T16:42:00,00f99f6f-5fcc-490a-84f9-6b24911c0b2e,emilyhamilton,ETL_WH_LARGE,"SELECT * FROM PRODUCT_INVENTORY WHERE created_at >= dateadd('day', -7, current_date())",1.408140448378177,650103,SUCCESS,
4eb719f8-9ddb-4fcd-bd4d-a3b7f5d4eba1,2025-09-06T16:42:00,cea2e75f-1ee1-4b1d-90f5-242f82a02bed,erickennedy,ETL_WH_X-SMALL,SELECT * FROM EMPLOYEE_RECORDS LIMIT 1000,0.33493866218838947,692117,SUCCESS,
4bb21aad-7c33-4f5b-999d-c882f28ea57d,2025-09-06T16:47:00,9a7a68c7-1b0c-4669-859f-6d352b1e386f,andrew16,PROD_WH_LARGE,"SELECT COUNT(*) FROM MARKETING_CAMPAIGNS GROUP BY date_trunc('day', created_at)",0.33488741278500983,866026,SUCCESS,
16f3305e-01e2-463c-86b9-0d8e9f30c73b,2025-09-06T16:47:00,57eba2d7-a4fe-48aa-aa7b-ad0e6f1296b7,jose46,PROD_WH_SMALL,"SELECT COUNT(*) FROM FINANCIAL_METRICS GROUP BY date_trunc('day', created_at)",3.3889709481189785,792363,SUCCESS,
a083023c-d3e1-4781-af15-b47849bf1617,2025-09-06T17:02:00,4b7e389e-8c78-4e72-ab0b-774df43b399e,hardinjennifer,ETL_WH_SMALL,"SELECT COUNT(*) FROM FINANCIAL_METRICS GROUP BY date_trunc('day', created_at)",1.010619348145416,24622,SUCCESS,
08805875-4bfe-41d0-9e3f-9a4c2b0676e1,2025-09-06T17:02:00,4bc8b8f2-4d6e-4d5e-8d40-a7b6b3d6bb03,amandamitchell,ETL_WH_LARGE,"SELECT * FROM SALES_TRANSACTIONS WHERE created_at >= dateadd('day', -7, current_date())",3.4254402464686895,375454,SUCCESS,
0f57e85c-32b4-47f3-b6b3-22da833b66ba,2025-09-06T17:09:00,ac5e7ada-2f2f-4292-a0e4-18083982547a,lliu,PROD_WH_MEDIUM,"SELECT COUNT(*) FROM MARKETING_CAMPAIGNS GROUP BY date_trunc('day', created_at)",2.498498345120868,256182,SUCCESS,
968d1ec5-1825-4ad9-98d0-396e8af6990b,2025-09-06T17:09:00,7cd584de-ca92-465c-8ea8-5f7ad356bee6,danasandoval,ETL_WH_SMALL,SELECT * FROM EMPLOYEE_RECORDS LIMIT 1000,1.5669271424727815,622654,SUCCESS,
d871dde9-be48-492a-8b9f-5830f99bd24e,2025-09-06T17:24:00,a3a85592-9f3f-4845-87b8-dd199fcdc3cc,gmoreno,ETL_WH_X-SMALL,"SELECT COUNT(*) FROM SALES_TRANSACTIONS GROUP BY date_trunc('day', created_at)",3.940107623678035,920776,SUCCESS,
5df38ff2-fcfd-48d8-a225-04e7f55d14e9,2025-09-06T17:24:00,ac5e7ada-2f2f-4292-a0e4-18083982547a,lliu,PROD_WH_X-SMALL,"SELECT DISTINCT column1, column2 FROM CUSTOMER_DATA WHERE condition = 'value'",1.6430402684505658,537728,SUCCESS,
0fc629bc-ee05-44d7-88c1-fbef427a23e5,2025-09-06T17:38:00,f0c2cfac-cf3b-4053-9e79-a6a4c6bbd187,garciaalison,DEV_WH_SMALL,"SELECT DISTINCT column1, column2 FROM EMPLOYEE_RECORDS WHERE condition = 'value'",2.801149941866115,402394,SUCCESS,
14492555-0955-4b93-bae9-a39f70cce078,2025-09-06T17:38:00,4b7e389e-8c78-4e72-ab0b-774df43b399e,hardinjennifer,PROD_WH_LARGE,"SELECT DISTINCT column1, column2 FROM PRODUCT_INVENTORY WHERE condition = 'value'",0.8649119744389483,362689,SUCCESS,
d6ab9ca1-27bc-448d-9bdf-822e439a8a7d,2025-09-06T17:46:00,f0c2cfac-cf3b-4053-9e79-a6a4c6bbd187,garciaalison,DEV_WH_SMALL,"SELECT * FROM MARKETING_CAMPAIGNS WHERE created_at >= dateadd('day', -7, current_date())",0.44012805025868684,145910,SUCCESS,
1af9e55f-642d-4e19-bf8c-75053ca6fd92,2025-09-06T17:46:00,f0c2cfac-cf3b-4053-9e79-a6a4c6bbd187,garciaalison,ETL_WH_X-SMALL,"SELECT COUNT(*) FROM SALES_TRANSACTIONS GROUP BY date_trunc('day', created_at)",0.8389502436248939,916946,SUCCESS,
c1b989dd-0612-4bd2-9f41-cf8ce4efcda9,2025-09-06T17:56:00,5fb2a072-2bab-4b94-9109-9cbea70c5438,bryancuevas,DEV_WH_LARGE,"SELECT * FROM CUSTOMER_DATA WHERE created_at >= dateadd('day', -7, current_date())",3.746121631851866,416252,SUCCESS,
550ab9c9-4d1d-4b9c-97a1-4e9f8b452025,2025-09-06T17:56:00,859c34dd-4540-49a3-b26d-f82b1455d905,oatkinson,PROD_WH_SMALL,"SELECT DISTINCT column1, column2 FROM CUSTOMER_DATA WHERE condition = 'value'",0.28974309963035105,110991,SUCCESS,
e8f8b07c-2193-4ece-9861-8c2a1a061fc1,2025-09-06T18:06:00,00f99f6f-5fcc-490a-84f9-6b24911c0b2e,emilyhamilton,BI_WH_X-SMALL,"SELECT COUNT(*) FROM FINANCIAL_METRICS GROUP BY date_trunc('day', created_at)",2.334383116116024,572136,SUCCESS,
96aafff0-b871-4a6b-abf7-5e2c8647243e,2025-09-06T18:06:00,f0c2cfac-cf3b-4053-9e79-a6a4c6bbd187,garciaalison,PROD_WH_X-SMALL,"SELECT * FROM FINANCIAL_METRICS WHERE created_at >= dateadd('day', -7, current_date())",4.038793047286669,514731,SUCCESS,
93986644-18a1-430b-9cb3-8a9de3e077a2,2025-09-06T18:13:00,5fb2a072-2bab-4b94-9109-9cbea70c5438,bryancuevas,ETL_WH_LARGE,SELECT * FROM MARKETING_CAMPAIGNS LIMIT 1000,0.4165598560497056,903703,SUCCESS,
96752690-9d5e-4dc7-8aaf-0de23905026e,2025-09-06T18:13:00,879c852e-e8e8-45c3-9ead-5fa56c9ecfbc,egarcia,ETL_WH_X-SMALL,"SELECT COUNT(*) FROM EMPLOYEE_RECORDS GROUP BY date_trunc('day', created_at)",1.7234920738747197,369481,SUCCESS,
cff8a6d3-f455-4e33-9614-c7e6a508d629,2025-09-06T18:19:00,4b7e389e-8c78-4e72-ab0b-774df43b399e,hardinjennifer,DEV_WH_SMALL,"SELECT COUNT(*) FROM CUSTOMER_DATA GROUP BY date_trunc('day', created_at)",4.405354693990965,524837,SUCCESS,
ab9d8356-6bde-4034-85ff-fc2802f08841,2025-09-06T18:19:00,cea2e75f-1ee1-4b1d-90f5-242f82a02bed,erickennedy,BI_WH_LARGE,SELECT * FROM CUSTOMER_DATA LIMIT 1000,3.2414204800682715,297459,SUCCESS,
e0bdf3d8-a0ad-42e5-8541-20775e1c2f0c,2025-09-06T18:28:00,57eba2d7-a4fe-48aa-aa7b-ad0e6f1296b7,jose46,DEV_WH_SMALL,SELECT * FROM FINANCIAL_METRICS LIMIT 1000,2.5983185035037835,257265,SUCCESS,
07ca08df-3cce-4172-b42e-70a3f587bff1,2025-09-06T18:28:00,f0c2cfac-cf3b-4053-9e79-a6a4c6bbd187,garciaalison,ETL_WH_SMALL,"SELECT * FROM PRODUCT_INVENTORY WHERE created_at >= dateadd('day', -7, current_date())",1.4162255804204147,599194,SUCCESS,
1f551644-8e81-420d-ae4a-e8e0cdbffa69,2025-09-06T18:35:00,f0c2cfac-cf3b-4053-9e79-a6a4c6bbd187,garciaalison,BI_WH_X-SMALL,"SELECT * FROM SALES_TRANSACTIONS WHERE created_at >= dateadd('day', -7, current_date())",1.7520915307947873,376282,SUCCESS,
775db6b3-8439-4869-b6ad-cb25dcc6b50e,2025-09-06T18:35:00,a3a85592-9f3f-4845-87b8-dd199fcdc3cc,gmoreno,BI_WH_X-SMALL,SELECT * FROM SYSTEM_EVENTS LIMIT 1000,2.6323653447183974,32396,SUCCESS,
001e0a11-fa73-4edc-8476-a658e50b5825,2025-09-06T18:47:00,f0c2cfac-cf3b-4053-9e79-a6a4c6bbd187,garciaalison,ETL_WH_LARGE,"SELECT DISTINCT column1, column2 FROM MARKETING_CAMPAIGNS WHERE condition = 'value'",1.7717951662468296,992381,SUCCESS,
11a24c71-2434-451a-81e5-3206b13361ee,2025-09-06T18:47:00,89e53854-09b7-4b59-8352-a231c51f8687,glarsen,DEV_WH_SMALL,"SELECT * FROM FINANCIAL_METRICS WHERE created_at >= dateadd('day', -7, current_date())",2.6884969981880245,79961,SUCCESS,
ade806a0-140b-42f1-ac54-ac02806a2f0d,2025-09-06T18:56:00,7cd584de-ca92-465c-8ea8-5f7ad356bee6,danasandoval,ETL_WH_SMALL,"SELECT * FROM FINANCIAL_METRICS WHERE created_at >= dateadd('day', -7, current_date())",0.2106543748981236,428947,SUCCESS,
867dde5a-891f-46b6-9a79-9f705a3093f0,2025-09-06T18:56:00,f22aa1cf-fe8b-4e78-8492-b46e0f46ffda,brandtmisty,BI_WH_SMALL,"SELECT DISTINCT column1, column2 FROM FINANCIAL_METRICS WHERE condition = 'value'",4.610972102807121,266801,SUCCESS,
b27d684d-4b98-4008-882d-6a600afe9820,2025-09-06T19:07:00,3d8cc43f-0f00-40bd-b8b2-34ac61fc0360,rwilliams,DEV_WH_SMALL,"SELECT * FROM SALES_TRANSACTIONS WHERE created_at >= dateadd('day', -7, current_date())",0.1991247208276547,816344,SUCCESS,
39882998-5d7e-441b-b6c2-c4d216b04b66,2025-09-06T19:07:00,859c34dd-4540-49a3-b26d-f82b1455d905,oatkinson,DEV_WH_LARGE,"SELECT * FROM CUSTOMER_DATA WHERE created_at >= dateadd('day', -7, current_date())",4.068006445885509,63146,SUCCESS,
3c7fea41-62e5-4185-92d0-9ff98ec09848,2025-09-06T19:19:00,7cd584de-ca92-465c-8ea8-5f7ad356bee6,danasandoval,ETL_WH_X-SMALL,SELECT * FROM SALES_TRANSACTIONS LIMIT 1000,0.15315018959057194,946629,SUCCESS,
e5f1a0dc-8640-4fbe-a836-cbba6e8e6875,2025-09-06T19:19:00,4663d48b-596a-4f39-b714-8d69ac9a7d2a,robert93,DEV_WH_SMALL,"SELECT * FROM CUSTOMER_DATA WHERE created_at >= dateadd('day', -7, current_date())",1.0714284649172832,533591,SUCCESS,
5fdecf54-1c4c-41b9-a646-e7972856ed69,2025-09-06T19:27:00,9a7a68c7-1b0c-4669-859f-6d352b1e386f,andrew16,ETL_WH_LARGE,"SELECT DISTINCT column1, column2 FROM FINANCIAL_METRICS WHERE condition = 'value'",2.349981995054195,610667,SUCCESS,
7582e9d8-5b78-4f31-8432-50916f294796,2025-09-06T19:27:00,da0f0f7a-8d2c-4ca9-b82e-cda33fba6610,rachel35,PROD_WH_MEDIUM,"SELECT DISTINCT column1, column2 FROM FINANCIAL_METRICS WHERE condition = 'value'",3.284305859003727,593881,SUCCESS,
c010bd9a-bff4-45e4-8cc0-d8c3deb254ec,2025-09-06T19:38:00,5fb2a072-2bab-4b94-9109-9cbea70c5438,bryancuevas,ETL_WH_MEDIUM,"SELECT * FROM EMPLOYEE_RECORDS WHERE created_at >= dateadd('day', -7, current_date())",4.083892539271348,205630,SUCCESS,
edf134e8-a1d2-47b6-bff1-eb3b59629acb,2025-09-06T19:38:00,7cd584de-ca92-465c-8ea8-5f7ad356bee6,danasandoval,PROD_WH_SMALL,"SELECT COUNT(*) FROM SYSTEM_EVENTS GROUP BY date_trunc('day', created_at)",1.8262809174577328,776550,SUCCESS,
947a262f-8ce4-4792-a120-ed043c0cbfb5,2025-09-06T19:49:00,9a7a68c7-1b0c-4669-859f-6d352b1e386f,andrew16,ETL_WH_LARGE,"SELECT DISTINCT column1, column2 FROM SALES_TRANSACTIONS WHERE condition = 'value'",1.6784692668661325,860794,SUCCESS,
4a9d5861-2dd8-42ff-932f-92b2f020c438,2025-09-06T19:49:00,4663d48b-596a-4f39-b714-8d69ac9a7d2a,robert93,ETL_WH_MEDIUM,SELECT * FROM PRODUCT_INVENTORY LIMIT 1000,4.611065188341607,169960,SUCCESS,
5dc59e4a-3043-4535-a3f7-84e9e2f8eaf2,2025-09-06T19:58:00,4b7e389e-8c78-4e72-ab0b-774df43b399e,hardinjennifer,ETL_WH_MEDIUM,"SELECT DISTINCT column1, column2 FROM EMPLOYEE_RECORDS WHERE condition = 'value'",0.380623687737924,366096,SUCCESS,
2e7b3e51-b5ca-4fc7-b1bb-b39da057dac2,2025-09-06T19:58:00,3d8cc43f-0f00-40bd-b8b2-34ac61fc0360,rwilliams,BI_WH_LARGE,"SELECT COUNT(*) FROM EMPLOYEE_RECORDS GROUP BY date_trunc('day', created_at)",4.693568533473826,198113,SUCCESS,
cf660770-ea1a-4a01-968d-db340ff07b14,2025-09-06T20:03:00,a3a85592-9f3f-4845-87b8-dd199fcdc3cc,gmoreno,PROD_WH_MEDIUM,"SELECT DISTINCT column1, column2 FROM PRODUCT_INVENTORY WHERE condition = 'value'",0.7437808133332476,701619,SUCCESS,
092753c6-49fb-47fd-948f-0a3df64cff4f,2025-09-06T20:03:00,4663d48b-596a-4f39-b714-8d69ac9a7d2a,robert93,BI_WH_X-SMALL,"SELECT * FROM MARKETING_CAMPAIGNS WHERE created_at >= dateadd('day', -7, current_date())",3.307360002490133,811571,SUCCESS,
4bb0cb1a-fbed-4ba8-b16d-03e0e720060c,2025-09-06T20:11:00,859c34dd-4540-49a3-b26d-f82b1455d905,oatkinson,DEV_WH_X-SMALL,SELECT * FROM SYSTEM_EVENTS LIMIT 1000,4.946197968441235,194661,SUCCESS,
d1a57a9a-98b5-4bfd-9241-be7c311e2c61,2025-09-06T20:11:00,859c34dd-4540-49a3-b26d-f82b1455d905,oatkinson,PROD_WH_MEDIUM,SELECT * FROM SALES_TRANSACTIONS LIMIT 1000,2.289595381979618,721282,SUCCESS,
c564ee61-c10c-4815-927f-b42f132d5537,2025-09-06T20:24:00,9a7a68c7-1b0c-4669-859f-6d352b1e386f,andrew16,DEV_WH_LARGE,"SELECT * FROM SYSTEM_EVENTS WHERE created_at >= dateadd('day', -7, current_date())",1.7520512173783538,668089,SUCCESS,
1acd4e02-163e-4c4e-9f29-8fb0e7ee25b0,2025-09-06T20:24:00,00f99f6f-5fcc-490a-84f9-6b24911c0b2e,emilyhamilton,PROD_WH_MEDIUM,"SELECT COUNT(*) FROM CUSTOMER_DATA GROUP BY date_trunc('day', created_at)",3.586298243261323,98922,SUCCESS,
5519b198-9824-49f5-af43-6e655d4f8f0a,2025-09-06T20:31:00,82e7a6a3-1f49-4f5a-8a2a-96e5a654a185,codyoconnor,DEV_WH_MEDIUM,SELECT * FROM USER_ACTIVITY_LOGS LIMIT 1000,2.5352196776984437,513932,SUCCESS,
ef2fc776-92c7-4508-9c11-b595a4cab37f,2025-09-06T20:31:00,3d8cc43f-0f00-40bd-b8b2-34ac61fc0360,rwilliams,DEV_WH_X-SMALL,"SELECT DISTINCT column1, column2 FROM SALES_TRANSACTIONS WHERE condition = 'value'",2.004548271192964,193644,SUCCESS,
c5051a3c-58b4-4c24-aef9-706b660bf138,2025-09-06T20:39:00,da0f0f7a-8d2c-4ca9-b82e-cda33fba6610,rachel35,ETL_WH_SMALL,"SELECT DISTINCT column1, column2 FROM CUSTOMER_DATA WHERE condition = 'value'",3.758830626522708,140653,SUCCESS,
5df2b161-94b5-4cdf-94a4-bcdfcde2c696,2025-09-06T20:39:00,4663d48b-596a-4f39-b714-8d69ac9a7d2a,robert93,PROD_WH_X-SMALL,SELECT * FROM SALES_TRANSACTIONS LIMIT 1000,2.13763463196745,533027,SUCCESS,
d92f3b0d-4f98-4b4c-9ff3-749fdc0a1086,2025-09-06T20:50:00,9a7a68c7-1b0c-4669-859f-6d352b1e386f,andrew16,ETL_WH_SMALL,"SELECT DISTINCT column1, column2 FROM PRODUCT_INVENTORY WHERE condition = 'value'",2.2569903297478184,884273,SUCCESS,
3baf158c-d704-484a-a33f-495401a9ff72,2025-09-06T20:50:00,4b7e389e-8c78-4e72-ab0b-774df43b399e,hardinjennifer,PROD_WH_LARGE,"SELECT DISTINCT column1, column2 FROM USER_ACTIVITY_LOGS WHERE condition = 'value'",3.106825843958836,517737,SUCCESS,
7083d67c-7dc9-497d-882d-234523d19236,2025-09-06T20:59:00,b92c2609-888c-471e-bf61-4363556df9d8,frank26,BI_WH_X-SMALL,"SELECT COUNT(*) FROM SYSTEM_EVENTS GROUP BY date_trunc('day', created_at)",3.2034559714268704,179106,SUCCESS,
a47f9f64-53b4-48db-8b67-bfb6c61c05e9,2025-09-06T20:59:00,7cd584de-ca92-465c-8ea8-5f7ad356bee6,danasandoval,PROD_WH_SMALL,SELECT * FROM MARKETING_CAMPAIGNS LIMIT 1000,1.8153017110955285,307464,SUCCESS,
4c54b7cb-a004-489a-8533-6e9c4af8734e,2025-09-06T21:11:00,4bc8b8f2-4d6e-4d5e-8d40-a7b6b3d6bb03,amandamitchell,DEV_WH_SMALL,SELECT * FROM MARKETING_CAMPAIGNS LIMIT 1000,0.23921377831935636,146677,SUCCESS,
460f7262-9d88-467d-a2bf-dce8c877b04b,2025-09-06T21:11:00,f22aa1cf-fe8b-4e78-8492-b46e0f46ffda,brandtmisty,PROD_WH_SMALL,"SELECT COUNT(*) FROM EMPLOYEE_RECORDS GROUP BY date_trunc('day', created_at)",2.565848702385397,868107,SUCCESS,
ed9197d2-1b0b-4c1a-88f5-21eff97e8a85,2025-09-06T21:18:00,f0c2cfac-cf3b-4053-9e79-a6a4c6bbd187,garciaalison,BI_WH_LARGE,SELECT * FROM CUSTOMER_DATA LIMIT 1000,4.847804871195668,142484,SUCCESS,
438a506e-f914-4489-873e-13ce115bf8e5,2025-09-06T21:18:00,4663d48b-596a-4f39-b714-8d69ac9a7d2a,robert93,PROD_WH_MEDIUM,"SELECT * FROM EMPLOYEE_RECORDS WHERE created_at >= dateadd('day', -7, current_date())",4.394272948581505,641066,SUCCESS,
a1644ae2-9900-4fb0-b952-04e9d4434c51,2025-09-06T21:25:00,89e53854-09b7-4b59-8352-a231c51f8687,glarsen,DEV_WH_SMALL,"SELECT DISTINCT column1, column2 FROM FINANCIAL_METRICS WHERE condition = 'value'",3.5492957950014525,783652,SUCCESS,
ebd85bdf-af1d-4e40-955f-1dc61a988269,2025-09-06T21:25:00,7cd584de-ca92-465c-8ea8-5f7ad356bee6,danasandoval,DEV_WH_SMALL,"SELECT DISTINCT column1, column2 FROM SALES_TRANSACTIONS WHERE condition = 'value'",1.3038704273746065,205583,SUCCESS,
3ddb1091-2f1f-4fde-a449-3c60b64c856f,2025-09-06T21:37:00,a3a85592-9f3f-4845-87b8-dd199fcdc3cc,gmoreno,BI_WH_SMALL,"SELECT * FROM CUSTOMER_DATA WHERE created_at >= dateadd('day', -7, current_date())",1.7426039710235834,415029,SUCCESS,
849b12fd-492e-4d19-a841-8255a04cb37c,2025-09-06T21:37:00,4663d48b-596a-4f39-b714-8d69ac9a7d2a,robert93,DEV_WH_MEDIUM,SELECT * FROM MARKETING_CAMPAIGNS LIMIT 1000,0.39933507360933296,577770,SUCCESS,
801af805-5c9a-44cf-bf92-33268fb7b851,2025-09-06T21:43:00,9a7a68c7-1b0c-4669-859f-6d352b1e386f,andrew16,PROD_WH_MEDIUM,SELECT * FROM CUSTOMER_DATA LIMIT 1000,0.1359550823412526,465811,SUCCESS,
e73491e4-7c13-440a-acaa-8db2cadec31a,2025-09-06T21:43:00,ac5e7ada-2f2f-4292-a0e4-18083982547a,lliu,ETL_WH_LARGE,SELECT * FROM CUSTOMER_DATA LIMIT 1000,4.296344401168891,435758,SUCCESS,
67550da9-c751-4155-b327-575baf6fdfa1,2025-09-06T21:49:00,f22aa1cf-fe8b-4e78-8492-b46e0f46ffda,brandtmisty,ETL_WH_LARGE,"SELECT * FROM FINANCIAL_METRICS WHERE created_at >= dateadd('day', -7, current_date())",2.9164221001138495,710591,SUCCESS,
adb5461b-2b50-4c03-85ca-a6b130c13acd,2025-09-06T21:49:00,5fb2a072-2bab-4b94-9109-9cbea70c5438,bryancuevas,BI_WH_LARGE,SELECT * FROM CUSTOMER_DATA LIMIT 1000,1.6280212819503144,958268,SUCCESS,
0e8d5a84-095a-4d24-9bcc-02041a03a0e7,2025-09-06T21:58:00,859c34dd-4540-49a3-b26d-f82b1455d905,oatkinson,PROD_WH_LARGE,"SELECT COUNT(*) FROM SYSTEM_EVENTS GROUP BY date_trunc('day', created_at)",4.105841191933383,299745,SUCCESS,
ada970d1-b7c5-4b5b-86cb-41ec0daa2798,2025-09-06T21:58:00,4b7e389e-8c78-4e72-ab0b-774df43b399e,hardinjennifer,ETL_WH_SMALL,"SELECT DISTINCT column1, column2 FROM MARKETING_CAMPAIGNS WHERE condition = 'value'",3.4317066204903424,99212,SUCCESS,
3372c729-7964-462c-a7b4-9028e2317407,2025-09-06T22:06:00,f0c2cfac-cf3b-4053-9e79-a6a4c6bbd187,garciaalison,DEV_WH_LARGE,"SELECT * FROM FINANCIAL_METRICS WHERE created_at >= dateadd('day', -7, current_date())",0.9277344871422916,963046,SUCCESS,
7bd10973-7fd7-4070-8460-8c7d8b118452,2025-09-06T22:06:00,b92c2609-888c-471e-bf61-4363556df9d8,frank26,ETL_WH_X-SMALL,"SELECT * FROM SALES_TRANSACTIONS WHERE created_at >= dateadd('day', -7, current_date())",0.25035425881513196,276764,SUCCESS,
66419e59-e706-4a5a-83b8-0ba6ad7e0e83,2025-09-06T22:17:00,5fb2a072-2bab-4b94-9109-9cbea70c5438,bryancuevas,BI_WH_MEDIUM,"SELECT COUNT(*) FROM FINANCIAL_METRICS GROUP BY date_trunc('day', created_at)",2.5819001556908105,506929,SUCCESS,
1d968a43-0f19-498e-b054-460623d7396c,2025-09-06T22:17:00,3d8cc43f-0f00-40bd-b8b2-34ac61fc0360,rwilliams,DEV_WH_X-SMALL,"SELECT * FROM CUSTOMER_DATA WHERE created_at >= dateadd('day', -7, current_date())",2.3438739415837633,608119,SUCCESS,
d94ed60e-d0aa-4d36-8813-c493aa30e2f4,2025-09-06T22:32:00,82e7a6a3-1f49-4f5a-8a2a-96e5a654a185,codyoconnor,DEV_WH_LARGE,"SELECT DISTINCT column1, column2 FROM FINANCIAL_METRICS WHERE condition = 'value'",1.3074813487510897,349022,SUCCESS,
66549c5d-eff0-4732-b2ae-ce35a2343ea4,2025-09-06T22:32:00,9a7a68c7-1b0c-4669-859f-6d352b1e386f,andrew16,PROD_WH_X-SMALL,"SELECT DISTINCT column1, column2 FROM MARKETING_CAMPAIGNS WHERE condition = 'value'",4.332661260273674,859363,SUCCESS,
f0478941-5bf9-4a57-bcd5-34907f999052,2025-09-06T22:41:00,82e7a6a3-1f49-4f5a-8a2a-96e5a654a185,codyoconnor,DEV_WH_SMALL,"SELECT COUNT(*) FROM SYSTEM_EVENTS GROUP BY date_trunc('day', created_at)",2.3993912128626533,329004,SUCCESS,
6a568909-0779-4780-8f6b-2a9205e0ebd2,2025-09-06T22:41:00,4b7e389e-8c78-4e72-ab0b-774df43b399e,hardinjennifer,ETL_WH_MEDIUM,"SELECT COUNT(*) FROM MARKETING_CAMPAIGNS GROUP BY date_trunc('day', created_at)",2.5679582424097758,273314,SUCCESS,
9d5e0da8-d8d5-42e3-8f55-32adcf77eb05,2025-09-06T22:53:00,f0c2cfac-cf3b-4053-9e79-a6a4c6bbd187,garciaalison,BI_WH_MEDIUM,SELECT * FROM CUSTOMER_DATA LIMIT 1000,1.456348062140307,896855,SUCCESS,
8da1c8e4-11f3-454a-ac83-cd96b5b0b136,2025-09-06T22:53:00,57eba2d7-a4fe-48aa-aa7b-ad0e6f1296b7,jose46,DEV_WH_LARGE,SELECT * FROM EMPLOYEE_RECORDS LIMIT 1000,1.7913615717487017,372529,SUCCESS,
7b647b25-17a0-40c1-9449-d191e18cb13d,2025-09-06T23:04:00,3d8cc43f-0f00-40bd-b8b2-34ac61fc0360,rwilliams,DEV_WH_MEDIUM,"SELECT * FROM SYSTEM_EVENTS WHERE created_at >= dateadd('day', -7, current_date())",2.2462422349713567,451978,SUCCESS,
254df8f3-040c-4752-b7f0-e3f51cd496b4,2025-09-06T23:04:00,4663d48b-596a-4f39-b714-8d69ac9a7d2a,robert93,ETL_WH_SMALL,"SELECT COUNT(*) FROM USER_ACTIVITY_LOGS GROUP BY date_trunc('day', created_at)",0.4111737500069581,976295,SUCCESS,
4796ad44-8c03-4feb-82b5-c4e35c68d610,2025-09-06T23:18:00,4663d48b-596a-4f39-b714-8d69ac9a7d2a,robert93,DEV_WH_SMALL,"SELECT COUNT(*) FROM USER_ACTIVITY_LOGS GROUP BY date_trunc('day', created_at)",4.524573770549289,787161,SUCCESS,
9a1ac0ef-ee2b-4824-938b-5ac3fea7cbac,2025-09-06T23:18:00,89e53854-09b7-4b59-8352-a231c51f8687,glarsen,BI_WH_X-SMALL,"SELECT DISTINCT column1, column2 FROM SALES_TRANSACTIONS WHERE condition = 'value'",4.195990910808609,445404,SUCCESS,
91ace3a7-5cc4-45ff-b98e-086607b82746,2025-09-06T23:33:00,879c852e-e8e8-45c3-9ead-5fa56c9ecfbc,egarcia,ETL_WH_X-SMALL,"SELECT * FROM SALES_TRANSACTIONS WHERE created_at >= dateadd('day', -7, current_date())",4.890463537955776,32122,SUCCESS,
f31478ff-cf7e-4416-b5dd-de1d1c36cf68,2025-09-06T23:33:00,4b7e389e-8c78-4e72-ab0b-774df43b399e,hardinjennifer,BI_WH_LARGE,"SELECT DISTINCT column1, column2 FROM MARKETING_CAMPAIGNS WHERE condition = 'value'",3.669430298197363,833681,SUCCESS,
a34ebf23-2948-4a8a-93e4-151608334e0b,2025-09-06T23:42:00,cea2e75f-1ee1-4b1d-90f5-242f82a02bed,erickennedy,PROD_WH_MEDIUM,"SELECT * FROM MARKETING_CAMPAIGNS WHERE created_at >= dateadd('day', -7, current_date())",2.537422673112004,862195,SUCCESS,
4a7c6770-7aa8-4c3c-a4b7-9fcde931ed47,2025-09-06T23:42:00,4663d48b-596a-4f39-b714-8d69ac9a7d2a,robert93,DEV_WH_MEDIUM,"SELECT COUNT(*) FROM SYSTEM_EVENTS GROUP BY date_trunc('day', created_at)",3.4990625303252596,343118,SUCCESS,
b35e4069-50b1-4d39-a128-cce5a3cc9319,2025-09-06T23:48:00,89e53854-09b7-4b59-8352-a231c51f8687,glarsen,BI_WH_X-SMALL,"SELECT * FROM USER_ACTIVITY_LOGS WHERE created_at >= dateadd('day', -7, current_date())",1.1557095115994838,965180,SUCCESS,
06befbfe-dc30-4153-9f10-7f46e1c95544,2025-09-06T23:48:00,a3a85592-9f3f-4845-87b8-dd199fcdc3cc,gmoreno,BI_WH_LARGE,SELECT * FROM USER_ACTIVITY_LOGS LIMIT 1000,2.7086904971621455,940386,SUCCESS,
74d4b445-a5f1-4417-a833-64cceebde148,2025-09-06T23:55:00,f22aa1cf-fe8b-4e78-8492-b46e0f46ffda,brandtmisty,DEV_WH_MEDIUM,"SELECT * FROM PRODUCT_INVENTORY WHERE created_at >= dateadd('day', -7, current_date())",1.7105705744392037,877296,SUCCESS,
1841bebb-36d1-45d1-b927-88aca51c1b85,2025-09-06T23:55:00,3d8cc43f-0f00-40bd-b8b2-34ac61fc0360,rwilliams,ETL_WH_LARGE,"SELECT * FROM SYSTEM_EVENTS WHERE created_at >= dateadd('day', -7, current_date())",2.692313739727267,434260,SUCCESS,
7504c72b-9642-4d14-afb2-e1269983e73d,2025-09-02T02:00:00,00f99f6f-5fcc-490a-84f9-6b24911c0b2e,emilyhamilton,PROD_WH_LARGE,"
        SELECT 
            DATE_TRUNC('HOUR', event_time) as hour,
            COUNT(*) as events,
            AVG(duration) as avg_duration,
            STDDEV(duration) as std_duration
        FROM USER_ACTIVITY_LOGS
        GROUP BY 1
        HAVING COUNT(*) % 256 = 67
        ORDER BY 1
        ",2.6334702838396478,630072,SUCCESS,
db2d8ae8-e4e2-4121-bced-357368ea2ece,2025-09-02T02:17:00,879c852e-e8e8-45c3-9ead-5fa56c9ecfbc,egarcia,PROD_WH_LARGE,"
        SELECT 
            DATE_TRUNC('HOUR', event_time) as hour,
            COUNT(*) as events,
            AVG(duration) as avg_duration,
            STDDEV(duration) as std_duration
        FROM MARKETING_CAMPAIGNS
        GROUP BY 1
        HAVING COUNT(*) % 256 = 84
        ORDER BY 1
        ",2.6219589184107788,650280,SUCCESS,
4506f60e-9362-4234-9ab0-5d2a4c16401b,2025-09-02T02:36:00,a3a85592-9f3f-4845-87b8-dd199fcdc3cc,gmoreno,PROD_WH_LARGE,"
        SELECT 
            DATE_TRUNC('HOUR', event_time) as hour,
            COUNT(*) as events,
            AVG(duration) as avg_duration,
            STDDEV(duration) as std_duration
        FROM MARKETING_CAMPAIGNS
        GROUP BY 1
        HAVING COUNT(*) % 256 = 70
        ORDER BY 1
        ",2.3673347149654105,1771672,SUCCESS,
a75d599e-8a19-436c-8f27-f7baaed9c213,2025-09-02T02:51:00,00f99f6f-5fcc-490a-84f9-6b24911c0b2e,emilyhamilton,PROD_WH_SMALL,"
        SELECT 
            DATE_TRUNC('HOUR', event_time) as hour,
            COUNT(*) as events,
            AVG(duration) as avg_duration,
            STDDEV(duration) as std_duration
        FROM FINANCIAL_METRICS
        GROUP BY 1
        HAVING COUNT(*) % 256 = 123
        ORDER BY 1
        ",2.857788661393812,559218,SUCCESS,
b105e051-df26-4725-a2e7-795395d7107a,2025-09-02T03:07:00,57eba2d7-a4fe-48aa-aa7b-ad0e6f1296b7,jose46,PROD_WH_X-SMALL,"
        SELECT 
            DATE_TRUNC('HOUR', event_time) as hour,
            COUNT(*) as events,
            AVG(duration) as avg_duration,
            STDDEV(duration) as std_duration
        FROM CUSTOMER_DATA
        GROUP BY 1
        HAVING COUNT(*) % 256 = 83
        ORDER BY 1
        ",2.7120329980703537,578508,SUCCESS,
90cc9577-5677-47cd-a77b-bb2070d270d5,2025-09-02T03:24:00,00f99f6f-5fcc-490a-84f9-6b24911c0b2e,emilyhamilton,PROD_WH_LARGE,"
        SELECT 
            DATE_TRUNC('HOUR', event_time) as hour,
            COUNT(*) as events,
            AVG(duration) as avg_duration,
            STDDEV(duration) as std_duration
        FROM EMPLOYEE_RECORDS
        GROUP BY 1
        HAVING COUNT(*) % 256 = 110
        ORDER BY 1
        ",6.567473420921825,1318996,SUCCESS,
6d61f63f-e2e8-4278-af35-03be6ec35b5f,2025-09-02T03:40:00,879c852e-e8e8-45c3-9ead-5fa56c9ecfbc,egarcia,PROD_WH_MEDIUM,"
        SELECT 
            DATE_TRUNC('HOUR', event_time) as hour,
            COUNT(*) as events,
            AVG(duration) as avg_duration,
            STDDEV(duration) as std_duration
        FROM CUSTOMER_DATA
        GROUP BY 1
        HAVING COUNT(*) % 256 = 48
        ORDER BY 1
        ",5.891438792277522,620720,SUCCESS,
acbb348b-5d0a-42ee-98b0-18b4411470a3,2025-09-02T04:00:00,4b7e389e-8c78-4e72-ab0b-774df43b399e,hardinjennifer,PROD_WH_LARGE,"
        SELECT 
            DATE_TRUNC('HOUR', event_time) as hour,
            COUNT(*) as events,
            AVG(duration) as avg_duration,
            STDDEV(duration) as std_duration
        FROM MARKETING_CAMPAIGNS
        GROUP BY 1
        HAVING COUNT(*) % 256 = 119
        ORDER BY 1
        ",7.259498368784824,646735,SUCCESS,
8f4ca1e7-2135-42f6-ac38-9b3078d1f0b4,2025-09-02T04:15:00,cea2e75f-1ee1-4b1d-90f5-242f82a02bed,erickennedy,PROD_WH_MEDIUM,"
        SELECT 
            DATE_TRUNC('HOUR', event_time) as hour,
            COUNT(*) as events,
            AVG(duration) as avg_duration,
            STDDEV(duration) as std_duration
        FROM SYSTEM_EVENTS
        GROUP BY 1
        HAVING COUNT(*) % 256 = 102
        ORDER BY 1
        ",5.022654173114216,1529352,SUCCESS,
e43be8c9-b04d-46a3-96f9-a4184dff2f7b,2025-09-02T04:25:00,00f99f6f-5fcc-490a-84f9-6b24911c0b2e,emilyhamilton,PROD_WH_SMALL,"
        SELECT 
            DATE_TRUNC('HOUR', event_time) as hour,
            COUNT(*) as events,
            AVG(duration) as avg_duration,
            STDDEV(duration) as std_duration
        FROM SYSTEM_EVENTS
        GROUP BY 1
        HAVING COUNT(*) % 256 = 108
        ORDER BY 1
        ",7.437237424160411,784503,SUCCESS,
25f00231-190a-40a0-9dd2-9be938af79b5,2025-09-02T04:37:00,a3a85592-9f3f-4845-87b8-dd199fcdc3cc,gmoreno,PROD_WH_MEDIUM,"
        SELECT 
            DATE_TRUNC('HOUR', event_time) as hour,
            COUNT(*) as events,
            AVG(duration) as avg_duration,
            STDDEV(duration) as std_duration
        FROM FINANCIAL_METRICS
        GROUP BY 1
        HAVING COUNT(*) % 256 = 52
        ORDER BY 1
        ",6.041933671576546,1021744,SUCCESS,
58794fa0-8620-4d61-ae54-a60ebd9ceaee,2025-09-02T04:54:00,57eba2d7-a4fe-48aa-aa7b-ad0e6f1296b7,jose46,PROD_WH_MEDIUM,"
        SELECT 
            DATE_TRUNC('HOUR', event_time) as hour,
            COUNT(*) as events,
            AVG(duration) as avg_duration,
            STDDEV(duration) as std_duration
        FROM EMPLOYEE_RECORDS
        GROUP BY 1
        HAVING COUNT(*) % 256 = 107
        ORDER BY 1
        ",3.3112614361545356,619385,SUCCESS,
2cea921f-5478-47b3-a5d9-ff7ae5ac1cad,2025-09-02T05:05:00,7cd584de-ca92-465c-8ea8-5f7ad356bee6,danasandoval,PROD_WH_SMALL,"
        SELECT 
            DATE_TRUNC('HOUR', event_time) as hour,
            COUNT(*) as events,
            AVG(duration) as avg_duration,
            STDDEV(duration) as std_duration
        FROM MARKETING_CAMPAIGNS
        GROUP BY 1
        HAVING COUNT(*) % 256 = 51
        ORDER BY 1
        ",7.170368446748613,1050235,SUCCESS,
cdeda3d0-e9b7-4f55-992d-79886e8c18ba,2025-09-02T05:25:00,7cd584de-ca92-465c-8ea8-5f7ad356bee6,danasandoval,PROD_WH_X-SMALL,"
        SELECT 
            DATE_TRUNC('HOUR', event_time) as hour,
            COUNT(*) as events,
            AVG(duration) as avg_duration,
            STDDEV(duration) as std_duration
        FROM EMPLOYEE_RECORDS
        GROUP BY 1
        HAVING COUNT(*) % 256 = 95
        ORDER BY 1
        ",5.705955738391726,905244,SUCCESS,
8aaa13e8-5825-47e8-a415-b02f2965d325,2025-09-02T05:39:00,879c852e-e8e8-45c3-9ead-5fa56c9ecfbc,egarcia,PROD_WH_MEDIUM,"
        SELECT 
            DATE_TRUNC('HOUR', event_time) as hour,
            COUNT(*) as events,
            AVG(duration) as avg_duration,
            STDDEV(duration) as std_duration
        FROM PRODUCT_INVENTORY
        GROUP BY 1
        HAVING COUNT(*) % 256 = 77
        ORDER BY 1
        ",4.067597548033401,1434920,SUCCESS,
64515d6c-64ff-454f-af09-5ba21a4f05f1,2025-09-02T05:53:00,879c852e-e8e8-45c3-9ead-5fa56c9ecfbc,egarcia,PROD_WH_X-SMALL,"
        SELECT 
            DATE_TRUNC('HOUR', event_time) as hour,
            COUNT(*) as events,
            AVG(duration) as avg_duration,
            STDDEV(duration) as std_duration
        FROM SALES_TRANSACTIONS
        GROUP BY 1
        HAVING COUNT(*) % 256 = 49
        ORDER BY 1
        ",6.1866655669804995,699671,SUCCESS,
feabfcca-9385-4846-8556-55ccbb4c8491,2025-09-02T06:13:00,cea2e75f-1ee1-4b1d-90f5-242f82a02bed,erickennedy,PROD_WH_LARGE,"
        SELECT 
            DATE_TRUNC('HOUR', event_time) as hour,
            COUNT(*) as events,
            AVG(duration) as avg_duration,
            STDDEV(duration) as std_duration
        FROM CUSTOMER_DATA
        GROUP BY 1
        HAVING COUNT(*) % 256 = 100
        ORDER BY 1
        ",5.890861076894315,1072317,SUCCESS,
cfc1a1f7-6587-4af4-890b-9c85c61f624c,2025-09-02T06:33:00,4b7e389e-8c78-4e72-ab0b-774df43b399e,hardinjennifer,PROD_WH_X-SMALL,"
        SELECT 
            DATE_TRUNC('HOUR', event_time) as hour,
            COUNT(*) as events,
            AVG(duration) as avg_duration,
            STDDEV(duration) as std_duration
        FROM EMPLOYEE_RECORDS
        GROUP BY 1
        HAVING COUNT(*) % 256 = 110
        ORDER BY 1
        ",2.5742767648303273,1347465,SUCCESS,
2456d525-912b-4e8e-aa5a-db8ba86f421a,2025-09-02T06:43:00,cea2e75f-1ee1-4b1d-90f5-242f82a02bed,erickennedy,PROD_WH_X-SMALL,"
        SELECT 
            DATE_TRUNC('HOUR', event_time) as hour,
            COUNT(*) as events,
            AVG(duration) as avg_duration,
            STDDEV(duration) as std_duration
        FROM SYSTEM_EVENTS
        GROUP BY 1
        HAVING COUNT(*) % 256 = 49
        ORDER BY 1
        ",3.177713950123632,1724168,SUCCESS,
ef745cd6-2e80-4554-acdf-2dd5bfa02f49,2025-09-02T07:02:00,7cd584de-ca92-465c-8ea8-5f7ad356bee6,danasandoval,PROD_WH_LARGE,"
        SELECT 
            DATE_TRUNC('HOUR', event_time) as hour,
            COUNT(*) as events,
            AVG(duration) as avg_duration,
            STDDEV(duration) as std_duration
        FROM USER_ACTIVITY_LOGS
        GROUP BY 1
        HAVING COUNT(*) % 256 = 103
        ORDER BY 1
        ",7.661842612477235,1265020,SUCCESS,
101f7a50-8483-473f-8029-6b304ca1c998,2025-09-02T07:19:00,7cd584de-ca92-465c-8ea8-5f7ad356bee6,danasandoval,PROD_WH_MEDIUM,"
        SELECT 
            DATE_TRUNC('HOUR', event_time) as hour,
            COUNT(*) as events,
            AVG(duration) as avg_duration,
            STDDEV(duration) as std_duration
        FROM SYSTEM_EVENTS
        GROUP BY 1
        HAVING COUNT(*) % 256 = 104
        ORDER BY 1
        ",3.7279456711292998,785840,SUCCESS,
1e38fdc6-01cb-4d84-ba55-39eeadcb8702,2025-09-02T07:29:00,7cd584de-ca92-465c-8ea8-5f7ad356bee6,danasandoval,PROD_WH_X-SMALL,"
        SELECT 
            DATE_TRUNC('HOUR', event_time) as hour,
            COUNT(*) as events,
            AVG(duration) as avg_duration,
            STDDEV(duration) as std_duration
        FROM FINANCIAL_METRICS
        GROUP BY 1
        HAVING COUNT(*) % 256 = 116
        ORDER BY 1
        ",3.3579961672309064,1660701,SUCCESS,
c9c64c5b-ac98-4934-af27-9a4d1a7569bf,2025-09-02T07:48:00,57eba2d7-a4fe-48aa-aa7b-ad0e6f1296b7,jose46,PROD_WH_LARGE,"
        SELECT 
            DATE_TRUNC('HOUR', event_time) as hour,
            COUNT(*) as events,
            AVG(duration) as avg_duration,
            STDDEV(duration) as std_duration
        FROM FINANCIAL_METRICS
        GROUP BY 1
        HAVING COUNT(*) % 256 = 95
        ORDER BY 1
        ",7.379547594406696,1054029,SUCCESS,
e087c261-30c8-4492-8d00-7110a9d56acf,2025-09-02T08:00:00,cea2e75f-1ee1-4b1d-90f5-242f82a02bed,erickennedy,PROD_WH_X-SMALL,"
        SELECT 
            DATE_TRUNC('HOUR', event_time) as hour,
            COUNT(*) as events,
            AVG(duration) as avg_duration,
            STDDEV(duration) as std_duration
        FROM CUSTOMER_DATA
        GROUP BY 1
        HAVING COUNT(*) % 256 = 87
        ORDER BY 1
        ",7.621415264692288,801725,SUCCESS,
e97d150a-c414-4c0c-bcb0-c2c0de3050ba,2025-09-02T08:16:00,00f99f6f-5fcc-490a-84f9-6b24911c0b2e,emilyhamilton,PROD_WH_MEDIUM,"
        SELECT 
            DATE_TRUNC('HOUR', event_time) as hour,
            COUNT(*) as events,
            AVG(duration) as avg_duration,
            STDDEV(duration) as std_duration
        FROM CUSTOMER_DATA
        GROUP BY 1
        HAVING COUNT(*) % 256 = 104
        ORDER BY 1
        ",2.0767703761762255,537605,SUCCESS,
827d32e0-3f9a-4966-b5e0-4fcb7a967c7e,2025-09-02T08:32:00,00f99f6f-5fcc-490a-84f9-6b24911c0b2e,emilyhamilton,PROD_WH_MEDIUM,"
        SELECT 
            DATE_TRUNC('HOUR', event_time) as hour,
            COUNT(*) as events,
            AVG(duration) as avg_duration,
            STDDEV(duration) as std_duration
        FROM SYSTEM_EVENTS
        GROUP BY 1
        HAVING COUNT(*) % 256 = 49
        ORDER BY 1
        ",4.526402827267668,1955216,SUCCESS,
c29ad106-3652-4b1c-b9e5-70c7f265cd82,2025-09-02T08:51:00,00f99f6f-5fcc-490a-84f9-6b24911c0b2e,emilyhamilton,PROD_WH_X-SMALL,"
        SELECT 
            DATE_TRUNC('HOUR', event_time) as hour,
            COUNT(*) as events,
            AVG(duration) as avg_duration,
            STDDEV(duration) as std_duration
        FROM MARKETING_CAMPAIGNS
        GROUP BY 1
        HAVING COUNT(*) % 256 = 115
        ORDER BY 1
        ",5.247442354022097,986398,SUCCESS,
b098f1c4-a1c9-4166-8989-bdc5e10aa01d,2025-09-02T09:08:00,879c852e-e8e8-45c3-9ead-5fa56c9ecfbc,egarcia,PROD_WH_SMALL,"
        SELECT 
            DATE_TRUNC('HOUR', event_time) as hour,
            COUNT(*) as events,
            AVG(duration) as avg_duration,
            STDDEV(duration) as std_duration
        FROM SYSTEM_EVENTS
        GROUP BY 1
        HAVING COUNT(*) % 256 = 112
        ORDER BY 1
        ",6.303206694318501,1696492,SUCCESS,
dab61a9d-053e-4cfe-bb52-e68ccefe6af3,2025-09-02T09:21:00,00f99f6f-5fcc-490a-84f9-6b24911c0b2e,emilyhamilton,PROD_WH_X-SMALL,"
        SELECT 
            DATE_TRUNC('HOUR', event_time) as hour,
            COUNT(*) as events,
            AVG(duration) as avg_duration,
            STDDEV(duration) as std_duration
        FROM CUSTOMER_DATA
        GROUP BY 1
        HAVING COUNT(*) % 256 = 51
        ORDER BY 1
        ",5.621773735170523,541952,SUCCESS,
5f4dda1d-1b9c-4f41-9332-5aa3da9a0574,2025-09-02T09:40:00,4b7e389e-8c78-4e72-ab0b-774df43b399e,hardinjennifer,PROD_WH_MEDIUM,"
        SELECT 
            DATE_TRUNC('HOUR', event_time) as hour,
            COUNT(*) as events,
            AVG(duration) as avg_duration,
            STDDEV(duration) as std_duration
        FROM EMPLOYEE_RECORDS
        GROUP BY 1
        HAVING COUNT(*) % 256 = 114
        ORDER BY 1
        ",7.260962662421288,1028421,SUCCESS,
4fc5a8f9-f95d-4229-b88d-6b6ad5c07678,2025-09-02T09:53:00,7cd584de-ca92-465c-8ea8-5f7ad356bee6,danasandoval,PROD_WH_MEDIUM,"
        SELECT 
            DATE_TRUNC('HOUR', event_time) as hour,
            COUNT(*) as events,
            AVG(duration) as avg_duration,
            STDDEV(duration) as std_duration
        FROM EMPLOYEE_RECORDS
        GROUP BY 1
        HAVING COUNT(*) % 256 = 125
        ORDER BY 1
        ",4.932273126898243,1197744,SUCCESS,
