log_id,timestamp,user_id,username,action,details,status
305ba780-2687-44a1-a244-2fb383677eba,2025-09-01T00:00:00,ac5e7ada-2f2f-4292-a0e4-18083982547a,lliu,LOGOUT,Regular logout activity,SUCCESS
f6f92b63-d7b6-4aef-99f8-9555c9057895,2025-09-01T00:00:00,ac5e7ada-2f2f-4292-a0e4-18083982547a,lliu,QUERY_START,Regular query_start activity,SUCCESS
e01befd5-185c-4f0d-bc83-1e569c3c8616,2025-09-01T00:07:00,4663d48b-596a-4f39-b714-8d69ac9a7d2a,robert93,LOGIN,Regular login activity,SUCCESS
28bd41dd-3fe1-46cf-b4d4-c1ca5a4d9998,2025-09-01T00:07:00,82e7a6a3-1f49-4f5a-8a2a-96e5a654a185,codyoconnor,QUERY_END,Regular query_end activity,SUCCESS
aad37524-a052-4c4f-bcb3-e86a2b3aa48a,2025-09-01T00:21:00,f22aa1cf-fe8b-4e78-8492-b46e0f46ffda,brandtmisty,QUERY_END,Regular query_end activity,SUCCESS
881ae7a5-1ecb-4631-82b8-d16f1153ae7b,2025-09-01T00:21:00,cea2e75f-1ee1-4b1d-90f5-242f82a02bed,erickennedy,QUERY_START,Regular query_start activity,SUCCESS
f57ecbae-1e5b-4174-b60a-7675fe4ae2ff,2025-09-01T00:28:00,f22aa1cf-fe8b-4e78-8492-b46e0f46ffda,brandtmisty,LOGOUT,Regular logout activity,SUCCESS
d97e40ce-e0a8-4d03-9c64-d8d0393f57bc,2025-09-01T00:28:00,b92c2609-888c-471e-bf61-4363556df9d8,frank26,LOGOUT,Regular logout activity,SUCCESS
ff175640-331c-4b64-8840-8c7cea9269b6,2025-09-01T00:36:00,4b7e389e-8c78-4e72-ab0b-774df43b399e,hardinjennifer,QUERY_END,Regular query_end activity,SUCCESS
6c738865-71e6-4346-a86f-9ae492b9fe32,2025-09-01T00:36:00,89e53854-09b7-4b59-8352-a231c51f8687,glarsen,QUERY_START,Regular query_start activity,SUCCESS
5ec13f6a-4fcf-4918-900a-f77870a98c84,2025-09-01T00:44:00,ac5e7ada-2f2f-4292-a0e4-18083982547a,lliu,QUERY_START,Regular query_start activity,SUCCESS
9103857b-aec9-4987-b2ed-0ec6cd7c945c,2025-09-01T00:44:00,ac5e7ada-2f2f-4292-a0e4-18083982547a,lliu,QUERY_END,Regular query_end activity,SUCCESS
9c11c161-ec18-4782-bb72-609155350681,2025-09-01T00:50:00,b92c2609-888c-471e-bf61-4363556df9d8,frank26,LOGOUT,Regular logout activity,SUCCESS
38b192b0-1c6e-4f74-aced-1981d495ac1c,2025-09-01T00:50:00,4663d48b-596a-4f39-b714-8d69ac9a7d2a,robert93,LOGIN,Regular login activity,SUCCESS
e7df8436-3f4c-4544-8bd0-024d4786eccb,2025-09-01T00:59:00,9a7a68c7-1b0c-4669-859f-6d352b1e386f,andrew16,LOGIN,Regular login activity,SUCCESS
e122efd7-3bd6-4891-adf0-3399b1200aff,2025-09-01T00:59:00,00f99f6f-5fcc-490a-84f9-6b24911c0b2e,emilyhamilton,QUERY_END,Regular query_end activity,SUCCESS
546e720c-fd3a-445d-abe8-839eaadf2e03,2025-09-01T01:12:00,4663d48b-596a-4f39-b714-8d69ac9a7d2a,robert93,QUERY_END,Regular query_end activity,SUCCESS
fbf2dad2-6685-4f5a-8dc3-d4e4aaa31f03,2025-09-01T01:12:00,4663d48b-596a-4f39-b714-8d69ac9a7d2a,robert93,QUERY_END,Regular query_end activity,SUCCESS
8f6c0ace-05fc-411a-b790-795f2d3e602d,2025-09-01T01:19:00,00f99f6f-5fcc-490a-84f9-6b24911c0b2e,emilyhamilton,QUERY_START,Regular query_start activity,SUCCESS
8be802a0-3be0-4ea6-96d2-7a77a72be097,2025-09-01T01:19:00,da0f0f7a-8d2c-4ca9-b82e-cda33fba6610,rachel35,LOGOUT,Regular logout activity,SUCCESS
ea5b6f99-5e2b-43d7-be96-d67d4c08cc9a,2025-09-01T01:34:00,82e7a6a3-1f49-4f5a-8a2a-96e5a654a185,codyoconnor,LOGOUT,Regular logout activity,SUCCESS
be8c7714-6628-4326-a938-7da7b4cd9df5,2025-09-01T01:34:00,4b7e389e-8c78-4e72-ab0b-774df43b399e,hardinjennifer,LOGOUT,Regular logout activity,SUCCESS
bd1b66a6-52fb-4ea5-979a-7d8ef359103f,2025-09-01T01:41:00,879c852e-e8e8-45c3-9ead-5fa56c9ecfbc,egarcia,QUERY_END,Regular query_end activity,SUCCESS
d3d4e1a3-929f-4500-afe3-56cf8f02c4e2,2025-09-01T01:41:00,5fb2a072-2bab-4b94-9109-9cbea70c5438,bryancuevas,LOGIN,Regular login activity,SUCCESS
73bcb119-9744-4bc4-a5ec-1e7fed46169d,2025-09-01T01:56:00,9a7a68c7-1b0c-4669-859f-6d352b1e386f,andrew16,LOGOUT,Regular logout activity,SUCCESS
2afd945b-62d8-4e04-be9a-f4bca9939d11,2025-09-01T01:56:00,00f99f6f-5fcc-490a-84f9-6b24911c0b2e,emilyhamilton,QUERY_END,Regular query_end activity,SUCCESS
e87ace66-9f2b-4377-a3b7-e7a54d8860b9,2025-09-01T02:04:00,f0c2cfac-cf3b-4053-9e79-a6a4c6bbd187,garciaalison,QUERY_END,Regular query_end activity,SUCCESS
4b868203-8687-47b6-b1b5-87f39079922b,2025-09-01T02:04:00,da0f0f7a-8d2c-4ca9-b82e-cda33fba6610,rachel35,QUERY_START,Regular query_start activity,SUCCESS
0704b4f0-ba04-4193-a23e-f5ff5815b85e,2025-09-01T02:10:00,859c34dd-4540-49a3-b26d-f82b1455d905,oatkinson,QUERY_END,Regular query_end activity,SUCCESS
276d8128-bd57-4ff9-81e3-027ba0fe490e,2025-09-01T02:10:00,da0f0f7a-8d2c-4ca9-b82e-cda33fba6610,rachel35,LOGOUT,Regular logout activity,SUCCESS
ec241fe3-a34f-4bcd-90d2-3358c4e4ad39,2025-09-01T02:17:00,859c34dd-4540-49a3-b26d-f82b1455d905,oatkinson,QUERY_START,Regular query_start activity,SUCCESS
9e6901a2-7bd8-4427-8b8c-1da2c4360ae4,2025-09-01T02:17:00,82e7a6a3-1f49-4f5a-8a2a-96e5a654a185,codyoconnor,QUERY_END,Regular query_end activity,SUCCESS
32c50586-b665-47fb-a962-1c387ab33f59,2025-09-01T02:22:00,cea2e75f-1ee1-4b1d-90f5-242f82a02bed,erickennedy,LOGIN,Regular login activity,SUCCESS
5a000dcb-2bf9-46c6-8f21-3c778f5f10f3,2025-09-01T02:22:00,4bc8b8f2-4d6e-4d5e-8d40-a7b6b3d6bb03,amandamitchell,LOGIN,Regular login activity,SUCCESS
e2608677-5f0c-414e-bd1b-2794c6dc8c73,2025-09-01T02:34:00,7cd584de-ca92-465c-8ea8-5f7ad356bee6,danasandoval,QUERY_START,Regular query_start activity,SUCCESS
28b43086-82e3-41ba-a3c3-6e91f6e6e5e8,2025-09-01T02:34:00,b92c2609-888c-471e-bf61-4363556df9d8,frank26,QUERY_END,Regular query_end activity,SUCCESS
bbb5ba4f-2fef-4e0d-b49a-17f0cc4eaf7d,2025-09-01T02:46:00,b92c2609-888c-471e-bf61-4363556df9d8,frank26,LOGOUT,Regular logout activity,SUCCESS
3b2962a2-51e7-4cec-82f2-f4119f5a9ec9,2025-09-01T02:46:00,9a7a68c7-1b0c-4669-859f-6d352b1e386f,andrew16,QUERY_START,Regular query_start activity,SUCCESS
b44b105a-1ea9-4e20-abaf-bcd24d71f245,2025-09-01T02:51:00,4b7e389e-8c78-4e72-ab0b-774df43b399e,hardinjennifer,QUERY_START,Regular query_start activity,SUCCESS
806e57a3-9f22-4fce-83d0-372bc0c434d7,2025-09-01T02:51:00,9a7a68c7-1b0c-4669-859f-6d352b1e386f,andrew16,QUERY_END,Regular query_end activity,SUCCESS
5074feec-de0a-4723-a73b-3d4c415d7f2b,2025-09-01T02:59:00,879c852e-e8e8-45c3-9ead-5fa56c9ecfbc,egarcia,QUERY_END,Regular query_end activity,SUCCESS
5e6c9f2c-3060-4321-8596-a03063bf70aa,2025-09-01T02:59:00,4663d48b-596a-4f39-b714-8d69ac9a7d2a,robert93,QUERY_END,Regular query_end activity,SUCCESS
a7e98199-0179-4f1c-b299-ff69908eb930,2025-09-01T03:13:00,9a7a68c7-1b0c-4669-859f-6d352b1e386f,andrew16,LOGIN,Regular login activity,SUCCESS
d5e739b6-baee-455d-a498-3135a8aa6468,2025-09-01T03:13:00,879c852e-e8e8-45c3-9ead-5fa56c9ecfbc,egarcia,QUERY_END,Regular query_end activity,SUCCESS
706165dc-0082-4067-bd01-3c8022091369,2025-09-01T03:26:00,a3a85592-9f3f-4845-87b8-dd199fcdc3cc,gmoreno,QUERY_START,Regular query_start activity,SUCCESS
906d67c4-bd80-4e97-b713-09e63a075505,2025-09-01T03:26:00,5fb2a072-2bab-4b94-9109-9cbea70c5438,bryancuevas,LOGIN,Regular login activity,SUCCESS
07db47d7-2bab-4086-9c6f-886f1b6fbd75,2025-09-01T03:33:00,89e53854-09b7-4b59-8352-a231c51f8687,glarsen,QUERY_START,Regular query_start activity,SUCCESS
6c372d0a-25e9-440c-a1d5-b9ebb5c936e5,2025-09-01T03:33:00,82e7a6a3-1f49-4f5a-8a2a-96e5a654a185,codyoconnor,LOGIN,Regular login activity,SUCCESS
f4dee135-0ed4-4b92-915d-fc377fbdedee,2025-09-01T03:46:00,00f99f6f-5fcc-490a-84f9-6b24911c0b2e,emilyhamilton,LOGOUT,Regular logout activity,SUCCESS
6af81645-d09d-44b1-8a0a-5a59f79317a5,2025-09-01T03:46:00,f22aa1cf-fe8b-4e78-8492-b46e0f46ffda,brandtmisty,LOGOUT,Regular logout activity,SUCCESS
04b5e86f-cb58-4643-a965-6f8e5cf77929,2025-09-01T04:01:00,82e7a6a3-1f49-4f5a-8a2a-96e5a654a185,codyoconnor,QUERY_END,Regular query_end activity,SUCCESS
4eed3d54-b52c-4432-8753-8e8dcbfc9642,2025-09-01T04:01:00,4663d48b-596a-4f39-b714-8d69ac9a7d2a,robert93,QUERY_START,Regular query_start activity,SUCCESS
e0e40799-fc63-4fea-994f-e10abae8eb75,2025-09-01T04:08:00,4bc8b8f2-4d6e-4d5e-8d40-a7b6b3d6bb03,amandamitchell,LOGOUT,Regular logout activity,SUCCESS
dd441927-bbc8-41d0-9f80-cb9de72f5021,2025-09-01T04:08:00,3d8cc43f-0f00-40bd-b8b2-34ac61fc0360,rwilliams,LOGIN,Regular login activity,SUCCESS
ffb9c20a-839d-44f4-8f70-736ae3426c5d,2025-09-01T04:21:00,859c34dd-4540-49a3-b26d-f82b1455d905,oatkinson,QUERY_END,Regular query_end activity,SUCCESS
aec39484-c3fa-4bb7-8efc-b8e28fd61bcc,2025-09-01T04:21:00,da0f0f7a-8d2c-4ca9-b82e-cda33fba6610,rachel35,QUERY_START,Regular query_start activity,SUCCESS
75b1ab85-fecf-409d-a03d-f5d8611888ae,2025-09-01T04:27:00,5fb2a072-2bab-4b94-9109-9cbea70c5438,bryancuevas,LOGIN,Regular login activity,SUCCESS
f0993e8f-e201-4609-b4ee-33e09ca73f68,2025-09-01T04:27:00,4b7e389e-8c78-4e72-ab0b-774df43b399e,hardinjennifer,LOGIN,Regular login activity,SUCCESS
32eddc17-54bc-4a03-ab95-2c78c138498c,2025-09-01T04:42:00,3d8cc43f-0f00-40bd-b8b2-34ac61fc0360,rwilliams,LOGOUT,Regular logout activity,SUCCESS
dfa198be-143c-4efd-9f98-0eca5f81ec8a,2025-09-01T04:42:00,9a7a68c7-1b0c-4669-859f-6d352b1e386f,andrew16,QUERY_START,Regular query_start activity,SUCCESS
3ce0aa37-3e70-4696-b023-80dbaab72be4,2025-09-01T04:51:00,3d8cc43f-0f00-40bd-b8b2-34ac61fc0360,rwilliams,LOGIN,Regular login activity,SUCCESS
1a242f50-cfc9-4207-8106-3d1dbecfdd64,2025-09-01T04:51:00,57eba2d7-a4fe-48aa-aa7b-ad0e6f1296b7,jose46,QUERY_START,Regular query_start activity,SUCCESS
8e431a14-63da-4aab-8faa-674fb58581d4,2025-09-01T04:58:00,f0c2cfac-cf3b-4053-9e79-a6a4c6bbd187,garciaalison,QUERY_START,Regular query_start activity,SUCCESS
386df4c8-4811-4add-8607-4c2d1ba91ba4,2025-09-01T04:58:00,7cd584de-ca92-465c-8ea8-5f7ad356bee6,danasandoval,LOGIN,Regular login activity,SUCCESS
7088c904-ac42-4d17-ab8f-69c580191370,2025-09-01T05:08:00,57eba2d7-a4fe-48aa-aa7b-ad0e6f1296b7,jose46,QUERY_END,Regular query_end activity,SUCCESS
b44451eb-1ccb-4465-9702-7a41e6076ae1,2025-09-01T05:08:00,3d8cc43f-0f00-40bd-b8b2-34ac61fc0360,rwilliams,QUERY_END,Regular query_end activity,SUCCESS
24d153a2-6975-4361-a62b-43dd9de07610,2025-09-01T05:14:00,859c34dd-4540-49a3-b26d-f82b1455d905,oatkinson,QUERY_END,Regular query_end activity,SUCCESS
b00d0832-e5a1-40ed-ad63-060ed70f9e22,2025-09-01T05:14:00,879c852e-e8e8-45c3-9ead-5fa56c9ecfbc,egarcia,QUERY_START,Regular query_start activity,SUCCESS
e747604e-0c3c-4f51-9588-70e1952caa76,2025-09-01T05:24:00,ac5e7ada-2f2f-4292-a0e4-18083982547a,lliu,LOGIN,Regular login activity,SUCCESS
3f0af768-db7e-4498-8129-d5b836b44dd5,2025-09-01T05:24:00,5fb2a072-2bab-4b94-9109-9cbea70c5438,bryancuevas,LOGIN,Regular login activity,SUCCESS
3922bac1-6df3-4cfe-8309-d5dddf2f5ea9,2025-09-01T05:32:00,9a7a68c7-1b0c-4669-859f-6d352b1e386f,andrew16,QUERY_END,Regular query_end activity,SUCCESS
235d0a91-841f-4f29-ab42-b53d99b8938a,2025-09-01T05:32:00,3d8cc43f-0f00-40bd-b8b2-34ac61fc0360,rwilliams,LOGOUT,Regular logout activity,SUCCESS
fd78ffe7-8cc9-4213-97ee-629497693e85,2025-09-01T05:45:00,ac5e7ada-2f2f-4292-a0e4-18083982547a,lliu,LOGIN,Regular login activity,SUCCESS
970b63e8-098b-4fbe-aefb-cc6806957e2d,2025-09-01T05:45:00,89e53854-09b7-4b59-8352-a231c51f8687,glarsen,LOGIN,Regular login activity,SUCCESS
38f4093b-8581-4a14-930c-13bdf7f83ed8,2025-09-01T05:57:00,00f99f6f-5fcc-490a-84f9-6b24911c0b2e,emilyhamilton,QUERY_START,Regular query_start activity,SUCCESS
68a7272c-6be9-452c-b47b-da44dbbc1760,2025-09-01T05:57:00,a3a85592-9f3f-4845-87b8-dd199fcdc3cc,gmoreno,LOGIN,Regular login activity,SUCCESS
5ce545cf-28e3-49aa-98a5-3655c59f7da6,2025-09-01T06:08:00,9a7a68c7-1b0c-4669-859f-6d352b1e386f,andrew16,LOGOUT,Regular logout activity,SUCCESS
a522837d-4ee6-445f-9f2d-eba499a31f1d,2025-09-01T06:08:00,da0f0f7a-8d2c-4ca9-b82e-cda33fba6610,rachel35,LOGOUT,Regular logout activity,SUCCESS
1b4aa53e-d603-4d90-9dea-f83ed698566f,2025-09-01T06:21:00,9a7a68c7-1b0c-4669-859f-6d352b1e386f,andrew16,QUERY_START,Regular query_start activity,SUCCESS
e5be80b1-2b86-4e71-84ba-05e04e56957f,2025-09-01T06:21:00,4bc8b8f2-4d6e-4d5e-8d40-a7b6b3d6bb03,amandamitchell,LOGOUT,Regular logout activity,SUCCESS
0e3c387a-3dfe-4590-8dfb-fe63a66d4043,2025-09-01T06:35:00,a3a85592-9f3f-4845-87b8-dd199fcdc3cc,gmoreno,LOGIN,Regular login activity,SUCCESS
1e1f8617-aa61-40c4-b465-12eb8e9e4ac8,2025-09-01T06:35:00,a3a85592-9f3f-4845-87b8-dd199fcdc3cc,gmoreno,LOGIN,Regular login activity,SUCCESS
6adef84d-2fab-419d-975c-d9189b870385,2025-09-01T06:41:00,57eba2d7-a4fe-48aa-aa7b-ad0e6f1296b7,jose46,QUERY_END,Regular query_end activity,SUCCESS
e40f77ff-b074-4a89-b144-f4dda80ca4ed,2025-09-01T06:41:00,4b7e389e-8c78-4e72-ab0b-774df43b399e,hardinjennifer,QUERY_START,Regular query_start activity,SUCCESS
d7ad1051-eecc-4761-a490-39889f37b0b4,2025-09-01T06:49:00,3d8cc43f-0f00-40bd-b8b2-34ac61fc0360,rwilliams,QUERY_START,Regular query_start activity,SUCCESS
42da675c-a8c7-432f-be93-de61029a70e4,2025-09-01T06:49:00,5fb2a072-2bab-4b94-9109-9cbea70c5438,bryancuevas,QUERY_START,Regular query_start activity,SUCCESS
45cf6c85-7142-457a-905d-1c9fa2588da2,2025-09-01T06:57:00,3d8cc43f-0f00-40bd-b8b2-34ac61fc0360,rwilliams,LOGIN,Regular login activity,SUCCESS
f292c77b-b30e-42bd-b486-418240ebac07,2025-09-01T06:57:00,82e7a6a3-1f49-4f5a-8a2a-96e5a654a185,codyoconnor,LOGOUT,Regular logout activity,SUCCESS
a215ec49-8dfa-4eb3-ac9d-5794d7d52119,2025-09-01T07:10:00,b92c2609-888c-471e-bf61-4363556df9d8,frank26,QUERY_START,Regular query_start activity,SUCCESS
974d1260-35de-4e8b-bade-01f8eca01087,2025-09-01T07:10:00,9a7a68c7-1b0c-4669-859f-6d352b1e386f,andrew16,QUERY_END,Regular query_end activity,SUCCESS
f56fedae-97a6-42f7-b218-dce77b5f0fc7,2025-09-01T07:16:00,a3a85592-9f3f-4845-87b8-dd199fcdc3cc,gmoreno,LOGIN,Regular login activity,SUCCESS
5f2c6f09-67b6-43be-95db-b2449023cc15,2025-09-01T07:16:00,a3a85592-9f3f-4845-87b8-dd199fcdc3cc,gmoreno,LOGOUT,Regular logout activity,SUCCESS
6791dd90-b7cc-431c-b608-d3d21f7d2ceb,2025-09-01T07:23:00,4b7e389e-8c78-4e72-ab0b-774df43b399e,hardinjennifer,LOGOUT,Regular logout activity,SUCCESS
caa32fec-3337-46ef-a8ec-ab069a602bbf,2025-09-01T07:23:00,7cd584de-ca92-465c-8ea8-5f7ad356bee6,danasandoval,QUERY_START,Regular query_start activity,SUCCESS
7b0ff8ff-454a-470d-9ec3-a2e38e733374,2025-09-01T07:30:00,3d8cc43f-0f00-40bd-b8b2-34ac61fc0360,rwilliams,QUERY_END,Regular query_end activity,SUCCESS
0a834a74-5f0c-44fe-8736-da82b0dfbf30,2025-09-01T07:30:00,82e7a6a3-1f49-4f5a-8a2a-96e5a654a185,codyoconnor,QUERY_START,Regular query_start activity,SUCCESS
124e7707-7030-4591-8c03-acf1a950e2de,2025-09-01T07:43:00,9a7a68c7-1b0c-4669-859f-6d352b1e386f,andrew16,LOGOUT,Regular logout activity,SUCCESS
2ceb465f-7be9-4f4d-a27d-762593abf76c,2025-09-01T07:43:00,9a7a68c7-1b0c-4669-859f-6d352b1e386f,andrew16,LOGOUT,Regular logout activity,SUCCESS
87e161c4-8b49-40e0-8c73-536a234d0bcc,2025-09-01T07:53:00,9a7a68c7-1b0c-4669-859f-6d352b1e386f,andrew16,LOGIN,Regular login activity,SUCCESS
e24bbda2-7491-4ca9-8664-678a67d0a2ca,2025-09-01T07:53:00,82e7a6a3-1f49-4f5a-8a2a-96e5a654a185,codyoconnor,LOGIN,Regular login activity,SUCCESS
d03f8d26-7a47-4acf-a99a-61fdd36a15be,2025-09-01T08:05:00,57eba2d7-a4fe-48aa-aa7b-ad0e6f1296b7,jose46,QUERY_START,Regular query_start activity,SUCCESS
c25cd9ed-9469-4258-915f-1d5d27801550,2025-09-01T08:05:00,4b7e389e-8c78-4e72-ab0b-774df43b399e,hardinjennifer,LOGOUT,Regular logout activity,SUCCESS
e9070e1b-df3c-4a70-bd24-d40bf8d1a919,2025-09-01T08:18:00,3d8cc43f-0f00-40bd-b8b2-34ac61fc0360,rwilliams,LOGIN,Regular login activity,SUCCESS
840e1613-c2bc-4646-8431-d88b09bfbffc,2025-09-01T08:18:00,b92c2609-888c-471e-bf61-4363556df9d8,frank26,QUERY_END,Regular query_end activity,SUCCESS
fcfc7109-f2ea-4229-b640-1beedea7a77b,2025-09-01T08:30:00,5fb2a072-2bab-4b94-9109-9cbea70c5438,bryancuevas,LOGOUT,Regular logout activity,SUCCESS
808938f7-a4d1-4113-b83f-c7704b37eaca,2025-09-01T08:30:00,f22aa1cf-fe8b-4e78-8492-b46e0f46ffda,brandtmisty,QUERY_END,Regular query_end activity,SUCCESS
bc08fdcf-30c2-42b8-bd59-a5857a6ea38e,2025-09-01T08:41:00,f22aa1cf-fe8b-4e78-8492-b46e0f46ffda,brandtmisty,LOGIN,Regular login activity,SUCCESS
5246f228-683a-4f74-ad19-f5b8c378677d,2025-09-01T08:41:00,b92c2609-888c-471e-bf61-4363556df9d8,frank26,LOGIN,Regular login activity,SUCCESS
8d4f17ce-0c33-46a7-9ca2-7d5b2fab617e,2025-09-01T08:54:00,9a7a68c7-1b0c-4669-859f-6d352b1e386f,andrew16,LOGIN,Regular login activity,SUCCESS
3533e65c-70a0-496b-99bf-4c43e28ab26f,2025-09-01T08:54:00,82e7a6a3-1f49-4f5a-8a2a-96e5a654a185,codyoconnor,QUERY_END,Regular query_end activity,SUCCESS
b866c759-ebd2-441c-b722-9bd4526137c3,2025-09-01T09:01:00,57eba2d7-a4fe-48aa-aa7b-ad0e6f1296b7,jose46,LOGOUT,Regular logout activity,SUCCESS
2b52a7d2-1725-48f1-8781-3910f34958f7,2025-09-01T09:01:00,4bc8b8f2-4d6e-4d5e-8d40-a7b6b3d6bb03,amandamitchell,LOGIN,Regular login activity,SUCCESS
96112431-13e0-4a16-90e6-e5575c3ab97e,2025-09-01T09:01:00,cea2e75f-1ee1-4b1d-90f5-242f82a02bed,erickennedy,LOGIN,Regular login activity,SUCCESS
567499ae-3d79-4203-9b91-6db02d06df1d,2025-09-01T09:01:00,5fb2a072-2bab-4b94-9109-9cbea70c5438,bryancuevas,QUERY_START,Regular query_start activity,SUCCESS
d71825e0-fdfa-44ef-8598-d378adf64363,2025-09-01T09:01:00,7cd584de-ca92-465c-8ea8-5f7ad356bee6,danasandoval,QUERY_START,Regular query_start activity,SUCCESS
399cde73-3150-4b3b-af08-e66094785b1a,2025-09-01T09:01:00,57eba2d7-a4fe-48aa-aa7b-ad0e6f1296b7,jose46,QUERY_END,Regular query_end activity,SUCCESS
81bf19cb-21e4-4c14-acd7-676b0c76fe6b,2025-09-01T09:01:00,859c34dd-4540-49a3-b26d-f82b1455d905,oatkinson,LOGIN,Regular login activity,SUCCESS
00347925-5abe-47b4-8309-df4b049f87a7,2025-09-01T09:01:00,859c34dd-4540-49a3-b26d-f82b1455d905,oatkinson,QUERY_END,Regular query_end activity,SUCCESS
30d5edd2-8b8a-4d2d-85e8-e2521b4a786c,2025-09-01T09:01:00,4bc8b8f2-4d6e-4d5e-8d40-a7b6b3d6bb03,amandamitchell,LOGOUT,Regular logout activity,SUCCESS
61a0b5b5-aece-4c0d-b087-dc24a9dd09f9,2025-09-01T09:01:00,879c852e-e8e8-45c3-9ead-5fa56c9ecfbc,egarcia,QUERY_START,Regular query_start activity,SUCCESS
2e533b9c-d807-4f0d-aa4e-21af76bd8965,2025-09-01T09:11:00,3d8cc43f-0f00-40bd-b8b2-34ac61fc0360,rwilliams,LOGOUT,Regular logout activity,SUCCESS
fe0061e8-394a-41d7-87ff-0cd36a1270e6,2025-09-01T09:11:00,82e7a6a3-1f49-4f5a-8a2a-96e5a654a185,codyoconnor,QUERY_END,Regular query_end activity,SUCCESS
13a39fcb-ccd6-4417-b4b9-d4409825ef93,2025-09-01T09:11:00,da0f0f7a-8d2c-4ca9-b82e-cda33fba6610,rachel35,QUERY_START,Regular query_start activity,SUCCESS
1458e2e2-c323-4e98-8b88-ac1d37bcd399,2025-09-01T09:11:00,9a7a68c7-1b0c-4669-859f-6d352b1e386f,andrew16,QUERY_END,Regular query_end activity,SUCCESS
1f2a9e1b-17e2-46cb-8931-7bcedfc21fbf,2025-09-01T09:11:00,f0c2cfac-cf3b-4053-9e79-a6a4c6bbd187,garciaalison,QUERY_START,Regular query_start activity,SUCCESS
846ba2ec-98d1-423f-82bb-3745539cce29,2025-09-01T09:11:00,b92c2609-888c-471e-bf61-4363556df9d8,frank26,LOGOUT,Regular logout activity,SUCCESS
84a6de7d-d44c-42b1-9e37-9d1a350deae3,2025-09-01T09:11:00,4663d48b-596a-4f39-b714-8d69ac9a7d2a,robert93,QUERY_END,Regular query_end activity,SUCCESS
50d3f7d7-daa2-4883-b8bc-747091b875ab,2025-09-01T09:11:00,7cd584de-ca92-465c-8ea8-5f7ad356bee6,danasandoval,LOGIN,Regular login activity,SUCCESS
7b62b36d-6d33-4044-8b56-a01a5da102ce,2025-09-01T09:11:00,00f99f6f-5fcc-490a-84f9-6b24911c0b2e,emilyhamilton,LOGOUT,Regular logout activity,SUCCESS
1e6edefb-30bb-4cb5-a0cc-6ff6ba310b18,2025-09-01T09:11:00,89e53854-09b7-4b59-8352-a231c51f8687,glarsen,LOGIN,Regular login activity,SUCCESS
6e432ed5-4ad9-4f32-8a41-149e1ac02a88,2025-09-01T09:24:00,da0f0f7a-8d2c-4ca9-b82e-cda33fba6610,rachel35,QUERY_END,Regular query_end activity,SUCCESS
da91013b-8213-47fe-b2b8-1bbd34f5dfc5,2025-09-01T09:24:00,cea2e75f-1ee1-4b1d-90f5-242f82a02bed,erickennedy,LOGIN,Regular login activity,SUCCESS
8b76e708-4f39-498a-9f16-92a0ddc1536a,2025-09-01T09:24:00,9a7a68c7-1b0c-4669-859f-6d352b1e386f,andrew16,QUERY_START,Regular query_start activity,SUCCESS
e0680325-f226-45d2-9ac4-48ee27afde4b,2025-09-01T09:24:00,7cd584de-ca92-465c-8ea8-5f7ad356bee6,danasandoval,QUERY_START,Regular query_start activity,SUCCESS
87d89289-f462-46e5-9678-d2510bb381ee,2025-09-01T09:24:00,da0f0f7a-8d2c-4ca9-b82e-cda33fba6610,rachel35,LOGOUT,Regular logout activity,SUCCESS
d703565d-c639-4656-81a6-4f2eab0da03d,2025-09-01T09:24:00,4bc8b8f2-4d6e-4d5e-8d40-a7b6b3d6bb03,amandamitchell,LOGOUT,Regular logout activity,SUCCESS
db55ccfd-ecb4-42f3-9177-4615f01bc542,2025-09-01T09:24:00,3d8cc43f-0f00-40bd-b8b2-34ac61fc0360,rwilliams,LOGIN,Regular login activity,SUCCESS
cbd844a4-c02f-443c-98f0-1a9990a77832,2025-09-01T09:24:00,82e7a6a3-1f49-4f5a-8a2a-96e5a654a185,codyoconnor,LOGIN,Regular login activity,SUCCESS
02674b60-9cca-4705-8bea-f5a0e5e5240a,2025-09-01T09:24:00,859c34dd-4540-49a3-b26d-f82b1455d905,oatkinson,QUERY_START,Regular query_start activity,SUCCESS
d7ca9afa-a344-4c55-b49d-bba30daba46d,2025-09-01T09:24:00,5fb2a072-2bab-4b94-9109-9cbea70c5438,bryancuevas,QUERY_END,Regular query_end activity,SUCCESS
88884a6c-1b4f-4b09-aea1-de0460dedbb7,2025-09-01T09:30:00,7cd584de-ca92-465c-8ea8-5f7ad356bee6,danasandoval,QUERY_END,Regular query_end activity,SUCCESS
f45a20b4-4fc9-4e75-aefb-1f54c1556202,2025-09-01T09:30:00,5fb2a072-2bab-4b94-9109-9cbea70c5438,bryancuevas,QUERY_END,Regular query_end activity,SUCCESS
3ebea96c-0ca0-4dc4-9250-cd452528aa49,2025-09-01T09:30:00,a3a85592-9f3f-4845-87b8-dd199fcdc3cc,gmoreno,QUERY_END,Regular query_end activity,SUCCESS
05c80728-06ee-489c-a01c-0e6d677d0cbb,2025-09-01T09:30:00,da0f0f7a-8d2c-4ca9-b82e-cda33fba6610,rachel35,QUERY_START,Regular query_start activity,SUCCESS
4494012e-1a19-4163-907d-313dbae1cf1a,2025-09-01T09:30:00,57eba2d7-a4fe-48aa-aa7b-ad0e6f1296b7,jose46,QUERY_END,Regular query_end activity,SUCCESS
597d901d-3a6d-47d4-acfc-a3dfce623626,2025-09-01T09:30:00,a3a85592-9f3f-4845-87b8-dd199fcdc3cc,gmoreno,QUERY_END,Regular query_end activity,SUCCESS
c62c659b-a20b-496b-8435-d57848b8d446,2025-09-01T09:30:00,82e7a6a3-1f49-4f5a-8a2a-96e5a654a185,codyoconnor,QUERY_START,Regular query_start activity,SUCCESS
274b2830-0618-4e7d-bd06-b5272f9ded91,2025-09-01T09:30:00,f22aa1cf-fe8b-4e78-8492-b46e0f46ffda,brandtmisty,LOGIN,Regular login activity,SUCCESS
a1b9a7cc-10c9-4e83-8646-73e66f9f12cd,2025-09-01T09:30:00,f22aa1cf-fe8b-4e78-8492-b46e0f46ffda,brandtmisty,LOGIN,Regular login activity,SUCCESS
97d7142c-6652-44c4-b7a1-7f5130f61c76,2025-09-01T09:30:00,00f99f6f-5fcc-490a-84f9-6b24911c0b2e,emilyhamilton,QUERY_END,Regular query_end activity,SUCCESS
80484b6c-e9a9-4d31-9522-6f386817dbf6,2025-09-01T09:39:00,3d8cc43f-0f00-40bd-b8b2-34ac61fc0360,rwilliams,LOGIN,Regular login activity,SUCCESS
1bb20463-580b-4f48-ae11-af5a5ef3f981,2025-09-01T09:39:00,4bc8b8f2-4d6e-4d5e-8d40-a7b6b3d6bb03,amandamitchell,QUERY_END,Regular query_end activity,SUCCESS
8524c402-7bce-48db-a933-527002c58c33,2025-09-01T09:39:00,4b7e389e-8c78-4e72-ab0b-774df43b399e,hardinjennifer,QUERY_START,Regular query_start activity,SUCCESS
963c13e8-2416-44ed-bfd3-651db70e29a5,2025-09-01T09:39:00,879c852e-e8e8-45c3-9ead-5fa56c9ecfbc,egarcia,LOGOUT,Regular logout activity,SUCCESS
b294a805-3692-4289-8030-e0197374612c,2025-09-01T09:39:00,4b7e389e-8c78-4e72-ab0b-774df43b399e,hardinjennifer,QUERY_START,Regular query_start activity,SUCCESS
b29c4a0f-24c6-4ee6-be64-8777887fbc39,2025-09-01T09:39:00,f0c2cfac-cf3b-4053-9e79-a6a4c6bbd187,garciaalison,LOGIN,Regular login activity,SUCCESS
8100dca8-4287-4a95-bbcc-12aee6f73d94,2025-09-01T09:39:00,82e7a6a3-1f49-4f5a-8a2a-96e5a654a185,codyoconnor,QUERY_END,Regular query_end activity,SUCCESS
73d515ac-ab59-4bf5-bd91-c96758e25edb,2025-09-01T09:39:00,57eba2d7-a4fe-48aa-aa7b-ad0e6f1296b7,jose46,LOGIN,Regular login activity,SUCCESS
72f273d2-fe61-4fd6-ad7e-6c5a594f116c,2025-09-01T09:39:00,b92c2609-888c-471e-bf61-4363556df9d8,frank26,QUERY_END,Regular query_end activity,SUCCESS
a23ef030-b772-4561-8316-8b0d8f41d21d,2025-09-01T09:39:00,57eba2d7-a4fe-48aa-aa7b-ad0e6f1296b7,jose46,QUERY_END,Regular query_end activity,SUCCESS
79a93a09-b69e-42b9-ab50-90e3ceab039f,2025-09-01T09:49:00,da0f0f7a-8d2c-4ca9-b82e-cda33fba6610,rachel35,QUERY_START,Regular query_start activity,SUCCESS
9c4f5691-01b2-4190-af2c-b5468c686bcc,2025-09-01T09:49:00,f22aa1cf-fe8b-4e78-8492-b46e0f46ffda,brandtmisty,QUERY_START,Regular query_start activity,SUCCESS
7b2dbc25-330d-418d-b281-95abd63683c1,2025-09-01T09:49:00,859c34dd-4540-49a3-b26d-f82b1455d905,oatkinson,LOGOUT,Regular logout activity,SUCCESS
8b3768f0-ae2f-43a8-b7f9-89ff3654422b,2025-09-01T09:49:00,7cd584de-ca92-465c-8ea8-5f7ad356bee6,danasandoval,QUERY_END,Regular query_end activity,SUCCESS
ff05aee4-2e7e-4d40-be41-bbb2c86a3515,2025-09-01T09:49:00,4bc8b8f2-4d6e-4d5e-8d40-a7b6b3d6bb03,amandamitchell,LOGIN,Regular login activity,SUCCESS
db4b6e17-a7df-449c-b798-ff884e1c079b,2025-09-01T09:49:00,4bc8b8f2-4d6e-4d5e-8d40-a7b6b3d6bb03,amandamitchell,LOGIN,Regular login activity,SUCCESS
90893731-d3d5-43ee-92df-36589033346d,2025-09-01T09:49:00,4bc8b8f2-4d6e-4d5e-8d40-a7b6b3d6bb03,amandamitchell,LOGIN,Regular login activity,SUCCESS
d7dbc84a-26b7-42ac-bf13-f63413288484,2025-09-01T09:49:00,00f99f6f-5fcc-490a-84f9-6b24911c0b2e,emilyhamilton,LOGOUT,Regular logout activity,SUCCESS
ea7915a9-8100-482a-ba87-82b82a36156f,2025-09-01T09:49:00,4663d48b-596a-4f39-b714-8d69ac9a7d2a,robert93,QUERY_START,Regular query_start activity,SUCCESS
e7f7d950-b0b9-4cfe-9bdd-5d65db1a13e8,2025-09-01T09:49:00,a3a85592-9f3f-4845-87b8-dd199fcdc3cc,gmoreno,QUERY_END,Regular query_end activity,SUCCESS
690e3633-040c-489e-b566-3fae2b054383,2025-09-01T10:01:00,f0c2cfac-cf3b-4053-9e79-a6a4c6bbd187,garciaalison,QUERY_END,Regular query_end activity,SUCCESS
de889bc2-9248-4aa2-aae1-61ba385f1ab7,2025-09-01T10:01:00,859c34dd-4540-49a3-b26d-f82b1455d905,oatkinson,QUERY_END,Regular query_end activity,SUCCESS
332edc44-79ab-43bc-bc83-d85e7748a400,2025-09-01T10:01:00,da0f0f7a-8d2c-4ca9-b82e-cda33fba6610,rachel35,QUERY_START,Regular query_start activity,SUCCESS
3a2d618c-6454-4de5-9435-ac429c91a18d,2025-09-01T10:01:00,4663d48b-596a-4f39-b714-8d69ac9a7d2a,robert93,LOGIN,Regular login activity,SUCCESS
73fe86cc-675f-4acd-9c2e-a7e84b62aeab,2025-09-01T10:01:00,ac5e7ada-2f2f-4292-a0e4-18083982547a,lliu,LOGOUT,Regular logout activity,SUCCESS
515ce799-04d2-4780-9fc5-a4d0ce3aeef6,2025-09-01T10:01:00,4bc8b8f2-4d6e-4d5e-8d40-a7b6b3d6bb03,amandamitchell,LOGOUT,Regular logout activity,SUCCESS
45649c18-7464-42f9-b46a-816c0ff88890,2025-09-01T10:01:00,f22aa1cf-fe8b-4e78-8492-b46e0f46ffda,brandtmisty,LOGOUT,Regular logout activity,SUCCESS
44d9c95a-cfd4-45b5-b75d-a4653acdd85d,2025-09-01T10:01:00,b92c2609-888c-471e-bf61-4363556df9d8,frank26,LOGOUT,Regular logout activity,SUCCESS
95319149-2d59-455f-a29a-674d6c3ce326,2025-09-01T10:01:00,4bc8b8f2-4d6e-4d5e-8d40-a7b6b3d6bb03,amandamitchell,LOGOUT,Regular logout activity,SUCCESS
0c0b5265-2876-4331-994c-e7325690b976,2025-09-01T10:01:00,82e7a6a3-1f49-4f5a-8a2a-96e5a654a185,codyoconnor,LOGIN,Regular login activity,SUCCESS
a8322640-2fa2-41b6-b9fc-6fe8f52a8b7f,2025-09-01T10:15:00,a3a85592-9f3f-4845-87b8-dd199fcdc3cc,gmoreno,LOGOUT,Regular logout activity,SUCCESS
653599e9-8ff8-4667-b3f9-9ad77823a322,2025-09-01T10:15:00,4b7e389e-8c78-4e72-ab0b-774df43b399e,hardinjennifer,LOGOUT,Regular logout activity,SUCCESS
f6943e97-0000-432e-a47f-87845046c9c5,2025-09-01T10:15:00,859c34dd-4540-49a3-b26d-f82b1455d905,oatkinson,LOGIN,Regular login activity,SUCCESS
95848461-4e7d-405d-819f-c8c593db1f52,2025-09-01T10:15:00,f0c2cfac-cf3b-4053-9e79-a6a4c6bbd187,garciaalison,QUERY_END,Regular query_end activity,SUCCESS
ada9bed8-d2ac-4679-9abb-28fbdf1e6f98,2025-09-01T10:15:00,00f99f6f-5fcc-490a-84f9-6b24911c0b2e,emilyhamilton,LOGOUT,Regular logout activity,SUCCESS
af723c27-4e1f-4283-accf-ee94b5116da0,2025-09-01T10:15:00,da0f0f7a-8d2c-4ca9-b82e-cda33fba6610,rachel35,QUERY_START,Regular query_start activity,SUCCESS
4f223fd2-0015-446a-930e-cf2e01c0f72d,2025-09-01T10:15:00,4663d48b-596a-4f39-b714-8d69ac9a7d2a,robert93,LOGOUT,Regular logout activity,SUCCESS
30c3498d-f124-4f58-b0c7-c1df348406b5,2025-09-01T10:15:00,f22aa1cf-fe8b-4e78-8492-b46e0f46ffda,brandtmisty,QUERY_START,Regular query_start activity,SUCCESS
09713884-48ea-4b56-a574-f7732b7d75cf,2025-09-01T10:15:00,b92c2609-888c-471e-bf61-4363556df9d8,frank26,QUERY_END,Regular query_end activity,SUCCESS
5a46bb30-3302-4b5f-9aaf-6d32f3dd6967,2025-09-01T10:15:00,89e53854-09b7-4b59-8352-a231c51f8687,glarsen,LOGIN,Regular login activity,SUCCESS
9184aa98-b01f-4bc3-a27a-feb689f49d6b,2025-09-01T10:30:00,a3a85592-9f3f-4845-87b8-dd199fcdc3cc,gmoreno,QUERY_END,Regular query_end activity,SUCCESS
59b95b28-2961-47cd-8045-8e9102672328,2025-09-01T10:30:00,4b7e389e-8c78-4e72-ab0b-774df43b399e,hardinjennifer,LOGOUT,Regular logout activity,SUCCESS
a16c934d-f6cb-4a3c-b795-999d64c368a2,2025-09-01T10:30:00,82e7a6a3-1f49-4f5a-8a2a-96e5a654a185,codyoconnor,QUERY_END,Regular query_end activity,SUCCESS
82d7cfe3-4439-4963-b3e9-8d0fbd6a9c0c,2025-09-01T10:30:00,b92c2609-888c-471e-bf61-4363556df9d8,frank26,QUERY_END,Regular query_end activity,SUCCESS
3cde1687-3f78-4aa0-a744-0daa64abb9b5,2025-09-01T10:30:00,ac5e7ada-2f2f-4292-a0e4-18083982547a,lliu,LOGIN,Regular login activity,SUCCESS
aa3dc40b-d5af-4473-b6fc-e0a6ae6dc0f2,2025-09-01T10:30:00,da0f0f7a-8d2c-4ca9-b82e-cda33fba6610,rachel35,QUERY_END,Regular query_end activity,SUCCESS
7bd22424-490b-4069-835b-73544e196295,2025-09-01T10:30:00,f22aa1cf-fe8b-4e78-8492-b46e0f46ffda,brandtmisty,QUERY_START,Regular query_start activity,SUCCESS
3166a4f8-d1d0-4682-8c87-157a0fd8219c,2025-09-01T10:30:00,4bc8b8f2-4d6e-4d5e-8d40-a7b6b3d6bb03,amandamitchell,LOGIN,Regular login activity,SUCCESS
db575eb5-fe59-4fbd-a646-479713eb3acf,2025-09-01T10:30:00,89e53854-09b7-4b59-8352-a231c51f8687,glarsen,QUERY_END,Regular query_end activity,SUCCESS
53e460e8-327d-4ea4-a3b3-e44454324ce7,2025-09-01T10:30:00,879c852e-e8e8-45c3-9ead-5fa56c9ecfbc,egarcia,LOGIN,Regular login activity,SUCCESS
0467c94c-5a7d-416b-b7c0-6836c21df4a7,2025-09-01T10:38:00,4bc8b8f2-4d6e-4d5e-8d40-a7b6b3d6bb03,amandamitchell,LOGOUT,Regular logout activity,SUCCESS
0c0c8c79-2f19-452a-be66-071fc8f8feac,2025-09-01T10:38:00,f22aa1cf-fe8b-4e78-8492-b46e0f46ffda,brandtmisty,LOGOUT,Regular logout activity,SUCCESS
6d5c707e-1342-4890-8721-af13fe9e7fe1,2025-09-01T10:38:00,9a7a68c7-1b0c-4669-859f-6d352b1e386f,andrew16,QUERY_START,Regular query_start activity,SUCCESS
769e9409-3a6b-4551-931c-37e3a42420b5,2025-09-01T10:38:00,3d8cc43f-0f00-40bd-b8b2-34ac61fc0360,rwilliams,LOGIN,Regular login activity,SUCCESS
eb06b973-bb63-4a64-9bc7-72a986f61933,2025-09-01T10:38:00,f22aa1cf-fe8b-4e78-8492-b46e0f46ffda,brandtmisty,LOGOUT,Regular logout activity,SUCCESS
0b0c31f6-3eb1-44d8-add4-ec8efdefc859,2025-09-01T10:38:00,57eba2d7-a4fe-48aa-aa7b-ad0e6f1296b7,jose46,LOGIN,Regular login activity,SUCCESS
278e1718-dfc3-4750-bd95-5a1c6fd45c09,2025-09-01T10:38:00,3d8cc43f-0f00-40bd-b8b2-34ac61fc0360,rwilliams,QUERY_END,Regular query_end activity,SUCCESS
34d3bab6-8c38-4b33-ab1a-c742b15e15ea,2025-09-01T10:38:00,da0f0f7a-8d2c-4ca9-b82e-cda33fba6610,rachel35,QUERY_END,Regular query_end activity,SUCCESS
91d78ca4-dccf-4568-95d6-0af0a9f08790,2025-09-01T10:38:00,9a7a68c7-1b0c-4669-859f-6d352b1e386f,andrew16,QUERY_START,Regular query_start activity,SUCCESS
9b2ad14f-10b4-49f6-ad2a-c4950082f473,2025-09-01T10:38:00,5fb2a072-2bab-4b94-9109-9cbea70c5438,bryancuevas,QUERY_START,Regular query_start activity,SUCCESS
0d1983f0-ef3c-4ac7-ba65-29e405a25925,2025-09-01T10:52:00,57eba2d7-a4fe-48aa-aa7b-ad0e6f1296b7,jose46,QUERY_END,Regular query_end activity,SUCCESS
d530e798-50f4-46ff-a61a-40457c91b4d3,2025-09-01T10:52:00,da0f0f7a-8d2c-4ca9-b82e-cda33fba6610,rachel35,QUERY_START,Regular query_start activity,SUCCESS
abac87c0-9019-430c-adfd-e83b129d4611,2025-09-01T10:52:00,9a7a68c7-1b0c-4669-859f-6d352b1e386f,andrew16,LOGIN,Regular login activity,SUCCESS
84409bef-ab70-4ca8-bbcc-646937bfbb94,2025-09-01T10:52:00,9a7a68c7-1b0c-4669-859f-6d352b1e386f,andrew16,LOGIN,Regular login activity,SUCCESS
3fae0254-07ad-48d6-aaad-e732c9dde59c,2025-09-01T10:52:00,82e7a6a3-1f49-4f5a-8a2a-96e5a654a185,codyoconnor,QUERY_START,Regular query_start activity,SUCCESS
93882c3a-abbc-4a1a-bf21-ef7eaadfc314,2025-09-01T10:52:00,82e7a6a3-1f49-4f5a-8a2a-96e5a654a185,codyoconnor,QUERY_END,Regular query_end activity,SUCCESS
226a9e19-4a98-4f50-a34f-788b1af83b63,2025-09-01T10:52:00,879c852e-e8e8-45c3-9ead-5fa56c9ecfbc,egarcia,QUERY_END,Regular query_end activity,SUCCESS
ad9696b7-001b-41c4-962e-3edc3a6ee950,2025-09-01T10:52:00,00f99f6f-5fcc-490a-84f9-6b24911c0b2e,emilyhamilton,QUERY_START,Regular query_start activity,SUCCESS
ae084df6-92f2-424f-ae31-f4f199975806,2025-09-01T10:52:00,4bc8b8f2-4d6e-4d5e-8d40-a7b6b3d6bb03,amandamitchell,LOGOUT,Regular logout activity,SUCCESS
77f21f19-e095-4b77-bfe2-7c02b378b21d,2025-09-01T10:52:00,00f99f6f-5fcc-490a-84f9-6b24911c0b2e,emilyhamilton,LOGIN,Regular login activity,SUCCESS
a897d285-6de3-41e2-b9eb-761725eb0d9f,2025-09-01T11:02:00,b92c2609-888c-471e-bf61-4363556df9d8,frank26,QUERY_START,Regular query_start activity,SUCCESS
8e7d0caf-212b-47c7-8f59-c10a12a8f646,2025-09-01T11:02:00,b92c2609-888c-471e-bf61-4363556df9d8,frank26,LOGOUT,Regular logout activity,SUCCESS
a067a78b-b2c4-4cd6-a92e-7a0f868691f3,2025-09-01T11:02:00,859c34dd-4540-49a3-b26d-f82b1455d905,oatkinson,LOGIN,Regular login activity,SUCCESS
839ffc36-dd39-4df6-a509-15a90b5179e7,2025-09-01T11:02:00,89e53854-09b7-4b59-8352-a231c51f8687,glarsen,LOGOUT,Regular logout activity,SUCCESS
22ec46a1-7b02-442f-bec1-f859e56d85a7,2025-09-01T11:02:00,89e53854-09b7-4b59-8352-a231c51f8687,glarsen,QUERY_START,Regular query_start activity,SUCCESS
af0a084f-f4ac-465a-b00a-ce2e797112e9,2025-09-01T11:02:00,b92c2609-888c-471e-bf61-4363556df9d8,frank26,LOGIN,Regular login activity,SUCCESS
6761719f-7d4d-46cc-a97f-0e7e150a1595,2025-09-01T11:02:00,a3a85592-9f3f-4845-87b8-dd199fcdc3cc,gmoreno,QUERY_END,Regular query_end activity,SUCCESS
f808cc0b-d66d-4668-b0dc-29fed4383fe0,2025-09-01T11:02:00,4b7e389e-8c78-4e72-ab0b-774df43b399e,hardinjennifer,QUERY_START,Regular query_start activity,SUCCESS
9cb214dc-2328-491c-ba19-e2c025063e8b,2025-09-01T11:02:00,859c34dd-4540-49a3-b26d-f82b1455d905,oatkinson,QUERY_END,Regular query_end activity,SUCCESS
d2d04279-d4df-49df-baa8-59a5a44f812f,2025-09-01T11:02:00,f0c2cfac-cf3b-4053-9e79-a6a4c6bbd187,garciaalison,QUERY_END,Regular query_end activity,SUCCESS
1a5de61f-0382-45e3-bc6a-16bb9fb3d60d,2025-09-01T11:08:00,f0c2cfac-cf3b-4053-9e79-a6a4c6bbd187,garciaalison,LOGOUT,Regular logout activity,SUCCESS
5b2ee71a-18a1-4f56-82af-d2a0326c75df,2025-09-01T11:08:00,cea2e75f-1ee1-4b1d-90f5-242f82a02bed,erickennedy,LOGOUT,Regular logout activity,SUCCESS
3f86e018-2479-4198-b2e4-6825c10df33e,2025-09-01T11:08:00,4b7e389e-8c78-4e72-ab0b-774df43b399e,hardinjennifer,LOGOUT,Regular logout activity,SUCCESS
248b2eda-fa78-4717-b321-3d22881a3971,2025-09-01T11:08:00,3d8cc43f-0f00-40bd-b8b2-34ac61fc0360,rwilliams,QUERY_START,Regular query_start activity,SUCCESS
eeb93f92-59d9-4af7-abfa-d2d1c1c53b80,2025-09-01T11:08:00,7cd584de-ca92-465c-8ea8-5f7ad356bee6,danasandoval,LOGIN,Regular login activity,SUCCESS
0469b2d5-c014-4f55-a70e-b5bf524d50e8,2025-09-01T11:08:00,cea2e75f-1ee1-4b1d-90f5-242f82a02bed,erickennedy,LOGOUT,Regular logout activity,SUCCESS
75080933-b16a-458e-baab-db97859819bf,2025-09-01T11:08:00,859c34dd-4540-49a3-b26d-f82b1455d905,oatkinson,LOGIN,Regular login activity,SUCCESS
92aa0177-881f-4286-8b96-fb5b7237d04e,2025-09-01T11:08:00,da0f0f7a-8d2c-4ca9-b82e-cda33fba6610,rachel35,QUERY_END,Regular query_end activity,SUCCESS
9f21eaf2-0712-4df4-bf83-29b1b7d24166,2025-09-01T11:08:00,00f99f6f-5fcc-490a-84f9-6b24911c0b2e,emilyhamilton,LOGIN,Regular login activity,SUCCESS
c0e2d8d5-4e9c-4742-9f2c-d49312e2ae45,2025-09-01T11:08:00,57eba2d7-a4fe-48aa-aa7b-ad0e6f1296b7,jose46,LOGOUT,Regular logout activity,SUCCESS
6f2d97e6-2daa-4bc2-a0bf-c625e934ee24,2025-09-01T11:13:00,859c34dd-4540-49a3-b26d-f82b1455d905,oatkinson,QUERY_END,Regular query_end activity,SUCCESS
4cc327b6-51a4-4067-92ec-2f86536eae2f,2025-09-01T11:13:00,89e53854-09b7-4b59-8352-a231c51f8687,glarsen,QUERY_START,Regular query_start activity,SUCCESS
08dfc1f6-b6d2-4fb2-bbba-00f7d49c997b,2025-09-01T11:13:00,da0f0f7a-8d2c-4ca9-b82e-cda33fba6610,rachel35,QUERY_START,Regular query_start activity,SUCCESS
2f66a1b9-c311-4c55-85c4-0243f4dbdd31,2025-09-01T11:13:00,cea2e75f-1ee1-4b1d-90f5-242f82a02bed,erickennedy,QUERY_END,Regular query_end activity,SUCCESS
f5f8e56d-3280-4bf0-b951-25c2bcdf70f3,2025-09-01T11:13:00,9a7a68c7-1b0c-4669-859f-6d352b1e386f,andrew16,QUERY_END,Regular query_end activity,SUCCESS
13e2b609-0377-4675-ac32-c65e775745d1,2025-09-01T11:13:00,89e53854-09b7-4b59-8352-a231c51f8687,glarsen,LOGOUT,Regular logout activity,SUCCESS
162a455a-30c1-42b8-8b53-c1d92214af37,2025-09-01T11:13:00,00f99f6f-5fcc-490a-84f9-6b24911c0b2e,emilyhamilton,QUERY_END,Regular query_end activity,SUCCESS
16e358b3-fa5b-452d-9ef0-b630d5fbe807,2025-09-01T11:13:00,9a7a68c7-1b0c-4669-859f-6d352b1e386f,andrew16,LOGIN,Regular login activity,SUCCESS
f109412b-d93b-4fe3-9070-8b39b3c9a016,2025-09-01T11:13:00,859c34dd-4540-49a3-b26d-f82b1455d905,oatkinson,LOGOUT,Regular logout activity,SUCCESS
ce59d23b-053c-4aa2-8221-c15959e3b2c9,2025-09-01T11:13:00,4b7e389e-8c78-4e72-ab0b-774df43b399e,hardinjennifer,LOGOUT,Regular logout activity,SUCCESS
4c41d0e6-3c05-4d3d-821a-305877605533,2025-09-01T11:19:00,7cd584de-ca92-465c-8ea8-5f7ad356bee6,danasandoval,LOGIN,Regular login activity,SUCCESS
5124fcba-152a-442c-be85-7b91d96af89a,2025-09-01T11:19:00,f0c2cfac-cf3b-4053-9e79-a6a4c6bbd187,garciaalison,LOGOUT,Regular logout activity,SUCCESS
756c13fe-1d0f-419c-8b81-6eb5eafa7aa7,2025-09-01T11:19:00,cea2e75f-1ee1-4b1d-90f5-242f82a02bed,erickennedy,QUERY_END,Regular query_end activity,SUCCESS
ea0688b4-2a30-4446-bf42-121f7478d19b,2025-09-01T11:19:00,f22aa1cf-fe8b-4e78-8492-b46e0f46ffda,brandtmisty,QUERY_END,Regular query_end activity,SUCCESS
7688cc22-a5bf-4fd0-ab62-44c852859c10,2025-09-01T11:19:00,82e7a6a3-1f49-4f5a-8a2a-96e5a654a185,codyoconnor,LOGIN,Regular login activity,SUCCESS
6cbe75d9-6850-4b41-b119-6a7f4dab7cf8,2025-09-01T11:19:00,ac5e7ada-2f2f-4292-a0e4-18083982547a,lliu,QUERY_END,Regular query_end activity,SUCCESS
136c0a4e-4378-49aa-8f95-45abe05ba13e,2025-09-01T11:19:00,ac5e7ada-2f2f-4292-a0e4-18083982547a,lliu,QUERY_START,Regular query_start activity,SUCCESS
dba619f5-4108-4b6f-8ca0-e2362157f28b,2025-09-01T11:19:00,89e53854-09b7-4b59-8352-a231c51f8687,glarsen,QUERY_START,Regular query_start activity,SUCCESS
9253add2-14a4-4de0-9605-d1eb689c1f21,2025-09-01T11:19:00,da0f0f7a-8d2c-4ca9-b82e-cda33fba6610,rachel35,QUERY_END,Regular query_end activity,SUCCESS
9730d702-990b-4c8c-a3b4-003e9c0a0644,2025-09-01T11:19:00,f22aa1cf-fe8b-4e78-8492-b46e0f46ffda,brandtmisty,LOGIN,Regular login activity,SUCCESS
30fde0c8-7b09-451e-b8f6-d45c6d3e74f1,2025-09-01T11:24:00,9a7a68c7-1b0c-4669-859f-6d352b1e386f,andrew16,LOGOUT,Regular logout activity,SUCCESS
fd16ec1d-532f-4e5f-a047-e57db2c3ab59,2025-09-01T11:24:00,4663d48b-596a-4f39-b714-8d69ac9a7d2a,robert93,QUERY_END,Regular query_end activity,SUCCESS
09edc51c-d81e-4931-b72c-4037f430b377,2025-09-01T11:24:00,9a7a68c7-1b0c-4669-859f-6d352b1e386f,andrew16,LOGOUT,Regular logout activity,SUCCESS
435ebf70-acab-49df-b44e-f34297eac387,2025-09-01T11:24:00,cea2e75f-1ee1-4b1d-90f5-242f82a02bed,erickennedy,LOGOUT,Regular logout activity,SUCCESS
df4dee81-2ab2-48df-8831-c8027db11546,2025-09-01T11:24:00,7cd584de-ca92-465c-8ea8-5f7ad356bee6,danasandoval,QUERY_START,Regular query_start activity,SUCCESS
b28d20c0-edb5-4f97-9c0b-45a101426c9d,2025-09-01T11:24:00,4663d48b-596a-4f39-b714-8d69ac9a7d2a,robert93,LOGOUT,Regular logout activity,SUCCESS
cbfe627c-4ca4-4c1b-9bb5-97a5af6891f2,2025-09-01T11:24:00,a3a85592-9f3f-4845-87b8-dd199fcdc3cc,gmoreno,LOGOUT,Regular logout activity,SUCCESS
3dcf4451-a87c-489b-bf46-b9394baa3dcf,2025-09-01T11:24:00,89e53854-09b7-4b59-8352-a231c51f8687,glarsen,LOGOUT,Regular logout activity,SUCCESS
58be2070-1e18-4505-b24e-327c22e50d3b,2025-09-01T11:24:00,b92c2609-888c-471e-bf61-4363556df9d8,frank26,LOGIN,Regular login activity,SUCCESS
63815b5b-12fb-41cf-bf90-91562dce552e,2025-09-01T11:24:00,4663d48b-596a-4f39-b714-8d69ac9a7d2a,robert93,QUERY_END,Regular query_end activity,SUCCESS
e8ae4d58-dcdf-42e9-8dec-019882585d6e,2025-09-01T11:31:00,b92c2609-888c-471e-bf61-4363556df9d8,frank26,LOGIN,Regular login activity,SUCCESS
d9a8c687-1c1b-458e-af47-2bfa9b64f730,2025-09-01T11:31:00,5fb2a072-2bab-4b94-9109-9cbea70c5438,bryancuevas,QUERY_START,Regular query_start activity,SUCCESS
6200ebb6-ae2c-4ff1-b976-66ef2bbe825e,2025-09-01T11:31:00,b92c2609-888c-471e-bf61-4363556df9d8,frank26,LOGIN,Regular login activity,SUCCESS
68358a40-d0ce-4ccd-9fc2-77fcf8905ffa,2025-09-01T11:31:00,9a7a68c7-1b0c-4669-859f-6d352b1e386f,andrew16,LOGOUT,Regular logout activity,SUCCESS
630773a3-bbfb-4a8d-9c33-be931bd67988,2025-09-01T11:31:00,ac5e7ada-2f2f-4292-a0e4-18083982547a,lliu,QUERY_START,Regular query_start activity,SUCCESS
9a79ee0d-349b-42f2-8fea-05980c9731e1,2025-09-01T11:31:00,cea2e75f-1ee1-4b1d-90f5-242f82a02bed,erickennedy,LOGOUT,Regular logout activity,SUCCESS
08f58780-be9b-494c-9334-5e100a5b6c56,2025-09-01T11:31:00,5fb2a072-2bab-4b94-9109-9cbea70c5438,bryancuevas,QUERY_START,Regular query_start activity,SUCCESS
387a2cc7-d699-45a8-b15b-1e443771402a,2025-09-01T11:31:00,3d8cc43f-0f00-40bd-b8b2-34ac61fc0360,rwilliams,LOGIN,Regular login activity,SUCCESS
799d5fbc-1f3e-48a9-bba2-35a8b3cb6927,2025-09-01T11:31:00,3d8cc43f-0f00-40bd-b8b2-34ac61fc0360,rwilliams,QUERY_END,Regular query_end activity,SUCCESS
33125d74-7492-41e0-807c-38dcb9fbf9f8,2025-09-01T11:31:00,4bc8b8f2-4d6e-4d5e-8d40-a7b6b3d6bb03,amandamitchell,LOGIN,Regular login activity,SUCCESS
e1d1b7ab-4753-404e-89af-271115935dc4,2025-09-01T11:37:00,f0c2cfac-cf3b-4053-9e79-a6a4c6bbd187,garciaalison,QUERY_START,Regular query_start activity,SUCCESS
46ccf5ad-8554-42a1-a559-9d76be50ffff,2025-09-01T11:37:00,7cd584de-ca92-465c-8ea8-5f7ad356bee6,danasandoval,LOGIN,Regular login activity,SUCCESS
a83cfb91-ce43-42f3-839a-0e230647594c,2025-09-01T11:37:00,4b7e389e-8c78-4e72-ab0b-774df43b399e,hardinjennifer,LOGIN,Regular login activity,SUCCESS
af964f52-39de-42c4-914c-eb5c2a4597d5,2025-09-01T11:37:00,4bc8b8f2-4d6e-4d5e-8d40-a7b6b3d6bb03,amandamitchell,LOGIN,Regular login activity,SUCCESS
94131284-9e32-4378-9d21-d746171175d2,2025-09-01T11:37:00,a3a85592-9f3f-4845-87b8-dd199fcdc3cc,gmoreno,LOGIN,Regular login activity,SUCCESS
3fc8c0b5-6ef1-443a-aba3-59b8d3c8c446,2025-09-01T11:37:00,7cd584de-ca92-465c-8ea8-5f7ad356bee6,danasandoval,LOGOUT,Regular logout activity,SUCCESS
06b26df3-c23b-411b-8003-5cd61e907aba,2025-09-01T11:37:00,da0f0f7a-8d2c-4ca9-b82e-cda33fba6610,rachel35,LOGOUT,Regular logout activity,SUCCESS
da97b9d6-ae29-498c-b217-75827302f58d,2025-09-01T11:37:00,b92c2609-888c-471e-bf61-4363556df9d8,frank26,QUERY_END,Regular query_end activity,SUCCESS
a2b309ef-05b8-4fce-ab6b-911abe5ee529,2025-09-01T11:37:00,57eba2d7-a4fe-48aa-aa7b-ad0e6f1296b7,jose46,QUERY_START,Regular query_start activity,SUCCESS
2b0f53d1-3d27-4db7-ab95-0435056e00eb,2025-09-01T11:37:00,f0c2cfac-cf3b-4053-9e79-a6a4c6bbd187,garciaalison,QUERY_END,Regular query_end activity,SUCCESS
e5c7c949-1cbf-4de3-be44-20a6bd288432,2025-09-01T11:44:00,f0c2cfac-cf3b-4053-9e79-a6a4c6bbd187,garciaalison,LOGOUT,Regular logout activity,SUCCESS
169dbf52-3656-4ed8-b878-98fea162530f,2025-09-01T11:44:00,f0c2cfac-cf3b-4053-9e79-a6a4c6bbd187,garciaalison,LOGIN,Regular login activity,SUCCESS
c662ca19-ae7d-4036-b469-837948a673e6,2025-09-01T11:44:00,4b7e389e-8c78-4e72-ab0b-774df43b399e,hardinjennifer,LOGOUT,Regular logout activity,SUCCESS
af9770db-c436-44dd-9829-36ce25e25e15,2025-09-01T11:44:00,89e53854-09b7-4b59-8352-a231c51f8687,glarsen,LOGOUT,Regular logout activity,SUCCESS
f2583e0d-1b5c-4ff8-b3bc-81d28cbaf50a,2025-09-01T11:44:00,a3a85592-9f3f-4845-87b8-dd199fcdc3cc,gmoreno,QUERY_END,Regular query_end activity,SUCCESS
166cc28f-b45e-4b7e-b77a-a53ed6e8f942,2025-09-01T11:44:00,4bc8b8f2-4d6e-4d5e-8d40-a7b6b3d6bb03,amandamitchell,QUERY_START,Regular query_start activity,SUCCESS
274539ce-72d8-459d-8a56-10a72585886f,2025-09-01T11:44:00,f22aa1cf-fe8b-4e78-8492-b46e0f46ffda,brandtmisty,LOGIN,Regular login activity,SUCCESS
398e4759-b4a8-4630-aaef-53b307d24c8d,2025-09-01T11:44:00,00f99f6f-5fcc-490a-84f9-6b24911c0b2e,emilyhamilton,QUERY_START,Regular query_start activity,SUCCESS
bc8e5b2b-b4a6-4c7e-b6f8-7324165a3bdd,2025-09-01T11:44:00,00f99f6f-5fcc-490a-84f9-6b24911c0b2e,emilyhamilton,QUERY_START,Regular query_start activity,SUCCESS
3e01e58e-6bd3-4f14-b081-7399bd299ecb,2025-09-01T11:44:00,9a7a68c7-1b0c-4669-859f-6d352b1e386f,andrew16,QUERY_START,Regular query_start activity,SUCCESS
1a70f938-d90a-491b-9eb2-278583e1062e,2025-09-01T11:52:00,4b7e389e-8c78-4e72-ab0b-774df43b399e,hardinjennifer,LOGIN,Regular login activity,SUCCESS
38c9736b-7cd9-48d3-b0a1-c48b019b2d11,2025-09-01T11:52:00,4663d48b-596a-4f39-b714-8d69ac9a7d2a,robert93,QUERY_START,Regular query_start activity,SUCCESS
d1dcc458-cfb1-48d7-bbc5-43fa8342d556,2025-09-01T11:52:00,859c34dd-4540-49a3-b26d-f82b1455d905,oatkinson,LOGIN,Regular login activity,SUCCESS
48f58663-625d-45b8-a58b-4ab93e4f376f,2025-09-01T11:52:00,f22aa1cf-fe8b-4e78-8492-b46e0f46ffda,brandtmisty,QUERY_END,Regular query_end activity,SUCCESS
0597e06f-6324-4fd0-9779-0e070359c56d,2025-09-01T11:52:00,57eba2d7-a4fe-48aa-aa7b-ad0e6f1296b7,jose46,QUERY_START,Regular query_start activity,SUCCESS
b41f3e38-975d-491d-a863-7f15578a7a5b,2025-09-01T11:52:00,89e53854-09b7-4b59-8352-a231c51f8687,glarsen,QUERY_END,Regular query_end activity,SUCCESS
10fad634-1501-40c5-b242-b9867f108e45,2025-09-01T11:52:00,82e7a6a3-1f49-4f5a-8a2a-96e5a654a185,codyoconnor,QUERY_START,Regular query_start activity,SUCCESS
2751a99a-9369-4271-8f81-99f16674bda6,2025-09-01T11:52:00,5fb2a072-2bab-4b94-9109-9cbea70c5438,bryancuevas,QUERY_END,Regular query_end activity,SUCCESS
a4f548b1-fccd-4dc3-8f52-9c704cd58388,2025-09-01T11:52:00,cea2e75f-1ee1-4b1d-90f5-242f82a02bed,erickennedy,LOGOUT,Regular logout activity,SUCCESS
abcfb559-918d-43bb-ab1a-a614bef04a93,2025-09-01T11:52:00,b92c2609-888c-471e-bf61-4363556df9d8,frank26,LOGOUT,Regular logout activity,SUCCESS
e5b44965-16b6-4c43-b602-7dc1f60e71ae,2025-09-01T12:03:00,859c34dd-4540-49a3-b26d-f82b1455d905,oatkinson,LOGIN,Regular login activity,SUCCESS
56ca5811-ff33-4c5f-8f37-baa512acbb3e,2025-09-01T12:03:00,4b7e389e-8c78-4e72-ab0b-774df43b399e,hardinjennifer,QUERY_START,Regular query_start activity,SUCCESS
db25172c-b293-460d-a636-3a99949fab9a,2025-09-01T12:03:00,5fb2a072-2bab-4b94-9109-9cbea70c5438,bryancuevas,LOGOUT,Regular logout activity,SUCCESS
8587651e-95ea-41b1-97e5-9d9a3bc12043,2025-09-01T12:03:00,879c852e-e8e8-45c3-9ead-5fa56c9ecfbc,egarcia,LOGIN,Regular login activity,SUCCESS
383ef819-ba56-47f2-b8a9-7407c814956d,2025-09-01T12:03:00,cea2e75f-1ee1-4b1d-90f5-242f82a02bed,erickennedy,LOGIN,Regular login activity,SUCCESS
a2bca1dd-e1c4-4905-9a42-e66c4cca8e6b,2025-09-01T12:03:00,4663d48b-596a-4f39-b714-8d69ac9a7d2a,robert93,LOGOUT,Regular logout activity,SUCCESS
d61e03d3-1bfc-45cf-843b-3b72f094842b,2025-09-01T12:03:00,cea2e75f-1ee1-4b1d-90f5-242f82a02bed,erickennedy,LOGOUT,Regular logout activity,SUCCESS
756e7191-9611-49e4-867c-3a5f5a0b0954,2025-09-01T12:03:00,57eba2d7-a4fe-48aa-aa7b-ad0e6f1296b7,jose46,LOGOUT,Regular logout activity,SUCCESS
19647c60-fe79-4fb9-894f-279c87afa3a6,2025-09-01T12:03:00,89e53854-09b7-4b59-8352-a231c51f8687,glarsen,LOGIN,Regular login activity,SUCCESS
36c0af82-abbd-4ccd-8683-01fc96c3c1ac,2025-09-01T12:03:00,5fb2a072-2bab-4b94-9109-9cbea70c5438,bryancuevas,QUERY_START,Regular query_start activity,SUCCESS
35a87abe-1962-4f90-83f3-efc7cd83e16e,2025-09-01T12:12:00,b92c2609-888c-471e-bf61-4363556df9d8,frank26,QUERY_START,Regular query_start activity,SUCCESS
ec389406-63eb-415c-a793-8c1d7d6485e4,2025-09-01T12:12:00,4bc8b8f2-4d6e-4d5e-8d40-a7b6b3d6bb03,amandamitchell,LOGIN,Regular login activity,SUCCESS
c269c1f2-f68e-45ad-97e5-98b2e37e877c,2025-09-01T12:12:00,ac5e7ada-2f2f-4292-a0e4-18083982547a,lliu,LOGIN,Regular login activity,SUCCESS
9a2eec7b-98cf-4c91-afea-c34c5060fd41,2025-09-01T12:12:00,879c852e-e8e8-45c3-9ead-5fa56c9ecfbc,egarcia,LOGIN,Regular login activity,SUCCESS
cfbdd67e-1eaf-47cc-b571-c82a40102328,2025-09-01T12:12:00,5fb2a072-2bab-4b94-9109-9cbea70c5438,bryancuevas,LOGIN,Regular login activity,SUCCESS
34dcbffc-f534-45a5-ab16-758e73bec936,2025-09-01T12:12:00,a3a85592-9f3f-4845-87b8-dd199fcdc3cc,gmoreno,LOGOUT,Regular logout activity,SUCCESS
8da02a32-b339-4ed1-8363-5a38c9ed53be,2025-09-01T12:12:00,57eba2d7-a4fe-48aa-aa7b-ad0e6f1296b7,jose46,QUERY_START,Regular query_start activity,SUCCESS
6ecf4425-898e-41b2-a52d-bf6fec201497,2025-09-01T12:12:00,b92c2609-888c-471e-bf61-4363556df9d8,frank26,LOGOUT,Regular logout activity,SUCCESS
dd74f2d2-fa32-4f4f-9ebe-c796e767d66a,2025-09-01T12:12:00,ac5e7ada-2f2f-4292-a0e4-18083982547a,lliu,QUERY_START,Regular query_start activity,SUCCESS
feee9fdc-4f1d-41b4-888e-6ac7484c2259,2025-09-01T12:12:00,89e53854-09b7-4b59-8352-a231c51f8687,glarsen,QUERY_END,Regular query_end activity,SUCCESS
1b865447-be25-44be-afda-6a308d838604,2025-09-01T12:23:00,9a7a68c7-1b0c-4669-859f-6d352b1e386f,andrew16,LOGIN,Regular login activity,SUCCESS
d6b308eb-dfae-48d6-948d-e9d7a8048fc4,2025-09-01T12:23:00,f22aa1cf-fe8b-4e78-8492-b46e0f46ffda,brandtmisty,LOGIN,Regular login activity,SUCCESS
9b6a627c-2071-4bcf-b51b-168cff751587,2025-09-01T12:23:00,859c34dd-4540-49a3-b26d-f82b1455d905,oatkinson,LOGIN,Regular login activity,SUCCESS
f5ee9506-8f5c-4aba-9f6b-599b0de74871,2025-09-01T12:23:00,5fb2a072-2bab-4b94-9109-9cbea70c5438,bryancuevas,LOGOUT,Regular logout activity,SUCCESS
75f61bf3-17ac-4718-88a7-44a11b9255bd,2025-09-01T12:23:00,00f99f6f-5fcc-490a-84f9-6b24911c0b2e,emilyhamilton,LOGIN,Regular login activity,SUCCESS
0c561085-97c6-4ecf-a05d-3720771e34f6,2025-09-01T12:23:00,f0c2cfac-cf3b-4053-9e79-a6a4c6bbd187,garciaalison,LOGOUT,Regular logout activity,SUCCESS
99aa6f3c-997b-48cf-b68e-bf844a2620af,2025-09-01T12:23:00,a3a85592-9f3f-4845-87b8-dd199fcdc3cc,gmoreno,QUERY_END,Regular query_end activity,SUCCESS
1e5441d2-7708-4e79-90ff-123e409a83b4,2025-09-01T12:23:00,a3a85592-9f3f-4845-87b8-dd199fcdc3cc,gmoreno,LOGIN,Regular login activity,SUCCESS
6392b656-07ee-4382-bf99-ebb1a5716fff,2025-09-01T12:23:00,a3a85592-9f3f-4845-87b8-dd199fcdc3cc,gmoreno,LOGOUT,Regular logout activity,SUCCESS
c674a9b5-4d32-442e-b830-543aa3959563,2025-09-01T12:23:00,82e7a6a3-1f49-4f5a-8a2a-96e5a654a185,codyoconnor,LOGIN,Regular login activity,SUCCESS
891fc113-bc4a-420f-8d4d-34e86cdfea10,2025-09-01T12:30:00,82e7a6a3-1f49-4f5a-8a2a-96e5a654a185,codyoconnor,LOGOUT,Regular logout activity,SUCCESS
79e092c3-e2de-4101-ac09-3bef58ea7c05,2025-09-01T12:30:00,4b7e389e-8c78-4e72-ab0b-774df43b399e,hardinjennifer,LOGIN,Regular login activity,SUCCESS
ec9f5933-c098-4845-aa1a-d11f7336895f,2025-09-01T12:30:00,cea2e75f-1ee1-4b1d-90f5-242f82a02bed,erickennedy,LOGOUT,Regular logout activity,SUCCESS
2ddda53c-9e37-410f-bd73-8ee4f6d769a8,2025-09-01T12:30:00,da0f0f7a-8d2c-4ca9-b82e-cda33fba6610,rachel35,QUERY_START,Regular query_start activity,SUCCESS
c45a1d6f-09e7-489b-868f-3a7c80e13388,2025-09-01T12:30:00,b92c2609-888c-471e-bf61-4363556df9d8,frank26,QUERY_START,Regular query_start activity,SUCCESS
108abc01-bbfd-47f5-af9d-6316d03edb1c,2025-09-01T12:30:00,b92c2609-888c-471e-bf61-4363556df9d8,frank26,QUERY_START,Regular query_start activity,SUCCESS
51adf6d5-a81a-44c3-84fd-d4405d0dc337,2025-09-01T12:30:00,89e53854-09b7-4b59-8352-a231c51f8687,glarsen,LOGIN,Regular login activity,SUCCESS
1c90459b-2b29-48b0-ae8f-f1389a5d6380,2025-09-01T12:30:00,879c852e-e8e8-45c3-9ead-5fa56c9ecfbc,egarcia,LOGIN,Regular login activity,SUCCESS
250f91e8-be29-4cb3-9d4a-9fc11ce55e53,2025-09-01T12:30:00,879c852e-e8e8-45c3-9ead-5fa56c9ecfbc,egarcia,QUERY_END,Regular query_end activity,SUCCESS
672ad7fc-1f06-472e-86e2-2595bdc116c0,2025-09-01T12:30:00,57eba2d7-a4fe-48aa-aa7b-ad0e6f1296b7,jose46,QUERY_END,Regular query_end activity,SUCCESS
e4b485e8-2494-42b1-ad4e-151af543c74e,2025-09-01T12:38:00,859c34dd-4540-49a3-b26d-f82b1455d905,oatkinson,QUERY_END,Regular query_end activity,SUCCESS
4fe28c81-86e7-45e6-81d5-1f197b406334,2025-09-01T12:38:00,a3a85592-9f3f-4845-87b8-dd199fcdc3cc,gmoreno,QUERY_END,Regular query_end activity,SUCCESS
83579f51-bf18-41dc-819e-af56b3a015be,2025-09-01T12:38:00,a3a85592-9f3f-4845-87b8-dd199fcdc3cc,gmoreno,LOGIN,Regular login activity,SUCCESS
a0793c56-8c47-4817-8214-a138cc88686c,2025-09-01T12:38:00,4663d48b-596a-4f39-b714-8d69ac9a7d2a,robert93,QUERY_START,Regular query_start activity,SUCCESS
700d8b90-7b65-4652-8e40-5d5871afcd27,2025-09-01T12:38:00,b92c2609-888c-471e-bf61-4363556df9d8,frank26,QUERY_END,Regular query_end activity,SUCCESS
7a9e8b73-49ce-4bb7-bb52-b6a2b6dafb66,2025-09-01T12:38:00,9a7a68c7-1b0c-4669-859f-6d352b1e386f,andrew16,LOGOUT,Regular logout activity,SUCCESS
52169cbd-7b85-4869-84ac-c4b97c44bbc9,2025-09-01T12:38:00,4663d48b-596a-4f39-b714-8d69ac9a7d2a,robert93,LOGIN,Regular login activity,SUCCESS
0a036b27-8080-468b-914d-4547fee2d4d3,2025-09-01T12:38:00,4b7e389e-8c78-4e72-ab0b-774df43b399e,hardinjennifer,QUERY_START,Regular query_start activity,SUCCESS
eac44e3a-3c7e-4cff-bb6d-db11d828d9ac,2025-09-01T12:38:00,ac5e7ada-2f2f-4292-a0e4-18083982547a,lliu,QUERY_START,Regular query_start activity,SUCCESS
935706db-331f-43cd-a556-788ad5e38dca,2025-09-01T12:38:00,879c852e-e8e8-45c3-9ead-5fa56c9ecfbc,egarcia,QUERY_END,Regular query_end activity,SUCCESS
2062ef87-57cd-4ecc-a128-eca7c37a5856,2025-09-01T12:43:00,f22aa1cf-fe8b-4e78-8492-b46e0f46ffda,brandtmisty,QUERY_START,Regular query_start activity,SUCCESS
cbb5add2-aa05-4356-97ca-22ca2af8edf1,2025-09-01T12:43:00,4663d48b-596a-4f39-b714-8d69ac9a7d2a,robert93,LOGOUT,Regular logout activity,SUCCESS
1460a11e-099b-46b6-8b9f-16fdc0a4c93e,2025-09-01T12:43:00,da0f0f7a-8d2c-4ca9-b82e-cda33fba6610,rachel35,LOGIN,Regular login activity,SUCCESS
47a2471d-c78f-4f08-88b1-c79df476a160,2025-09-01T12:43:00,da0f0f7a-8d2c-4ca9-b82e-cda33fba6610,rachel35,QUERY_START,Regular query_start activity,SUCCESS
c0371416-8341-485b-a2b9-99bc638ca022,2025-09-01T12:43:00,5fb2a072-2bab-4b94-9109-9cbea70c5438,bryancuevas,QUERY_START,Regular query_start activity,SUCCESS
68a06de4-9e19-4d49-b7bb-eb6f5fb4c4eb,2025-09-01T12:43:00,f22aa1cf-fe8b-4e78-8492-b46e0f46ffda,brandtmisty,LOGOUT,Regular logout activity,SUCCESS
7d35432f-6fcb-4bbe-8da8-c8105b52e885,2025-09-01T12:43:00,3d8cc43f-0f00-40bd-b8b2-34ac61fc0360,rwilliams,QUERY_START,Regular query_start activity,SUCCESS
ca7ecd9e-8337-4ddd-bea9-09da0b653f6a,2025-09-01T12:43:00,4bc8b8f2-4d6e-4d5e-8d40-a7b6b3d6bb03,amandamitchell,LOGOUT,Regular logout activity,SUCCESS
b69e446c-786c-43b9-a36c-28c9a0224dda,2025-09-01T12:43:00,00f99f6f-5fcc-490a-84f9-6b24911c0b2e,emilyhamilton,LOGOUT,Regular logout activity,SUCCESS
ced1794e-51dc-45f2-b6af-fbcb6fbf1a6c,2025-09-01T12:43:00,ac5e7ada-2f2f-4292-a0e4-18083982547a,lliu,QUERY_END,Regular query_end activity,SUCCESS
03090b3b-d9c6-4c6a-b219-0c8e0f291f49,2025-09-01T12:58:00,3d8cc43f-0f00-40bd-b8b2-34ac61fc0360,rwilliams,QUERY_START,Regular query_start activity,SUCCESS
ebca0d82-e9f4-47e6-ad4f-5ce051a08cc6,2025-09-01T12:58:00,f0c2cfac-cf3b-4053-9e79-a6a4c6bbd187,garciaalison,QUERY_START,Regular query_start activity,SUCCESS
505be299-53a7-4e81-873d-d4c49b650d5c,2025-09-01T12:58:00,cea2e75f-1ee1-4b1d-90f5-242f82a02bed,erickennedy,LOGOUT,Regular logout activity,SUCCESS
9c6cf38a-1732-491c-a617-9445f5e87fe3,2025-09-01T12:58:00,f22aa1cf-fe8b-4e78-8492-b46e0f46ffda,brandtmisty,LOGIN,Regular login activity,SUCCESS
dde97609-f888-4e4c-b618-24b618c4963a,2025-09-01T12:58:00,cea2e75f-1ee1-4b1d-90f5-242f82a02bed,erickennedy,QUERY_START,Regular query_start activity,SUCCESS
da716d61-0e4a-4d9c-86f9-cd9559b8a62a,2025-09-01T12:58:00,89e53854-09b7-4b59-8352-a231c51f8687,glarsen,LOGIN,Regular login activity,SUCCESS
67de8cf9-7c17-4e7b-97b9-670592a4f125,2025-09-01T12:58:00,9a7a68c7-1b0c-4669-859f-6d352b1e386f,andrew16,QUERY_START,Regular query_start activity,SUCCESS
b9cb3403-8920-4220-bd1e-d73de31ce774,2025-09-01T12:58:00,b92c2609-888c-471e-bf61-4363556df9d8,frank26,QUERY_END,Regular query_end activity,SUCCESS
1514e6d9-7fc3-4271-8c35-2b916952c1d4,2025-09-01T12:58:00,4663d48b-596a-4f39-b714-8d69ac9a7d2a,robert93,QUERY_END,Regular query_end activity,SUCCESS
1cf9d472-8c23-4a1b-a749-f8cb6589ed8d,2025-09-01T12:58:00,82e7a6a3-1f49-4f5a-8a2a-96e5a654a185,codyoconnor,LOGIN,Regular login activity,SUCCESS
7cae02f2-7ac0-4c81-a7e3-9d9135e03920,2025-09-01T13:09:00,a3a85592-9f3f-4845-87b8-dd199fcdc3cc,gmoreno,LOGOUT,Regular logout activity,SUCCESS
c7c9a92e-9e30-4f5b-90e9-403ef459ff6d,2025-09-01T13:09:00,7cd584de-ca92-465c-8ea8-5f7ad356bee6,danasandoval,LOGOUT,Regular logout activity,SUCCESS
faf20f7e-b8f8-479e-bcb1-1f81606dec35,2025-09-01T13:09:00,f0c2cfac-cf3b-4053-9e79-a6a4c6bbd187,garciaalison,LOGIN,Regular login activity,SUCCESS
647b0c26-61ea-4a51-b650-5d35c75f1eed,2025-09-01T13:09:00,da0f0f7a-8d2c-4ca9-b82e-cda33fba6610,rachel35,QUERY_END,Regular query_end activity,SUCCESS
a69ec7f3-8a1f-45df-853e-db7035adf097,2025-09-01T13:09:00,879c852e-e8e8-45c3-9ead-5fa56c9ecfbc,egarcia,QUERY_START,Regular query_start activity,SUCCESS
c091d691-2161-46ec-ac92-a4f6ee62c16e,2025-09-01T13:09:00,5fb2a072-2bab-4b94-9109-9cbea70c5438,bryancuevas,LOGOUT,Regular logout activity,SUCCESS
76d1eea6-bd67-4a3d-b745-fa2406ab99d6,2025-09-01T13:09:00,00f99f6f-5fcc-490a-84f9-6b24911c0b2e,emilyhamilton,LOGIN,Regular login activity,SUCCESS
5f14fae9-69bc-4a40-8302-d7423a7833d5,2025-09-01T13:09:00,ac5e7ada-2f2f-4292-a0e4-18083982547a,lliu,LOGOUT,Regular logout activity,SUCCESS
6817a2e7-04c7-4786-ba8b-f3cb824da56e,2025-09-01T13:09:00,4663d48b-596a-4f39-b714-8d69ac9a7d2a,robert93,QUERY_START,Regular query_start activity,SUCCESS
a5b4673c-a616-44a8-b951-b2f9db5c5657,2025-09-01T13:09:00,3d8cc43f-0f00-40bd-b8b2-34ac61fc0360,rwilliams,QUERY_START,Regular query_start activity,SUCCESS
267808ef-f785-43cc-b558-405a3ccac652,2025-09-01T13:21:00,4b7e389e-8c78-4e72-ab0b-774df43b399e,hardinjennifer,LOGOUT,Regular logout activity,SUCCESS
2afbe001-8f1e-475b-acf2-2447240debb1,2025-09-01T13:21:00,4663d48b-596a-4f39-b714-8d69ac9a7d2a,robert93,QUERY_START,Regular query_start activity,SUCCESS
9b1c47ad-8448-4bd3-a3eb-80afe80d2b43,2025-09-01T13:21:00,ac5e7ada-2f2f-4292-a0e4-18083982547a,lliu,QUERY_END,Regular query_end activity,SUCCESS
d13e367c-9d73-4eca-b7cb-327879792bf8,2025-09-01T13:21:00,f0c2cfac-cf3b-4053-9e79-a6a4c6bbd187,garciaalison,LOGOUT,Regular logout activity,SUCCESS
4df23927-c575-422f-b017-72a4c1e123c7,2025-09-01T13:21:00,879c852e-e8e8-45c3-9ead-5fa56c9ecfbc,egarcia,QUERY_START,Regular query_start activity,SUCCESS
9b045ff2-c59c-4109-b167-54e47b70d2f7,2025-09-01T13:21:00,5fb2a072-2bab-4b94-9109-9cbea70c5438,bryancuevas,QUERY_END,Regular query_end activity,SUCCESS
1860b2aa-91a9-4a81-92b6-c4e4e4214f64,2025-09-01T13:21:00,89e53854-09b7-4b59-8352-a231c51f8687,glarsen,QUERY_START,Regular query_start activity,SUCCESS
cf934be3-f842-4f04-af79-5530449a1f83,2025-09-01T13:21:00,ac5e7ada-2f2f-4292-a0e4-18083982547a,lliu,QUERY_END,Regular query_end activity,SUCCESS
3a719787-1a90-4a53-9f3e-4732f1504204,2025-09-01T13:21:00,da0f0f7a-8d2c-4ca9-b82e-cda33fba6610,rachel35,LOGOUT,Regular logout activity,SUCCESS
1f7b2aee-cb0d-416f-91d6-dfbf4935fa81,2025-09-01T13:21:00,cea2e75f-1ee1-4b1d-90f5-242f82a02bed,erickennedy,LOGIN,Regular login activity,SUCCESS
953d5418-9810-4c06-8e52-d17113a34560,2025-09-01T13:26:00,a3a85592-9f3f-4845-87b8-dd199fcdc3cc,gmoreno,QUERY_START,Regular query_start activity,SUCCESS
dde3b8d6-b3e2-4e57-a6a6-dd7ec0054b15,2025-09-01T13:26:00,a3a85592-9f3f-4845-87b8-dd199fcdc3cc,gmoreno,LOGIN,Regular login activity,SUCCESS
de36b9ed-96c3-496e-a690-ad694b9c1b59,2025-09-01T13:26:00,f22aa1cf-fe8b-4e78-8492-b46e0f46ffda,brandtmisty,LOGOUT,Regular logout activity,SUCCESS
501a443e-b737-49be-8c02-06a8f3a7f0a6,2025-09-01T13:26:00,7cd584de-ca92-465c-8ea8-5f7ad356bee6,danasandoval,QUERY_START,Regular query_start activity,SUCCESS
81022530-d78a-4e69-8956-e2b5d9bc2687,2025-09-01T13:26:00,da0f0f7a-8d2c-4ca9-b82e-cda33fba6610,rachel35,LOGIN,Regular login activity,SUCCESS
0ecef61b-1974-4eec-9b62-c8378a82166b,2025-09-01T13:26:00,ac5e7ada-2f2f-4292-a0e4-18083982547a,lliu,LOGIN,Regular login activity,SUCCESS
e40604b4-ed5d-4914-aaec-c0fe9535a3ed,2025-09-01T13:26:00,a3a85592-9f3f-4845-87b8-dd199fcdc3cc,gmoreno,LOGOUT,Regular logout activity,SUCCESS
36ff1a65-1109-4e8e-9c64-d32d70c23cee,2025-09-01T13:26:00,82e7a6a3-1f49-4f5a-8a2a-96e5a654a185,codyoconnor,QUERY_START,Regular query_start activity,SUCCESS
59e16a86-0567-4e88-ac4f-db30a9cca752,2025-09-01T13:26:00,7cd584de-ca92-465c-8ea8-5f7ad356bee6,danasandoval,QUERY_START,Regular query_start activity,SUCCESS
4f56b0ad-9a2e-4790-801e-53b2ccf06837,2025-09-01T13:26:00,3d8cc43f-0f00-40bd-b8b2-34ac61fc0360,rwilliams,QUERY_END,Regular query_end activity,SUCCESS
196578c0-aba2-4d49-b8ff-5fdad0bd4f05,2025-09-01T13:34:00,f22aa1cf-fe8b-4e78-8492-b46e0f46ffda,brandtmisty,LOGIN,Regular login activity,SUCCESS
ea64ff2c-6bf4-48b8-83ca-2da51791f3f0,2025-09-01T13:34:00,f22aa1cf-fe8b-4e78-8492-b46e0f46ffda,brandtmisty,QUERY_END,Regular query_end activity,SUCCESS
1e051fd3-990c-4f62-a020-01815ffbade3,2025-09-01T13:34:00,f0c2cfac-cf3b-4053-9e79-a6a4c6bbd187,garciaalison,QUERY_END,Regular query_end activity,SUCCESS
c26cb5ac-9a9f-457f-ab7e-a8f34f2a8a44,2025-09-01T13:34:00,5fb2a072-2bab-4b94-9109-9cbea70c5438,bryancuevas,QUERY_START,Regular query_start activity,SUCCESS
8785e521-ff56-43b4-a23e-7f47819d3951,2025-09-01T13:34:00,859c34dd-4540-49a3-b26d-f82b1455d905,oatkinson,QUERY_START,Regular query_start activity,SUCCESS
574e26c9-b362-4680-9cb7-be89641a1952,2025-09-01T13:34:00,4b7e389e-8c78-4e72-ab0b-774df43b399e,hardinjennifer,LOGOUT,Regular logout activity,SUCCESS
eb87061b-d7a6-4bbd-8d25-126309d760e8,2025-09-01T13:34:00,9a7a68c7-1b0c-4669-859f-6d352b1e386f,andrew16,LOGOUT,Regular logout activity,SUCCESS
b55b1c8e-2dae-43da-ba3a-bb6076336a2d,2025-09-01T13:34:00,5fb2a072-2bab-4b94-9109-9cbea70c5438,bryancuevas,LOGOUT,Regular logout activity,SUCCESS
c6ebcdc2-83d3-4479-a8c3-f53575a89cd7,2025-09-01T13:34:00,cea2e75f-1ee1-4b1d-90f5-242f82a02bed,erickennedy,QUERY_START,Regular query_start activity,SUCCESS
f3318193-8db5-42eb-a034-faf895581dcb,2025-09-01T13:34:00,3d8cc43f-0f00-40bd-b8b2-34ac61fc0360,rwilliams,LOGIN,Regular login activity,SUCCESS
0a4a937d-cd3c-43ba-9cf0-718f1a5b83d0,2025-09-01T13:45:00,57eba2d7-a4fe-48aa-aa7b-ad0e6f1296b7,jose46,QUERY_END,Regular query_end activity,SUCCESS
f54ca447-b907-47e4-b627-1c8da1258e0b,2025-09-01T13:45:00,a3a85592-9f3f-4845-87b8-dd199fcdc3cc,gmoreno,QUERY_END,Regular query_end activity,SUCCESS
facc6398-12e0-4630-b02e-2735b357e9ea,2025-09-01T13:45:00,ac5e7ada-2f2f-4292-a0e4-18083982547a,lliu,LOGOUT,Regular logout activity,SUCCESS
493d11dc-c1c3-419d-bceb-f3da42be053d,2025-09-01T13:45:00,859c34dd-4540-49a3-b26d-f82b1455d905,oatkinson,LOGOUT,Regular logout activity,SUCCESS
bce8aa0a-7eef-47ae-9ac7-b3474466344a,2025-09-01T13:45:00,b92c2609-888c-471e-bf61-4363556df9d8,frank26,LOGOUT,Regular logout activity,SUCCESS
184cee67-9e99-4365-be19-6e7d69472f94,2025-09-01T13:45:00,4b7e389e-8c78-4e72-ab0b-774df43b399e,hardinjennifer,LOGIN,Regular login activity,SUCCESS
b7f48881-ecf5-4b4c-8275-6651afb9c38f,2025-09-01T13:45:00,3d8cc43f-0f00-40bd-b8b2-34ac61fc0360,rwilliams,QUERY_END,Regular query_end activity,SUCCESS
24c1f13b-3e26-40d8-affb-568178bf1244,2025-09-01T13:45:00,cea2e75f-1ee1-4b1d-90f5-242f82a02bed,erickennedy,QUERY_END,Regular query_end activity,SUCCESS
d4f38221-2aae-45c9-8224-e25c4398f074,2025-09-01T13:45:00,cea2e75f-1ee1-4b1d-90f5-242f82a02bed,erickennedy,LOGIN,Regular login activity,SUCCESS
c81f100b-4b43-4c59-a6b8-3140c7eb84c5,2025-09-01T13:45:00,da0f0f7a-8d2c-4ca9-b82e-cda33fba6610,rachel35,LOGIN,Regular login activity,SUCCESS
81f1af89-8f09-43aa-9d61-ad1e1ffd42f0,2025-09-01T13:58:00,f22aa1cf-fe8b-4e78-8492-b46e0f46ffda,brandtmisty,LOGIN,Regular login activity,SUCCESS
850a429b-78a2-466e-bdab-bde31fda6523,2025-09-01T13:58:00,cea2e75f-1ee1-4b1d-90f5-242f82a02bed,erickennedy,LOGOUT,Regular logout activity,SUCCESS
426af5f9-9ed8-4cd0-974f-eae71d8c2867,2025-09-01T13:58:00,859c34dd-4540-49a3-b26d-f82b1455d905,oatkinson,QUERY_END,Regular query_end activity,SUCCESS
51b4fae5-fc3f-400c-a5fd-b3d0e58e7d9f,2025-09-01T13:58:00,82e7a6a3-1f49-4f5a-8a2a-96e5a654a185,codyoconnor,LOGIN,Regular login activity,SUCCESS
ad3b4ab8-8ff7-4a54-97c6-b4bbcccf1c13,2025-09-01T13:58:00,ac5e7ada-2f2f-4292-a0e4-18083982547a,lliu,QUERY_START,Regular query_start activity,SUCCESS
698b8d15-e9b0-4c2a-a09e-ecb2e8e0aeb1,2025-09-01T13:58:00,82e7a6a3-1f49-4f5a-8a2a-96e5a654a185,codyoconnor,LOGIN,Regular login activity,SUCCESS
b2018cd1-492e-41ca-a306-7edd0d88ad95,2025-09-01T13:58:00,57eba2d7-a4fe-48aa-aa7b-ad0e6f1296b7,jose46,LOGOUT,Regular logout activity,SUCCESS
cc4def8c-163c-4d81-888f-02a5fda6d3ec,2025-09-01T13:58:00,5fb2a072-2bab-4b94-9109-9cbea70c5438,bryancuevas,LOGIN,Regular login activity,SUCCESS
377d69b1-f1d3-4ea7-a5c9-1bcf94ccd90f,2025-09-01T13:58:00,a3a85592-9f3f-4845-87b8-dd199fcdc3cc,gmoreno,QUERY_START,Regular query_start activity,SUCCESS
bfe1fc0d-a453-4b6a-9445-d590116c3067,2025-09-01T13:58:00,4663d48b-596a-4f39-b714-8d69ac9a7d2a,robert93,QUERY_END,Regular query_end activity,SUCCESS
1a17d522-4312-4fce-a437-906f6a6d2fb0,2025-09-01T14:08:00,b92c2609-888c-471e-bf61-4363556df9d8,frank26,LOGOUT,Regular logout activity,SUCCESS
b1af4f52-66fd-4393-8ed2-2a37aebad998,2025-09-01T14:08:00,9a7a68c7-1b0c-4669-859f-6d352b1e386f,andrew16,QUERY_END,Regular query_end activity,SUCCESS
a61dafb5-6006-4e6a-a3fd-ba1b4e619847,2025-09-01T14:08:00,a3a85592-9f3f-4845-87b8-dd199fcdc3cc,gmoreno,LOGOUT,Regular logout activity,SUCCESS
52dc3adc-c916-44ed-90e1-ecb2e55f4fc6,2025-09-01T14:08:00,da0f0f7a-8d2c-4ca9-b82e-cda33fba6610,rachel35,LOGIN,Regular login activity,SUCCESS
6a04ddcf-4c9d-412c-9cc8-08ea4aee51c3,2025-09-01T14:08:00,b92c2609-888c-471e-bf61-4363556df9d8,frank26,LOGIN,Regular login activity,SUCCESS
b6746e4e-0809-41e4-9fa8-ed7a8b075662,2025-09-01T14:08:00,f0c2cfac-cf3b-4053-9e79-a6a4c6bbd187,garciaalison,QUERY_END,Regular query_end activity,SUCCESS
fcaf9cd9-f939-4dc7-920e-3514bcb3ab08,2025-09-01T14:08:00,cea2e75f-1ee1-4b1d-90f5-242f82a02bed,erickennedy,QUERY_END,Regular query_end activity,SUCCESS
7c30b251-1f3e-440e-b4a2-c1d1eb0e1c05,2025-09-01T14:08:00,879c852e-e8e8-45c3-9ead-5fa56c9ecfbc,egarcia,QUERY_START,Regular query_start activity,SUCCESS
86ac219a-ba97-4556-9342-5f33f5013a5b,2025-09-01T14:08:00,a3a85592-9f3f-4845-87b8-dd199fcdc3cc,gmoreno,LOGOUT,Regular logout activity,SUCCESS
3f57e2b3-c338-4e06-be50-c9516952540d,2025-09-01T14:08:00,ac5e7ada-2f2f-4292-a0e4-18083982547a,lliu,QUERY_START,Regular query_start activity,SUCCESS
b75a0f10-0d4c-42ce-b544-74c073d50495,2025-09-01T14:17:00,f0c2cfac-cf3b-4053-9e79-a6a4c6bbd187,garciaalison,QUERY_END,Regular query_end activity,SUCCESS
74ba4cff-df29-4557-ad59-4ba195da5007,2025-09-01T14:17:00,82e7a6a3-1f49-4f5a-8a2a-96e5a654a185,codyoconnor,QUERY_START,Regular query_start activity,SUCCESS
30d6dafa-5750-4029-920c-592927aa40f3,2025-09-01T14:17:00,89e53854-09b7-4b59-8352-a231c51f8687,glarsen,LOGOUT,Regular logout activity,SUCCESS
f8d7f2e5-6b25-495d-a993-0edded6c3992,2025-09-01T14:17:00,4663d48b-596a-4f39-b714-8d69ac9a7d2a,robert93,LOGOUT,Regular logout activity,SUCCESS
81999d09-fc71-4c8e-bb5f-0dd4a7346b81,2025-09-01T14:17:00,f22aa1cf-fe8b-4e78-8492-b46e0f46ffda,brandtmisty,LOGOUT,Regular logout activity,SUCCESS
84f1936c-5c9d-4ec5-b35d-55d8189281d6,2025-09-01T14:17:00,a3a85592-9f3f-4845-87b8-dd199fcdc3cc,gmoreno,QUERY_START,Regular query_start activity,SUCCESS
c8887d56-a57a-47a5-9a61-c19f774f5372,2025-09-01T14:17:00,7cd584de-ca92-465c-8ea8-5f7ad356bee6,danasandoval,QUERY_END,Regular query_end activity,SUCCESS
669267d8-bbe9-4eb0-82d4-320eb03c4c4b,2025-09-01T14:17:00,859c34dd-4540-49a3-b26d-f82b1455d905,oatkinson,QUERY_START,Regular query_start activity,SUCCESS
cd08b7b3-8b6e-407a-bc3c-935da27731bb,2025-09-01T14:17:00,4bc8b8f2-4d6e-4d5e-8d40-a7b6b3d6bb03,amandamitchell,QUERY_END,Regular query_end activity,SUCCESS
ec65881c-e793-481e-ae06-94e11dafdbd8,2025-09-01T14:17:00,f0c2cfac-cf3b-4053-9e79-a6a4c6bbd187,garciaalison,LOGIN,Regular login activity,SUCCESS
1bca49a0-e273-4174-8581-6bba59bfe6d1,2025-09-01T14:27:00,3d8cc43f-0f00-40bd-b8b2-34ac61fc0360,rwilliams,QUERY_END,Regular query_end activity,SUCCESS
40c910be-3612-491d-b491-7ca8e10e4526,2025-09-01T14:27:00,82e7a6a3-1f49-4f5a-8a2a-96e5a654a185,codyoconnor,QUERY_START,Regular query_start activity,SUCCESS
70c84b36-79b8-4f45-80ee-cd773595f76d,2025-09-01T14:27:00,7cd584de-ca92-465c-8ea8-5f7ad356bee6,danasandoval,QUERY_START,Regular query_start activity,SUCCESS
e260a8df-04c0-40d3-8ebe-2a09c7aebd4c,2025-09-01T14:27:00,da0f0f7a-8d2c-4ca9-b82e-cda33fba6610,rachel35,LOGIN,Regular login activity,SUCCESS
cefb4ca7-12f3-4e2e-8828-df80ebfd477d,2025-09-01T14:27:00,89e53854-09b7-4b59-8352-a231c51f8687,glarsen,LOGOUT,Regular logout activity,SUCCESS
ef8934a3-bec9-4622-937e-a3062c14ad31,2025-09-01T14:27:00,57eba2d7-a4fe-48aa-aa7b-ad0e6f1296b7,jose46,LOGIN,Regular login activity,SUCCESS
55135248-21c7-4328-afc0-1cf55b1d8794,2025-09-01T14:27:00,00f99f6f-5fcc-490a-84f9-6b24911c0b2e,emilyhamilton,LOGIN,Regular login activity,SUCCESS
225b51a5-ecdc-45d0-8fcc-744acb5c6cc2,2025-09-01T14:27:00,4b7e389e-8c78-4e72-ab0b-774df43b399e,hardinjennifer,QUERY_END,Regular query_end activity,SUCCESS
8a323c69-156a-4fdf-9e1b-82111d01c351,2025-09-01T14:27:00,9a7a68c7-1b0c-4669-859f-6d352b1e386f,andrew16,QUERY_END,Regular query_end activity,SUCCESS
9f83462a-a285-4b80-a7e6-02d8eabd0e0a,2025-09-01T14:27:00,f0c2cfac-cf3b-4053-9e79-a6a4c6bbd187,garciaalison,QUERY_END,Regular query_end activity,SUCCESS
139375cb-de91-4591-a56e-52ea609b4e63,2025-09-01T14:40:00,5fb2a072-2bab-4b94-9109-9cbea70c5438,bryancuevas,QUERY_END,Regular query_end activity,SUCCESS
8adc890f-4e96-4518-8180-62cc75f8c88f,2025-09-01T14:40:00,7cd584de-ca92-465c-8ea8-5f7ad356bee6,danasandoval,QUERY_END,Regular query_end activity,SUCCESS
217f6912-b933-4fef-9d02-2d79ed63a8a6,2025-09-01T14:40:00,ac5e7ada-2f2f-4292-a0e4-18083982547a,lliu,LOGOUT,Regular logout activity,SUCCESS
fc4be844-b2b7-45f7-bdca-5c565c353ed7,2025-09-01T14:40:00,4663d48b-596a-4f39-b714-8d69ac9a7d2a,robert93,QUERY_START,Regular query_start activity,SUCCESS
dd6b7424-2385-486c-ba9b-4a558f4c15e5,2025-09-01T14:40:00,f0c2cfac-cf3b-4053-9e79-a6a4c6bbd187,garciaalison,QUERY_END,Regular query_end activity,SUCCESS
eacc474f-dc9a-4653-beaa-0553eb12c434,2025-09-01T14:40:00,57eba2d7-a4fe-48aa-aa7b-ad0e6f1296b7,jose46,QUERY_START,Regular query_start activity,SUCCESS
d33e0971-1515-48d1-8647-d8677bb6b06b,2025-09-01T14:40:00,da0f0f7a-8d2c-4ca9-b82e-cda33fba6610,rachel35,LOGIN,Regular login activity,SUCCESS
db49321f-ef00-4f66-8876-e68b6f37ee42,2025-09-01T14:40:00,7cd584de-ca92-465c-8ea8-5f7ad356bee6,danasandoval,QUERY_START,Regular query_start activity,SUCCESS
739cb84e-3f1b-4ba1-9363-a3d0462f0d55,2025-09-01T14:40:00,4663d48b-596a-4f39-b714-8d69ac9a7d2a,robert93,LOGIN,Regular login activity,SUCCESS
133dd649-fb19-4083-9d1f-80e88764765a,2025-09-01T14:40:00,f0c2cfac-cf3b-4053-9e79-a6a4c6bbd187,garciaalison,LOGIN,Regular login activity,SUCCESS
2c28aec3-b08a-4a4f-84e6-133c4da4e094,2025-09-01T14:47:00,da0f0f7a-8d2c-4ca9-b82e-cda33fba6610,rachel35,LOGOUT,Regular logout activity,SUCCESS
6398044e-6c55-455f-9b8e-8cdb898fb8b6,2025-09-01T14:47:00,cea2e75f-1ee1-4b1d-90f5-242f82a02bed,erickennedy,LOGOUT,Regular logout activity,SUCCESS
63cc7247-385d-4bee-a298-1ef1920c6e61,2025-09-01T14:47:00,4663d48b-596a-4f39-b714-8d69ac9a7d2a,robert93,LOGIN,Regular login activity,SUCCESS
285f987e-ef9d-4257-b948-301956247836,2025-09-01T14:47:00,4bc8b8f2-4d6e-4d5e-8d40-a7b6b3d6bb03,amandamitchell,LOGOUT,Regular logout activity,SUCCESS
fc6ba24d-09c3-40c8-86e2-c83a8dc08e38,2025-09-01T14:47:00,00f99f6f-5fcc-490a-84f9-6b24911c0b2e,emilyhamilton,LOGOUT,Regular logout activity,SUCCESS
7e2edea2-6034-4d9d-a6fd-67d51b56592a,2025-09-01T14:47:00,cea2e75f-1ee1-4b1d-90f5-242f82a02bed,erickennedy,LOGIN,Regular login activity,SUCCESS
cde286a8-2262-465f-87c3-e6f2d5845f91,2025-09-01T14:47:00,3d8cc43f-0f00-40bd-b8b2-34ac61fc0360,rwilliams,LOGOUT,Regular logout activity,SUCCESS
f0d3d8e0-349e-4962-beda-0a2f85a31507,2025-09-01T14:47:00,9a7a68c7-1b0c-4669-859f-6d352b1e386f,andrew16,LOGIN,Regular login activity,SUCCESS
794aae85-6f08-41a2-97bf-745173205acc,2025-09-01T14:47:00,89e53854-09b7-4b59-8352-a231c51f8687,glarsen,LOGOUT,Regular logout activity,SUCCESS
84d440b2-50cb-4833-9b0b-4ea175303bdf,2025-09-01T14:47:00,7cd584de-ca92-465c-8ea8-5f7ad356bee6,danasandoval,QUERY_END,Regular query_end activity,SUCCESS
a10bdd05-66c8-4e73-9527-c06718b3f080,2025-09-01T15:00:00,00f99f6f-5fcc-490a-84f9-6b24911c0b2e,emilyhamilton,QUERY_START,Regular query_start activity,SUCCESS
6e5a6005-74b9-4511-a92f-79fb21619a56,2025-09-01T15:00:00,ac5e7ada-2f2f-4292-a0e4-18083982547a,lliu,QUERY_START,Regular query_start activity,SUCCESS
4dbc544d-b183-4310-924d-1cded7c36480,2025-09-01T15:00:00,7cd584de-ca92-465c-8ea8-5f7ad356bee6,danasandoval,LOGOUT,Regular logout activity,SUCCESS
db6af8b7-1bd7-4d1d-9fa4-d9cb5abdf57a,2025-09-01T15:00:00,5fb2a072-2bab-4b94-9109-9cbea70c5438,bryancuevas,LOGIN,Regular login activity,SUCCESS
ab7c911a-f35e-4217-a710-948b6a5c7e4d,2025-09-01T15:00:00,ac5e7ada-2f2f-4292-a0e4-18083982547a,lliu,LOGOUT,Regular logout activity,SUCCESS
b8750b9f-449c-4143-8f76-3fddfc1885ba,2025-09-01T15:00:00,00f99f6f-5fcc-490a-84f9-6b24911c0b2e,emilyhamilton,LOGIN,Regular login activity,SUCCESS
708c6a90-9606-4d3a-b6c3-564da02a504a,2025-09-01T15:00:00,89e53854-09b7-4b59-8352-a231c51f8687,glarsen,QUERY_END,Regular query_end activity,SUCCESS
4432258b-2884-4704-b924-a270f0c21e33,2025-09-01T15:00:00,a3a85592-9f3f-4845-87b8-dd199fcdc3cc,gmoreno,QUERY_END,Regular query_end activity,SUCCESS
6d4308eb-c0ec-4ddc-a058-fe943f8c0ae7,2025-09-01T15:00:00,4b7e389e-8c78-4e72-ab0b-774df43b399e,hardinjennifer,LOGIN,Regular login activity,SUCCESS
95eea5f8-c10d-4f29-bbda-3d18d0fb92ea,2025-09-01T15:00:00,ac5e7ada-2f2f-4292-a0e4-18083982547a,lliu,QUERY_END,Regular query_end activity,SUCCESS
d151ae3b-dbda-4900-9778-8c0915c04a8d,2025-09-01T15:14:00,82e7a6a3-1f49-4f5a-8a2a-96e5a654a185,codyoconnor,LOGIN,Regular login activity,SUCCESS
20ec4e86-a6ad-4cd7-af05-11549b7ecf7f,2025-09-01T15:14:00,9a7a68c7-1b0c-4669-859f-6d352b1e386f,andrew16,LOGOUT,Regular logout activity,SUCCESS
b86a60dc-ecc3-4894-90d7-0741d8bda993,2025-09-01T15:14:00,4bc8b8f2-4d6e-4d5e-8d40-a7b6b3d6bb03,amandamitchell,LOGIN,Regular login activity,SUCCESS
c806528a-c431-417f-abc1-49573beacc0f,2025-09-01T15:14:00,ac5e7ada-2f2f-4292-a0e4-18083982547a,lliu,LOGOUT,Regular logout activity,SUCCESS
08abda56-c031-4f86-8b01-426becc55373,2025-09-01T15:14:00,57eba2d7-a4fe-48aa-aa7b-ad0e6f1296b7,jose46,QUERY_START,Regular query_start activity,SUCCESS
99af8526-a679-47c6-a1e3-909919e205ee,2025-09-01T15:14:00,7cd584de-ca92-465c-8ea8-5f7ad356bee6,danasandoval,LOGOUT,Regular logout activity,SUCCESS
da9f0874-6978-44e5-8f25-deb940d64707,2025-09-01T15:14:00,859c34dd-4540-49a3-b26d-f82b1455d905,oatkinson,LOGOUT,Regular logout activity,SUCCESS
f19b368f-fcd9-431d-a874-9654e7cd3a55,2025-09-01T15:14:00,f0c2cfac-cf3b-4053-9e79-a6a4c6bbd187,garciaalison,QUERY_START,Regular query_start activity,SUCCESS
0325246f-e07c-49ed-b3cc-0daa91b88e39,2025-09-01T15:14:00,b92c2609-888c-471e-bf61-4363556df9d8,frank26,QUERY_END,Regular query_end activity,SUCCESS
c096ad2b-0647-417e-83da-c2f0477858d7,2025-09-01T15:14:00,f0c2cfac-cf3b-4053-9e79-a6a4c6bbd187,garciaalison,LOGOUT,Regular logout activity,SUCCESS
262cbee3-85fc-4f21-999d-8937b750e976,2025-09-01T15:29:00,00f99f6f-5fcc-490a-84f9-6b24911c0b2e,emilyhamilton,LOGIN,Regular login activity,SUCCESS
d374a0cc-456f-4617-82f4-c358e93a9851,2025-09-01T15:29:00,57eba2d7-a4fe-48aa-aa7b-ad0e6f1296b7,jose46,LOGIN,Regular login activity,SUCCESS
cc712bbe-bf3b-41f7-aa0d-0afb05a8e824,2025-09-01T15:29:00,ac5e7ada-2f2f-4292-a0e4-18083982547a,lliu,QUERY_END,Regular query_end activity,SUCCESS
802b4bf9-bbfe-4c89-8d86-bd72096fa566,2025-09-01T15:29:00,f22aa1cf-fe8b-4e78-8492-b46e0f46ffda,brandtmisty,LOGIN,Regular login activity,SUCCESS
61287b4f-3320-47df-882f-21d6c23ac16c,2025-09-01T15:29:00,5fb2a072-2bab-4b94-9109-9cbea70c5438,bryancuevas,LOGOUT,Regular logout activity,SUCCESS
36415a77-1de3-44a1-8b16-a83a8729ee5d,2025-09-01T15:29:00,879c852e-e8e8-45c3-9ead-5fa56c9ecfbc,egarcia,LOGOUT,Regular logout activity,SUCCESS
d6f2cac8-196c-47e9-84a7-f8faf23ac5a4,2025-09-01T15:29:00,5fb2a072-2bab-4b94-9109-9cbea70c5438,bryancuevas,QUERY_END,Regular query_end activity,SUCCESS
69fa94b7-c347-4dbb-830a-79d8561ec52b,2025-09-01T15:29:00,859c34dd-4540-49a3-b26d-f82b1455d905,oatkinson,QUERY_END,Regular query_end activity,SUCCESS
1c72913c-49bd-402d-b441-f0709e7170ca,2025-09-01T15:29:00,00f99f6f-5fcc-490a-84f9-6b24911c0b2e,emilyhamilton,QUERY_START,Regular query_start activity,SUCCESS
bcfe2e0d-0d42-407a-9ae6-ca11adae0ae4,2025-09-01T15:29:00,cea2e75f-1ee1-4b1d-90f5-242f82a02bed,erickennedy,LOGIN,Regular login activity,SUCCESS
79030153-7ca2-4fcc-a07f-2bfb343d9520,2025-09-01T15:41:00,9a7a68c7-1b0c-4669-859f-6d352b1e386f,andrew16,LOGOUT,Regular logout activity,SUCCESS
72e8a72a-52ea-4577-b20a-b59fb70382ee,2025-09-01T15:41:00,f0c2cfac-cf3b-4053-9e79-a6a4c6bbd187,garciaalison,QUERY_END,Regular query_end activity,SUCCESS
26c00dbf-4323-41f8-bd8c-08de044338b2,2025-09-01T15:41:00,a3a85592-9f3f-4845-87b8-dd199fcdc3cc,gmoreno,QUERY_END,Regular query_end activity,SUCCESS
07fcbf4e-88e2-407c-be8c-3b9577ea35e4,2025-09-01T15:41:00,da0f0f7a-8d2c-4ca9-b82e-cda33fba6610,rachel35,LOGIN,Regular login activity,SUCCESS
9382f74a-19d1-472c-8714-1c3cbb2ac489,2025-09-01T15:41:00,859c34dd-4540-49a3-b26d-f82b1455d905,oatkinson,QUERY_END,Regular query_end activity,SUCCESS
dd5ed12a-4445-4aea-87bc-06f9b3309519,2025-09-01T15:41:00,4bc8b8f2-4d6e-4d5e-8d40-a7b6b3d6bb03,amandamitchell,QUERY_START,Regular query_start activity,SUCCESS
1009a1a7-750d-4e46-a0d8-ae1352afc2ce,2025-09-01T15:41:00,f0c2cfac-cf3b-4053-9e79-a6a4c6bbd187,garciaalison,LOGOUT,Regular logout activity,SUCCESS
6fa69792-c26f-4d29-9a40-6f1ccf59c5e1,2025-09-01T15:41:00,5fb2a072-2bab-4b94-9109-9cbea70c5438,bryancuevas,LOGIN,Regular login activity,SUCCESS
f89c2bac-def8-4333-b632-200824b95140,2025-09-01T15:41:00,f0c2cfac-cf3b-4053-9e79-a6a4c6bbd187,garciaalison,QUERY_END,Regular query_end activity,SUCCESS
ffcacea4-eb38-4e77-912a-b130c9a10376,2025-09-01T15:41:00,a3a85592-9f3f-4845-87b8-dd199fcdc3cc,gmoreno,QUERY_START,Regular query_start activity,SUCCESS
d58bbb26-1d24-4289-a660-e73bfd5e20a2,2025-09-01T15:53:00,7cd584de-ca92-465c-8ea8-5f7ad356bee6,danasandoval,LOGOUT,Regular logout activity,SUCCESS
f9768d06-7264-422b-884b-39a654a2dd18,2025-09-01T15:53:00,57eba2d7-a4fe-48aa-aa7b-ad0e6f1296b7,jose46,QUERY_START,Regular query_start activity,SUCCESS
f7e93c9e-087b-43f0-b2d5-13e738faf9ed,2025-09-01T15:53:00,879c852e-e8e8-45c3-9ead-5fa56c9ecfbc,egarcia,LOGIN,Regular login activity,SUCCESS
a00af39a-be0e-421a-a75a-16f44cea268f,2025-09-01T15:53:00,3d8cc43f-0f00-40bd-b8b2-34ac61fc0360,rwilliams,LOGOUT,Regular logout activity,SUCCESS
a6ebce52-eb78-4356-b48a-815b0f2653ff,2025-09-01T15:53:00,b92c2609-888c-471e-bf61-4363556df9d8,frank26,QUERY_START,Regular query_start activity,SUCCESS
d197a107-0552-43a8-a6bf-35a3d6c90342,2025-09-01T15:53:00,a3a85592-9f3f-4845-87b8-dd199fcdc3cc,gmoreno,LOGOUT,Regular logout activity,SUCCESS
0e47c020-51a8-4794-bcd3-3e5d866d0b28,2025-09-01T15:53:00,57eba2d7-a4fe-48aa-aa7b-ad0e6f1296b7,jose46,LOGOUT,Regular logout activity,SUCCESS
3cbb0a41-15fb-46d1-a398-30b238169b8b,2025-09-01T15:53:00,5fb2a072-2bab-4b94-9109-9cbea70c5438,bryancuevas,QUERY_END,Regular query_end activity,SUCCESS
5ac3f16a-fde3-4f12-9e2a-6950363e4d03,2025-09-01T15:53:00,4663d48b-596a-4f39-b714-8d69ac9a7d2a,robert93,QUERY_START,Regular query_start activity,SUCCESS
27db48b9-00b6-42fd-b563-70f0050a693e,2025-09-01T15:53:00,879c852e-e8e8-45c3-9ead-5fa56c9ecfbc,egarcia,QUERY_END,Regular query_end activity,SUCCESS
aa370ccb-2f7a-4462-8a7e-cf94466a60f2,2025-09-01T16:01:00,4b7e389e-8c78-4e72-ab0b-774df43b399e,hardinjennifer,LOGOUT,Regular logout activity,SUCCESS
e5169856-eddb-42ff-b13e-574819019d05,2025-09-01T16:01:00,f0c2cfac-cf3b-4053-9e79-a6a4c6bbd187,garciaalison,QUERY_START,Regular query_start activity,SUCCESS
9ac93bb3-e852-4bca-b815-5cb29cebe084,2025-09-01T16:01:00,4bc8b8f2-4d6e-4d5e-8d40-a7b6b3d6bb03,amandamitchell,LOGIN,Regular login activity,SUCCESS
8825db86-9318-4da2-9569-80cc886b017e,2025-09-01T16:01:00,f22aa1cf-fe8b-4e78-8492-b46e0f46ffda,brandtmisty,LOGOUT,Regular logout activity,SUCCESS
91f3085a-70b4-4c1d-ba70-08e5e9d3a561,2025-09-01T16:01:00,ac5e7ada-2f2f-4292-a0e4-18083982547a,lliu,LOGIN,Regular login activity,SUCCESS
5ed05241-cb52-44dd-871a-7c6a6f9c4b0a,2025-09-01T16:01:00,4663d48b-596a-4f39-b714-8d69ac9a7d2a,robert93,QUERY_START,Regular query_start activity,SUCCESS
e3404228-3dec-45b8-a04a-ef13b997d6d9,2025-09-01T16:01:00,b92c2609-888c-471e-bf61-4363556df9d8,frank26,LOGOUT,Regular logout activity,SUCCESS
ad644ab9-4ea0-4866-8549-640cd35e481f,2025-09-01T16:01:00,89e53854-09b7-4b59-8352-a231c51f8687,glarsen,QUERY_START,Regular query_start activity,SUCCESS
2f093a71-7407-4cba-b6a1-31a3de1154f9,2025-09-01T16:01:00,879c852e-e8e8-45c3-9ead-5fa56c9ecfbc,egarcia,LOGIN,Regular login activity,SUCCESS
9877f9ae-4a43-4976-bd1b-e89a00c8fa13,2025-09-01T16:01:00,00f99f6f-5fcc-490a-84f9-6b24911c0b2e,emilyhamilton,LOGOUT,Regular logout activity,SUCCESS
2a4dfafe-b54a-4022-a801-c788da9f0241,2025-09-01T16:12:00,ac5e7ada-2f2f-4292-a0e4-18083982547a,lliu,LOGIN,Regular login activity,SUCCESS
dfd1bda2-d0df-481e-8e1f-4baf2cdfe5fa,2025-09-01T16:12:00,4663d48b-596a-4f39-b714-8d69ac9a7d2a,robert93,QUERY_START,Regular query_start activity,SUCCESS
f54f9da3-492d-4718-a0ed-55c304792091,2025-09-01T16:12:00,4b7e389e-8c78-4e72-ab0b-774df43b399e,hardinjennifer,QUERY_END,Regular query_end activity,SUCCESS
31bcd25e-d704-4d01-bca3-ababbebac00d,2025-09-01T16:12:00,9a7a68c7-1b0c-4669-859f-6d352b1e386f,andrew16,LOGIN,Regular login activity,SUCCESS
865af72d-42ce-47e8-9695-5039b692527a,2025-09-01T16:12:00,879c852e-e8e8-45c3-9ead-5fa56c9ecfbc,egarcia,QUERY_START,Regular query_start activity,SUCCESS
8b30cab8-8ea2-403f-a407-b53aed754e79,2025-09-01T16:12:00,3d8cc43f-0f00-40bd-b8b2-34ac61fc0360,rwilliams,LOGOUT,Regular logout activity,SUCCESS
a4b75feb-8066-4364-8aa3-edbe2beb39b5,2025-09-01T16:12:00,4663d48b-596a-4f39-b714-8d69ac9a7d2a,robert93,QUERY_END,Regular query_end activity,SUCCESS
0e5cb42d-24ed-4d59-b2aa-673d12be6e50,2025-09-01T16:12:00,9a7a68c7-1b0c-4669-859f-6d352b1e386f,andrew16,LOGOUT,Regular logout activity,SUCCESS
f3a83c7f-0e21-4430-b0d7-c662a09cf6e8,2025-09-01T16:12:00,89e53854-09b7-4b59-8352-a231c51f8687,glarsen,LOGOUT,Regular logout activity,SUCCESS
5268a885-0579-4f50-8a41-6427ad0d2214,2025-09-01T16:12:00,da0f0f7a-8d2c-4ca9-b82e-cda33fba6610,rachel35,LOGIN,Regular login activity,SUCCESS
410a886c-1786-4992-b0bf-3b99d8831d8f,2025-09-01T16:18:00,ac5e7ada-2f2f-4292-a0e4-18083982547a,lliu,QUERY_START,Regular query_start activity,SUCCESS
7b020baf-f040-48d1-9a7e-da3de9ca2faf,2025-09-01T16:18:00,da0f0f7a-8d2c-4ca9-b82e-cda33fba6610,rachel35,LOGOUT,Regular logout activity,SUCCESS
ea0e5f12-f051-4d1f-a346-a5c5ccb761ae,2025-09-01T16:18:00,5fb2a072-2bab-4b94-9109-9cbea70c5438,bryancuevas,QUERY_END,Regular query_end activity,SUCCESS
e12a0580-6e33-4af5-bedb-d11e5e6c5486,2025-09-01T16:18:00,f0c2cfac-cf3b-4053-9e79-a6a4c6bbd187,garciaalison,LOGIN,Regular login activity,SUCCESS
a4fae35d-2ba4-488b-9e22-c83651e77854,2025-09-01T16:18:00,5fb2a072-2bab-4b94-9109-9cbea70c5438,bryancuevas,LOGIN,Regular login activity,SUCCESS
1c88a49c-653a-4dff-a082-6aa7208c24a7,2025-09-01T16:18:00,b92c2609-888c-471e-bf61-4363556df9d8,frank26,LOGOUT,Regular logout activity,SUCCESS
d0f19457-e86f-4d00-9ad9-cc340ceac774,2025-09-01T16:18:00,f0c2cfac-cf3b-4053-9e79-a6a4c6bbd187,garciaalison,LOGIN,Regular login activity,SUCCESS
d55fba02-6634-40b8-88d6-529312c57bc3,2025-09-01T16:18:00,859c34dd-4540-49a3-b26d-f82b1455d905,oatkinson,LOGIN,Regular login activity,SUCCESS
73ab853c-dd0c-42b1-b6a7-b50f5887fd59,2025-09-01T16:18:00,5fb2a072-2bab-4b94-9109-9cbea70c5438,bryancuevas,LOGIN,Regular login activity,SUCCESS
c3830b23-4bf6-4d73-828d-fd5c3b45ea92,2025-09-01T16:18:00,b92c2609-888c-471e-bf61-4363556df9d8,frank26,QUERY_END,Regular query_end activity,SUCCESS
c4743188-7c02-4f37-aa37-f7af2b3ef6ef,2025-09-01T16:31:00,4bc8b8f2-4d6e-4d5e-8d40-a7b6b3d6bb03,amandamitchell,LOGIN,Regular login activity,SUCCESS
fcc95966-c9ae-441d-85b4-a532ec4ad697,2025-09-01T16:31:00,4663d48b-596a-4f39-b714-8d69ac9a7d2a,robert93,LOGOUT,Regular logout activity,SUCCESS
21b7ca42-00ef-421c-b1de-70a17ad9b24f,2025-09-01T16:31:00,cea2e75f-1ee1-4b1d-90f5-242f82a02bed,erickennedy,LOGIN,Regular login activity,SUCCESS
24043761-f0eb-455a-ad15-eb0df81420e4,2025-09-01T16:31:00,00f99f6f-5fcc-490a-84f9-6b24911c0b2e,emilyhamilton,LOGIN,Regular login activity,SUCCESS
9ed889ba-897f-482a-bc17-cf2990b5ea36,2025-09-01T16:31:00,4663d48b-596a-4f39-b714-8d69ac9a7d2a,robert93,LOGOUT,Regular logout activity,SUCCESS
808bc4c0-e2b6-43d9-912c-01dd0539d374,2025-09-01T16:31:00,9a7a68c7-1b0c-4669-859f-6d352b1e386f,andrew16,LOGOUT,Regular logout activity,SUCCESS
ce84d09b-fd8e-4799-8437-32d97f24cbdf,2025-09-01T16:31:00,da0f0f7a-8d2c-4ca9-b82e-cda33fba6610,rachel35,QUERY_END,Regular query_end activity,SUCCESS
8805cf3a-84dc-4425-abe2-81e67741d410,2025-09-01T16:31:00,4663d48b-596a-4f39-b714-8d69ac9a7d2a,robert93,QUERY_START,Regular query_start activity,SUCCESS
dec8005d-99bf-46a4-9b1c-9a9077ee50e6,2025-09-01T16:31:00,4bc8b8f2-4d6e-4d5e-8d40-a7b6b3d6bb03,amandamitchell,LOGIN,Regular login activity,SUCCESS
5ab8fe18-a392-4e15-b7b1-45b63970783e,2025-09-01T16:31:00,4663d48b-596a-4f39-b714-8d69ac9a7d2a,robert93,LOGIN,Regular login activity,SUCCESS
fe0a6e93-ecea-4d49-8ab3-bf7e7239b785,2025-09-01T16:44:00,3d8cc43f-0f00-40bd-b8b2-34ac61fc0360,rwilliams,QUERY_END,Regular query_end activity,SUCCESS
16d4e966-501d-4b8e-857e-78995b39e3da,2025-09-01T16:44:00,5fb2a072-2bab-4b94-9109-9cbea70c5438,bryancuevas,QUERY_START,Regular query_start activity,SUCCESS
ae41abad-a200-4fef-bef1-907e6d2b9184,2025-09-01T16:44:00,00f99f6f-5fcc-490a-84f9-6b24911c0b2e,emilyhamilton,QUERY_END,Regular query_end activity,SUCCESS
83aafaf2-4aa1-48a0-b964-3ff167c2d3f1,2025-09-01T16:44:00,3d8cc43f-0f00-40bd-b8b2-34ac61fc0360,rwilliams,LOGIN,Regular login activity,SUCCESS
b61e2a52-0b1d-481e-a091-03797cb7ede2,2025-09-01T16:44:00,9a7a68c7-1b0c-4669-859f-6d352b1e386f,andrew16,LOGOUT,Regular logout activity,SUCCESS
332e5301-c292-48c2-a62d-6a4ac5b36686,2025-09-01T16:44:00,f22aa1cf-fe8b-4e78-8492-b46e0f46ffda,brandtmisty,QUERY_START,Regular query_start activity,SUCCESS
6ba05a6b-5656-41d4-8f42-8470b2c59e80,2025-09-01T16:44:00,82e7a6a3-1f49-4f5a-8a2a-96e5a654a185,codyoconnor,QUERY_END,Regular query_end activity,SUCCESS
12ccd4f0-544d-4d63-a318-1415c12011b2,2025-09-01T16:44:00,82e7a6a3-1f49-4f5a-8a2a-96e5a654a185,codyoconnor,LOGIN,Regular login activity,SUCCESS
2caf0d46-1ada-4620-bc82-78c0241b1907,2025-09-01T16:44:00,89e53854-09b7-4b59-8352-a231c51f8687,glarsen,LOGOUT,Regular logout activity,SUCCESS
f7babae9-ceaa-4c55-af1e-e5902840774b,2025-09-01T16:44:00,7cd584de-ca92-465c-8ea8-5f7ad356bee6,danasandoval,QUERY_END,Regular query_end activity,SUCCESS
a0095ee0-99f9-461d-979f-b6ebc0807da1,2025-09-01T16:53:00,a3a85592-9f3f-4845-87b8-dd199fcdc3cc,gmoreno,QUERY_START,Regular query_start activity,SUCCESS
24fcf82e-783a-4be5-9681-387ff78cfbf0,2025-09-01T16:53:00,5fb2a072-2bab-4b94-9109-9cbea70c5438,bryancuevas,LOGOUT,Regular logout activity,SUCCESS
b624866b-086b-4908-9c8b-f7a751bb31d1,2025-09-01T16:53:00,5fb2a072-2bab-4b94-9109-9cbea70c5438,bryancuevas,LOGIN,Regular login activity,SUCCESS
038fd505-1396-4ebd-bf2b-e251297fcfea,2025-09-01T16:53:00,5fb2a072-2bab-4b94-9109-9cbea70c5438,bryancuevas,QUERY_START,Regular query_start activity,SUCCESS
0dc97253-a4fa-4506-a2e6-849c2a17a97d,2025-09-01T16:53:00,da0f0f7a-8d2c-4ca9-b82e-cda33fba6610,rachel35,QUERY_END,Regular query_end activity,SUCCESS
f76f3ac4-5090-4125-af59-132b5f883924,2025-09-01T16:53:00,ac5e7ada-2f2f-4292-a0e4-18083982547a,lliu,QUERY_END,Regular query_end activity,SUCCESS
87f096e0-5420-4db8-be29-a8f552436e99,2025-09-01T16:53:00,da0f0f7a-8d2c-4ca9-b82e-cda33fba6610,rachel35,LOGOUT,Regular logout activity,SUCCESS
3869595c-815b-48c9-b09c-c4bfcf5d4f50,2025-09-01T16:53:00,da0f0f7a-8d2c-4ca9-b82e-cda33fba6610,rachel35,LOGOUT,Regular logout activity,SUCCESS
d7c8363e-6b7b-4ba6-a899-77034e5ac54f,2025-09-01T16:53:00,859c34dd-4540-49a3-b26d-f82b1455d905,oatkinson,LOGIN,Regular login activity,SUCCESS
4f226715-27e1-49e1-b0da-6e14741961d3,2025-09-01T16:53:00,da0f0f7a-8d2c-4ca9-b82e-cda33fba6610,rachel35,LOGOUT,Regular logout activity,SUCCESS
75b2fabc-fccf-4850-b0cd-306406c2c2ab,2025-09-01T16:59:00,3d8cc43f-0f00-40bd-b8b2-34ac61fc0360,rwilliams,QUERY_END,Regular query_end activity,SUCCESS
2e0a25ef-2961-4317-8a10-35ff84204a38,2025-09-01T16:59:00,57eba2d7-a4fe-48aa-aa7b-ad0e6f1296b7,jose46,QUERY_START,Regular query_start activity,SUCCESS
5ff4a173-4d16-449a-94ad-c4c94f1ae7fd,2025-09-01T16:59:00,cea2e75f-1ee1-4b1d-90f5-242f82a02bed,erickennedy,QUERY_END,Regular query_end activity,SUCCESS
02225383-c9aa-4bc3-8931-6fb7153af992,2025-09-01T16:59:00,f22aa1cf-fe8b-4e78-8492-b46e0f46ffda,brandtmisty,LOGOUT,Regular logout activity,SUCCESS
597c57fe-f025-47db-99b3-35a4ceeaa310,2025-09-01T16:59:00,3d8cc43f-0f00-40bd-b8b2-34ac61fc0360,rwilliams,LOGIN,Regular login activity,SUCCESS
8aeb4e54-160a-4960-8a27-dd0bab76b0ac,2025-09-01T16:59:00,f22aa1cf-fe8b-4e78-8492-b46e0f46ffda,brandtmisty,LOGOUT,Regular logout activity,SUCCESS
1aed8cbd-770d-41d5-bfbb-c7b36011ee29,2025-09-01T16:59:00,4bc8b8f2-4d6e-4d5e-8d40-a7b6b3d6bb03,amandamitchell,LOGIN,Regular login activity,SUCCESS
2bfe8416-56e8-450c-a7b8-616053b0df6e,2025-09-01T16:59:00,4b7e389e-8c78-4e72-ab0b-774df43b399e,hardinjennifer,LOGOUT,Regular logout activity,SUCCESS
02d03eb6-a1ac-4e8a-bb54-195f3a6f18b3,2025-09-01T16:59:00,3d8cc43f-0f00-40bd-b8b2-34ac61fc0360,rwilliams,LOGOUT,Regular logout activity,SUCCESS
4bd7ef86-5c97-4165-9745-bfaa87279ce0,2025-09-01T16:59:00,82e7a6a3-1f49-4f5a-8a2a-96e5a654a185,codyoconnor,QUERY_END,Regular query_end activity,SUCCESS
a8dd4543-fddc-4e13-962f-88c91c9a6416,2025-09-01T17:11:00,879c852e-e8e8-45c3-9ead-5fa56c9ecfbc,egarcia,QUERY_START,Regular query_start activity,SUCCESS
853301d7-82b0-4c6f-a166-df15d64df051,2025-09-01T17:11:00,3d8cc43f-0f00-40bd-b8b2-34ac61fc0360,rwilliams,LOGOUT,Regular logout activity,SUCCESS
1f07ed59-c380-46f1-9884-dbe5daf89155,2025-09-01T17:23:00,4663d48b-596a-4f39-b714-8d69ac9a7d2a,robert93,LOGOUT,Regular logout activity,SUCCESS
e1e7b764-14c9-4605-9e81-49f57b617612,2025-09-01T17:23:00,f0c2cfac-cf3b-4053-9e79-a6a4c6bbd187,garciaalison,LOGIN,Regular login activity,SUCCESS
22e5fc90-3411-4a1b-b4e3-88379536f240,2025-09-01T17:30:00,5fb2a072-2bab-4b94-9109-9cbea70c5438,bryancuevas,QUERY_START,Regular query_start activity,SUCCESS
f2315365-4c03-4770-a310-a8adad4f53f5,2025-09-01T17:30:00,a3a85592-9f3f-4845-87b8-dd199fcdc3cc,gmoreno,LOGOUT,Regular logout activity,SUCCESS
fb1894b5-8848-442f-b13c-60f812f9de65,2025-09-01T17:35:00,f22aa1cf-fe8b-4e78-8492-b46e0f46ffda,brandtmisty,LOGIN,Regular login activity,SUCCESS
fec9d285-20e7-48b3-8cab-52d7ead24b1a,2025-09-01T17:35:00,cea2e75f-1ee1-4b1d-90f5-242f82a02bed,erickennedy,LOGIN,Regular login activity,SUCCESS
51582ac7-1f6f-403f-a66b-5e9e61c80850,2025-09-01T17:40:00,57eba2d7-a4fe-48aa-aa7b-ad0e6f1296b7,jose46,LOGIN,Regular login activity,SUCCESS
02d45445-564a-4363-ac5a-876ac142212b,2025-09-01T17:40:00,ac5e7ada-2f2f-4292-a0e4-18083982547a,lliu,LOGIN,Regular login activity,SUCCESS
40efa775-6fa8-44f5-af50-8fe5503c227b,2025-09-01T17:45:00,82e7a6a3-1f49-4f5a-8a2a-96e5a654a185,codyoconnor,QUERY_START,Regular query_start activity,SUCCESS
7ae8fcc1-e9eb-436f-85fe-97655dbbfbff,2025-09-01T17:45:00,4663d48b-596a-4f39-b714-8d69ac9a7d2a,robert93,QUERY_START,Regular query_start activity,SUCCESS
f9ab121e-8193-48da-95e6-636e865d64ef,2025-09-01T17:57:00,57eba2d7-a4fe-48aa-aa7b-ad0e6f1296b7,jose46,QUERY_START,Regular query_start activity,SUCCESS
acc425bb-a8bf-4327-91b9-736016c84095,2025-09-01T17:57:00,5fb2a072-2bab-4b94-9109-9cbea70c5438,bryancuevas,QUERY_END,Regular query_end activity,SUCCESS
a452e9d1-9625-4c1c-a38c-237497c03366,2025-09-01T18:03:00,7cd584de-ca92-465c-8ea8-5f7ad356bee6,danasandoval,QUERY_END,Regular query_end activity,SUCCESS
e8f971f8-3bd7-4a3a-a3c2-c9aef0c3c20e,2025-09-01T18:03:00,82e7a6a3-1f49-4f5a-8a2a-96e5a654a185,codyoconnor,QUERY_END,Regular query_end activity,SUCCESS
51686e3c-de87-483d-822f-581f4b1b2db4,2025-09-01T18:11:00,4663d48b-596a-4f39-b714-8d69ac9a7d2a,robert93,LOGOUT,Regular logout activity,SUCCESS
a9384091-eace-41db-89b4-79cab9a275a4,2025-09-01T18:11:00,a3a85592-9f3f-4845-87b8-dd199fcdc3cc,gmoreno,QUERY_END,Regular query_end activity,SUCCESS
6fccba65-d30c-428e-ab15-6e2508ec43d7,2025-09-01T18:24:00,5fb2a072-2bab-4b94-9109-9cbea70c5438,bryancuevas,QUERY_START,Regular query_start activity,SUCCESS
60b25587-d128-4c0f-9070-6622cf22732c,2025-09-01T18:24:00,f0c2cfac-cf3b-4053-9e79-a6a4c6bbd187,garciaalison,LOGIN,Regular login activity,SUCCESS
fa07cc8b-795b-4405-b837-83f7de2ced49,2025-09-01T18:30:00,5fb2a072-2bab-4b94-9109-9cbea70c5438,bryancuevas,QUERY_START,Regular query_start activity,SUCCESS
57ead708-626f-42d0-9918-86dbb9ed42b0,2025-09-01T18:30:00,00f99f6f-5fcc-490a-84f9-6b24911c0b2e,emilyhamilton,QUERY_START,Regular query_start activity,SUCCESS
bcc81617-9f0e-4148-936b-50cd07883c65,2025-09-01T18:40:00,f0c2cfac-cf3b-4053-9e79-a6a4c6bbd187,garciaalison,LOGOUT,Regular logout activity,SUCCESS
3f15b4f2-bb9c-48df-b2ed-5a56dca2344a,2025-09-01T18:40:00,3d8cc43f-0f00-40bd-b8b2-34ac61fc0360,rwilliams,LOGOUT,Regular logout activity,SUCCESS
0d1c7af5-6630-402d-b29f-ee806982e406,2025-09-01T18:50:00,7cd584de-ca92-465c-8ea8-5f7ad356bee6,danasandoval,QUERY_END,Regular query_end activity,SUCCESS
394591f6-0922-466b-b500-500e0781bc3a,2025-09-01T18:50:00,5fb2a072-2bab-4b94-9109-9cbea70c5438,bryancuevas,LOGOUT,Regular logout activity,SUCCESS
33590fc8-83f9-41cf-a2ae-36f07988e499,2025-09-01T18:58:00,da0f0f7a-8d2c-4ca9-b82e-cda33fba6610,rachel35,QUERY_END,Regular query_end activity,SUCCESS
ec1ffd1a-ec62-42f6-a11f-56bc7d8f8d96,2025-09-01T18:58:00,89e53854-09b7-4b59-8352-a231c51f8687,glarsen,LOGOUT,Regular logout activity,SUCCESS
eff65eb3-30ac-4f6d-b401-cbbba540ee8b,2025-09-01T19:12:00,879c852e-e8e8-45c3-9ead-5fa56c9ecfbc,egarcia,LOGIN,Regular login activity,SUCCESS
0a220f03-9888-43a8-991d-c029764d5fbc,2025-09-01T19:12:00,57eba2d7-a4fe-48aa-aa7b-ad0e6f1296b7,jose46,QUERY_END,Regular query_end activity,SUCCESS
919b1c53-89a3-4a3a-9b16-b588ba61078f,2025-09-01T19:20:00,3d8cc43f-0f00-40bd-b8b2-34ac61fc0360,rwilliams,QUERY_START,Regular query_start activity,SUCCESS
826f5318-a9c6-433a-b16f-47a18936d709,2025-09-01T19:20:00,7cd584de-ca92-465c-8ea8-5f7ad356bee6,danasandoval,LOGOUT,Regular logout activity,SUCCESS
605ef1e0-89a1-41a0-b63e-40af46633ea7,2025-09-01T19:35:00,82e7a6a3-1f49-4f5a-8a2a-96e5a654a185,codyoconnor,QUERY_START,Regular query_start activity,SUCCESS
ff67c14a-0966-473f-a396-2abe9b5b4a09,2025-09-01T19:35:00,879c852e-e8e8-45c3-9ead-5fa56c9ecfbc,egarcia,LOGOUT,Regular logout activity,SUCCESS
340d7ad8-6317-46ff-9890-8549f6a603c9,2025-09-01T19:44:00,9a7a68c7-1b0c-4669-859f-6d352b1e386f,andrew16,QUERY_START,Regular query_start activity,SUCCESS
6cc880e8-fdc3-4d9a-bacd-ff5064873b15,2025-09-01T19:44:00,859c34dd-4540-49a3-b26d-f82b1455d905,oatkinson,QUERY_END,Regular query_end activity,SUCCESS
9542fcc9-32e1-49c3-be95-0545f7eb4c2a,2025-09-01T19:52:00,9a7a68c7-1b0c-4669-859f-6d352b1e386f,andrew16,LOGOUT,Regular logout activity,SUCCESS
f9fa056f-991e-4555-ae66-fd2e3d3e9da7,2025-09-01T19:52:00,7cd584de-ca92-465c-8ea8-5f7ad356bee6,danasandoval,QUERY_START,Regular query_start activity,SUCCESS
c5041f7f-694f-47b2-a239-b3b10522a51d,2025-09-01T20:05:00,5fb2a072-2bab-4b94-9109-9cbea70c5438,bryancuevas,QUERY_START,Regular query_start activity,SUCCESS
957c7309-0e49-48eb-9075-74d0604b0033,2025-09-01T20:05:00,9a7a68c7-1b0c-4669-859f-6d352b1e386f,andrew16,QUERY_END,Regular query_end activity,SUCCESS
6e53aaa0-c625-4f69-8839-de8cbdcea8a2,2025-09-01T20:12:00,3d8cc43f-0f00-40bd-b8b2-34ac61fc0360,rwilliams,QUERY_START,Regular query_start activity,SUCCESS
3674f2de-2b70-4ef8-b274-739f87b8297c,2025-09-01T20:12:00,9a7a68c7-1b0c-4669-859f-6d352b1e386f,andrew16,LOGOUT,Regular logout activity,SUCCESS
a92c7d92-eddb-458c-b364-07491f2669d1,2025-09-01T20:18:00,7cd584de-ca92-465c-8ea8-5f7ad356bee6,danasandoval,LOGOUT,Regular logout activity,SUCCESS
2b3d30ec-17f6-4df9-ac48-2e4f4977669c,2025-09-01T20:18:00,4bc8b8f2-4d6e-4d5e-8d40-a7b6b3d6bb03,amandamitchell,QUERY_END,Regular query_end activity,SUCCESS
7c7819d5-ae09-46c0-b6a3-1dff8c579fb7,2025-09-01T20:23:00,b92c2609-888c-471e-bf61-4363556df9d8,frank26,QUERY_START,Regular query_start activity,SUCCESS
8f580ed1-6be5-44b1-aaec-01bc74347d4b,2025-09-01T20:23:00,57eba2d7-a4fe-48aa-aa7b-ad0e6f1296b7,jose46,QUERY_START,Regular query_start activity,SUCCESS
f2bd454f-8189-4f74-baf8-434f01be7b4e,2025-09-01T20:35:00,da0f0f7a-8d2c-4ca9-b82e-cda33fba6610,rachel35,LOGOUT,Regular logout activity,SUCCESS
1b22c0d3-c1ab-4fd9-9f3f-1b3a39110fa6,2025-09-01T20:35:00,7cd584de-ca92-465c-8ea8-5f7ad356bee6,danasandoval,QUERY_END,Regular query_end activity,SUCCESS
0720aa81-db9d-4354-ae50-f147b7ccb493,2025-09-01T20:46:00,f0c2cfac-cf3b-4053-9e79-a6a4c6bbd187,garciaalison,LOGOUT,Regular logout activity,SUCCESS
02325651-1278-4be5-a8fe-4e6349596b7d,2025-09-01T20:46:00,82e7a6a3-1f49-4f5a-8a2a-96e5a654a185,codyoconnor,QUERY_START,Regular query_start activity,SUCCESS
4e8b67aa-f72e-4765-9b5c-e8d4133053d4,2025-09-01T20:56:00,879c852e-e8e8-45c3-9ead-5fa56c9ecfbc,egarcia,QUERY_START,Regular query_start activity,SUCCESS
8c9e7246-7797-4148-bf86-08284e84b82a,2025-09-01T20:56:00,da0f0f7a-8d2c-4ca9-b82e-cda33fba6610,rachel35,LOGOUT,Regular logout activity,SUCCESS
b4f562d8-8088-4c3d-95de-903d4ff04f35,2025-09-01T21:09:00,89e53854-09b7-4b59-8352-a231c51f8687,glarsen,LOGOUT,Regular logout activity,SUCCESS
8b40d060-b06d-4c46-b5cf-7d47ae7c7873,2025-09-01T21:09:00,4b7e389e-8c78-4e72-ab0b-774df43b399e,hardinjennifer,QUERY_START,Regular query_start activity,SUCCESS
122e8b4d-85ce-4a9f-b508-cca97c22b38a,2025-09-01T21:23:00,00f99f6f-5fcc-490a-84f9-6b24911c0b2e,emilyhamilton,QUERY_START,Regular query_start activity,SUCCESS
4cb45c47-89ee-45b6-be76-b53ca89a3139,2025-09-01T21:23:00,00f99f6f-5fcc-490a-84f9-6b24911c0b2e,emilyhamilton,LOGOUT,Regular logout activity,SUCCESS
34a0f50b-51aa-4304-ac0f-652584507bd7,2025-09-01T21:35:00,7cd584de-ca92-465c-8ea8-5f7ad356bee6,danasandoval,LOGOUT,Regular logout activity,SUCCESS
ef29a7ab-66fb-4d53-9ed2-32e8a491201b,2025-09-01T21:35:00,5fb2a072-2bab-4b94-9109-9cbea70c5438,bryancuevas,QUERY_START,Regular query_start activity,SUCCESS
4b7dadca-7eb5-43b6-8eb0-dafa05b0ac3f,2025-09-01T21:49:00,7cd584de-ca92-465c-8ea8-5f7ad356bee6,danasandoval,LOGOUT,Regular logout activity,SUCCESS
23da1855-4735-49c2-a2fa-ff2340d6543b,2025-09-01T21:49:00,3d8cc43f-0f00-40bd-b8b2-34ac61fc0360,rwilliams,LOGIN,Regular login activity,SUCCESS
7d1e59f0-e6ae-4913-998f-bbbc6d7646fd,2025-09-01T22:00:00,cea2e75f-1ee1-4b1d-90f5-242f82a02bed,erickennedy,LOGOUT,Regular logout activity,SUCCESS
29f60e4b-f020-4373-bf72-3cdf4c8f4ea6,2025-09-01T22:00:00,f0c2cfac-cf3b-4053-9e79-a6a4c6bbd187,garciaalison,LOGIN,Regular login activity,SUCCESS
99acec59-fbe0-4664-b8ae-03015af99dff,2025-09-01T22:07:00,879c852e-e8e8-45c3-9ead-5fa56c9ecfbc,egarcia,LOGIN,Regular login activity,SUCCESS
f106f0aa-87c5-43c3-a430-b07acb2c050c,2025-09-01T22:07:00,82e7a6a3-1f49-4f5a-8a2a-96e5a654a185,codyoconnor,QUERY_START,Regular query_start activity,SUCCESS
881892a5-0aa9-4723-a29f-9c2f06b12d22,2025-09-01T22:16:00,ac5e7ada-2f2f-4292-a0e4-18083982547a,lliu,LOGOUT,Regular logout activity,SUCCESS
7813f181-56de-4535-a34c-ad1e38e74846,2025-09-01T22:16:00,5fb2a072-2bab-4b94-9109-9cbea70c5438,bryancuevas,LOGIN,Regular login activity,SUCCESS
fdd1c4e5-2c96-46cc-a8b1-65ca861c2e22,2025-09-01T22:21:00,9a7a68c7-1b0c-4669-859f-6d352b1e386f,andrew16,LOGIN,Regular login activity,SUCCESS
2a560ec3-a486-4106-9b82-9f5463b162e6,2025-09-01T22:21:00,4663d48b-596a-4f39-b714-8d69ac9a7d2a,robert93,LOGOUT,Regular logout activity,SUCCESS
98cfa2d3-d64c-478d-8e87-c386d42022e3,2025-09-01T22:33:00,879c852e-e8e8-45c3-9ead-5fa56c9ecfbc,egarcia,QUERY_START,Regular query_start activity,SUCCESS
a3ab71c9-4ef5-46e4-8660-268a1b4f9c6a,2025-09-01T22:33:00,82e7a6a3-1f49-4f5a-8a2a-96e5a654a185,codyoconnor,LOGIN,Regular login activity,SUCCESS
26237b9f-3ad7-4ec1-b82b-c01a0029934f,2025-09-01T22:42:00,f22aa1cf-fe8b-4e78-8492-b46e0f46ffda,brandtmisty,LOGIN,Regular login activity,SUCCESS
03528c11-5b2e-4011-ab69-5ad68c31c93c,2025-09-01T22:42:00,f22aa1cf-fe8b-4e78-8492-b46e0f46ffda,brandtmisty,LOGOUT,Regular logout activity,SUCCESS
770de987-354e-4f0e-ab5a-eb7788d946d2,2025-09-01T22:49:00,7cd584de-ca92-465c-8ea8-5f7ad356bee6,danasandoval,LOGOUT,Regular logout activity,SUCCESS
2d8b2901-b61c-428b-bc2c-5e9066a2a988,2025-09-01T22:49:00,4663d48b-596a-4f39-b714-8d69ac9a7d2a,robert93,LOGIN,Regular login activity,SUCCESS
b84754db-8864-4553-b058-cbe8fd3c184d,2025-09-01T22:55:00,00f99f6f-5fcc-490a-84f9-6b24911c0b2e,emilyhamilton,QUERY_START,Regular query_start activity,SUCCESS
19cb33dc-6923-46a9-8019-cca0911aeeec,2025-09-01T22:55:00,3d8cc43f-0f00-40bd-b8b2-34ac61fc0360,rwilliams,LOGIN,Regular login activity,SUCCESS
b03f0c71-87aa-445b-aaf5-4be050af5299,2025-09-01T23:09:00,4bc8b8f2-4d6e-4d5e-8d40-a7b6b3d6bb03,amandamitchell,LOGIN,Regular login activity,SUCCESS
8e54198f-7f68-4126-982c-203c91edc049,2025-09-01T23:09:00,879c852e-e8e8-45c3-9ead-5fa56c9ecfbc,egarcia,LOGIN,Regular login activity,SUCCESS
6d60d01b-9f87-4972-b141-66b2bd2ddea4,2025-09-01T23:17:00,859c34dd-4540-49a3-b26d-f82b1455d905,oatkinson,QUERY_START,Regular query_start activity,SUCCESS
cec11f9c-75a1-4289-907e-d78b702f4d2f,2025-09-01T23:17:00,89e53854-09b7-4b59-8352-a231c51f8687,glarsen,QUERY_START,Regular query_start activity,SUCCESS
ff52ea74-c07d-4eb6-b3d7-f8d1ea5edb9f,2025-09-01T23:27:00,4b7e389e-8c78-4e72-ab0b-774df43b399e,hardinjennifer,LOGOUT,Regular logout activity,SUCCESS
b91d0f6b-1608-4c67-bcc1-b5c6347cfa00,2025-09-01T23:27:00,f0c2cfac-cf3b-4053-9e79-a6a4c6bbd187,garciaalison,QUERY_START,Regular query_start activity,SUCCESS
d459c22a-44c0-4e53-8715-f8f9ffa37580,2025-09-01T23:41:00,5fb2a072-2bab-4b94-9109-9cbea70c5438,bryancuevas,QUERY_START,Regular query_start activity,SUCCESS
659ce0a9-13ca-4af2-b386-5859db2b58ca,2025-09-01T23:41:00,ac5e7ada-2f2f-4292-a0e4-18083982547a,lliu,QUERY_END,Regular query_end activity,SUCCESS
85ee988d-a860-4f8e-b7e9-a7d5f5d843c6,2025-09-01T23:51:00,89e53854-09b7-4b59-8352-a231c51f8687,glarsen,LOGOUT,Regular logout activity,SUCCESS
24f558ff-f37a-453c-b50f-8b64dcef20ce,2025-09-01T23:51:00,859c34dd-4540-49a3-b26d-f82b1455d905,oatkinson,LOGIN,Regular login activity,SUCCESS
918677ad-9703-43df-9437-b7b09c171764,2025-09-02T00:05:00,879c852e-e8e8-45c3-9ead-5fa56c9ecfbc,egarcia,QUERY_END,Regular query_end activity,SUCCESS
2c1fd863-f8ab-4a0e-8fe4-edf994fde44d,2025-09-02T00:05:00,89e53854-09b7-4b59-8352-a231c51f8687,glarsen,LOGIN,Regular login activity,SUCCESS
74798e82-404d-4a01-bfef-877ac5bd9497,2025-09-02T00:12:00,4bc8b8f2-4d6e-4d5e-8d40-a7b6b3d6bb03,amandamitchell,LOGIN,Regular login activity,SUCCESS
9f3c6fac-52df-4eeb-bdd6-1d21c9614128,2025-09-02T00:12:00,82e7a6a3-1f49-4f5a-8a2a-96e5a654a185,codyoconnor,LOGOUT,Regular logout activity,SUCCESS
2f70942e-a2ff-425d-bf06-a35e42ad1589,2025-09-02T00:24:00,da0f0f7a-8d2c-4ca9-b82e-cda33fba6610,rachel35,QUERY_START,Regular query_start activity,SUCCESS
60c070f3-f9ce-458a-8977-ed456d68b9fa,2025-09-02T00:24:00,b92c2609-888c-471e-bf61-4363556df9d8,frank26,LOGIN,Regular login activity,SUCCESS
2bce63ad-5d5e-41a8-928f-934c7f8375a6,2025-09-02T00:37:00,da0f0f7a-8d2c-4ca9-b82e-cda33fba6610,rachel35,LOGOUT,Regular logout activity,SUCCESS
088ee0af-70e6-444d-927a-79aff936a242,2025-09-02T00:37:00,f0c2cfac-cf3b-4053-9e79-a6a4c6bbd187,garciaalison,LOGIN,Regular login activity,SUCCESS
44c521fe-5384-4af5-b929-5e45d2d59d79,2025-09-02T00:49:00,879c852e-e8e8-45c3-9ead-5fa56c9ecfbc,egarcia,QUERY_END,Regular query_end activity,SUCCESS
8339a2a7-8a03-4242-8955-fff5615d7b98,2025-09-02T00:49:00,4b7e389e-8c78-4e72-ab0b-774df43b399e,hardinjennifer,LOGOUT,Regular logout activity,SUCCESS
68fc5654-fcf7-467c-a582-c3331b2109d5,2025-09-02T00:58:00,57eba2d7-a4fe-48aa-aa7b-ad0e6f1296b7,jose46,LOGIN,Regular login activity,SUCCESS
88f8bf4e-b4d8-4b04-91a6-c704609c98f5,2025-09-02T00:58:00,57eba2d7-a4fe-48aa-aa7b-ad0e6f1296b7,jose46,QUERY_END,Regular query_end activity,SUCCESS
574573e8-39c1-45db-9fd7-d2fa5996859b,2025-09-02T01:09:00,7cd584de-ca92-465c-8ea8-5f7ad356bee6,danasandoval,QUERY_START,Regular query_start activity,SUCCESS
dbd3d33d-700d-4200-a799-594f70402704,2025-09-02T01:09:00,00f99f6f-5fcc-490a-84f9-6b24911c0b2e,emilyhamilton,LOGOUT,Regular logout activity,SUCCESS
1756a9b4-84dd-47d5-9e29-60626fc51d99,2025-09-02T01:21:00,ac5e7ada-2f2f-4292-a0e4-18083982547a,lliu,LOGOUT,Regular logout activity,SUCCESS
fcef869c-ecac-4bd4-9b4e-b2fcf42948e5,2025-09-02T01:21:00,7cd584de-ca92-465c-8ea8-5f7ad356bee6,danasandoval,LOGIN,Regular login activity,SUCCESS
7b6865b2-71c3-490a-8a76-ae67a8fff995,2025-09-02T01:35:00,57eba2d7-a4fe-48aa-aa7b-ad0e6f1296b7,jose46,QUERY_START,Regular query_start activity,SUCCESS
de984e68-9593-49d8-8586-0a52eaf0eec4,2025-09-02T01:35:00,da0f0f7a-8d2c-4ca9-b82e-cda33fba6610,rachel35,LOGIN,Regular login activity,SUCCESS
772a38b6-1f8e-4e04-b7f1-fa3a50101dc2,2025-09-02T01:45:00,89e53854-09b7-4b59-8352-a231c51f8687,glarsen,LOGOUT,Regular logout activity,SUCCESS
05ac60f3-d590-4b8f-8b6e-41cd2bc448b6,2025-09-02T01:45:00,5fb2a072-2bab-4b94-9109-9cbea70c5438,bryancuevas,QUERY_START,Regular query_start activity,SUCCESS
729db107-9670-4657-8e63-2be09c7f7194,2025-09-02T02:00:00,57eba2d7-a4fe-48aa-aa7b-ad0e6f1296b7,jose46,QUERY_END,Regular query_end activity,SUCCESS
b99af462-0205-413b-8f6e-cad525b3236c,2025-09-02T02:00:00,879c852e-e8e8-45c3-9ead-5fa56c9ecfbc,egarcia,LOGIN,Regular login activity,SUCCESS
16aab7c6-46df-4b36-9be1-cb1995fd2d1e,2025-09-02T02:13:00,cea2e75f-1ee1-4b1d-90f5-242f82a02bed,erickennedy,LOGIN,Regular login activity,SUCCESS
80e06675-ddbe-4568-acfc-ce0f12259acf,2025-09-02T02:13:00,7cd584de-ca92-465c-8ea8-5f7ad356bee6,danasandoval,QUERY_END,Regular query_end activity,SUCCESS
102caf65-e919-439e-b799-6ff32023f51b,2025-09-02T02:23:00,4bc8b8f2-4d6e-4d5e-8d40-a7b6b3d6bb03,amandamitchell,QUERY_END,Regular query_end activity,SUCCESS
9a6ffb01-3c7b-4d0c-9c99-27569173b4d8,2025-09-02T02:23:00,82e7a6a3-1f49-4f5a-8a2a-96e5a654a185,codyoconnor,LOGIN,Regular login activity,SUCCESS
eb08035e-1c9b-4a40-8ca4-e02a8b53fd0f,2025-09-02T02:33:00,4bc8b8f2-4d6e-4d5e-8d40-a7b6b3d6bb03,amandamitchell,QUERY_END,Regular query_end activity,SUCCESS
3f26722b-8526-4493-a1dd-4642f267863d,2025-09-02T02:33:00,57eba2d7-a4fe-48aa-aa7b-ad0e6f1296b7,jose46,QUERY_START,Regular query_start activity,SUCCESS
5537c98d-fcc9-49e8-94b8-53ed2bb95547,2025-09-02T02:42:00,5fb2a072-2bab-4b94-9109-9cbea70c5438,bryancuevas,LOGIN,Regular login activity,SUCCESS
951f5a4e-a1a6-4ddb-b48b-7f918ca65682,2025-09-02T02:42:00,a3a85592-9f3f-4845-87b8-dd199fcdc3cc,gmoreno,LOGOUT,Regular logout activity,SUCCESS
4a04dfdf-548c-43ca-8ac7-ffc950bd7004,2025-09-02T02:55:00,57eba2d7-a4fe-48aa-aa7b-ad0e6f1296b7,jose46,QUERY_END,Regular query_end activity,SUCCESS
6683853c-790b-495c-a598-e1fa4095db3d,2025-09-02T02:55:00,4663d48b-596a-4f39-b714-8d69ac9a7d2a,robert93,QUERY_END,Regular query_end activity,SUCCESS
8ad3cb7f-b3d4-49a7-9918-eaf3f8ee07f3,2025-09-02T03:01:00,f0c2cfac-cf3b-4053-9e79-a6a4c6bbd187,garciaalison,QUERY_START,Regular query_start activity,SUCCESS
a7d2581a-373b-484f-82bd-70e174b3a082,2025-09-02T03:01:00,ac5e7ada-2f2f-4292-a0e4-18083982547a,lliu,QUERY_END,Regular query_end activity,SUCCESS
e4730037-1c50-42fc-86a2-8407f210f87c,2025-09-02T03:12:00,5fb2a072-2bab-4b94-9109-9cbea70c5438,bryancuevas,QUERY_START,Regular query_start activity,SUCCESS
a731149a-e625-4216-b22a-ea6e081829cf,2025-09-02T03:12:00,f22aa1cf-fe8b-4e78-8492-b46e0f46ffda,brandtmisty,LOGIN,Regular login activity,SUCCESS
ff0fbb6f-05e0-45fe-bff3-ca571dbac1de,2025-09-02T03:20:00,5fb2a072-2bab-4b94-9109-9cbea70c5438,bryancuevas,LOGOUT,Regular logout activity,SUCCESS
e40225e3-55ac-43c9-809b-805cc1fb45fb,2025-09-02T03:20:00,ac5e7ada-2f2f-4292-a0e4-18083982547a,lliu,LOGOUT,Regular logout activity,SUCCESS
ef50c182-be12-431d-8868-825a780c4603,2025-09-02T03:25:00,82e7a6a3-1f49-4f5a-8a2a-96e5a654a185,codyoconnor,LOGOUT,Regular logout activity,SUCCESS
952ba298-2d17-4c78-a2eb-732478be93a4,2025-09-02T03:25:00,f22aa1cf-fe8b-4e78-8492-b46e0f46ffda,brandtmisty,LOGOUT,Regular logout activity,SUCCESS
79201dd1-a297-4dbe-9e10-d6448ba2a3e7,2025-09-02T03:38:00,3d8cc43f-0f00-40bd-b8b2-34ac61fc0360,rwilliams,QUERY_START,Regular query_start activity,SUCCESS
f0fb56d4-a926-40d3-9efd-3550b230e5f0,2025-09-02T03:38:00,00f99f6f-5fcc-490a-84f9-6b24911c0b2e,emilyhamilton,LOGOUT,Regular logout activity,SUCCESS
0b1d10ad-9ee1-4e2d-b6ec-33025a15bf9f,2025-09-02T03:52:00,4bc8b8f2-4d6e-4d5e-8d40-a7b6b3d6bb03,amandamitchell,QUERY_START,Regular query_start activity,SUCCESS
69f7de11-34c7-4094-9af0-fc998a0db8ee,2025-09-02T03:52:00,da0f0f7a-8d2c-4ca9-b82e-cda33fba6610,rachel35,LOGOUT,Regular logout activity,SUCCESS
281c2527-93c4-4a4e-a997-7a13f20ef6c8,2025-09-02T04:03:00,a3a85592-9f3f-4845-87b8-dd199fcdc3cc,gmoreno,QUERY_START,Regular query_start activity,SUCCESS
45f69594-6ffa-4ed5-a9f6-1ad19213c335,2025-09-02T04:03:00,57eba2d7-a4fe-48aa-aa7b-ad0e6f1296b7,jose46,QUERY_START,Regular query_start activity,SUCCESS
0644d64e-d472-4b07-a69f-25c94a80156c,2025-09-02T04:17:00,3d8cc43f-0f00-40bd-b8b2-34ac61fc0360,rwilliams,LOGOUT,Regular logout activity,SUCCESS
463ece16-041c-4ccc-960b-be3b96c13841,2025-09-02T04:17:00,82e7a6a3-1f49-4f5a-8a2a-96e5a654a185,codyoconnor,QUERY_END,Regular query_end activity,SUCCESS
3cb73543-dfd7-4b96-9f9d-081bce96cd2f,2025-09-02T04:24:00,5fb2a072-2bab-4b94-9109-9cbea70c5438,bryancuevas,LOGOUT,Regular logout activity,SUCCESS
873616f0-069b-487c-9340-69df120f4479,2025-09-02T04:24:00,f0c2cfac-cf3b-4053-9e79-a6a4c6bbd187,garciaalison,LOGOUT,Regular logout activity,SUCCESS
69d94b13-97dd-4f93-a69a-b93408593ffa,2025-09-02T04:30:00,4663d48b-596a-4f39-b714-8d69ac9a7d2a,robert93,QUERY_START,Regular query_start activity,SUCCESS
7d0baa20-2989-4345-bbf5-905e50e320c3,2025-09-02T04:30:00,5fb2a072-2bab-4b94-9109-9cbea70c5438,bryancuevas,QUERY_START,Regular query_start activity,SUCCESS
72513eee-c5a4-444e-9395-5c92f6cad206,2025-09-02T04:43:00,57eba2d7-a4fe-48aa-aa7b-ad0e6f1296b7,jose46,QUERY_START,Regular query_start activity,SUCCESS
222ba69c-e470-4bc4-9456-49c44fb4c481,2025-09-02T04:43:00,00f99f6f-5fcc-490a-84f9-6b24911c0b2e,emilyhamilton,QUERY_END,Regular query_end activity,SUCCESS
af6f63dd-fd89-445b-ac97-ebc946bad1a9,2025-09-02T04:54:00,879c852e-e8e8-45c3-9ead-5fa56c9ecfbc,egarcia,QUERY_END,Regular query_end activity,SUCCESS
d8a55254-1e01-4224-87e5-900ec1b7718b,2025-09-02T04:54:00,4663d48b-596a-4f39-b714-8d69ac9a7d2a,robert93,LOGOUT,Regular logout activity,SUCCESS
02275a8a-6792-4093-8e84-56120f7e6705,2025-09-02T05:07:00,859c34dd-4540-49a3-b26d-f82b1455d905,oatkinson,QUERY_END,Regular query_end activity,SUCCESS
a1b430ab-cae6-40ba-afb1-a2ca44c2d7d8,2025-09-02T05:07:00,cea2e75f-1ee1-4b1d-90f5-242f82a02bed,erickennedy,LOGOUT,Regular logout activity,SUCCESS
8b6f5c87-ea37-47b2-9ebb-35bc02be1a10,2025-09-02T05:12:00,3d8cc43f-0f00-40bd-b8b2-34ac61fc0360,rwilliams,LOGOUT,Regular logout activity,SUCCESS
b9c664fa-17e0-41e3-bb89-e18c099a25f2,2025-09-02T05:12:00,cea2e75f-1ee1-4b1d-90f5-242f82a02bed,erickennedy,QUERY_START,Regular query_start activity,SUCCESS
b9fdec0e-0c4f-427d-93a3-531f6ed83785,2025-09-02T05:26:00,9a7a68c7-1b0c-4669-859f-6d352b1e386f,andrew16,QUERY_END,Regular query_end activity,SUCCESS
78db63a6-9e95-4edc-a58f-d76d96c1af31,2025-09-02T05:26:00,859c34dd-4540-49a3-b26d-f82b1455d905,oatkinson,LOGOUT,Regular logout activity,SUCCESS
c430d079-0de2-4fe7-993e-d88f055e0348,2025-09-02T05:39:00,da0f0f7a-8d2c-4ca9-b82e-cda33fba6610,rachel35,QUERY_END,Regular query_end activity,SUCCESS
1979163c-fdf5-49f3-846c-2d03e7e5ca99,2025-09-02T05:39:00,9a7a68c7-1b0c-4669-859f-6d352b1e386f,andrew16,QUERY_START,Regular query_start activity,SUCCESS
c0da249c-0271-4432-9104-91c80096f60a,2025-09-02T05:50:00,57eba2d7-a4fe-48aa-aa7b-ad0e6f1296b7,jose46,QUERY_END,Regular query_end activity,SUCCESS
a4246c9d-ba4b-49e1-8dd4-d9cde05972f9,2025-09-02T05:50:00,5fb2a072-2bab-4b94-9109-9cbea70c5438,bryancuevas,LOGOUT,Regular logout activity,SUCCESS
8b4c20da-9701-484d-a316-7ebe7f174886,2025-09-02T06:01:00,57eba2d7-a4fe-48aa-aa7b-ad0e6f1296b7,jose46,LOGIN,Regular login activity,SUCCESS
4459877b-44bb-40e2-854f-36dbc1efab2e,2025-09-02T06:01:00,57eba2d7-a4fe-48aa-aa7b-ad0e6f1296b7,jose46,QUERY_END,Regular query_end activity,SUCCESS
d9eb40e8-0f43-4602-9b4d-2b143f061720,2025-09-02T06:12:00,a3a85592-9f3f-4845-87b8-dd199fcdc3cc,gmoreno,LOGOUT,Regular logout activity,SUCCESS
ae52e8e1-7600-41a7-b2ad-bca220959e19,2025-09-02T06:12:00,89e53854-09b7-4b59-8352-a231c51f8687,glarsen,LOGIN,Regular login activity,SUCCESS
8dcbcb3a-eb7e-4cf1-ac86-44d792e8adb5,2025-09-02T06:24:00,82e7a6a3-1f49-4f5a-8a2a-96e5a654a185,codyoconnor,QUERY_END,Regular query_end activity,SUCCESS
7f35457b-18b7-45a3-948c-5c90a05c5270,2025-09-02T06:24:00,879c852e-e8e8-45c3-9ead-5fa56c9ecfbc,egarcia,QUERY_START,Regular query_start activity,SUCCESS
02fdbeda-b600-4539-9224-ad66fd68d408,2025-09-02T06:37:00,859c34dd-4540-49a3-b26d-f82b1455d905,oatkinson,QUERY_END,Regular query_end activity,SUCCESS
4edf5b0b-9701-4fe0-b4ce-82f31953c72e,2025-09-02T06:37:00,cea2e75f-1ee1-4b1d-90f5-242f82a02bed,erickennedy,LOGOUT,Regular logout activity,SUCCESS
14258dec-27da-4ba5-80c8-41b47800164a,2025-09-02T06:50:00,ac5e7ada-2f2f-4292-a0e4-18083982547a,lliu,LOGOUT,Regular logout activity,SUCCESS
53bd1324-ccfc-4fb4-9f2d-2d9783135212,2025-09-02T06:50:00,f0c2cfac-cf3b-4053-9e79-a6a4c6bbd187,garciaalison,QUERY_START,Regular query_start activity,SUCCESS
c7a7595a-16a3-4f92-b480-844e40a259ab,2025-09-02T06:59:00,cea2e75f-1ee1-4b1d-90f5-242f82a02bed,erickennedy,QUERY_END,Regular query_end activity,SUCCESS
ae58987a-734e-4bad-9f56-48b32a060b77,2025-09-02T06:59:00,7cd584de-ca92-465c-8ea8-5f7ad356bee6,danasandoval,LOGOUT,Regular logout activity,SUCCESS
4c8bfc2b-9275-4f20-8815-11ebe79163cf,2025-09-02T07:11:00,5fb2a072-2bab-4b94-9109-9cbea70c5438,bryancuevas,QUERY_START,Regular query_start activity,SUCCESS
6d2f3dfa-bca7-4e56-a9f1-8f00b65ca700,2025-09-02T07:11:00,89e53854-09b7-4b59-8352-a231c51f8687,glarsen,LOGIN,Regular login activity,SUCCESS
00c0a3e9-be96-42ac-bc63-8a4fddc75bd2,2025-09-02T07:16:00,b92c2609-888c-471e-bf61-4363556df9d8,frank26,LOGOUT,Regular logout activity,SUCCESS
8dc03bb8-8dd0-4aac-bda7-614dfe660e81,2025-09-02T07:16:00,b92c2609-888c-471e-bf61-4363556df9d8,frank26,LOGIN,Regular login activity,SUCCESS
e9b3ab52-7fd3-496a-b60e-ed2de8c18c0e,2025-09-02T07:31:00,cea2e75f-1ee1-4b1d-90f5-242f82a02bed,erickennedy,LOGOUT,Regular logout activity,SUCCESS
303626dd-f000-40a3-98c1-2286d83d95f9,2025-09-02T07:31:00,57eba2d7-a4fe-48aa-aa7b-ad0e6f1296b7,jose46,QUERY_START,Regular query_start activity,SUCCESS
5f2770fc-3d4b-4329-9ac4-6011777d2b48,2025-09-02T07:45:00,5fb2a072-2bab-4b94-9109-9cbea70c5438,bryancuevas,QUERY_END,Regular query_end activity,SUCCESS
a75dbde5-9aac-47db-b66a-e386df4f14a8,2025-09-02T07:45:00,f22aa1cf-fe8b-4e78-8492-b46e0f46ffda,brandtmisty,QUERY_END,Regular query_end activity,SUCCESS
2a52d9c4-fa56-4da6-bb0d-ef3d7ce35f98,2025-09-02T07:50:00,3d8cc43f-0f00-40bd-b8b2-34ac61fc0360,rwilliams,QUERY_END,Regular query_end activity,SUCCESS
d87057b3-c620-4d5b-8628-b77e91c9fa4c,2025-09-02T07:50:00,82e7a6a3-1f49-4f5a-8a2a-96e5a654a185,codyoconnor,LOGOUT,Regular logout activity,SUCCESS
10dc6102-34ef-4bbf-86af-f86baf99803b,2025-09-02T07:55:00,9a7a68c7-1b0c-4669-859f-6d352b1e386f,andrew16,QUERY_START,Regular query_start activity,SUCCESS
98bcb827-2501-4b09-a360-040cede00be4,2025-09-02T07:55:00,00f99f6f-5fcc-490a-84f9-6b24911c0b2e,emilyhamilton,QUERY_START,Regular query_start activity,SUCCESS
e306c33c-5470-4c7f-b25f-b20ea8ea6b07,2025-09-02T08:10:00,a3a85592-9f3f-4845-87b8-dd199fcdc3cc,gmoreno,QUERY_END,Regular query_end activity,SUCCESS
ded883e7-a6eb-452e-8553-b27c44e346be,2025-09-02T08:10:00,4b7e389e-8c78-4e72-ab0b-774df43b399e,hardinjennifer,QUERY_START,Regular query_start activity,SUCCESS
1208fcbc-0cc4-4e33-bfe1-1d3a136ba2f8,2025-09-02T08:21:00,a3a85592-9f3f-4845-87b8-dd199fcdc3cc,gmoreno,LOGOUT,Regular logout activity,SUCCESS
fc7af556-d261-4304-88c7-ef6caf7c248b,2025-09-02T08:21:00,57eba2d7-a4fe-48aa-aa7b-ad0e6f1296b7,jose46,LOGOUT,Regular logout activity,SUCCESS
b5694a48-ed8a-4fc0-ab56-46e20861f630,2025-09-02T08:26:00,5fb2a072-2bab-4b94-9109-9cbea70c5438,bryancuevas,LOGIN,Regular login activity,SUCCESS
7c475463-bfd4-46da-92ac-8948ce6123c3,2025-09-02T08:26:00,57eba2d7-a4fe-48aa-aa7b-ad0e6f1296b7,jose46,LOGOUT,Regular logout activity,SUCCESS
c4caf54f-eff4-430f-be35-a2085406569a,2025-09-02T08:37:00,859c34dd-4540-49a3-b26d-f82b1455d905,oatkinson,QUERY_END,Regular query_end activity,SUCCESS
8930fd75-37c5-41f7-b8c8-2033887c2c0b,2025-09-02T08:37:00,859c34dd-4540-49a3-b26d-f82b1455d905,oatkinson,QUERY_END,Regular query_end activity,SUCCESS
7569f200-6e79-4fe7-8f56-e26d10459d5f,2025-09-02T08:42:00,7cd584de-ca92-465c-8ea8-5f7ad356bee6,danasandoval,QUERY_START,Regular query_start activity,SUCCESS
9b19af9c-6f30-417a-944a-a8671cbb2e6e,2025-09-02T08:42:00,00f99f6f-5fcc-490a-84f9-6b24911c0b2e,emilyhamilton,QUERY_END,Regular query_end activity,SUCCESS
c708fad5-3508-4ccf-a917-baa01313254e,2025-09-02T08:52:00,f22aa1cf-fe8b-4e78-8492-b46e0f46ffda,brandtmisty,QUERY_END,Regular query_end activity,SUCCESS
ad8101bd-54c1-4c86-9c3b-68f89b440c03,2025-09-02T08:52:00,5fb2a072-2bab-4b94-9109-9cbea70c5438,bryancuevas,LOGOUT,Regular logout activity,SUCCESS
3d5243b7-1e90-43e0-845f-af6af626217a,2025-09-02T09:02:00,879c852e-e8e8-45c3-9ead-5fa56c9ecfbc,egarcia,QUERY_START,Regular query_start activity,SUCCESS
b1dbc788-0850-4818-b0b6-19b683aaffba,2025-09-02T09:02:00,4b7e389e-8c78-4e72-ab0b-774df43b399e,hardinjennifer,QUERY_START,Regular query_start activity,SUCCESS
aee4638d-4acc-4c35-8512-767fde87cc26,2025-09-02T09:02:00,f22aa1cf-fe8b-4e78-8492-b46e0f46ffda,brandtmisty,QUERY_END,Regular query_end activity,SUCCESS
1601c67d-7d90-4d35-b7bb-d75e4559c3a9,2025-09-02T09:02:00,4663d48b-596a-4f39-b714-8d69ac9a7d2a,robert93,LOGOUT,Regular logout activity,SUCCESS
05bc8d41-daaa-4702-a070-c677d56c9d3a,2025-09-02T09:02:00,da0f0f7a-8d2c-4ca9-b82e-cda33fba6610,rachel35,LOGIN,Regular login activity,SUCCESS
19a25656-1fdb-4f50-be97-c875e398aff8,2025-09-02T09:02:00,4bc8b8f2-4d6e-4d5e-8d40-a7b6b3d6bb03,amandamitchell,QUERY_START,Regular query_start activity,SUCCESS
08c8068b-3998-4bd5-b0c2-c15fe8cd4d1b,2025-09-02T09:02:00,ac5e7ada-2f2f-4292-a0e4-18083982547a,lliu,LOGOUT,Regular logout activity,SUCCESS
85613edc-2dd8-44bb-9a2f-e071d75f99a8,2025-09-02T09:02:00,da0f0f7a-8d2c-4ca9-b82e-cda33fba6610,rachel35,QUERY_END,Regular query_end activity,SUCCESS
41b18dce-c282-4bd3-a967-ed7fd3fee005,2025-09-02T09:02:00,f0c2cfac-cf3b-4053-9e79-a6a4c6bbd187,garciaalison,LOGIN,Regular login activity,SUCCESS
66b80352-5b32-4a6f-b71d-01840eedf49b,2025-09-02T09:02:00,a3a85592-9f3f-4845-87b8-dd199fcdc3cc,gmoreno,LOGIN,Regular login activity,SUCCESS
8cb0ef1e-89e4-43ed-ae29-a36921b87313,2025-09-02T09:10:00,7cd584de-ca92-465c-8ea8-5f7ad356bee6,danasandoval,QUERY_START,Regular query_start activity,SUCCESS
82550a07-d9b1-4a87-8bbc-9399173f4f8b,2025-09-02T09:10:00,3d8cc43f-0f00-40bd-b8b2-34ac61fc0360,rwilliams,QUERY_START,Regular query_start activity,SUCCESS
1dc8e853-53bc-482e-8177-8ab1737d6e79,2025-09-02T09:10:00,4b7e389e-8c78-4e72-ab0b-774df43b399e,hardinjennifer,LOGIN,Regular login activity,SUCCESS
1774405d-7ff9-4376-a53f-f296580ea979,2025-09-02T09:10:00,f0c2cfac-cf3b-4053-9e79-a6a4c6bbd187,garciaalison,LOGOUT,Regular logout activity,SUCCESS
9c80b3c9-aaab-4ad3-95d8-69002a5cdd46,2025-09-02T09:10:00,89e53854-09b7-4b59-8352-a231c51f8687,glarsen,QUERY_END,Regular query_end activity,SUCCESS
f742021d-bec2-450b-bffb-f3f0ef631598,2025-09-02T09:10:00,57eba2d7-a4fe-48aa-aa7b-ad0e6f1296b7,jose46,LOGIN,Regular login activity,SUCCESS
813b88ad-e686-48a0-b59d-3b21a5573537,2025-09-02T09:10:00,ac5e7ada-2f2f-4292-a0e4-18083982547a,lliu,LOGOUT,Regular logout activity,SUCCESS
a79cd4d0-099d-480f-9140-25f000f32abd,2025-09-02T09:10:00,4663d48b-596a-4f39-b714-8d69ac9a7d2a,robert93,LOGIN,Regular login activity,SUCCESS
3f90e756-ccec-4476-82b4-c4f91ba43f7d,2025-09-02T09:10:00,4663d48b-596a-4f39-b714-8d69ac9a7d2a,robert93,QUERY_END,Regular query_end activity,SUCCESS
03f5e49c-2cf2-4203-b4f9-9bafb32a7966,2025-09-02T09:10:00,cea2e75f-1ee1-4b1d-90f5-242f82a02bed,erickennedy,LOGIN,Regular login activity,SUCCESS
f0132ba8-d033-4d18-8aa6-c1a3ed7e811f,2025-09-02T09:19:00,ac5e7ada-2f2f-4292-a0e4-18083982547a,lliu,LOGIN,Regular login activity,SUCCESS
86098197-6b88-4ed5-905d-612531926697,2025-09-02T09:19:00,a3a85592-9f3f-4845-87b8-dd199fcdc3cc,gmoreno,QUERY_END,Regular query_end activity,SUCCESS
66e140e1-1511-497f-a13d-aeb1affaf9b0,2025-09-02T09:19:00,859c34dd-4540-49a3-b26d-f82b1455d905,oatkinson,QUERY_START,Regular query_start activity,SUCCESS
2fb09b6d-39cb-4b18-b222-a62a7279a055,2025-09-02T09:19:00,4b7e389e-8c78-4e72-ab0b-774df43b399e,hardinjennifer,LOGOUT,Regular logout activity,SUCCESS
39fefde1-a5ef-4dd6-99f2-e96fcda7d2e7,2025-09-02T09:19:00,82e7a6a3-1f49-4f5a-8a2a-96e5a654a185,codyoconnor,QUERY_START,Regular query_start activity,SUCCESS
8ee3e2c5-9856-463a-ae9a-0e2e147272e5,2025-09-02T09:19:00,4bc8b8f2-4d6e-4d5e-8d40-a7b6b3d6bb03,amandamitchell,QUERY_END,Regular query_end activity,SUCCESS
1b426baa-355c-46ca-98d4-f65a7c125ecf,2025-09-02T09:19:00,4b7e389e-8c78-4e72-ab0b-774df43b399e,hardinjennifer,QUERY_END,Regular query_end activity,SUCCESS
d45388d3-1cb3-4bd8-a792-4b886b51989e,2025-09-02T09:19:00,4663d48b-596a-4f39-b714-8d69ac9a7d2a,robert93,LOGIN,Regular login activity,SUCCESS
fa77accf-d263-4e12-89cc-4986cc1eca79,2025-09-02T09:19:00,4663d48b-596a-4f39-b714-8d69ac9a7d2a,robert93,QUERY_END,Regular query_end activity,SUCCESS
23d53450-9a6c-40cc-8603-753dc7b5d683,2025-09-02T09:19:00,4663d48b-596a-4f39-b714-8d69ac9a7d2a,robert93,QUERY_START,Regular query_start activity,SUCCESS
031c1843-dc19-4795-acf2-ac4cc39d277a,2025-09-02T09:29:00,4b7e389e-8c78-4e72-ab0b-774df43b399e,hardinjennifer,LOGIN,Regular login activity,SUCCESS
ec386588-9f2c-4954-9dea-462d76219694,2025-09-02T09:29:00,4663d48b-596a-4f39-b714-8d69ac9a7d2a,robert93,LOGOUT,Regular logout activity,SUCCESS
2154a15c-8808-4128-861c-4ba1d320352e,2025-09-02T09:29:00,cea2e75f-1ee1-4b1d-90f5-242f82a02bed,erickennedy,QUERY_END,Regular query_end activity,SUCCESS
9465fa62-96f0-4dda-9fe6-0be877bf0771,2025-09-02T09:29:00,f22aa1cf-fe8b-4e78-8492-b46e0f46ffda,brandtmisty,QUERY_END,Regular query_end activity,SUCCESS
666122ab-eef7-4b7f-aa0a-16da11c8174f,2025-09-02T09:29:00,3d8cc43f-0f00-40bd-b8b2-34ac61fc0360,rwilliams,LOGOUT,Regular logout activity,SUCCESS
ab85bd4a-f649-4833-b154-1cdae2eed512,2025-09-02T09:29:00,82e7a6a3-1f49-4f5a-8a2a-96e5a654a185,codyoconnor,QUERY_END,Regular query_end activity,SUCCESS
ee7b5c85-35fe-4702-a734-bdfdde46fdd5,2025-09-02T09:29:00,4bc8b8f2-4d6e-4d5e-8d40-a7b6b3d6bb03,amandamitchell,LOGOUT,Regular logout activity,SUCCESS
f19676b8-608a-4872-982f-f73f8eec87e9,2025-09-02T09:29:00,f0c2cfac-cf3b-4053-9e79-a6a4c6bbd187,garciaalison,QUERY_START,Regular query_start activity,SUCCESS
cc375e48-ac8d-4358-a81d-b01aa118a607,2025-09-02T09:29:00,00f99f6f-5fcc-490a-84f9-6b24911c0b2e,emilyhamilton,LOGOUT,Regular logout activity,SUCCESS
356a5fd6-4e24-4208-b33b-2a57dccfc215,2025-09-02T09:29:00,da0f0f7a-8d2c-4ca9-b82e-cda33fba6610,rachel35,LOGIN,Regular login activity,SUCCESS
e58e3c22-a6f7-42bf-a425-84acf30b1cbe,2025-09-02T09:34:00,859c34dd-4540-49a3-b26d-f82b1455d905,oatkinson,QUERY_END,Regular query_end activity,SUCCESS
11a66945-4f43-419f-8a95-0e2b5a937bfe,2025-09-02T09:34:00,4bc8b8f2-4d6e-4d5e-8d40-a7b6b3d6bb03,amandamitchell,QUERY_END,Regular query_end activity,SUCCESS
689e6e95-6b94-468c-94d4-c128bed987ef,2025-09-02T09:34:00,9a7a68c7-1b0c-4669-859f-6d352b1e386f,andrew16,LOGIN,Regular login activity,SUCCESS
1d6b8f83-c6e5-48dd-bd8f-273f0becd8e0,2025-09-02T09:34:00,ac5e7ada-2f2f-4292-a0e4-18083982547a,lliu,QUERY_END,Regular query_end activity,SUCCESS
c2979c0c-7c93-4616-9570-3fd0fcd7a76c,2025-09-02T09:34:00,4b7e389e-8c78-4e72-ab0b-774df43b399e,hardinjennifer,LOGOUT,Regular logout activity,SUCCESS
dbfd1ee1-0000-4bce-86f5-42b7e3d582f1,2025-09-02T09:34:00,859c34dd-4540-49a3-b26d-f82b1455d905,oatkinson,QUERY_END,Regular query_end activity,SUCCESS
8d8733fe-f4b7-4de4-98dc-4c2f8d769f5b,2025-09-02T09:34:00,ac5e7ada-2f2f-4292-a0e4-18083982547a,lliu,LOGIN,Regular login activity,SUCCESS
bdddebcf-db9d-425b-9a90-c0f9795ab5ce,2025-09-02T09:34:00,89e53854-09b7-4b59-8352-a231c51f8687,glarsen,LOGIN,Regular login activity,SUCCESS
43010205-6fac-4634-8226-53667c56edfc,2025-09-02T09:34:00,ac5e7ada-2f2f-4292-a0e4-18083982547a,lliu,QUERY_END,Regular query_end activity,SUCCESS
98b6c319-a693-4b8b-bcfa-114cdbb98f30,2025-09-02T09:34:00,f0c2cfac-cf3b-4053-9e79-a6a4c6bbd187,garciaalison,LOGOUT,Regular logout activity,SUCCESS
d4685a9a-616c-48af-be95-53f55a78773a,2025-09-02T09:46:00,57eba2d7-a4fe-48aa-aa7b-ad0e6f1296b7,jose46,LOGOUT,Regular logout activity,SUCCESS
8f6e91e2-af7a-4b69-9a70-299496c295ed,2025-09-02T09:46:00,4b7e389e-8c78-4e72-ab0b-774df43b399e,hardinjennifer,LOGOUT,Regular logout activity,SUCCESS
0643fab8-e4a3-4cd2-8df3-bc3645ec147d,2025-09-02T09:46:00,89e53854-09b7-4b59-8352-a231c51f8687,glarsen,LOGOUT,Regular logout activity,SUCCESS
70a4032d-e1c1-4ad1-8ba1-6d5bd086fdd6,2025-09-02T09:46:00,7cd584de-ca92-465c-8ea8-5f7ad356bee6,danasandoval,LOGIN,Regular login activity,SUCCESS
0ba2d33f-e3ec-49d5-b557-05f357e8fa5c,2025-09-02T09:46:00,89e53854-09b7-4b59-8352-a231c51f8687,glarsen,QUERY_START,Regular query_start activity,SUCCESS
907ddbd0-eb35-41b3-beeb-fa66fe4ae49c,2025-09-02T09:46:00,4b7e389e-8c78-4e72-ab0b-774df43b399e,hardinjennifer,QUERY_END,Regular query_end activity,SUCCESS
268a634f-c8b3-41dd-9ef3-d13749ca853d,2025-09-02T09:46:00,859c34dd-4540-49a3-b26d-f82b1455d905,oatkinson,LOGIN,Regular login activity,SUCCESS
ae9c9a81-a660-4386-8377-626457ee048e,2025-09-02T09:46:00,cea2e75f-1ee1-4b1d-90f5-242f82a02bed,erickennedy,QUERY_START,Regular query_start activity,SUCCESS
caad33c3-b330-4b15-af7a-b659123e6f01,2025-09-02T09:46:00,879c852e-e8e8-45c3-9ead-5fa56c9ecfbc,egarcia,LOGIN,Regular login activity,SUCCESS
71e94adb-6ac3-4c50-84a1-01a2e1c14220,2025-09-02T09:46:00,f0c2cfac-cf3b-4053-9e79-a6a4c6bbd187,garciaalison,LOGOUT,Regular logout activity,SUCCESS
73951d76-9764-4d5c-9618-0cbd19118331,2025-09-02T09:53:00,9a7a68c7-1b0c-4669-859f-6d352b1e386f,andrew16,LOGOUT,Regular logout activity,SUCCESS
2e2d8e01-047d-4ccf-9233-e2f032963567,2025-09-02T09:53:00,b92c2609-888c-471e-bf61-4363556df9d8,frank26,QUERY_START,Regular query_start activity,SUCCESS
6f9dd9e2-f9e0-4b1a-b5ad-a9258ea029c2,2025-09-02T09:53:00,7cd584de-ca92-465c-8ea8-5f7ad356bee6,danasandoval,LOGOUT,Regular logout activity,SUCCESS
7b68976e-0889-4a6f-a4b1-3f1e94f641d7,2025-09-02T09:53:00,f22aa1cf-fe8b-4e78-8492-b46e0f46ffda,brandtmisty,LOGIN,Regular login activity,SUCCESS
2f9c540e-e066-4d3d-95ce-2ece4d78b71c,2025-09-02T09:53:00,a3a85592-9f3f-4845-87b8-dd199fcdc3cc,gmoreno,LOGIN,Regular login activity,SUCCESS
43ee28a6-8080-43c3-8c48-8691f0f4b376,2025-09-02T09:53:00,cea2e75f-1ee1-4b1d-90f5-242f82a02bed,erickennedy,LOGIN,Regular login activity,SUCCESS
1b0a5418-6b71-4f35-998c-06b9b99f14bc,2025-09-02T09:53:00,5fb2a072-2bab-4b94-9109-9cbea70c5438,bryancuevas,LOGOUT,Regular logout activity,SUCCESS
40cb38f8-fb89-4fdf-a544-65e22c39d6ce,2025-09-02T09:53:00,82e7a6a3-1f49-4f5a-8a2a-96e5a654a185,codyoconnor,LOGOUT,Regular logout activity,SUCCESS
4167f11e-7ecf-4f54-92f3-ec2723bc4161,2025-09-02T09:53:00,cea2e75f-1ee1-4b1d-90f5-242f82a02bed,erickennedy,LOGOUT,Regular logout activity,SUCCESS
2d65589a-8ec8-4394-b76f-e90e5f541dce,2025-09-02T09:53:00,4663d48b-596a-4f39-b714-8d69ac9a7d2a,robert93,QUERY_START,Regular query_start activity,SUCCESS
28fc5172-77a1-4234-9bcc-3556d5bf4421,2025-09-02T10:02:00,82e7a6a3-1f49-4f5a-8a2a-96e5a654a185,codyoconnor,LOGOUT,Regular logout activity,SUCCESS
2e09f501-1a10-4db1-a252-c93651f55b1f,2025-09-02T10:02:00,4bc8b8f2-4d6e-4d5e-8d40-a7b6b3d6bb03,amandamitchell,LOGIN,Regular login activity,SUCCESS
ae1aa0af-c357-4ebc-9f10-58d2fee2718f,2025-09-02T10:02:00,5fb2a072-2bab-4b94-9109-9cbea70c5438,bryancuevas,LOGOUT,Regular logout activity,SUCCESS
2f6fbbe5-e757-4e14-90fd-8dfbd33a16f0,2025-09-02T10:02:00,cea2e75f-1ee1-4b1d-90f5-242f82a02bed,erickennedy,LOGOUT,Regular logout activity,SUCCESS
41ce3a11-ff78-40d9-ba98-146c3b26a5d9,2025-09-02T10:02:00,cea2e75f-1ee1-4b1d-90f5-242f82a02bed,erickennedy,LOGOUT,Regular logout activity,SUCCESS
3879854f-cdb5-42c5-8625-48770488d5c2,2025-09-02T10:02:00,f0c2cfac-cf3b-4053-9e79-a6a4c6bbd187,garciaalison,LOGOUT,Regular logout activity,SUCCESS
03189c8f-ef40-4749-8318-7123264f0006,2025-09-02T10:02:00,ac5e7ada-2f2f-4292-a0e4-18083982547a,lliu,LOGIN,Regular login activity,SUCCESS
0e6d2e5f-0511-4d57-8e5c-87f7ca595b6c,2025-09-02T10:02:00,f0c2cfac-cf3b-4053-9e79-a6a4c6bbd187,garciaalison,QUERY_END,Regular query_end activity,SUCCESS
2d6ed9d7-8436-427e-bcaa-f1caefadf30e,2025-09-02T10:02:00,9a7a68c7-1b0c-4669-859f-6d352b1e386f,andrew16,LOGOUT,Regular logout activity,SUCCESS
475b0ca2-36a5-4647-a036-685da04ef1a3,2025-09-02T10:02:00,f0c2cfac-cf3b-4053-9e79-a6a4c6bbd187,garciaalison,LOGIN,Regular login activity,SUCCESS
f6ec7a07-6586-493c-a64b-8c52f253a772,2025-09-02T10:16:00,4b7e389e-8c78-4e72-ab0b-774df43b399e,hardinjennifer,QUERY_END,Regular query_end activity,SUCCESS
c3d9389a-aa7e-4b39-9526-17c9693add52,2025-09-02T10:16:00,b92c2609-888c-471e-bf61-4363556df9d8,frank26,LOGIN,Regular login activity,SUCCESS
b90fc994-89c0-4506-ab62-ad4399faa599,2025-09-02T10:16:00,da0f0f7a-8d2c-4ca9-b82e-cda33fba6610,rachel35,LOGOUT,Regular logout activity,SUCCESS
82a11e6f-7fce-44f5-b0f4-be917c2d6ccd,2025-09-02T10:16:00,cea2e75f-1ee1-4b1d-90f5-242f82a02bed,erickennedy,LOGOUT,Regular logout activity,SUCCESS
a3a9b01e-defc-4b62-8297-6eacb64d2d7b,2025-09-02T10:16:00,00f99f6f-5fcc-490a-84f9-6b24911c0b2e,emilyhamilton,LOGOUT,Regular logout activity,SUCCESS
50db8a29-7e7c-4643-b382-cddb37d57914,2025-09-02T10:16:00,82e7a6a3-1f49-4f5a-8a2a-96e5a654a185,codyoconnor,QUERY_END,Regular query_end activity,SUCCESS
325784c7-ead2-4e8e-8fb1-87a3b3c5cfc4,2025-09-02T10:16:00,57eba2d7-a4fe-48aa-aa7b-ad0e6f1296b7,jose46,QUERY_END,Regular query_end activity,SUCCESS
bbf1bc3c-992d-425d-93ab-faf6803091e5,2025-09-02T10:16:00,00f99f6f-5fcc-490a-84f9-6b24911c0b2e,emilyhamilton,QUERY_START,Regular query_start activity,SUCCESS
f04061e7-2fd6-4234-8d10-277a68235e82,2025-09-02T10:16:00,b92c2609-888c-471e-bf61-4363556df9d8,frank26,LOGOUT,Regular logout activity,SUCCESS
d4b4d207-369e-4d70-9276-84ba5857d039,2025-09-02T10:16:00,f22aa1cf-fe8b-4e78-8492-b46e0f46ffda,brandtmisty,LOGIN,Regular login activity,SUCCESS
0f555497-d948-409b-ae05-b90ba0f4bb0a,2025-09-02T10:31:00,f0c2cfac-cf3b-4053-9e79-a6a4c6bbd187,garciaalison,LOGOUT,Regular logout activity,SUCCESS
a35f46bb-4a47-4bf9-a82c-de1674cdc5e6,2025-09-02T10:31:00,9a7a68c7-1b0c-4669-859f-6d352b1e386f,andrew16,QUERY_END,Regular query_end activity,SUCCESS
554d5105-2932-46d4-a5c0-de311885f367,2025-09-02T10:31:00,4bc8b8f2-4d6e-4d5e-8d40-a7b6b3d6bb03,amandamitchell,QUERY_START,Regular query_start activity,SUCCESS
b0bb3fdc-d091-435f-bf53-238b09fd002d,2025-09-02T10:31:00,f22aa1cf-fe8b-4e78-8492-b46e0f46ffda,brandtmisty,LOGOUT,Regular logout activity,SUCCESS
cc3a00af-eea9-4eba-90da-4d46bc9a251c,2025-09-02T10:31:00,5fb2a072-2bab-4b94-9109-9cbea70c5438,bryancuevas,LOGOUT,Regular logout activity,SUCCESS
1515d34a-6004-467d-9794-6b275ad919d3,2025-09-02T10:31:00,879c852e-e8e8-45c3-9ead-5fa56c9ecfbc,egarcia,QUERY_START,Regular query_start activity,SUCCESS
2ee191f9-1f25-4eaa-b2b1-8f0ac7000501,2025-09-02T10:31:00,f0c2cfac-cf3b-4053-9e79-a6a4c6bbd187,garciaalison,LOGIN,Regular login activity,SUCCESS
960315d1-fb47-48ee-b9d7-84c30f3812ec,2025-09-02T10:31:00,3d8cc43f-0f00-40bd-b8b2-34ac61fc0360,rwilliams,QUERY_START,Regular query_start activity,SUCCESS
38ebcadb-6d40-4653-b130-fd4662d6d90c,2025-09-02T10:31:00,4b7e389e-8c78-4e72-ab0b-774df43b399e,hardinjennifer,QUERY_END,Regular query_end activity,SUCCESS
841f7880-76dc-4f21-ac04-38ec1e78b0b8,2025-09-02T10:31:00,57eba2d7-a4fe-48aa-aa7b-ad0e6f1296b7,jose46,LOGIN,Regular login activity,SUCCESS
7268abe0-d1f4-410b-a558-f2221ad62a18,2025-09-02T10:42:00,9a7a68c7-1b0c-4669-859f-6d352b1e386f,andrew16,QUERY_START,Regular query_start activity,SUCCESS
ba3878ba-e9ea-4897-bc2c-7ca562ef5f24,2025-09-02T10:42:00,879c852e-e8e8-45c3-9ead-5fa56c9ecfbc,egarcia,QUERY_END,Regular query_end activity,SUCCESS
ca956bf5-59d0-44b4-9435-215d2a19f1df,2025-09-02T10:42:00,9a7a68c7-1b0c-4669-859f-6d352b1e386f,andrew16,LOGOUT,Regular logout activity,SUCCESS
aebcd5b4-426d-4f04-ade9-79710b8b5e15,2025-09-02T10:42:00,3d8cc43f-0f00-40bd-b8b2-34ac61fc0360,rwilliams,LOGOUT,Regular logout activity,SUCCESS
5bbbe880-6ad6-40be-85e9-26052ff9d53d,2025-09-02T10:42:00,b92c2609-888c-471e-bf61-4363556df9d8,frank26,LOGIN,Regular login activity,SUCCESS
cbd374c1-3a95-4565-9682-6f5c35d95c26,2025-09-02T10:42:00,7cd584de-ca92-465c-8ea8-5f7ad356bee6,danasandoval,LOGOUT,Regular logout activity,SUCCESS
acb06aba-7217-45d4-93a4-395ede1d1472,2025-09-02T10:42:00,4663d48b-596a-4f39-b714-8d69ac9a7d2a,robert93,QUERY_END,Regular query_end activity,SUCCESS
f94654d0-9ea0-4992-ae33-aeab3726653b,2025-09-02T10:42:00,cea2e75f-1ee1-4b1d-90f5-242f82a02bed,erickennedy,LOGIN,Regular login activity,SUCCESS
ba3e7852-0f49-4f4d-b5fc-4d684ecfde80,2025-09-02T10:42:00,a3a85592-9f3f-4845-87b8-dd199fcdc3cc,gmoreno,QUERY_END,Regular query_end activity,SUCCESS
40ee646b-d230-478a-af91-b9322fdb4821,2025-09-02T10:42:00,879c852e-e8e8-45c3-9ead-5fa56c9ecfbc,egarcia,QUERY_START,Regular query_start activity,SUCCESS
d88dfaeb-6c9a-4f91-aa27-8312a140abd3,2025-09-02T10:50:00,7cd584de-ca92-465c-8ea8-5f7ad356bee6,danasandoval,LOGOUT,Regular logout activity,SUCCESS
e7c60976-c1eb-48ac-8325-f2d4e96837e7,2025-09-02T10:50:00,4bc8b8f2-4d6e-4d5e-8d40-a7b6b3d6bb03,amandamitchell,LOGOUT,Regular logout activity,SUCCESS
5765d97e-409b-4fcd-a47e-d9f9f89a1bed,2025-09-02T10:50:00,859c34dd-4540-49a3-b26d-f82b1455d905,oatkinson,LOGIN,Regular login activity,SUCCESS
bd6271df-a949-4c65-9841-40607c0d615a,2025-09-02T10:50:00,b92c2609-888c-471e-bf61-4363556df9d8,frank26,QUERY_END,Regular query_end activity,SUCCESS
dc42dc02-44c6-4849-b56b-40451febd8fd,2025-09-02T10:50:00,f0c2cfac-cf3b-4053-9e79-a6a4c6bbd187,garciaalison,QUERY_END,Regular query_end activity,SUCCESS
bab5ca7a-4f3a-4965-8874-310bd93dbc7c,2025-09-02T10:50:00,57eba2d7-a4fe-48aa-aa7b-ad0e6f1296b7,jose46,LOGIN,Regular login activity,SUCCESS
33c6b0d8-8b48-4fc0-b538-da2988ca8c28,2025-09-02T10:50:00,ac5e7ada-2f2f-4292-a0e4-18083982547a,lliu,LOGOUT,Regular logout activity,SUCCESS
ed980fd0-8100-4333-9b5d-c7d89fad39ce,2025-09-02T10:50:00,7cd584de-ca92-465c-8ea8-5f7ad356bee6,danasandoval,LOGIN,Regular login activity,SUCCESS
c2cf9853-4e6a-43f7-87a0-81e21d5b388b,2025-09-02T10:50:00,f22aa1cf-fe8b-4e78-8492-b46e0f46ffda,brandtmisty,QUERY_END,Regular query_end activity,SUCCESS
f4668c43-efcb-4194-8475-133c6cbedf4e,2025-09-02T10:50:00,82e7a6a3-1f49-4f5a-8a2a-96e5a654a185,codyoconnor,LOGOUT,Regular logout activity,SUCCESS
b1730517-b745-434a-81dd-c86c581f8262,2025-09-02T10:59:00,a3a85592-9f3f-4845-87b8-dd199fcdc3cc,gmoreno,LOGIN,Regular login activity,SUCCESS
988d7354-8526-4b06-8905-76baf020354f,2025-09-02T10:59:00,3d8cc43f-0f00-40bd-b8b2-34ac61fc0360,rwilliams,LOGIN,Regular login activity,SUCCESS
b598086c-d8f6-43a7-b68a-ad4e4c9a47a6,2025-09-02T10:59:00,3d8cc43f-0f00-40bd-b8b2-34ac61fc0360,rwilliams,LOGOUT,Regular logout activity,SUCCESS
273e9883-1673-4971-94d1-6bb461f2a81f,2025-09-02T10:59:00,3d8cc43f-0f00-40bd-b8b2-34ac61fc0360,rwilliams,LOGOUT,Regular logout activity,SUCCESS
a2540fda-2e00-460b-8b46-21e68d9ce696,2025-09-02T10:59:00,4bc8b8f2-4d6e-4d5e-8d40-a7b6b3d6bb03,amandamitchell,QUERY_START,Regular query_start activity,SUCCESS
928cc2ef-49b1-4cda-984e-b0106911d821,2025-09-02T10:59:00,89e53854-09b7-4b59-8352-a231c51f8687,glarsen,LOGOUT,Regular logout activity,SUCCESS
0af78afe-d32b-4848-8f9f-6c18e318e8c6,2025-09-02T10:59:00,a3a85592-9f3f-4845-87b8-dd199fcdc3cc,gmoreno,QUERY_END,Regular query_end activity,SUCCESS
1d4d4129-216b-47e7-ab0f-99571f3fb395,2025-09-02T10:59:00,f22aa1cf-fe8b-4e78-8492-b46e0f46ffda,brandtmisty,LOGOUT,Regular logout activity,SUCCESS
b236d659-97b9-427b-8c5d-e3d956e38374,2025-09-02T10:59:00,ac5e7ada-2f2f-4292-a0e4-18083982547a,lliu,LOGOUT,Regular logout activity,SUCCESS
f66887ab-7752-4e7d-9614-b5fa1f481308,2025-09-02T10:59:00,f22aa1cf-fe8b-4e78-8492-b46e0f46ffda,brandtmisty,LOGOUT,Regular logout activity,SUCCESS
886bf20a-7f29-467c-844f-eea3b5200054,2025-09-02T11:07:00,82e7a6a3-1f49-4f5a-8a2a-96e5a654a185,codyoconnor,QUERY_START,Regular query_start activity,SUCCESS
fb7b7b84-1931-43ae-bffb-db4ed7bb2da2,2025-09-02T11:07:00,4bc8b8f2-4d6e-4d5e-8d40-a7b6b3d6bb03,amandamitchell,LOGOUT,Regular logout activity,SUCCESS
9d7ddf2a-1b98-4afb-b270-0cdc8ab77dee,2025-09-02T11:07:00,4663d48b-596a-4f39-b714-8d69ac9a7d2a,robert93,LOGOUT,Regular logout activity,SUCCESS
eb726518-a432-487b-82f8-f4e6ff0cfeaa,2025-09-02T11:07:00,f0c2cfac-cf3b-4053-9e79-a6a4c6bbd187,garciaalison,LOGOUT,Regular logout activity,SUCCESS
de9f6bf4-44b8-4f7a-ad00-4be4c26f53d6,2025-09-02T11:07:00,3d8cc43f-0f00-40bd-b8b2-34ac61fc0360,rwilliams,LOGOUT,Regular logout activity,SUCCESS
a7944824-2e7d-4d86-9e4a-3c6107b92a67,2025-09-02T11:07:00,5fb2a072-2bab-4b94-9109-9cbea70c5438,bryancuevas,LOGIN,Regular login activity,SUCCESS
516e039f-e15a-49b8-b1bd-4d3f296b3e8a,2025-09-02T11:07:00,3d8cc43f-0f00-40bd-b8b2-34ac61fc0360,rwilliams,QUERY_END,Regular query_end activity,SUCCESS
60919174-27d8-4eab-86c3-40236e99eef6,2025-09-02T11:07:00,9a7a68c7-1b0c-4669-859f-6d352b1e386f,andrew16,QUERY_END,Regular query_end activity,SUCCESS
09989677-8906-4be9-81ac-e02f07f69b6a,2025-09-02T11:07:00,f0c2cfac-cf3b-4053-9e79-a6a4c6bbd187,garciaalison,QUERY_END,Regular query_end activity,SUCCESS
1e576a5c-c053-4bf4-bd7b-345a2a32e2c7,2025-09-02T11:07:00,57eba2d7-a4fe-48aa-aa7b-ad0e6f1296b7,jose46,LOGIN,Regular login activity,SUCCESS
c69a3153-d7ac-4aa4-827d-0c81241ffed1,2025-09-02T11:12:00,82e7a6a3-1f49-4f5a-8a2a-96e5a654a185,codyoconnor,LOGOUT,Regular logout activity,SUCCESS
e82ae615-e30f-4b27-a1bd-5d94f07e00ed,2025-09-02T11:12:00,da0f0f7a-8d2c-4ca9-b82e-cda33fba6610,rachel35,QUERY_END,Regular query_end activity,SUCCESS
95b94497-b7e4-414a-aad1-624879ab8990,2025-09-02T11:12:00,f22aa1cf-fe8b-4e78-8492-b46e0f46ffda,brandtmisty,LOGIN,Regular login activity,SUCCESS
51a03114-5475-4d5f-9f0b-bfb62bd82081,2025-09-02T11:12:00,82e7a6a3-1f49-4f5a-8a2a-96e5a654a185,codyoconnor,QUERY_START,Regular query_start activity,SUCCESS
8d0de88a-016b-40c8-88a5-a43f471216c5,2025-09-02T11:12:00,4bc8b8f2-4d6e-4d5e-8d40-a7b6b3d6bb03,amandamitchell,LOGIN,Regular login activity,SUCCESS
66ede0af-2aed-4133-814a-ac9952c789a2,2025-09-02T11:12:00,ac5e7ada-2f2f-4292-a0e4-18083982547a,lliu,QUERY_START,Regular query_start activity,SUCCESS
214f3242-b7f7-4cd3-b16d-ca1e512d6cbf,2025-09-02T11:12:00,00f99f6f-5fcc-490a-84f9-6b24911c0b2e,emilyhamilton,LOGIN,Regular login activity,SUCCESS
e1cddfb9-6920-4c72-856d-933a6e49717f,2025-09-02T11:12:00,9a7a68c7-1b0c-4669-859f-6d352b1e386f,andrew16,QUERY_END,Regular query_end activity,SUCCESS
e1110284-8045-4907-9d19-3a383c4facdd,2025-09-02T11:12:00,cea2e75f-1ee1-4b1d-90f5-242f82a02bed,erickennedy,QUERY_END,Regular query_end activity,SUCCESS
2f70f352-a91c-4271-a76f-c41a22d8da3c,2025-09-02T11:12:00,b92c2609-888c-471e-bf61-4363556df9d8,frank26,LOGIN,Regular login activity,SUCCESS
36da8725-5372-46d2-bbba-ae7b9b665f9c,2025-09-02T11:21:00,da0f0f7a-8d2c-4ca9-b82e-cda33fba6610,rachel35,LOGIN,Regular login activity,SUCCESS
060f9162-7c0d-48e4-9101-9839ffd560fa,2025-09-02T11:21:00,ac5e7ada-2f2f-4292-a0e4-18083982547a,lliu,LOGIN,Regular login activity,SUCCESS
1629cc62-be7a-4be5-afb7-c9ae4dee9c56,2025-09-02T11:21:00,a3a85592-9f3f-4845-87b8-dd199fcdc3cc,gmoreno,QUERY_END,Regular query_end activity,SUCCESS
82a6bdf6-9c88-486e-ad84-5460654d737e,2025-09-02T11:21:00,82e7a6a3-1f49-4f5a-8a2a-96e5a654a185,codyoconnor,QUERY_END,Regular query_end activity,SUCCESS
a8cadc78-6d94-44c3-ba55-6d9a33237faf,2025-09-02T11:21:00,b92c2609-888c-471e-bf61-4363556df9d8,frank26,LOGOUT,Regular logout activity,SUCCESS
01235ad2-6e12-405d-b066-ea700649e136,2025-09-02T11:21:00,9a7a68c7-1b0c-4669-859f-6d352b1e386f,andrew16,QUERY_START,Regular query_start activity,SUCCESS
c4a95da1-098b-406b-bb25-a52f15b64ec1,2025-09-02T11:21:00,cea2e75f-1ee1-4b1d-90f5-242f82a02bed,erickennedy,LOGIN,Regular login activity,SUCCESS
1900aef1-415b-403f-8802-1528e9d3435c,2025-09-02T11:21:00,a3a85592-9f3f-4845-87b8-dd199fcdc3cc,gmoreno,QUERY_END,Regular query_end activity,SUCCESS
c95e8521-aabd-4d20-8735-50fc4a8ea6ef,2025-09-02T11:21:00,a3a85592-9f3f-4845-87b8-dd199fcdc3cc,gmoreno,LOGIN,Regular login activity,SUCCESS
726c27d8-b936-4398-829e-b8b186b00c2a,2025-09-02T11:21:00,859c34dd-4540-49a3-b26d-f82b1455d905,oatkinson,LOGOUT,Regular logout activity,SUCCESS
5809b4d6-e170-40c6-ba55-100d3bc4d1de,2025-09-02T11:27:00,da0f0f7a-8d2c-4ca9-b82e-cda33fba6610,rachel35,LOGOUT,Regular logout activity,SUCCESS
818b1055-aa99-4996-aef4-da62826a75d6,2025-09-02T11:27:00,9a7a68c7-1b0c-4669-859f-6d352b1e386f,andrew16,QUERY_START,Regular query_start activity,SUCCESS
074ba770-695e-453d-98a2-7d662c4512a4,2025-09-02T11:27:00,a3a85592-9f3f-4845-87b8-dd199fcdc3cc,gmoreno,LOGOUT,Regular logout activity,SUCCESS
b530042b-0a90-4dde-98dd-cb1f758f4029,2025-09-02T11:27:00,57eba2d7-a4fe-48aa-aa7b-ad0e6f1296b7,jose46,LOGIN,Regular login activity,SUCCESS
ad267b2a-277b-4d3b-8cae-af56103c1a8b,2025-09-02T11:27:00,a3a85592-9f3f-4845-87b8-dd199fcdc3cc,gmoreno,QUERY_START,Regular query_start activity,SUCCESS
cf1ccc05-ebc3-42d7-961c-c1f4fd87d247,2025-09-02T11:27:00,a3a85592-9f3f-4845-87b8-dd199fcdc3cc,gmoreno,LOGOUT,Regular logout activity,SUCCESS
0a4cec2d-3e18-4464-b99b-9507a7b3d10d,2025-09-02T11:27:00,879c852e-e8e8-45c3-9ead-5fa56c9ecfbc,egarcia,QUERY_END,Regular query_end activity,SUCCESS
ac081edc-ae29-47ea-b8ee-6e0bdd654ac0,2025-09-02T11:27:00,4b7e389e-8c78-4e72-ab0b-774df43b399e,hardinjennifer,QUERY_END,Regular query_end activity,SUCCESS
25779d23-69a2-49f2-93b5-75e4a64e4eaa,2025-09-02T11:27:00,3d8cc43f-0f00-40bd-b8b2-34ac61fc0360,rwilliams,LOGIN,Regular login activity,SUCCESS
0c2695a7-989c-492e-b82c-70c9ec1af3a1,2025-09-02T11:27:00,89e53854-09b7-4b59-8352-a231c51f8687,glarsen,QUERY_START,Regular query_start activity,SUCCESS
f3d93733-7bc5-47e5-9dbe-0db2c31d24cc,2025-09-02T11:34:00,5fb2a072-2bab-4b94-9109-9cbea70c5438,bryancuevas,LOGOUT,Regular logout activity,SUCCESS
94ef4416-083c-4565-9d42-a79086e9c686,2025-09-02T11:34:00,859c34dd-4540-49a3-b26d-f82b1455d905,oatkinson,LOGIN,Regular login activity,SUCCESS
65a1ca0d-3aa5-481c-9605-bc773d8dadbf,2025-09-02T11:34:00,b92c2609-888c-471e-bf61-4363556df9d8,frank26,LOGIN,Regular login activity,SUCCESS
33836456-3308-41cb-bb58-1a022c1e5c2b,2025-09-02T11:34:00,82e7a6a3-1f49-4f5a-8a2a-96e5a654a185,codyoconnor,LOGIN,Regular login activity,SUCCESS
a3d87ea2-f661-4c87-9a4a-ef479a6ecd67,2025-09-02T11:34:00,ac5e7ada-2f2f-4292-a0e4-18083982547a,lliu,LOGIN,Regular login activity,SUCCESS
936293d1-f031-448b-b008-6aba1660a7be,2025-09-02T11:34:00,ac5e7ada-2f2f-4292-a0e4-18083982547a,lliu,QUERY_END,Regular query_end activity,SUCCESS
67149b8d-7776-448f-849a-3fa93acfc7cb,2025-09-02T11:34:00,4663d48b-596a-4f39-b714-8d69ac9a7d2a,robert93,LOGOUT,Regular logout activity,SUCCESS
9d0b164a-e685-4257-8d9b-b7757490aab4,2025-09-02T11:34:00,82e7a6a3-1f49-4f5a-8a2a-96e5a654a185,codyoconnor,LOGOUT,Regular logout activity,SUCCESS
eb16d9de-673d-447e-9d3c-da36d18f767c,2025-09-02T11:34:00,f22aa1cf-fe8b-4e78-8492-b46e0f46ffda,brandtmisty,LOGIN,Regular login activity,SUCCESS
d4ac80b2-51f6-4f97-aff1-71d6c51e5a0e,2025-09-02T11:34:00,a3a85592-9f3f-4845-87b8-dd199fcdc3cc,gmoreno,QUERY_END,Regular query_end activity,SUCCESS
5f74c63d-49cc-40bf-89c5-9f454e41ddfd,2025-09-02T11:43:00,5fb2a072-2bab-4b94-9109-9cbea70c5438,bryancuevas,LOGIN,Regular login activity,SUCCESS
19ce8235-1677-4948-9625-278abfa254c0,2025-09-02T11:43:00,ac5e7ada-2f2f-4292-a0e4-18083982547a,lliu,LOGOUT,Regular logout activity,SUCCESS
82af6fa6-395e-434e-a6ff-744b0b94c1af,2025-09-02T11:43:00,9a7a68c7-1b0c-4669-859f-6d352b1e386f,andrew16,LOGOUT,Regular logout activity,SUCCESS
f932f11a-cae6-4b67-b548-531bd64ae72a,2025-09-02T11:43:00,f0c2cfac-cf3b-4053-9e79-a6a4c6bbd187,garciaalison,LOGOUT,Regular logout activity,SUCCESS
91ac9546-9929-42c4-84f6-939a918a694a,2025-09-02T11:43:00,4bc8b8f2-4d6e-4d5e-8d40-a7b6b3d6bb03,amandamitchell,LOGOUT,Regular logout activity,SUCCESS
39acf764-4d83-41a0-8deb-9c3b59fefc22,2025-09-02T11:43:00,a3a85592-9f3f-4845-87b8-dd199fcdc3cc,gmoreno,LOGIN,Regular login activity,SUCCESS
b5d5e6dc-37c5-4141-ad8b-6f206984d5b6,2025-09-02T11:43:00,cea2e75f-1ee1-4b1d-90f5-242f82a02bed,erickennedy,QUERY_END,Regular query_end activity,SUCCESS
4c4af243-1dd5-40ee-8129-d37069cd4818,2025-09-02T11:43:00,f22aa1cf-fe8b-4e78-8492-b46e0f46ffda,brandtmisty,QUERY_END,Regular query_end activity,SUCCESS
f9ecf002-a5fd-4220-ba20-8ef9419ed27b,2025-09-02T11:43:00,4bc8b8f2-4d6e-4d5e-8d40-a7b6b3d6bb03,amandamitchell,LOGIN,Regular login activity,SUCCESS
bf478cf0-5fab-4448-a8b8-a5abed7e7abd,2025-09-02T11:43:00,4b7e389e-8c78-4e72-ab0b-774df43b399e,hardinjennifer,LOGIN,Regular login activity,SUCCESS
4999318f-1879-4669-8c41-21f7483415fa,2025-09-02T11:58:00,879c852e-e8e8-45c3-9ead-5fa56c9ecfbc,egarcia,QUERY_END,Regular query_end activity,SUCCESS
051314ea-8a8d-4a8f-8cb4-a4f8b149da1e,2025-09-02T11:58:00,859c34dd-4540-49a3-b26d-f82b1455d905,oatkinson,LOGIN,Regular login activity,SUCCESS
d054f77d-fc9f-4456-80ca-c2a0a09ad114,2025-09-02T11:58:00,879c852e-e8e8-45c3-9ead-5fa56c9ecfbc,egarcia,LOGIN,Regular login activity,SUCCESS
4b4e32b8-dc55-4d5c-b472-95124bff35c9,2025-09-02T11:58:00,5fb2a072-2bab-4b94-9109-9cbea70c5438,bryancuevas,LOGIN,Regular login activity,SUCCESS
7c467871-56bd-467f-a682-de63fcf194f1,2025-09-02T11:58:00,82e7a6a3-1f49-4f5a-8a2a-96e5a654a185,codyoconnor,LOGOUT,Regular logout activity,SUCCESS
f1f33cb7-164d-488c-87dc-cc6e408d63c8,2025-09-02T11:58:00,4bc8b8f2-4d6e-4d5e-8d40-a7b6b3d6bb03,amandamitchell,LOGOUT,Regular logout activity,SUCCESS
4cfbae1a-b5b4-4e23-b827-0b735625f16c,2025-09-02T11:58:00,00f99f6f-5fcc-490a-84f9-6b24911c0b2e,emilyhamilton,LOGOUT,Regular logout activity,SUCCESS
4ddcf8c0-bab8-4c32-8c95-8b0d851207ad,2025-09-02T11:58:00,89e53854-09b7-4b59-8352-a231c51f8687,glarsen,QUERY_START,Regular query_start activity,SUCCESS
1cc46a44-a645-416e-a5d4-4c489a346114,2025-09-02T11:58:00,9a7a68c7-1b0c-4669-859f-6d352b1e386f,andrew16,QUERY_START,Regular query_start activity,SUCCESS
52dbb3c9-2d35-4b18-b087-0989fd029282,2025-09-02T11:58:00,82e7a6a3-1f49-4f5a-8a2a-96e5a654a185,codyoconnor,QUERY_END,Regular query_end activity,SUCCESS
2380bca6-0c10-4cc9-83b3-c4ae1d3b3a06,2025-09-02T12:11:00,879c852e-e8e8-45c3-9ead-5fa56c9ecfbc,egarcia,QUERY_END,Regular query_end activity,SUCCESS
1c97fdc2-e3db-4828-bc26-df6e33665cb9,2025-09-02T12:11:00,b92c2609-888c-471e-bf61-4363556df9d8,frank26,LOGIN,Regular login activity,SUCCESS
538815c0-8192-48d0-865b-b2e9ec91f6eb,2025-09-02T12:11:00,4b7e389e-8c78-4e72-ab0b-774df43b399e,hardinjennifer,LOGOUT,Regular logout activity,SUCCESS
8aeb50b3-eda5-4818-beda-f6ac22d9e8d7,2025-09-02T12:11:00,4bc8b8f2-4d6e-4d5e-8d40-a7b6b3d6bb03,amandamitchell,LOGOUT,Regular logout activity,SUCCESS
13473488-499e-4b1f-b5b8-ba548516a87d,2025-09-02T12:11:00,a3a85592-9f3f-4845-87b8-dd199fcdc3cc,gmoreno,QUERY_START,Regular query_start activity,SUCCESS
98c70f76-2696-4971-8204-7730c14b6dbc,2025-09-02T12:11:00,82e7a6a3-1f49-4f5a-8a2a-96e5a654a185,codyoconnor,QUERY_START,Regular query_start activity,SUCCESS
c39fd4ae-a714-47fc-9d6a-3b0490f401d9,2025-09-02T12:11:00,f0c2cfac-cf3b-4053-9e79-a6a4c6bbd187,garciaalison,LOGIN,Regular login activity,SUCCESS
81f8c592-7d9c-40d4-9955-4669cc1245fd,2025-09-02T12:11:00,f0c2cfac-cf3b-4053-9e79-a6a4c6bbd187,garciaalison,QUERY_END,Regular query_end activity,SUCCESS
ea403cb8-547c-4578-9b60-ac62f3feff38,2025-09-02T12:11:00,89e53854-09b7-4b59-8352-a231c51f8687,glarsen,QUERY_START,Regular query_start activity,SUCCESS
ce612d68-d49a-42a8-854b-6eeabd8b5ac8,2025-09-02T12:11:00,4bc8b8f2-4d6e-4d5e-8d40-a7b6b3d6bb03,amandamitchell,LOGOUT,Regular logout activity,SUCCESS
162c687b-9f33-4a8c-af93-86f9e474f7cb,2025-09-02T12:20:00,879c852e-e8e8-45c3-9ead-5fa56c9ecfbc,egarcia,QUERY_START,Regular query_start activity,SUCCESS
2d2b0b0f-f415-4749-9046-901b3766983f,2025-09-02T12:20:00,859c34dd-4540-49a3-b26d-f82b1455d905,oatkinson,LOGOUT,Regular logout activity,SUCCESS
9274bebc-c5e7-4c4a-aa70-53962e113afc,2025-09-02T12:20:00,00f99f6f-5fcc-490a-84f9-6b24911c0b2e,emilyhamilton,LOGOUT,Regular logout activity,SUCCESS
6c5aeba0-a823-40be-8ac4-3c6e4c546b19,2025-09-02T12:20:00,5fb2a072-2bab-4b94-9109-9cbea70c5438,bryancuevas,QUERY_START,Regular query_start activity,SUCCESS
c5ab06c4-32e9-437a-9161-2c63fbc368fe,2025-09-02T12:20:00,859c34dd-4540-49a3-b26d-f82b1455d905,oatkinson,QUERY_START,Regular query_start activity,SUCCESS
4ade7a45-9297-4081-ac6b-3239843054da,2025-09-02T12:20:00,f22aa1cf-fe8b-4e78-8492-b46e0f46ffda,brandtmisty,QUERY_START,Regular query_start activity,SUCCESS
d71a6134-99a7-47b5-b7c7-5f83ee6bc2d4,2025-09-02T12:20:00,7cd584de-ca92-465c-8ea8-5f7ad356bee6,danasandoval,QUERY_END,Regular query_end activity,SUCCESS
99836771-9d8a-4f73-a3db-2b78106b65ac,2025-09-02T12:20:00,57eba2d7-a4fe-48aa-aa7b-ad0e6f1296b7,jose46,QUERY_START,Regular query_start activity,SUCCESS
31964f3c-3312-44cc-9202-423c73f465d2,2025-09-02T12:20:00,b92c2609-888c-471e-bf61-4363556df9d8,frank26,QUERY_END,Regular query_end activity,SUCCESS
5e3d55f7-601d-4858-8a24-4ab57a33ec49,2025-09-02T12:20:00,4bc8b8f2-4d6e-4d5e-8d40-a7b6b3d6bb03,amandamitchell,LOGIN,Regular login activity,SUCCESS
f832628a-b033-4751-91dc-fba2df75e65a,2025-09-02T12:31:00,4b7e389e-8c78-4e72-ab0b-774df43b399e,hardinjennifer,QUERY_END,Regular query_end activity,SUCCESS
96eabef3-2791-4276-b524-4772ed68fdad,2025-09-02T12:31:00,859c34dd-4540-49a3-b26d-f82b1455d905,oatkinson,QUERY_END,Regular query_end activity,SUCCESS
dc7a84e0-9696-4c42-84cb-babec1f08fb6,2025-09-02T12:31:00,cea2e75f-1ee1-4b1d-90f5-242f82a02bed,erickennedy,LOGOUT,Regular logout activity,SUCCESS
0aef6004-0039-4ad2-ba20-5c4665c7ba40,2025-09-02T12:31:00,b92c2609-888c-471e-bf61-4363556df9d8,frank26,QUERY_END,Regular query_end activity,SUCCESS
de757001-9967-4008-b065-81ccddb6ef2f,2025-09-02T12:31:00,a3a85592-9f3f-4845-87b8-dd199fcdc3cc,gmoreno,LOGOUT,Regular logout activity,SUCCESS
ac224069-8d03-4731-8165-ff66198a728b,2025-09-02T12:31:00,ac5e7ada-2f2f-4292-a0e4-18083982547a,lliu,QUERY_START,Regular query_start activity,SUCCESS
5a7f7e3f-3d7e-4905-898d-3d7a13e150b5,2025-09-02T12:31:00,00f99f6f-5fcc-490a-84f9-6b24911c0b2e,emilyhamilton,QUERY_START,Regular query_start activity,SUCCESS
ddaf8860-1f8c-449b-8dd2-5893b777ef25,2025-09-02T12:31:00,879c852e-e8e8-45c3-9ead-5fa56c9ecfbc,egarcia,QUERY_END,Regular query_end activity,SUCCESS
02c9f4c7-106b-47fa-8a6c-49a1f32182f4,2025-09-02T12:31:00,7cd584de-ca92-465c-8ea8-5f7ad356bee6,danasandoval,QUERY_START,Regular query_start activity,SUCCESS
b56916a4-7214-4299-a56e-f206a3a76d47,2025-09-02T12:31:00,ac5e7ada-2f2f-4292-a0e4-18083982547a,lliu,QUERY_START,Regular query_start activity,SUCCESS
a434d108-4444-47a7-80c2-5cbfcaa95174,2025-09-02T12:45:00,cea2e75f-1ee1-4b1d-90f5-242f82a02bed,erickennedy,QUERY_START,Regular query_start activity,SUCCESS
f28309b5-f582-44e3-a91d-7dc5ad5d58e3,2025-09-02T12:45:00,859c34dd-4540-49a3-b26d-f82b1455d905,oatkinson,LOGOUT,Regular logout activity,SUCCESS
6f8150f5-0683-407a-8dff-5882fabb3308,2025-09-02T12:45:00,3d8cc43f-0f00-40bd-b8b2-34ac61fc0360,rwilliams,LOGOUT,Regular logout activity,SUCCESS
b911d2c5-00c0-40ce-bfb5-4cf0a4405f73,2025-09-02T12:45:00,89e53854-09b7-4b59-8352-a231c51f8687,glarsen,LOGIN,Regular login activity,SUCCESS
3696ef99-d238-42f0-ad22-ff91e618e0ad,2025-09-02T12:45:00,da0f0f7a-8d2c-4ca9-b82e-cda33fba6610,rachel35,LOGOUT,Regular logout activity,SUCCESS
33bf349f-c8ec-4b1f-94fe-da454b29a06c,2025-09-02T12:45:00,ac5e7ada-2f2f-4292-a0e4-18083982547a,lliu,LOGOUT,Regular logout activity,SUCCESS
426be63f-6516-40b6-8ad4-14a078726a36,2025-09-02T12:45:00,4bc8b8f2-4d6e-4d5e-8d40-a7b6b3d6bb03,amandamitchell,LOGOUT,Regular logout activity,SUCCESS
c5914e09-9e20-47ce-b30d-d92fabdb15b2,2025-09-02T12:45:00,879c852e-e8e8-45c3-9ead-5fa56c9ecfbc,egarcia,LOGIN,Regular login activity,SUCCESS
d3ad6dda-558e-4960-9b44-37a287ea2236,2025-09-02T12:45:00,859c34dd-4540-49a3-b26d-f82b1455d905,oatkinson,LOGOUT,Regular logout activity,SUCCESS
0c624a31-a919-42c0-b7b4-cfe64939e173,2025-09-02T12:45:00,5fb2a072-2bab-4b94-9109-9cbea70c5438,bryancuevas,LOGOUT,Regular logout activity,SUCCESS
b8fe1092-c64b-4153-8c79-786f8d278b62,2025-09-02T12:54:00,82e7a6a3-1f49-4f5a-8a2a-96e5a654a185,codyoconnor,LOGIN,Regular login activity,SUCCESS
ffe59129-574b-43e9-98d3-eca72337bdf6,2025-09-02T12:54:00,4b7e389e-8c78-4e72-ab0b-774df43b399e,hardinjennifer,QUERY_START,Regular query_start activity,SUCCESS
f1be9abf-c027-4699-a2d5-943318833fde,2025-09-02T12:54:00,da0f0f7a-8d2c-4ca9-b82e-cda33fba6610,rachel35,LOGOUT,Regular logout activity,SUCCESS
e8dbdc1d-ab52-4b34-b2eb-025a9567c279,2025-09-02T12:54:00,82e7a6a3-1f49-4f5a-8a2a-96e5a654a185,codyoconnor,QUERY_END,Regular query_end activity,SUCCESS
dc2dbcbe-db3f-4350-a316-7551f1653d9e,2025-09-02T12:54:00,4b7e389e-8c78-4e72-ab0b-774df43b399e,hardinjennifer,LOGIN,Regular login activity,SUCCESS
4df3f3fe-f4c7-432a-aa0a-325c41d8eeef,2025-09-02T12:54:00,f22aa1cf-fe8b-4e78-8492-b46e0f46ffda,brandtmisty,LOGOUT,Regular logout activity,SUCCESS
d9000dcb-6b9a-43c0-a816-29fd95414a4a,2025-09-02T12:54:00,9a7a68c7-1b0c-4669-859f-6d352b1e386f,andrew16,QUERY_END,Regular query_end activity,SUCCESS
a6659149-d5c9-478b-98fd-0d7fb4f11aa6,2025-09-02T12:54:00,a3a85592-9f3f-4845-87b8-dd199fcdc3cc,gmoreno,QUERY_START,Regular query_start activity,SUCCESS
106f2cfe-9219-4e31-bd06-b8486b6df35b,2025-09-02T12:54:00,4bc8b8f2-4d6e-4d5e-8d40-a7b6b3d6bb03,amandamitchell,QUERY_END,Regular query_end activity,SUCCESS
20305364-7610-4770-a4b8-3ab210bcb43a,2025-09-02T12:54:00,4b7e389e-8c78-4e72-ab0b-774df43b399e,hardinjennifer,QUERY_START,Regular query_start activity,SUCCESS
2e8c3063-3fe8-4172-8f1f-172f57600b10,2025-09-02T13:01:00,57eba2d7-a4fe-48aa-aa7b-ad0e6f1296b7,jose46,QUERY_END,Regular query_end activity,SUCCESS
a832ccdf-d4f1-4bed-9091-34bd92ef3285,2025-09-02T13:01:00,b92c2609-888c-471e-bf61-4363556df9d8,frank26,QUERY_START,Regular query_start activity,SUCCESS
a8043428-a696-4626-8c9a-1751e00ee87c,2025-09-02T13:01:00,89e53854-09b7-4b59-8352-a231c51f8687,glarsen,LOGIN,Regular login activity,SUCCESS
5c22928b-2fd9-45c1-afe0-b9d7ffcd886c,2025-09-02T13:01:00,3d8cc43f-0f00-40bd-b8b2-34ac61fc0360,rwilliams,LOGIN,Regular login activity,SUCCESS
82d04cef-c567-4798-81cd-5b4aa9ecb707,2025-09-02T13:01:00,89e53854-09b7-4b59-8352-a231c51f8687,glarsen,LOGOUT,Regular logout activity,SUCCESS
c6ee316c-3ac9-4839-9f53-22e057b40c95,2025-09-02T13:01:00,7cd584de-ca92-465c-8ea8-5f7ad356bee6,danasandoval,QUERY_END,Regular query_end activity,SUCCESS
e988b4a9-5c59-4f69-b2dd-a888487d7172,2025-09-02T13:01:00,f0c2cfac-cf3b-4053-9e79-a6a4c6bbd187,garciaalison,QUERY_END,Regular query_end activity,SUCCESS
54917325-842c-405c-9e31-5657322cf2bf,2025-09-02T13:01:00,ac5e7ada-2f2f-4292-a0e4-18083982547a,lliu,QUERY_END,Regular query_end activity,SUCCESS
dc0fd74a-382f-43dd-b080-e47343e0e799,2025-09-02T13:01:00,b92c2609-888c-471e-bf61-4363556df9d8,frank26,LOGIN,Regular login activity,SUCCESS
36c15be9-6cb2-4cd2-b765-ab4ebd69da43,2025-09-02T13:01:00,57eba2d7-a4fe-48aa-aa7b-ad0e6f1296b7,jose46,QUERY_END,Regular query_end activity,SUCCESS
aa20f9b6-35f2-496d-9244-1ac22cf5e2d3,2025-09-02T13:16:00,ac5e7ada-2f2f-4292-a0e4-18083982547a,lliu,QUERY_END,Regular query_end activity,SUCCESS
70a391fd-0d37-439d-b4fb-197860a4d2a4,2025-09-02T13:16:00,3d8cc43f-0f00-40bd-b8b2-34ac61fc0360,rwilliams,LOGIN,Regular login activity,SUCCESS
afbd34b9-cc6d-4d54-9085-f5f9f43c0980,2025-09-02T13:16:00,f0c2cfac-cf3b-4053-9e79-a6a4c6bbd187,garciaalison,LOGIN,Regular login activity,SUCCESS
6a851a71-b21b-4840-934a-54ea02d106d5,2025-09-02T13:16:00,cea2e75f-1ee1-4b1d-90f5-242f82a02bed,erickennedy,QUERY_START,Regular query_start activity,SUCCESS
dce6ee32-3740-4ca9-8ae3-3e64f5f92348,2025-09-02T13:16:00,4bc8b8f2-4d6e-4d5e-8d40-a7b6b3d6bb03,amandamitchell,QUERY_START,Regular query_start activity,SUCCESS
ce580629-93b1-4910-8145-ae58d69127c5,2025-09-02T13:16:00,b92c2609-888c-471e-bf61-4363556df9d8,frank26,LOGIN,Regular login activity,SUCCESS
7f87de50-7dcc-4cc5-bfcf-1c59f7bc9981,2025-09-02T13:16:00,3d8cc43f-0f00-40bd-b8b2-34ac61fc0360,rwilliams,QUERY_START,Regular query_start activity,SUCCESS
777c2551-2025-4e8f-b4d8-f4532d44f831,2025-09-02T13:16:00,89e53854-09b7-4b59-8352-a231c51f8687,glarsen,QUERY_END,Regular query_end activity,SUCCESS
7e4591e1-6148-4b24-ae4c-57adcdc25cb5,2025-09-02T13:16:00,82e7a6a3-1f49-4f5a-8a2a-96e5a654a185,codyoconnor,QUERY_END,Regular query_end activity,SUCCESS
58b66782-53ec-4909-92da-8c26198a5922,2025-09-02T13:16:00,da0f0f7a-8d2c-4ca9-b82e-cda33fba6610,rachel35,LOGOUT,Regular logout activity,SUCCESS
c44c0670-d1e2-49a0-ac5e-3bb5de6ce66b,2025-09-02T13:23:00,da0f0f7a-8d2c-4ca9-b82e-cda33fba6610,rachel35,QUERY_END,Regular query_end activity,SUCCESS
5a031261-46bc-40d5-a6e0-28f07441b0aa,2025-09-02T13:23:00,f22aa1cf-fe8b-4e78-8492-b46e0f46ffda,brandtmisty,QUERY_END,Regular query_end activity,SUCCESS
078c6213-c15f-40f4-b20b-5cdd3be103ac,2025-09-02T13:23:00,cea2e75f-1ee1-4b1d-90f5-242f82a02bed,erickennedy,LOGOUT,Regular logout activity,SUCCESS
c26765fe-f972-41f9-a802-8847b50ae642,2025-09-02T13:23:00,4663d48b-596a-4f39-b714-8d69ac9a7d2a,robert93,LOGOUT,Regular logout activity,SUCCESS
682bea47-2883-43cc-a4b0-988b325944cf,2025-09-02T13:23:00,859c34dd-4540-49a3-b26d-f82b1455d905,oatkinson,LOGOUT,Regular logout activity,SUCCESS
a22d2bc1-d875-46ed-a448-75340dee8534,2025-09-02T13:23:00,89e53854-09b7-4b59-8352-a231c51f8687,glarsen,LOGIN,Regular login activity,SUCCESS
0853364d-f3f2-4612-b429-606d8c0cf488,2025-09-02T13:23:00,3d8cc43f-0f00-40bd-b8b2-34ac61fc0360,rwilliams,LOGIN,Regular login activity,SUCCESS
2f175ab5-f6b5-493d-b30c-445c8c32cf09,2025-09-02T13:23:00,00f99f6f-5fcc-490a-84f9-6b24911c0b2e,emilyhamilton,LOGOUT,Regular logout activity,SUCCESS
eaf54301-0e32-4feb-9093-89f2d7746a4b,2025-09-02T13:23:00,a3a85592-9f3f-4845-87b8-dd199fcdc3cc,gmoreno,LOGIN,Regular login activity,SUCCESS
f0cba2ab-7181-433d-9933-bac31d7ba51a,2025-09-02T13:23:00,57eba2d7-a4fe-48aa-aa7b-ad0e6f1296b7,jose46,LOGIN,Regular login activity,SUCCESS
c77f8c38-9530-49a3-ad36-5ee7784874f0,2025-09-02T13:30:00,879c852e-e8e8-45c3-9ead-5fa56c9ecfbc,egarcia,LOGIN,Regular login activity,SUCCESS
770bf57f-813c-4684-9c42-2c4481bd0e13,2025-09-02T13:30:00,f22aa1cf-fe8b-4e78-8492-b46e0f46ffda,brandtmisty,QUERY_START,Regular query_start activity,SUCCESS
6647e080-618e-457a-b710-b1a850b47ba3,2025-09-02T13:30:00,4bc8b8f2-4d6e-4d5e-8d40-a7b6b3d6bb03,amandamitchell,LOGIN,Regular login activity,SUCCESS
3bcb5429-427f-45f7-9aab-4edc940c0e91,2025-09-02T13:30:00,89e53854-09b7-4b59-8352-a231c51f8687,glarsen,LOGOUT,Regular logout activity,SUCCESS
bd4d944a-e332-4a79-bf98-7e7fa239d0b0,2025-09-02T13:30:00,5fb2a072-2bab-4b94-9109-9cbea70c5438,bryancuevas,QUERY_END,Regular query_end activity,SUCCESS
e0d565dd-4ab5-4832-8f5b-74d9be992612,2025-09-02T13:30:00,a3a85592-9f3f-4845-87b8-dd199fcdc3cc,gmoreno,QUERY_END,Regular query_end activity,SUCCESS
cea56687-1792-4659-8303-e59edf802880,2025-09-02T13:30:00,a3a85592-9f3f-4845-87b8-dd199fcdc3cc,gmoreno,QUERY_START,Regular query_start activity,SUCCESS
e5319c10-8748-4670-9853-01a3b7524e0a,2025-09-02T13:30:00,ac5e7ada-2f2f-4292-a0e4-18083982547a,lliu,QUERY_START,Regular query_start activity,SUCCESS
909374cc-83f9-4226-bcb4-8d3e8cdb6730,2025-09-02T13:30:00,5fb2a072-2bab-4b94-9109-9cbea70c5438,bryancuevas,QUERY_START,Regular query_start activity,SUCCESS
18b41692-c7cc-48f7-98e5-fb66dd1c56cd,2025-09-02T13:30:00,f22aa1cf-fe8b-4e78-8492-b46e0f46ffda,brandtmisty,LOGIN,Regular login activity,SUCCESS
f8378817-6492-4b18-aa95-e0280b727bcb,2025-09-02T13:43:00,89e53854-09b7-4b59-8352-a231c51f8687,glarsen,LOGIN,Regular login activity,SUCCESS
09366ed4-7e19-452b-bb6b-10a8654dc62e,2025-09-02T13:43:00,ac5e7ada-2f2f-4292-a0e4-18083982547a,lliu,LOGIN,Regular login activity,SUCCESS
1db0f576-6141-4011-8cd1-cdf5cb4e2bda,2025-09-02T13:43:00,da0f0f7a-8d2c-4ca9-b82e-cda33fba6610,rachel35,LOGOUT,Regular logout activity,SUCCESS
a56cd17e-be79-4a2b-bb5d-f263014d2c6c,2025-09-02T13:43:00,7cd584de-ca92-465c-8ea8-5f7ad356bee6,danasandoval,QUERY_END,Regular query_end activity,SUCCESS
4cb2ccbc-32a1-4955-9c86-1fe84275cb51,2025-09-02T13:43:00,9a7a68c7-1b0c-4669-859f-6d352b1e386f,andrew16,LOGOUT,Regular logout activity,SUCCESS
3e948f14-1886-471f-9d1e-f810b8214165,2025-09-02T13:43:00,4663d48b-596a-4f39-b714-8d69ac9a7d2a,robert93,QUERY_END,Regular query_end activity,SUCCESS
d23b3197-e87e-4ed9-a9fd-4440c678b48c,2025-09-02T13:43:00,f0c2cfac-cf3b-4053-9e79-a6a4c6bbd187,garciaalison,QUERY_START,Regular query_start activity,SUCCESS
6b306cc6-15b3-4feb-b62d-4e5988a7125e,2025-09-02T13:43:00,4663d48b-596a-4f39-b714-8d69ac9a7d2a,robert93,QUERY_END,Regular query_end activity,SUCCESS
be1e2397-cc16-4f24-bf4c-7b803d8128f3,2025-09-02T13:43:00,f22aa1cf-fe8b-4e78-8492-b46e0f46ffda,brandtmisty,LOGOUT,Regular logout activity,SUCCESS
cd544ec1-4927-4ab4-a50c-3b3a2ce8ed65,2025-09-02T13:43:00,859c34dd-4540-49a3-b26d-f82b1455d905,oatkinson,QUERY_END,Regular query_end activity,SUCCESS
1d74d97d-0471-4ed0-b87a-591bf0a6a5de,2025-09-02T13:58:00,00f99f6f-5fcc-490a-84f9-6b24911c0b2e,emilyhamilton,QUERY_START,Regular query_start activity,SUCCESS
f7cc7227-5144-4abd-996f-fab39be63d5c,2025-09-02T13:58:00,89e53854-09b7-4b59-8352-a231c51f8687,glarsen,LOGOUT,Regular logout activity,SUCCESS
42bcbc43-8368-4fff-a582-a6ebfd2ee4e7,2025-09-02T13:58:00,7cd584de-ca92-465c-8ea8-5f7ad356bee6,danasandoval,QUERY_START,Regular query_start activity,SUCCESS
09f06b23-4890-441e-a6bb-d6bafb525484,2025-09-02T13:58:00,4663d48b-596a-4f39-b714-8d69ac9a7d2a,robert93,LOGIN,Regular login activity,SUCCESS
ee49e7e6-8c6e-46ac-8d2e-b1b41aa12ac3,2025-09-02T13:58:00,f0c2cfac-cf3b-4053-9e79-a6a4c6bbd187,garciaalison,LOGOUT,Regular logout activity,SUCCESS
ab8d8c5b-12f0-4018-ba1c-5781d953ebdd,2025-09-02T13:58:00,00f99f6f-5fcc-490a-84f9-6b24911c0b2e,emilyhamilton,QUERY_START,Regular query_start activity,SUCCESS
bf8e4917-b502-49f6-9fec-db0f4cf2d53b,2025-09-02T13:58:00,cea2e75f-1ee1-4b1d-90f5-242f82a02bed,erickennedy,QUERY_END,Regular query_end activity,SUCCESS
0ff0b651-38d2-49b4-9b2c-d1acf946aca6,2025-09-02T13:58:00,4bc8b8f2-4d6e-4d5e-8d40-a7b6b3d6bb03,amandamitchell,LOGOUT,Regular logout activity,SUCCESS
10ddca0c-e5f7-4e8c-ad8e-d3e9f758895a,2025-09-02T13:58:00,da0f0f7a-8d2c-4ca9-b82e-cda33fba6610,rachel35,LOGOUT,Regular logout activity,SUCCESS
663dbeb0-afa1-4b8e-932f-27b6c833bbfc,2025-09-02T13:58:00,4b7e389e-8c78-4e72-ab0b-774df43b399e,hardinjennifer,QUERY_START,Regular query_start activity,SUCCESS
4822e5f4-c0e3-4469-8b3a-cc98797581c5,2025-09-02T14:05:00,82e7a6a3-1f49-4f5a-8a2a-96e5a654a185,codyoconnor,LOGIN,Regular login activity,SUCCESS
ab16aaac-cc4c-4292-9739-f72dd8ec1fcf,2025-09-02T14:05:00,b92c2609-888c-471e-bf61-4363556df9d8,frank26,QUERY_START,Regular query_start activity,SUCCESS
4e2d999c-65ab-4edb-88fc-2a4a82043f59,2025-09-02T14:05:00,82e7a6a3-1f49-4f5a-8a2a-96e5a654a185,codyoconnor,QUERY_START,Regular query_start activity,SUCCESS
fa100ef4-8a44-4a44-9945-b35b0b723d3e,2025-09-02T14:05:00,a3a85592-9f3f-4845-87b8-dd199fcdc3cc,gmoreno,QUERY_END,Regular query_end activity,SUCCESS
f91cb893-8c03-4364-be27-db52f89e75ca,2025-09-02T14:05:00,89e53854-09b7-4b59-8352-a231c51f8687,glarsen,QUERY_END,Regular query_end activity,SUCCESS
a92d1387-b22b-47a9-bcf2-70f839c56fa4,2025-09-02T14:05:00,f22aa1cf-fe8b-4e78-8492-b46e0f46ffda,brandtmisty,LOGOUT,Regular logout activity,SUCCESS
2106c3a2-fe38-4747-8bf9-14c7a8d2fae1,2025-09-02T14:05:00,4bc8b8f2-4d6e-4d5e-8d40-a7b6b3d6bb03,amandamitchell,LOGOUT,Regular logout activity,SUCCESS
f9491428-2f17-46a3-8158-47f9b207e0c0,2025-09-02T14:05:00,da0f0f7a-8d2c-4ca9-b82e-cda33fba6610,rachel35,LOGIN,Regular login activity,SUCCESS
dbd97a6f-de5c-4af8-82d0-21454134d9b9,2025-09-02T14:05:00,7cd584de-ca92-465c-8ea8-5f7ad356bee6,danasandoval,QUERY_START,Regular query_start activity,SUCCESS
b1054391-e6b4-4952-bdb9-ee853fed8034,2025-09-02T14:05:00,89e53854-09b7-4b59-8352-a231c51f8687,glarsen,QUERY_START,Regular query_start activity,SUCCESS
7a75ce14-14f2-4023-a59a-a2ced2f913be,2025-09-02T14:17:00,4663d48b-596a-4f39-b714-8d69ac9a7d2a,robert93,LOGIN,Regular login activity,SUCCESS
404027f5-89c4-4c8a-96e5-8dc3fb442fbf,2025-09-02T14:17:00,57eba2d7-a4fe-48aa-aa7b-ad0e6f1296b7,jose46,LOGOUT,Regular logout activity,SUCCESS
aeca90fd-9ee8-4b52-a0f3-cd9ba18fe97a,2025-09-02T14:17:00,00f99f6f-5fcc-490a-84f9-6b24911c0b2e,emilyhamilton,LOGOUT,Regular logout activity,SUCCESS
b095176f-ea6b-4cd9-9a33-61c0042a3164,2025-09-02T14:17:00,cea2e75f-1ee1-4b1d-90f5-242f82a02bed,erickennedy,QUERY_END,Regular query_end activity,SUCCESS
0835fa00-6b73-4452-bf6f-73b9a972d66b,2025-09-02T14:17:00,f22aa1cf-fe8b-4e78-8492-b46e0f46ffda,brandtmisty,LOGIN,Regular login activity,SUCCESS
4ee070d8-2e4d-4b4c-8ee5-3e6690e0bb6c,2025-09-02T14:17:00,4663d48b-596a-4f39-b714-8d69ac9a7d2a,robert93,QUERY_END,Regular query_end activity,SUCCESS
c199488a-26bb-4918-8cd3-e4293c88ca71,2025-09-02T14:17:00,57eba2d7-a4fe-48aa-aa7b-ad0e6f1296b7,jose46,QUERY_END,Regular query_end activity,SUCCESS
8147aa41-c2f2-4c5d-a8e1-61d9707868bb,2025-09-02T14:17:00,cea2e75f-1ee1-4b1d-90f5-242f82a02bed,erickennedy,QUERY_START,Regular query_start activity,SUCCESS
819aa4f5-2776-4ac7-9531-6047b53200a4,2025-09-02T14:17:00,b92c2609-888c-471e-bf61-4363556df9d8,frank26,LOGOUT,Regular logout activity,SUCCESS
4132377b-927c-4bc9-b01e-3d2322a146da,2025-09-02T14:17:00,00f99f6f-5fcc-490a-84f9-6b24911c0b2e,emilyhamilton,LOGIN,Regular login activity,SUCCESS
ebd12f51-44ca-4ec6-b5f0-5d675dcc6e67,2025-09-02T14:23:00,da0f0f7a-8d2c-4ca9-b82e-cda33fba6610,rachel35,LOGIN,Regular login activity,SUCCESS
95d3e04f-8865-4b86-a4fa-51ca2feb6865,2025-09-02T14:23:00,4bc8b8f2-4d6e-4d5e-8d40-a7b6b3d6bb03,amandamitchell,QUERY_START,Regular query_start activity,SUCCESS
19e93505-48ed-4a35-8cfa-f3cc02a2a312,2025-09-02T14:23:00,7cd584de-ca92-465c-8ea8-5f7ad356bee6,danasandoval,QUERY_START,Regular query_start activity,SUCCESS
46d4caeb-a0fc-4a3b-8c5b-c27a61886fb1,2025-09-02T14:23:00,4bc8b8f2-4d6e-4d5e-8d40-a7b6b3d6bb03,amandamitchell,QUERY_END,Regular query_end activity,SUCCESS
3295702f-12c2-49a4-9572-32cc67b08f3e,2025-09-02T14:23:00,00f99f6f-5fcc-490a-84f9-6b24911c0b2e,emilyhamilton,QUERY_END,Regular query_end activity,SUCCESS
9adac048-85b6-44a1-8612-8cef06c78889,2025-09-02T14:23:00,879c852e-e8e8-45c3-9ead-5fa56c9ecfbc,egarcia,LOGIN,Regular login activity,SUCCESS
9d51755b-4376-458e-9ead-954b8bffa6fd,2025-09-02T14:23:00,f0c2cfac-cf3b-4053-9e79-a6a4c6bbd187,garciaalison,LOGIN,Regular login activity,SUCCESS
fe558e64-4a3b-4e24-a56d-0df991a47c00,2025-09-02T14:23:00,5fb2a072-2bab-4b94-9109-9cbea70c5438,bryancuevas,LOGOUT,Regular logout activity,SUCCESS
314f5ac4-7e1e-4f6c-9d9b-ecbb01652492,2025-09-02T14:23:00,4663d48b-596a-4f39-b714-8d69ac9a7d2a,robert93,LOGIN,Regular login activity,SUCCESS
2ab90984-7ebd-4493-9c93-2d22ae2edcf3,2025-09-02T14:23:00,57eba2d7-a4fe-48aa-aa7b-ad0e6f1296b7,jose46,QUERY_START,Regular query_start activity,SUCCESS
d758684a-911d-4f86-be04-b68f217528a9,2025-09-02T14:29:00,f0c2cfac-cf3b-4053-9e79-a6a4c6bbd187,garciaalison,QUERY_START,Regular query_start activity,SUCCESS
e8adec50-37b3-41cb-9df1-6168bba7c03a,2025-09-02T14:29:00,da0f0f7a-8d2c-4ca9-b82e-cda33fba6610,rachel35,QUERY_END,Regular query_end activity,SUCCESS
282bbe3d-c46e-432f-80ab-4c3111285e3d,2025-09-02T14:29:00,ac5e7ada-2f2f-4292-a0e4-18083982547a,lliu,QUERY_END,Regular query_end activity,SUCCESS
192d1362-9955-4c5d-bb4a-c4a0618bd445,2025-09-02T14:29:00,f22aa1cf-fe8b-4e78-8492-b46e0f46ffda,brandtmisty,QUERY_START,Regular query_start activity,SUCCESS
37faecc1-6596-49c4-a6ba-d7c783c925c0,2025-09-02T14:29:00,b92c2609-888c-471e-bf61-4363556df9d8,frank26,LOGIN,Regular login activity,SUCCESS
68931e41-75cf-491f-a18b-4aa39d1d4032,2025-09-02T14:29:00,00f99f6f-5fcc-490a-84f9-6b24911c0b2e,emilyhamilton,LOGOUT,Regular logout activity,SUCCESS
a129ef6b-c395-4fe1-b955-40db8cd18be6,2025-09-02T14:29:00,b92c2609-888c-471e-bf61-4363556df9d8,frank26,QUERY_START,Regular query_start activity,SUCCESS
1effd29b-e5e5-40b4-bda7-77f46b7bcd77,2025-09-02T14:29:00,3d8cc43f-0f00-40bd-b8b2-34ac61fc0360,rwilliams,QUERY_END,Regular query_end activity,SUCCESS
5fbe4e06-8bce-4aa4-9132-e5fdc6274cbf,2025-09-02T14:29:00,82e7a6a3-1f49-4f5a-8a2a-96e5a654a185,codyoconnor,QUERY_END,Regular query_end activity,SUCCESS
f37ff94d-2fa8-4a5c-aca5-dd7946963837,2025-09-02T14:29:00,ac5e7ada-2f2f-4292-a0e4-18083982547a,lliu,QUERY_START,Regular query_start activity,SUCCESS
d009b182-5684-498a-a7d3-e28dbf47a674,2025-09-02T14:35:00,5fb2a072-2bab-4b94-9109-9cbea70c5438,bryancuevas,QUERY_START,Regular query_start activity,SUCCESS
c8dd08eb-08b7-432c-a28a-b02a8bc1ad63,2025-09-02T14:35:00,b92c2609-888c-471e-bf61-4363556df9d8,frank26,LOGOUT,Regular logout activity,SUCCESS
e78d1539-b225-4836-acb3-0e3b411c5115,2025-09-02T14:35:00,3d8cc43f-0f00-40bd-b8b2-34ac61fc0360,rwilliams,QUERY_END,Regular query_end activity,SUCCESS
2f7fb294-9021-4fbd-8bc6-e9bd314d2376,2025-09-02T14:35:00,82e7a6a3-1f49-4f5a-8a2a-96e5a654a185,codyoconnor,QUERY_START,Regular query_start activity,SUCCESS
3d2d7219-16eb-49b7-af5e-2bf6cfd7ae4c,2025-09-02T14:35:00,da0f0f7a-8d2c-4ca9-b82e-cda33fba6610,rachel35,LOGOUT,Regular logout activity,SUCCESS
98a9a11a-a319-4397-9ac5-dd141576fd27,2025-09-02T14:35:00,3d8cc43f-0f00-40bd-b8b2-34ac61fc0360,rwilliams,QUERY_START,Regular query_start activity,SUCCESS
2a049e50-0784-4c3f-a90d-b89480b319b6,2025-09-02T14:35:00,da0f0f7a-8d2c-4ca9-b82e-cda33fba6610,rachel35,QUERY_END,Regular query_end activity,SUCCESS
1be95468-4b27-4bcd-9168-da1c421eeacc,2025-09-02T14:35:00,82e7a6a3-1f49-4f5a-8a2a-96e5a654a185,codyoconnor,QUERY_START,Regular query_start activity,SUCCESS
65d2e48d-3882-47c9-86f3-92ba52262149,2025-09-02T14:35:00,4663d48b-596a-4f39-b714-8d69ac9a7d2a,robert93,QUERY_END,Regular query_end activity,SUCCESS
6e4ba3d3-8bc5-40bb-bab8-fea2515e86b0,2025-09-02T14:35:00,f22aa1cf-fe8b-4e78-8492-b46e0f46ffda,brandtmisty,QUERY_END,Regular query_end activity,SUCCESS
18b29b38-6ca7-4da1-8afa-e6cae92be9ed,2025-09-02T14:44:00,f22aa1cf-fe8b-4e78-8492-b46e0f46ffda,brandtmisty,QUERY_START,Regular query_start activity,SUCCESS
374cf5df-0eb8-4810-94b7-9c58eea29cb0,2025-09-02T14:44:00,4663d48b-596a-4f39-b714-8d69ac9a7d2a,robert93,QUERY_END,Regular query_end activity,SUCCESS
50ad64fb-0cef-4ef3-9e7b-e0f45c5500c4,2025-09-02T14:44:00,a3a85592-9f3f-4845-87b8-dd199fcdc3cc,gmoreno,QUERY_END,Regular query_end activity,SUCCESS
d7fc2188-a10b-4def-a3e9-5f7aa6627086,2025-09-02T14:44:00,9a7a68c7-1b0c-4669-859f-6d352b1e386f,andrew16,LOGOUT,Regular logout activity,SUCCESS
0f1c2012-b289-4725-b31a-069249e46b1d,2025-09-02T14:44:00,859c34dd-4540-49a3-b26d-f82b1455d905,oatkinson,LOGIN,Regular login activity,SUCCESS
a1b3e1dc-7327-4975-af38-6895931452dc,2025-09-02T14:44:00,b92c2609-888c-471e-bf61-4363556df9d8,frank26,QUERY_START,Regular query_start activity,SUCCESS
58be32d5-3563-4321-bdcd-833ffcf3d455,2025-09-02T14:44:00,859c34dd-4540-49a3-b26d-f82b1455d905,oatkinson,LOGOUT,Regular logout activity,SUCCESS
b05d9f00-098b-4d4b-8ee3-dd373dbef132,2025-09-02T14:44:00,b92c2609-888c-471e-bf61-4363556df9d8,frank26,LOGIN,Regular login activity,SUCCESS
643eabd9-c1c8-4a4b-b762-ce5ab6639b1c,2025-09-02T14:44:00,879c852e-e8e8-45c3-9ead-5fa56c9ecfbc,egarcia,QUERY_START,Regular query_start activity,SUCCESS
711cfe82-a8d1-4e79-872a-8669e0ab64af,2025-09-02T14:44:00,4663d48b-596a-4f39-b714-8d69ac9a7d2a,robert93,QUERY_START,Regular query_start activity,SUCCESS
df177438-4a77-4756-bde1-cc0c59658caf,2025-09-02T14:54:00,89e53854-09b7-4b59-8352-a231c51f8687,glarsen,LOGIN,Regular login activity,SUCCESS
f251ca4b-b919-4842-9cd0-1ffe23bbb209,2025-09-02T14:54:00,a3a85592-9f3f-4845-87b8-dd199fcdc3cc,gmoreno,QUERY_END,Regular query_end activity,SUCCESS
d717b1ae-c6a8-428d-bc2a-5e47df25872a,2025-09-02T14:54:00,a3a85592-9f3f-4845-87b8-dd199fcdc3cc,gmoreno,LOGIN,Regular login activity,SUCCESS
2de5c51f-3e25-4652-a574-ea432e06264f,2025-09-02T14:54:00,b92c2609-888c-471e-bf61-4363556df9d8,frank26,QUERY_END,Regular query_end activity,SUCCESS
83c182a3-b9f9-4bbe-aeec-57b124398349,2025-09-02T14:54:00,57eba2d7-a4fe-48aa-aa7b-ad0e6f1296b7,jose46,QUERY_END,Regular query_end activity,SUCCESS
90112433-8fe2-4adc-9d06-adbecee159ab,2025-09-02T14:54:00,89e53854-09b7-4b59-8352-a231c51f8687,glarsen,QUERY_END,Regular query_end activity,SUCCESS
6bff8239-8d9b-455f-adcc-1450e828d0bc,2025-09-02T14:54:00,4b7e389e-8c78-4e72-ab0b-774df43b399e,hardinjennifer,QUERY_START,Regular query_start activity,SUCCESS
a43e17a9-d8cc-41e1-a530-b9225fbf870c,2025-09-02T14:54:00,57eba2d7-a4fe-48aa-aa7b-ad0e6f1296b7,jose46,QUERY_START,Regular query_start activity,SUCCESS
3312990e-d001-4e1f-9122-3873dd3c0f82,2025-09-02T14:54:00,7cd584de-ca92-465c-8ea8-5f7ad356bee6,danasandoval,LOGIN,Regular login activity,SUCCESS
2c46cb67-c7f6-444e-b840-9a5df0ae0094,2025-09-02T14:54:00,5fb2a072-2bab-4b94-9109-9cbea70c5438,bryancuevas,LOGOUT,Regular logout activity,SUCCESS
aac47d08-54f9-4da7-9197-64aff789a544,2025-09-02T15:07:00,00f99f6f-5fcc-490a-84f9-6b24911c0b2e,emilyhamilton,QUERY_START,Regular query_start activity,SUCCESS
86c6186b-9850-49c6-abb4-0d547d12da66,2025-09-02T15:07:00,f22aa1cf-fe8b-4e78-8492-b46e0f46ffda,brandtmisty,LOGIN,Regular login activity,SUCCESS
666b9c0b-5106-4d81-9345-c0f3098506ce,2025-09-02T15:07:00,cea2e75f-1ee1-4b1d-90f5-242f82a02bed,erickennedy,QUERY_START,Regular query_start activity,SUCCESS
14cba5d5-c3d6-4c9e-99c9-4e2958ace05f,2025-09-02T15:07:00,f0c2cfac-cf3b-4053-9e79-a6a4c6bbd187,garciaalison,LOGIN,Regular login activity,SUCCESS
fa0af269-3efd-4778-bc0c-1f307b23056a,2025-09-02T15:07:00,4663d48b-596a-4f39-b714-8d69ac9a7d2a,robert93,LOGOUT,Regular logout activity,SUCCESS
637915b4-c15f-4e86-8bb8-ee2dab42e48f,2025-09-02T15:07:00,7cd584de-ca92-465c-8ea8-5f7ad356bee6,danasandoval,QUERY_START,Regular query_start activity,SUCCESS
a797efdb-881e-490a-a72d-3532a0879d60,2025-09-02T15:07:00,9a7a68c7-1b0c-4669-859f-6d352b1e386f,andrew16,QUERY_START,Regular query_start activity,SUCCESS
c95539c9-0996-4ccc-bcc3-c106461610e6,2025-09-02T15:07:00,5fb2a072-2bab-4b94-9109-9cbea70c5438,bryancuevas,QUERY_END,Regular query_end activity,SUCCESS
64c868cb-f6bd-4235-83f3-009774464e7b,2025-09-02T15:07:00,82e7a6a3-1f49-4f5a-8a2a-96e5a654a185,codyoconnor,QUERY_START,Regular query_start activity,SUCCESS
bbc19532-8be4-46c3-b387-3e3c02a2fc22,2025-09-02T15:07:00,ac5e7ada-2f2f-4292-a0e4-18083982547a,lliu,QUERY_END,Regular query_end activity,SUCCESS
e8af4cc3-5793-42b0-88f7-06f85f109e30,2025-09-02T15:18:00,879c852e-e8e8-45c3-9ead-5fa56c9ecfbc,egarcia,LOGOUT,Regular logout activity,SUCCESS
df3a44d5-67b9-4561-836f-dc8b65a40daa,2025-09-02T15:18:00,4bc8b8f2-4d6e-4d5e-8d40-a7b6b3d6bb03,amandamitchell,LOGIN,Regular login activity,SUCCESS
7472fc8c-8bdb-4166-874c-5351b0ad4a36,2025-09-02T15:18:00,3d8cc43f-0f00-40bd-b8b2-34ac61fc0360,rwilliams,QUERY_END,Regular query_end activity,SUCCESS
0e17b1db-1ff6-421f-8a31-c686d11e4553,2025-09-02T15:18:00,b92c2609-888c-471e-bf61-4363556df9d8,frank26,QUERY_START,Regular query_start activity,SUCCESS
8cf62cbe-82fe-41ca-96ae-4c28a6326b53,2025-09-02T15:18:00,ac5e7ada-2f2f-4292-a0e4-18083982547a,lliu,QUERY_END,Regular query_end activity,SUCCESS
9153392f-1be2-485d-a2e7-4d080618b185,2025-09-02T15:18:00,da0f0f7a-8d2c-4ca9-b82e-cda33fba6610,rachel35,QUERY_END,Regular query_end activity,SUCCESS
e8d41f6d-ab12-4c58-ad65-abb032cf445d,2025-09-02T15:18:00,879c852e-e8e8-45c3-9ead-5fa56c9ecfbc,egarcia,QUERY_END,Regular query_end activity,SUCCESS
99e84a0e-3e11-4bf2-93c6-6afd8df924bd,2025-09-02T15:18:00,3d8cc43f-0f00-40bd-b8b2-34ac61fc0360,rwilliams,QUERY_END,Regular query_end activity,SUCCESS
562f4095-36bc-41e9-aded-26568cd1920a,2025-09-02T15:18:00,3d8cc43f-0f00-40bd-b8b2-34ac61fc0360,rwilliams,LOGOUT,Regular logout activity,SUCCESS
4c10c691-70c0-4068-bfcd-84b0e5dd2725,2025-09-02T15:18:00,4bc8b8f2-4d6e-4d5e-8d40-a7b6b3d6bb03,amandamitchell,LOGIN,Regular login activity,SUCCESS
64fede43-5900-40af-bf64-7936330950e3,2025-09-02T15:23:00,00f99f6f-5fcc-490a-84f9-6b24911c0b2e,emilyhamilton,QUERY_START,Regular query_start activity,SUCCESS
69029717-2fe5-4f09-b7f3-5b5039060b73,2025-09-02T15:23:00,859c34dd-4540-49a3-b26d-f82b1455d905,oatkinson,LOGOUT,Regular logout activity,SUCCESS
3b8e49b1-a71b-47c5-99b2-73f1608ef515,2025-09-02T15:23:00,879c852e-e8e8-45c3-9ead-5fa56c9ecfbc,egarcia,LOGOUT,Regular logout activity,SUCCESS
e4f618a8-4bb9-4cac-9e55-a1bb37a1ed77,2025-09-02T15:23:00,5fb2a072-2bab-4b94-9109-9cbea70c5438,bryancuevas,LOGIN,Regular login activity,SUCCESS
313e5c93-eb3a-43f8-b012-3d2e2d65a9e0,2025-09-02T15:23:00,cea2e75f-1ee1-4b1d-90f5-242f82a02bed,erickennedy,QUERY_START,Regular query_start activity,SUCCESS
53353fed-4f4e-478b-98b9-35b2f504d53b,2025-09-02T15:23:00,a3a85592-9f3f-4845-87b8-dd199fcdc3cc,gmoreno,LOGIN,Regular login activity,SUCCESS
a4060bcb-05ed-4d3b-bec2-12df3e718841,2025-09-02T15:23:00,9a7a68c7-1b0c-4669-859f-6d352b1e386f,andrew16,QUERY_END,Regular query_end activity,SUCCESS
14f908d4-1a0a-4a88-afbf-e03a1848c787,2025-09-02T15:23:00,4bc8b8f2-4d6e-4d5e-8d40-a7b6b3d6bb03,amandamitchell,LOGIN,Regular login activity,SUCCESS
da562e45-0112-4ba6-a258-df79e6167a0d,2025-09-02T15:23:00,4663d48b-596a-4f39-b714-8d69ac9a7d2a,robert93,QUERY_END,Regular query_end activity,SUCCESS
68f07d6e-1816-4e42-bb82-226c8187af01,2025-09-02T15:23:00,4b7e389e-8c78-4e72-ab0b-774df43b399e,hardinjennifer,QUERY_END,Regular query_end activity,SUCCESS
bc17a359-d852-4808-aa5f-70c440c6e34f,2025-09-02T15:37:00,00f99f6f-5fcc-490a-84f9-6b24911c0b2e,emilyhamilton,QUERY_END,Regular query_end activity,SUCCESS
fc397b10-466b-4f0e-8dcf-4596c989a93a,2025-09-02T15:37:00,9a7a68c7-1b0c-4669-859f-6d352b1e386f,andrew16,QUERY_END,Regular query_end activity,SUCCESS
82159d25-8276-410b-8c45-0ad3ed1961a0,2025-09-02T15:37:00,f22aa1cf-fe8b-4e78-8492-b46e0f46ffda,brandtmisty,LOGIN,Regular login activity,SUCCESS
420e12e6-fde5-4c40-b27d-6f33659f6011,2025-09-02T15:37:00,f0c2cfac-cf3b-4053-9e79-a6a4c6bbd187,garciaalison,LOGOUT,Regular logout activity,SUCCESS
08542187-58c1-44ac-8f62-8b9ed8dc5c8e,2025-09-02T15:37:00,4663d48b-596a-4f39-b714-8d69ac9a7d2a,robert93,LOGIN,Regular login activity,SUCCESS
90b63806-21fb-4a96-8a24-01145d3cf67f,2025-09-02T15:37:00,4bc8b8f2-4d6e-4d5e-8d40-a7b6b3d6bb03,amandamitchell,LOGIN,Regular login activity,SUCCESS
b8eca500-0d04-44f1-b031-f328f1ee80f8,2025-09-02T15:37:00,82e7a6a3-1f49-4f5a-8a2a-96e5a654a185,codyoconnor,LOGOUT,Regular logout activity,SUCCESS
35a873d2-3053-4d95-96df-5c662d74cc94,2025-09-02T15:37:00,4663d48b-596a-4f39-b714-8d69ac9a7d2a,robert93,LOGIN,Regular login activity,SUCCESS
5eb6f3f4-0b2b-4a35-9a6e-ab6335300039,2025-09-02T15:37:00,cea2e75f-1ee1-4b1d-90f5-242f82a02bed,erickennedy,LOGOUT,Regular logout activity,SUCCESS
a426706c-29aa-4e11-9be5-7bd9bf04a23e,2025-09-02T15:37:00,a3a85592-9f3f-4845-87b8-dd199fcdc3cc,gmoreno,LOGOUT,Regular logout activity,SUCCESS
7fb808ba-b601-4ff9-9cba-fe98e36b05dd,2025-09-02T15:49:00,4bc8b8f2-4d6e-4d5e-8d40-a7b6b3d6bb03,amandamitchell,QUERY_START,Regular query_start activity,SUCCESS
aa55804f-a355-460c-9a5b-60213516173d,2025-09-02T15:49:00,82e7a6a3-1f49-4f5a-8a2a-96e5a654a185,codyoconnor,QUERY_END,Regular query_end activity,SUCCESS
df4d6ba9-997c-47eb-91fb-8cd71c0aa676,2025-09-02T15:49:00,4b7e389e-8c78-4e72-ab0b-774df43b399e,hardinjennifer,LOGOUT,Regular logout activity,SUCCESS
e895451f-1509-42fa-9388-50ad961087b6,2025-09-02T15:49:00,da0f0f7a-8d2c-4ca9-b82e-cda33fba6610,rachel35,QUERY_END,Regular query_end activity,SUCCESS
82ec201f-0df2-4c49-8771-13620c5df49f,2025-09-02T15:49:00,57eba2d7-a4fe-48aa-aa7b-ad0e6f1296b7,jose46,LOGIN,Regular login activity,SUCCESS
788fb9b5-1459-43a6-b777-69306127fd9e,2025-09-02T15:49:00,57eba2d7-a4fe-48aa-aa7b-ad0e6f1296b7,jose46,QUERY_END,Regular query_end activity,SUCCESS
e2b2a7a0-287b-4d35-b01f-1466dd7e8557,2025-09-02T15:49:00,4b7e389e-8c78-4e72-ab0b-774df43b399e,hardinjennifer,QUERY_START,Regular query_start activity,SUCCESS
d71082b6-7109-483c-a3b8-cf99481fc190,2025-09-02T15:49:00,da0f0f7a-8d2c-4ca9-b82e-cda33fba6610,rachel35,LOGOUT,Regular logout activity,SUCCESS
493ea972-ae8c-4042-aa66-b3db880ded60,2025-09-02T15:49:00,9a7a68c7-1b0c-4669-859f-6d352b1e386f,andrew16,LOGIN,Regular login activity,SUCCESS
f622de4f-f6b3-446a-8202-967810d17380,2025-09-02T15:49:00,ac5e7ada-2f2f-4292-a0e4-18083982547a,lliu,LOGIN,Regular login activity,SUCCESS
8a05df19-d983-43e5-9803-50827a83a23f,2025-09-02T16:01:00,4bc8b8f2-4d6e-4d5e-8d40-a7b6b3d6bb03,amandamitchell,LOGOUT,Regular logout activity,SUCCESS
0b731621-08e9-494a-ae95-33e52c1b21d0,2025-09-02T16:01:00,5fb2a072-2bab-4b94-9109-9cbea70c5438,bryancuevas,QUERY_END,Regular query_end activity,SUCCESS
0c1ea173-5d88-4635-892b-754e265d6ec4,2025-09-02T16:01:00,82e7a6a3-1f49-4f5a-8a2a-96e5a654a185,codyoconnor,QUERY_END,Regular query_end activity,SUCCESS
b049bd03-8615-4aa6-a44a-d8277d7c257e,2025-09-02T16:01:00,4bc8b8f2-4d6e-4d5e-8d40-a7b6b3d6bb03,amandamitchell,LOGIN,Regular login activity,SUCCESS
6e170d67-8577-4a6a-8756-fab0a061820f,2025-09-02T16:01:00,879c852e-e8e8-45c3-9ead-5fa56c9ecfbc,egarcia,LOGIN,Regular login activity,SUCCESS
cfc13bf0-dc85-4dcf-9a11-a62c211daa62,2025-09-02T16:01:00,b92c2609-888c-471e-bf61-4363556df9d8,frank26,LOGIN,Regular login activity,SUCCESS
fef4fa66-f586-45d6-b394-79b30e1e47ed,2025-09-02T16:01:00,89e53854-09b7-4b59-8352-a231c51f8687,glarsen,LOGIN,Regular login activity,SUCCESS
944fa964-4887-4e4b-a346-e3c6ada76337,2025-09-02T16:01:00,ac5e7ada-2f2f-4292-a0e4-18083982547a,lliu,LOGOUT,Regular logout activity,SUCCESS
dc9b264f-1c49-4550-a179-731bda7e22b6,2025-09-02T16:01:00,a3a85592-9f3f-4845-87b8-dd199fcdc3cc,gmoreno,LOGIN,Regular login activity,SUCCESS
28200e5a-c672-426a-a6f9-758dc473cf4c,2025-09-02T16:01:00,57eba2d7-a4fe-48aa-aa7b-ad0e6f1296b7,jose46,QUERY_START,Regular query_start activity,SUCCESS
aa62d82d-3264-4e06-86b3-179a91950d72,2025-09-02T16:11:00,4663d48b-596a-4f39-b714-8d69ac9a7d2a,robert93,LOGOUT,Regular logout activity,SUCCESS
4d30903e-a402-4a05-af3c-e2b7a84c6983,2025-09-02T16:11:00,5fb2a072-2bab-4b94-9109-9cbea70c5438,bryancuevas,LOGIN,Regular login activity,SUCCESS
19ddbcce-d546-4b66-a2cc-ac5324e998b9,2025-09-02T16:11:00,879c852e-e8e8-45c3-9ead-5fa56c9ecfbc,egarcia,QUERY_END,Regular query_end activity,SUCCESS
b5bdf138-bb06-4a85-9fca-4e9a4719a3a1,2025-09-02T16:11:00,89e53854-09b7-4b59-8352-a231c51f8687,glarsen,LOGIN,Regular login activity,SUCCESS
2d1d3de9-ff49-4df8-b53b-a0089e97b2e6,2025-09-02T16:11:00,f0c2cfac-cf3b-4053-9e79-a6a4c6bbd187,garciaalison,QUERY_START,Regular query_start activity,SUCCESS
02a00493-b8b8-4318-99d4-04b0e75559ce,2025-09-02T16:11:00,3d8cc43f-0f00-40bd-b8b2-34ac61fc0360,rwilliams,QUERY_END,Regular query_end activity,SUCCESS
960d095f-f508-407c-ae71-98a5f268d5ec,2025-09-02T16:11:00,859c34dd-4540-49a3-b26d-f82b1455d905,oatkinson,QUERY_END,Regular query_end activity,SUCCESS
af2966b2-aad8-47f8-be07-03a863c51681,2025-09-02T16:11:00,4663d48b-596a-4f39-b714-8d69ac9a7d2a,robert93,QUERY_START,Regular query_start activity,SUCCESS
7f110978-12c4-4a3e-bf67-73ccd1409316,2025-09-02T16:11:00,ac5e7ada-2f2f-4292-a0e4-18083982547a,lliu,LOGOUT,Regular logout activity,SUCCESS
f79b3838-3467-4339-9e64-8ecbb36409a9,2025-09-02T16:11:00,f22aa1cf-fe8b-4e78-8492-b46e0f46ffda,brandtmisty,QUERY_END,Regular query_end activity,SUCCESS
5d5d88ee-b122-4e3f-8960-2a7db6a70d75,2025-09-02T16:21:00,57eba2d7-a4fe-48aa-aa7b-ad0e6f1296b7,jose46,QUERY_START,Regular query_start activity,SUCCESS
92ff14b5-2a42-4ab5-a125-e0086f45d8d4,2025-09-02T16:21:00,a3a85592-9f3f-4845-87b8-dd199fcdc3cc,gmoreno,QUERY_END,Regular query_end activity,SUCCESS
20205d89-758a-4fe5-ab62-e752f596f565,2025-09-02T16:21:00,ac5e7ada-2f2f-4292-a0e4-18083982547a,lliu,QUERY_END,Regular query_end activity,SUCCESS
8e19fcbf-154c-4fb3-b01a-419b5a0f4009,2025-09-02T16:21:00,879c852e-e8e8-45c3-9ead-5fa56c9ecfbc,egarcia,LOGOUT,Regular logout activity,SUCCESS
146c1d12-4307-4a41-a528-f41a26b2edcd,2025-09-02T16:21:00,cea2e75f-1ee1-4b1d-90f5-242f82a02bed,erickennedy,QUERY_END,Regular query_end activity,SUCCESS
bbf6cd4f-f3cb-4e32-890b-097a512b1b80,2025-09-02T16:21:00,da0f0f7a-8d2c-4ca9-b82e-cda33fba6610,rachel35,LOGIN,Regular login activity,SUCCESS
8d360ea6-786f-4ae4-9265-60bb1c0b44a0,2025-09-02T16:21:00,ac5e7ada-2f2f-4292-a0e4-18083982547a,lliu,QUERY_START,Regular query_start activity,SUCCESS
a5cb2dfe-c289-4179-97e8-898789aba82b,2025-09-02T16:21:00,da0f0f7a-8d2c-4ca9-b82e-cda33fba6610,rachel35,QUERY_START,Regular query_start activity,SUCCESS
8bc4e985-7f88-4eae-9e4d-4fde3f1e6162,2025-09-02T16:21:00,da0f0f7a-8d2c-4ca9-b82e-cda33fba6610,rachel35,QUERY_END,Regular query_end activity,SUCCESS
2e5ef5f5-e265-4707-9789-e433ce5ddd2b,2025-09-02T16:21:00,a3a85592-9f3f-4845-87b8-dd199fcdc3cc,gmoreno,LOGIN,Regular login activity,SUCCESS
8cd0a335-3632-4075-9558-c659cfbb2642,2025-09-02T16:34:00,859c34dd-4540-49a3-b26d-f82b1455d905,oatkinson,QUERY_END,Regular query_end activity,SUCCESS
df22fb6d-f06b-4a65-b7f5-0094fd41fefd,2025-09-02T16:34:00,89e53854-09b7-4b59-8352-a231c51f8687,glarsen,LOGOUT,Regular logout activity,SUCCESS
f19019dc-8c3f-412f-aeed-c19c8c515fcb,2025-09-02T16:34:00,ac5e7ada-2f2f-4292-a0e4-18083982547a,lliu,LOGIN,Regular login activity,SUCCESS
df7775ce-e3bb-4dfd-834e-317d4fd9ccfc,2025-09-02T16:34:00,da0f0f7a-8d2c-4ca9-b82e-cda33fba6610,rachel35,QUERY_END,Regular query_end activity,SUCCESS
3067b754-2170-48ba-b7cf-fab135b0fd0e,2025-09-02T16:34:00,cea2e75f-1ee1-4b1d-90f5-242f82a02bed,erickennedy,LOGIN,Regular login activity,SUCCESS
93cfd8b2-c078-4e9b-8fd7-8dc8a9eca625,2025-09-02T16:34:00,7cd584de-ca92-465c-8ea8-5f7ad356bee6,danasandoval,LOGOUT,Regular logout activity,SUCCESS
df845160-6a5c-4fc6-9b7f-0decae676411,2025-09-02T16:34:00,f0c2cfac-cf3b-4053-9e79-a6a4c6bbd187,garciaalison,LOGIN,Regular login activity,SUCCESS
1880f072-c0d2-441a-bc32-bdb20e7e2148,2025-09-02T16:34:00,ac5e7ada-2f2f-4292-a0e4-18083982547a,lliu,QUERY_END,Regular query_end activity,SUCCESS
a2d41bd4-7c62-4560-bddd-492ffbb375e8,2025-09-02T16:34:00,a3a85592-9f3f-4845-87b8-dd199fcdc3cc,gmoreno,QUERY_START,Regular query_start activity,SUCCESS
3bae8e8f-fe33-42be-bb82-a8daaae3a724,2025-09-02T16:34:00,da0f0f7a-8d2c-4ca9-b82e-cda33fba6610,rachel35,LOGIN,Regular login activity,SUCCESS
e23bd971-25a0-4764-8615-2ae7a6b45da5,2025-09-02T16:44:00,f0c2cfac-cf3b-4053-9e79-a6a4c6bbd187,garciaalison,QUERY_START,Regular query_start activity,SUCCESS
9385b83b-732a-4093-9b63-049c3bce6bcc,2025-09-02T16:44:00,b92c2609-888c-471e-bf61-4363556df9d8,frank26,LOGOUT,Regular logout activity,SUCCESS
e98106aa-7181-4833-b9a8-2a4653a1bd93,2025-09-02T16:44:00,3d8cc43f-0f00-40bd-b8b2-34ac61fc0360,rwilliams,LOGOUT,Regular logout activity,SUCCESS
84a22c40-1cc9-4395-b5f2-d0c0954b9c13,2025-09-02T16:44:00,3d8cc43f-0f00-40bd-b8b2-34ac61fc0360,rwilliams,LOGOUT,Regular logout activity,SUCCESS
27959651-d530-49cb-a4a3-a78e99b221da,2025-09-02T16:44:00,a3a85592-9f3f-4845-87b8-dd199fcdc3cc,gmoreno,QUERY_END,Regular query_end activity,SUCCESS
54ca3ee1-8262-431f-8f90-738c43289351,2025-09-02T16:44:00,89e53854-09b7-4b59-8352-a231c51f8687,glarsen,LOGOUT,Regular logout activity,SUCCESS
ee40c73c-2c70-4932-89e1-ea85ca6d1b1c,2025-09-02T16:44:00,4b7e389e-8c78-4e72-ab0b-774df43b399e,hardinjennifer,QUERY_START,Regular query_start activity,SUCCESS
6410b534-9e4a-4a27-b9c9-2dd7e2d9b84d,2025-09-02T16:44:00,ac5e7ada-2f2f-4292-a0e4-18083982547a,lliu,QUERY_END,Regular query_end activity,SUCCESS
4e6d2acf-03d0-4142-acaf-5927b74e9be2,2025-09-02T16:44:00,7cd584de-ca92-465c-8ea8-5f7ad356bee6,danasandoval,LOGIN,Regular login activity,SUCCESS
3f420f14-623d-4da5-9f34-d3f4d870a484,2025-09-02T16:44:00,89e53854-09b7-4b59-8352-a231c51f8687,glarsen,LOGOUT,Regular logout activity,SUCCESS
ed49ebce-b3db-4669-a4ec-7df168c7119c,2025-09-02T16:54:00,ac5e7ada-2f2f-4292-a0e4-18083982547a,lliu,QUERY_END,Regular query_end activity,SUCCESS
f8a18ab9-b3e5-4b00-9fd9-dc3228b729c3,2025-09-02T16:54:00,a3a85592-9f3f-4845-87b8-dd199fcdc3cc,gmoreno,QUERY_END,Regular query_end activity,SUCCESS
4537b8da-3eda-4f7a-8c80-fff9afa18442,2025-09-02T16:54:00,cea2e75f-1ee1-4b1d-90f5-242f82a02bed,erickennedy,QUERY_END,Regular query_end activity,SUCCESS
550951ba-b9a2-4ba9-8e61-145678785314,2025-09-02T16:54:00,89e53854-09b7-4b59-8352-a231c51f8687,glarsen,LOGIN,Regular login activity,SUCCESS
603988f0-8fcd-4c70-86db-c8a8cd328bdf,2025-09-02T16:54:00,4b7e389e-8c78-4e72-ab0b-774df43b399e,hardinjennifer,QUERY_START,Regular query_start activity,SUCCESS
7a02d835-4ba3-4308-b1e2-1c44afc69fe8,2025-09-02T16:54:00,f22aa1cf-fe8b-4e78-8492-b46e0f46ffda,brandtmisty,LOGIN,Regular login activity,SUCCESS
7ea483e8-2582-4ac8-91e8-1e26b225bae3,2025-09-02T16:54:00,f22aa1cf-fe8b-4e78-8492-b46e0f46ffda,brandtmisty,QUERY_END,Regular query_end activity,SUCCESS
601f6876-0a53-4621-abc6-afb45363e2fe,2025-09-02T16:54:00,5fb2a072-2bab-4b94-9109-9cbea70c5438,bryancuevas,QUERY_END,Regular query_end activity,SUCCESS
78ebeabd-9bfc-4215-8e1c-5ed0d2598cfd,2025-09-02T16:54:00,9a7a68c7-1b0c-4669-859f-6d352b1e386f,andrew16,LOGOUT,Regular logout activity,SUCCESS
36c52a3d-7749-4e13-8d54-50d98c4987ff,2025-09-02T16:54:00,4b7e389e-8c78-4e72-ab0b-774df43b399e,hardinjennifer,LOGOUT,Regular logout activity,SUCCESS
e2a25dc7-e29d-488c-a3b5-8851fa4e9c1c,2025-09-02T17:08:00,da0f0f7a-8d2c-4ca9-b82e-cda33fba6610,rachel35,LOGIN,Regular login activity,SUCCESS
b71fe8ca-5302-4fb2-9d86-7d753bcb6800,2025-09-02T17:08:00,4663d48b-596a-4f39-b714-8d69ac9a7d2a,robert93,QUERY_END,Regular query_end activity,SUCCESS
d6984d33-6cb2-4d6f-af66-8fcbaabbeaf0,2025-09-02T17:14:00,cea2e75f-1ee1-4b1d-90f5-242f82a02bed,erickennedy,LOGIN,Regular login activity,SUCCESS
a30b6919-f685-4d86-afff-58bcc167de8d,2025-09-02T17:14:00,ac5e7ada-2f2f-4292-a0e4-18083982547a,lliu,LOGOUT,Regular logout activity,SUCCESS
85e797d9-6bee-45c2-bfcf-38b66b03ad69,2025-09-02T17:20:00,a3a85592-9f3f-4845-87b8-dd199fcdc3cc,gmoreno,LOGOUT,Regular logout activity,SUCCESS
49855bfe-59e8-46ce-b1aa-300419fd8ce5,2025-09-02T17:20:00,57eba2d7-a4fe-48aa-aa7b-ad0e6f1296b7,jose46,QUERY_END,Regular query_end activity,SUCCESS
334afa3e-11d3-44cf-83a7-a02f1aea1a32,2025-09-02T17:35:00,b92c2609-888c-471e-bf61-4363556df9d8,frank26,LOGOUT,Regular logout activity,SUCCESS
96d8ab81-5b2b-41a7-9939-0999a60fdc12,2025-09-02T17:35:00,4b7e389e-8c78-4e72-ab0b-774df43b399e,hardinjennifer,LOGOUT,Regular logout activity,SUCCESS
26b2b22b-6c0d-4167-b8ac-562395539a97,2025-09-02T17:40:00,9a7a68c7-1b0c-4669-859f-6d352b1e386f,andrew16,LOGIN,Regular login activity,SUCCESS
10993a27-3aee-4364-ac78-355c6e9ac103,2025-09-02T17:40:00,89e53854-09b7-4b59-8352-a231c51f8687,glarsen,QUERY_START,Regular query_start activity,SUCCESS
554cb214-8f37-4c15-aa95-b1540b2ba252,2025-09-02T17:53:00,9a7a68c7-1b0c-4669-859f-6d352b1e386f,andrew16,QUERY_START,Regular query_start activity,SUCCESS
e407896e-c136-49d0-a784-b067b7ac3dc8,2025-09-02T17:53:00,cea2e75f-1ee1-4b1d-90f5-242f82a02bed,erickennedy,LOGOUT,Regular logout activity,SUCCESS
a217c318-90f1-4b0d-a22b-063a34680510,2025-09-02T18:00:00,82e7a6a3-1f49-4f5a-8a2a-96e5a654a185,codyoconnor,QUERY_END,Regular query_end activity,SUCCESS
dfa415be-6f38-4773-85d0-19032e0183cc,2025-09-02T18:00:00,4bc8b8f2-4d6e-4d5e-8d40-a7b6b3d6bb03,amandamitchell,LOGIN,Regular login activity,SUCCESS
04803fc2-d243-482b-90ac-417f4af7fdf2,2025-09-02T18:08:00,da0f0f7a-8d2c-4ca9-b82e-cda33fba6610,rachel35,LOGOUT,Regular logout activity,SUCCESS
28235d42-11e5-4d98-a692-5f557e033b33,2025-09-02T18:08:00,f22aa1cf-fe8b-4e78-8492-b46e0f46ffda,brandtmisty,LOGOUT,Regular logout activity,SUCCESS
3f4639e5-64e9-429c-b03b-ccf8a2579dc0,2025-09-02T18:19:00,4b7e389e-8c78-4e72-ab0b-774df43b399e,hardinjennifer,LOGIN,Regular login activity,SUCCESS
1aa76ca6-d16c-4c9b-a5ea-2dfa13b1dafd,2025-09-02T18:19:00,b92c2609-888c-471e-bf61-4363556df9d8,frank26,LOGIN,Regular login activity,SUCCESS
8c582547-aec3-4a4c-9ea7-5b5b668bc93d,2025-09-02T18:29:00,3d8cc43f-0f00-40bd-b8b2-34ac61fc0360,rwilliams,LOGOUT,Regular logout activity,SUCCESS
243769c1-78e8-4850-b539-70d1e7f6b0aa,2025-09-02T18:29:00,3d8cc43f-0f00-40bd-b8b2-34ac61fc0360,rwilliams,QUERY_END,Regular query_end activity,SUCCESS
4e7a54c9-524e-4da8-a791-c2598b534d01,2025-09-02T18:41:00,f0c2cfac-cf3b-4053-9e79-a6a4c6bbd187,garciaalison,LOGIN,Regular login activity,SUCCESS
fa2f11f9-9f09-4b8f-b4d7-f074467497ba,2025-09-02T18:41:00,859c34dd-4540-49a3-b26d-f82b1455d905,oatkinson,QUERY_START,Regular query_start activity,SUCCESS
7f537f58-f3e4-4b12-890c-2c42905a2b2f,2025-09-02T18:48:00,00f99f6f-5fcc-490a-84f9-6b24911c0b2e,emilyhamilton,LOGIN,Regular login activity,SUCCESS
455abcda-eb64-44ec-a940-34806fb87449,2025-09-02T18:48:00,3d8cc43f-0f00-40bd-b8b2-34ac61fc0360,rwilliams,QUERY_START,Regular query_start activity,SUCCESS
3b69bc10-6ddc-497b-86e3-58df924eb669,2025-09-02T19:03:00,a3a85592-9f3f-4845-87b8-dd199fcdc3cc,gmoreno,QUERY_START,Regular query_start activity,SUCCESS
db12b4d0-1c6b-4f20-80b4-e3df1335bcff,2025-09-02T19:03:00,3d8cc43f-0f00-40bd-b8b2-34ac61fc0360,rwilliams,QUERY_START,Regular query_start activity,SUCCESS
29b150eb-7f3e-436c-af46-1844d5b42a03,2025-09-02T19:17:00,89e53854-09b7-4b59-8352-a231c51f8687,glarsen,QUERY_END,Regular query_end activity,SUCCESS
2afb2e57-97b6-49c1-87ec-a49a44b42d72,2025-09-02T19:17:00,89e53854-09b7-4b59-8352-a231c51f8687,glarsen,QUERY_START,Regular query_start activity,SUCCESS
766eb0c8-23ed-4861-98d7-ba86c38f49c6,2025-09-02T19:31:00,4bc8b8f2-4d6e-4d5e-8d40-a7b6b3d6bb03,amandamitchell,LOGIN,Regular login activity,SUCCESS
206fa77b-f60e-4ddc-9a39-95aff0c89c14,2025-09-02T19:31:00,57eba2d7-a4fe-48aa-aa7b-ad0e6f1296b7,jose46,LOGOUT,Regular logout activity,SUCCESS
1350b06c-2160-431c-a7ba-c31ac5ba321a,2025-09-02T19:46:00,859c34dd-4540-49a3-b26d-f82b1455d905,oatkinson,LOGOUT,Regular logout activity,SUCCESS
06120eb4-b222-4662-82eb-44473ce34051,2025-09-02T19:46:00,b92c2609-888c-471e-bf61-4363556df9d8,frank26,LOGIN,Regular login activity,SUCCESS
6411e532-74a5-4ad0-8416-172e8566210c,2025-09-02T19:56:00,b92c2609-888c-471e-bf61-4363556df9d8,frank26,LOGOUT,Regular logout activity,SUCCESS
78a3eab8-a23e-4c18-a5b6-cb302d9d876c,2025-09-02T19:56:00,859c34dd-4540-49a3-b26d-f82b1455d905,oatkinson,QUERY_END,Regular query_end activity,SUCCESS
5c57b911-14b0-42ae-a8e4-104fc75a09ff,2025-09-02T20:08:00,f0c2cfac-cf3b-4053-9e79-a6a4c6bbd187,garciaalison,QUERY_END,Regular query_end activity,SUCCESS
5377f171-c845-4e5e-afe5-3df1c32f75a4,2025-09-02T20:08:00,89e53854-09b7-4b59-8352-a231c51f8687,glarsen,LOGIN,Regular login activity,SUCCESS
a83b8ca3-53b9-426c-8702-3c6ca86ef6b5,2025-09-02T20:16:00,89e53854-09b7-4b59-8352-a231c51f8687,glarsen,LOGIN,Regular login activity,SUCCESS
6ce7fc69-e8fc-4388-9c6d-7aaff7052528,2025-09-02T20:16:00,7cd584de-ca92-465c-8ea8-5f7ad356bee6,danasandoval,LOGIN,Regular login activity,SUCCESS
bb0cc4bb-630f-42d4-bf6f-26738d048ff6,2025-09-02T20:28:00,4b7e389e-8c78-4e72-ab0b-774df43b399e,hardinjennifer,QUERY_START,Regular query_start activity,SUCCESS
b83ff5c4-888f-4dc3-9ac4-a5e4a9bc0712,2025-09-02T20:28:00,ac5e7ada-2f2f-4292-a0e4-18083982547a,lliu,LOGIN,Regular login activity,SUCCESS
50249a2a-02c5-40a2-8a36-3ac1345444c5,2025-09-02T20:38:00,82e7a6a3-1f49-4f5a-8a2a-96e5a654a185,codyoconnor,LOGOUT,Regular logout activity,SUCCESS
0211ec09-278c-4db9-995c-ffba51c34463,2025-09-02T20:38:00,a3a85592-9f3f-4845-87b8-dd199fcdc3cc,gmoreno,LOGIN,Regular login activity,SUCCESS
e8d914a8-79ad-4a46-bbe1-b7cf086d31a9,2025-09-02T20:43:00,ac5e7ada-2f2f-4292-a0e4-18083982547a,lliu,LOGOUT,Regular logout activity,SUCCESS
3f846c4f-6768-4a2b-b915-724380352521,2025-09-02T20:43:00,f22aa1cf-fe8b-4e78-8492-b46e0f46ffda,brandtmisty,QUERY_START,Regular query_start activity,SUCCESS
4fb00e27-2170-4cc4-b71f-b32a5b2d3a40,2025-09-02T20:51:00,82e7a6a3-1f49-4f5a-8a2a-96e5a654a185,codyoconnor,QUERY_END,Regular query_end activity,SUCCESS
3e424078-86b9-4181-8fc6-df61e28b1713,2025-09-02T20:51:00,da0f0f7a-8d2c-4ca9-b82e-cda33fba6610,rachel35,LOGOUT,Regular logout activity,SUCCESS
b8a31f8c-4179-4bf5-9443-589ed7952c91,2025-09-02T21:06:00,5fb2a072-2bab-4b94-9109-9cbea70c5438,bryancuevas,QUERY_START,Regular query_start activity,SUCCESS
aba1d08b-a998-43ab-a1b7-0aea80bcd247,2025-09-02T21:06:00,5fb2a072-2bab-4b94-9109-9cbea70c5438,bryancuevas,QUERY_START,Regular query_start activity,SUCCESS
ec75a262-c89e-4986-a181-ad389e647e52,2025-09-02T21:21:00,00f99f6f-5fcc-490a-84f9-6b24911c0b2e,emilyhamilton,LOGOUT,Regular logout activity,SUCCESS
511aac37-317a-4fbe-ada1-221b7182af06,2025-09-02T21:21:00,b92c2609-888c-471e-bf61-4363556df9d8,frank26,QUERY_START,Regular query_start activity,SUCCESS
4f26c3f4-df33-4ed3-b9c0-326c537d4cde,2025-09-02T21:35:00,5fb2a072-2bab-4b94-9109-9cbea70c5438,bryancuevas,QUERY_END,Regular query_end activity,SUCCESS
20b62bf6-9634-4865-b24e-6edf98a2bcfd,2025-09-02T21:35:00,57eba2d7-a4fe-48aa-aa7b-ad0e6f1296b7,jose46,LOGOUT,Regular logout activity,SUCCESS
cdb30812-ed0a-402d-a83b-54708c9ac61a,2025-09-02T21:44:00,00f99f6f-5fcc-490a-84f9-6b24911c0b2e,emilyhamilton,LOGIN,Regular login activity,SUCCESS
7d2e418c-4dc4-45d6-b308-8ca6cde9b197,2025-09-02T21:44:00,4663d48b-596a-4f39-b714-8d69ac9a7d2a,robert93,QUERY_END,Regular query_end activity,SUCCESS
6f4f7600-b37f-45aa-abc0-eb0430c51713,2025-09-02T21:53:00,f0c2cfac-cf3b-4053-9e79-a6a4c6bbd187,garciaalison,QUERY_END,Regular query_end activity,SUCCESS
d7ae5a6d-06e0-4247-95e5-532127f8479a,2025-09-02T21:53:00,a3a85592-9f3f-4845-87b8-dd199fcdc3cc,gmoreno,LOGOUT,Regular logout activity,SUCCESS
03856e19-8f41-41d5-b940-dd3fc13ff02d,2025-09-02T22:00:00,4bc8b8f2-4d6e-4d5e-8d40-a7b6b3d6bb03,amandamitchell,LOGIN,Regular login activity,SUCCESS
4fe8c218-3e2d-4317-8581-06a0fa6e8f29,2025-09-02T22:00:00,00f99f6f-5fcc-490a-84f9-6b24911c0b2e,emilyhamilton,QUERY_END,Regular query_end activity,SUCCESS
4691c55f-9152-453b-a0c2-c8fd845f4382,2025-09-02T22:13:00,f0c2cfac-cf3b-4053-9e79-a6a4c6bbd187,garciaalison,LOGIN,Regular login activity,SUCCESS
a6422664-3a59-4b2a-84e5-3e492cd11675,2025-09-02T22:13:00,4b7e389e-8c78-4e72-ab0b-774df43b399e,hardinjennifer,LOGIN,Regular login activity,SUCCESS
8f62c797-4e4a-463b-8eaf-007ddc8805c4,2025-09-02T22:25:00,ac5e7ada-2f2f-4292-a0e4-18083982547a,lliu,QUERY_END,Regular query_end activity,SUCCESS
ee5be4e5-7816-4a31-b0e0-cd184152162a,2025-09-02T22:25:00,9a7a68c7-1b0c-4669-859f-6d352b1e386f,andrew16,QUERY_START,Regular query_start activity,SUCCESS
babbbd35-207a-48bb-af6f-7bcabcbd352f,2025-09-02T22:36:00,cea2e75f-1ee1-4b1d-90f5-242f82a02bed,erickennedy,QUERY_END,Regular query_end activity,SUCCESS
b7990e9b-9028-4d49-88e1-a48ef1f959a4,2025-09-02T22:36:00,f0c2cfac-cf3b-4053-9e79-a6a4c6bbd187,garciaalison,QUERY_END,Regular query_end activity,SUCCESS
263d83ee-60e9-46dd-b0ce-6b728a52f89b,2025-09-02T22:46:00,879c852e-e8e8-45c3-9ead-5fa56c9ecfbc,egarcia,LOGIN,Regular login activity,SUCCESS
75763c50-43b3-48d8-b3b3-975b9c14617a,2025-09-02T22:46:00,4663d48b-596a-4f39-b714-8d69ac9a7d2a,robert93,QUERY_END,Regular query_end activity,SUCCESS
02046944-b0f3-4eab-8332-e08716f7eb11,2025-09-02T22:55:00,5fb2a072-2bab-4b94-9109-9cbea70c5438,bryancuevas,LOGIN,Regular login activity,SUCCESS
9bc4fda0-a3ca-4949-aa0b-743927b4dbf0,2025-09-02T22:55:00,82e7a6a3-1f49-4f5a-8a2a-96e5a654a185,codyoconnor,LOGIN,Regular login activity,SUCCESS
1caa182b-5782-41d9-85bb-f1cc5144df7c,2025-09-02T23:09:00,7cd584de-ca92-465c-8ea8-5f7ad356bee6,danasandoval,LOGIN,Regular login activity,SUCCESS
cbbec3b8-490b-4c48-97b2-01c3ad946fbc,2025-09-02T23:09:00,f22aa1cf-fe8b-4e78-8492-b46e0f46ffda,brandtmisty,LOGOUT,Regular logout activity,SUCCESS
3fff3b0a-83fb-49ba-990d-0adae066ee1c,2025-09-02T23:19:00,5fb2a072-2bab-4b94-9109-9cbea70c5438,bryancuevas,QUERY_END,Regular query_end activity,SUCCESS
02b87fb4-4ced-433c-bf9d-ab3e9a5411b2,2025-09-02T23:19:00,da0f0f7a-8d2c-4ca9-b82e-cda33fba6610,rachel35,QUERY_START,Regular query_start activity,SUCCESS
f4b6815e-fe37-4b17-bbcd-5b1152bbefa1,2025-09-02T23:25:00,ac5e7ada-2f2f-4292-a0e4-18083982547a,lliu,QUERY_START,Regular query_start activity,SUCCESS
61b1d7cc-123c-4cf8-abe1-d221cad348cd,2025-09-02T23:25:00,da0f0f7a-8d2c-4ca9-b82e-cda33fba6610,rachel35,LOGOUT,Regular logout activity,SUCCESS
45f4c724-cb9a-43a8-8ebf-2f69b7fdccd4,2025-09-02T23:31:00,859c34dd-4540-49a3-b26d-f82b1455d905,oatkinson,LOGOUT,Regular logout activity,SUCCESS
b5f1f3dc-b433-48e8-8f57-5307f264a297,2025-09-02T23:31:00,f22aa1cf-fe8b-4e78-8492-b46e0f46ffda,brandtmisty,LOGOUT,Regular logout activity,SUCCESS
23f95605-3470-4491-8002-884501e32b28,2025-09-02T23:42:00,89e53854-09b7-4b59-8352-a231c51f8687,glarsen,LOGOUT,Regular logout activity,SUCCESS
f6ba9c5a-f164-484e-9f5c-8b5ac87ff7b6,2025-09-02T23:42:00,f22aa1cf-fe8b-4e78-8492-b46e0f46ffda,brandtmisty,QUERY_START,Regular query_start activity,SUCCESS
2bce5ffe-c0ed-4bd8-a5d7-0f5ab62b4b22,2025-09-02T23:50:00,f0c2cfac-cf3b-4053-9e79-a6a4c6bbd187,garciaalison,QUERY_END,Regular query_end activity,SUCCESS
910be21d-ea74-4dee-bfde-63f506fa02fc,2025-09-02T23:50:00,4bc8b8f2-4d6e-4d5e-8d40-a7b6b3d6bb03,amandamitchell,QUERY_START,Regular query_start activity,SUCCESS
472b818b-7bdc-40f8-9864-41c324e3afbd,2025-09-02T23:58:00,9a7a68c7-1b0c-4669-859f-6d352b1e386f,andrew16,LOGIN,Regular login activity,SUCCESS
ed71c89d-909f-41cd-bbc9-b0e05b0508bb,2025-09-02T23:58:00,f22aa1cf-fe8b-4e78-8492-b46e0f46ffda,brandtmisty,LOGOUT,Regular logout activity,SUCCESS
d4837ca4-e598-4516-bbbb-093e14c7dd86,2025-09-03T00:03:00,9a7a68c7-1b0c-4669-859f-6d352b1e386f,andrew16,QUERY_END,Regular query_end activity,SUCCESS
f41b1d2d-c7da-400f-81c2-cb1f56233574,2025-09-03T00:03:00,f22aa1cf-fe8b-4e78-8492-b46e0f46ffda,brandtmisty,QUERY_END,Regular query_end activity,SUCCESS
56ca7c75-6172-4d8f-9224-ee64fc2d8ee6,2025-09-03T00:13:00,00f99f6f-5fcc-490a-84f9-6b24911c0b2e,emilyhamilton,LOGOUT,Regular logout activity,SUCCESS
d52dcafc-25bf-423e-afbb-35e683985952,2025-09-03T00:13:00,ac5e7ada-2f2f-4292-a0e4-18083982547a,lliu,QUERY_END,Regular query_end activity,SUCCESS
ac6a9760-f0f4-4414-99d9-f19cf6483d8a,2025-09-03T00:21:00,f22aa1cf-fe8b-4e78-8492-b46e0f46ffda,brandtmisty,QUERY_END,Regular query_end activity,SUCCESS
7d99d0f5-8eea-4d42-8020-7fcc22773d2f,2025-09-03T00:21:00,9a7a68c7-1b0c-4669-859f-6d352b1e386f,andrew16,QUERY_END,Regular query_end activity,SUCCESS
1ba25cc1-acce-46b7-8f26-ca7e94082ba2,2025-09-03T00:26:00,a3a85592-9f3f-4845-87b8-dd199fcdc3cc,gmoreno,LOGIN,Regular login activity,SUCCESS
f57bcbc6-7a22-4ec9-844e-8e697fcdec36,2025-09-03T00:26:00,89e53854-09b7-4b59-8352-a231c51f8687,glarsen,LOGOUT,Regular logout activity,SUCCESS
bbfd28d3-5761-4654-abbe-f6765f7904b9,2025-09-03T00:35:00,57eba2d7-a4fe-48aa-aa7b-ad0e6f1296b7,jose46,LOGOUT,Regular logout activity,SUCCESS
4b38c54e-fc96-42fb-9175-a00c5eadefa3,2025-09-03T00:35:00,cea2e75f-1ee1-4b1d-90f5-242f82a02bed,erickennedy,LOGIN,Regular login activity,SUCCESS
330b0cbe-eed7-4031-80c4-7655a71d3d45,2025-09-03T00:41:00,7cd584de-ca92-465c-8ea8-5f7ad356bee6,danasandoval,QUERY_END,Regular query_end activity,SUCCESS
00ed5acb-6337-4f3b-8748-ec41aba5d3b6,2025-09-03T00:41:00,ac5e7ada-2f2f-4292-a0e4-18083982547a,lliu,LOGOUT,Regular logout activity,SUCCESS
f98d5db5-fb43-4970-8ff9-be60133b1130,2025-09-03T00:55:00,da0f0f7a-8d2c-4ca9-b82e-cda33fba6610,rachel35,QUERY_START,Regular query_start activity,SUCCESS
03410998-db18-4103-b1b5-9322bb3d0fe1,2025-09-03T00:55:00,ac5e7ada-2f2f-4292-a0e4-18083982547a,lliu,LOGOUT,Regular logout activity,SUCCESS
029e1016-ccdc-4233-9dbf-da7815782bef,2025-09-03T01:08:00,879c852e-e8e8-45c3-9ead-5fa56c9ecfbc,egarcia,LOGIN,Regular login activity,SUCCESS
6a6fe108-d03f-4e5f-b861-3fb54a68756e,2025-09-03T01:08:00,3d8cc43f-0f00-40bd-b8b2-34ac61fc0360,rwilliams,LOGOUT,Regular logout activity,SUCCESS
8b0c9a34-2322-4efc-aa1e-2fb79a10be4b,2025-09-03T01:20:00,a3a85592-9f3f-4845-87b8-dd199fcdc3cc,gmoreno,LOGIN,Regular login activity,SUCCESS
0d73c993-4da0-45e5-91d8-3252be362f61,2025-09-03T01:20:00,859c34dd-4540-49a3-b26d-f82b1455d905,oatkinson,QUERY_END,Regular query_end activity,SUCCESS
038bbdfd-10eb-4a89-885b-232eb350642e,2025-09-03T01:34:00,879c852e-e8e8-45c3-9ead-5fa56c9ecfbc,egarcia,QUERY_START,Regular query_start activity,SUCCESS
08d9f444-b747-42d4-b56b-a961c73d0a92,2025-09-03T01:34:00,9a7a68c7-1b0c-4669-859f-6d352b1e386f,andrew16,QUERY_START,Regular query_start activity,SUCCESS
d783530a-5e8e-4749-bdb1-c8c57fe860ff,2025-09-03T01:41:00,00f99f6f-5fcc-490a-84f9-6b24911c0b2e,emilyhamilton,QUERY_END,Regular query_end activity,SUCCESS
5b1f400f-7da3-47be-938b-fc7e73190eaa,2025-09-03T01:41:00,4663d48b-596a-4f39-b714-8d69ac9a7d2a,robert93,QUERY_END,Regular query_end activity,SUCCESS
7aae31d0-fd1e-4ce8-a0db-51ea2343a657,2025-09-03T01:47:00,7cd584de-ca92-465c-8ea8-5f7ad356bee6,danasandoval,QUERY_START,Regular query_start activity,SUCCESS
411f439e-9b18-4204-855d-971909ecfca2,2025-09-03T01:47:00,a3a85592-9f3f-4845-87b8-dd199fcdc3cc,gmoreno,LOGOUT,Regular logout activity,SUCCESS
f34bfc0a-99d8-432b-9a62-9c5cec8d4462,2025-09-03T01:59:00,5fb2a072-2bab-4b94-9109-9cbea70c5438,bryancuevas,LOGOUT,Regular logout activity,SUCCESS
d47fde83-08c3-435b-9696-ae0979e065bd,2025-09-03T01:59:00,f0c2cfac-cf3b-4053-9e79-a6a4c6bbd187,garciaalison,LOGIN,Regular login activity,SUCCESS
3f784366-1232-4e23-a6c9-b2332b78d8aa,2025-09-03T02:13:00,cea2e75f-1ee1-4b1d-90f5-242f82a02bed,erickennedy,QUERY_START,Regular query_start activity,SUCCESS
d10f466d-187f-4393-a69c-fdfdb76ec027,2025-09-03T02:13:00,9a7a68c7-1b0c-4669-859f-6d352b1e386f,andrew16,LOGOUT,Regular logout activity,SUCCESS
0685a3bd-1aef-4f63-8436-3f91b7ea8ed2,2025-09-03T02:25:00,f0c2cfac-cf3b-4053-9e79-a6a4c6bbd187,garciaalison,LOGIN,Regular login activity,SUCCESS
027b5471-b971-4005-bc08-661cc22e875d,2025-09-03T02:25:00,00f99f6f-5fcc-490a-84f9-6b24911c0b2e,emilyhamilton,LOGIN,Regular login activity,SUCCESS
441bb1df-d170-47fe-b951-6a97948f467a,2025-09-03T02:36:00,f22aa1cf-fe8b-4e78-8492-b46e0f46ffda,brandtmisty,LOGOUT,Regular logout activity,SUCCESS
e0930cc0-8605-4e0e-bb2e-82e429d25586,2025-09-03T02:36:00,4bc8b8f2-4d6e-4d5e-8d40-a7b6b3d6bb03,amandamitchell,LOGOUT,Regular logout activity,SUCCESS
a75a0fdb-edee-43e4-b4f3-3028d98fdb84,2025-09-03T02:48:00,ac5e7ada-2f2f-4292-a0e4-18083982547a,lliu,QUERY_START,Regular query_start activity,SUCCESS
efa01860-0740-4aff-828d-644ebac941a5,2025-09-03T02:48:00,57eba2d7-a4fe-48aa-aa7b-ad0e6f1296b7,jose46,LOGIN,Regular login activity,SUCCESS
36f9a2a4-9589-486e-b2d6-74e11ab3676a,2025-09-03T02:54:00,82e7a6a3-1f49-4f5a-8a2a-96e5a654a185,codyoconnor,QUERY_END,Regular query_end activity,SUCCESS
001431ed-0fc6-4097-a8da-cb3e0f5eb35c,2025-09-03T02:54:00,f0c2cfac-cf3b-4053-9e79-a6a4c6bbd187,garciaalison,QUERY_END,Regular query_end activity,SUCCESS
7d8dbe7a-7c23-4e7e-8add-a7c10eddefba,2025-09-03T03:01:00,4b7e389e-8c78-4e72-ab0b-774df43b399e,hardinjennifer,LOGIN,Regular login activity,SUCCESS
b8aeae09-2a1e-423d-8af5-d89bb7da52bb,2025-09-03T03:01:00,f0c2cfac-cf3b-4053-9e79-a6a4c6bbd187,garciaalison,QUERY_END,Regular query_end activity,SUCCESS
893f236f-6f2f-47f1-8432-9af9046a3c58,2025-09-03T03:06:00,f0c2cfac-cf3b-4053-9e79-a6a4c6bbd187,garciaalison,QUERY_START,Regular query_start activity,SUCCESS
aee7ccce-b4e8-47f8-8448-a63573f3c820,2025-09-03T03:06:00,a3a85592-9f3f-4845-87b8-dd199fcdc3cc,gmoreno,LOGOUT,Regular logout activity,SUCCESS
12d0ed7b-1f99-440e-b88c-dd4cd0af60a7,2025-09-03T03:17:00,879c852e-e8e8-45c3-9ead-5fa56c9ecfbc,egarcia,QUERY_START,Regular query_start activity,SUCCESS
d81e18b6-12c6-458c-bbdd-6aeceaefa8ec,2025-09-03T03:17:00,f0c2cfac-cf3b-4053-9e79-a6a4c6bbd187,garciaalison,LOGIN,Regular login activity,SUCCESS
5eca6e54-c612-40c7-b14c-5911e688305f,2025-09-03T03:24:00,82e7a6a3-1f49-4f5a-8a2a-96e5a654a185,codyoconnor,QUERY_START,Regular query_start activity,SUCCESS
a323e95e-4b5d-4337-aae3-bba5d47e17cd,2025-09-03T03:24:00,57eba2d7-a4fe-48aa-aa7b-ad0e6f1296b7,jose46,QUERY_END,Regular query_end activity,SUCCESS
4b37b436-d567-49a4-93c5-a06cf36c5533,2025-09-03T03:32:00,9a7a68c7-1b0c-4669-859f-6d352b1e386f,andrew16,LOGOUT,Regular logout activity,SUCCESS
0a1954e3-0bad-4560-9384-9c37cecc233a,2025-09-03T03:32:00,9a7a68c7-1b0c-4669-859f-6d352b1e386f,andrew16,QUERY_END,Regular query_end activity,SUCCESS
307f0856-d6a5-4640-ab74-1571d2cf5b40,2025-09-03T03:45:00,f0c2cfac-cf3b-4053-9e79-a6a4c6bbd187,garciaalison,LOGOUT,Regular logout activity,SUCCESS
b3a99821-4f68-4669-8d14-b3eb5cf375fd,2025-09-03T03:45:00,5fb2a072-2bab-4b94-9109-9cbea70c5438,bryancuevas,LOGIN,Regular login activity,SUCCESS
f0700654-7376-4061-aa63-65060c5cb9a2,2025-09-03T03:50:00,a3a85592-9f3f-4845-87b8-dd199fcdc3cc,gmoreno,QUERY_END,Regular query_end activity,SUCCESS
bf89d5da-fc5e-4ec0-abd4-f8c761d599c4,2025-09-03T03:50:00,da0f0f7a-8d2c-4ca9-b82e-cda33fba6610,rachel35,QUERY_START,Regular query_start activity,SUCCESS
334bf83f-b0de-43ac-84a2-03d195db9162,2025-09-03T03:59:00,7cd584de-ca92-465c-8ea8-5f7ad356bee6,danasandoval,LOGIN,Regular login activity,SUCCESS
e6d667f9-99a2-431f-be37-737984fe21ab,2025-09-03T03:59:00,4663d48b-596a-4f39-b714-8d69ac9a7d2a,robert93,QUERY_START,Regular query_start activity,SUCCESS
39c2b645-bc79-4f47-9acd-a5573d3ed0db,2025-09-03T04:08:00,57eba2d7-a4fe-48aa-aa7b-ad0e6f1296b7,jose46,LOGOUT,Regular logout activity,SUCCESS
e813a6fb-6f85-45ac-aeca-76ba66c3d274,2025-09-03T04:08:00,b92c2609-888c-471e-bf61-4363556df9d8,frank26,QUERY_START,Regular query_start activity,SUCCESS
eeb1cbac-5ebb-424e-a630-10371effb2bc,2025-09-03T04:15:00,00f99f6f-5fcc-490a-84f9-6b24911c0b2e,emilyhamilton,LOGIN,Regular login activity,SUCCESS
93cb843c-da92-4cac-ad62-8c96be4c5397,2025-09-03T04:15:00,9a7a68c7-1b0c-4669-859f-6d352b1e386f,andrew16,QUERY_END,Regular query_end activity,SUCCESS
215f795b-35e7-43ab-b0ee-498c7922f120,2025-09-03T04:21:00,3d8cc43f-0f00-40bd-b8b2-34ac61fc0360,rwilliams,LOGIN,Regular login activity,SUCCESS
95647d22-a963-4ab2-94d6-5e0dd982981d,2025-09-03T04:21:00,57eba2d7-a4fe-48aa-aa7b-ad0e6f1296b7,jose46,QUERY_END,Regular query_end activity,SUCCESS
651ab21c-da45-4571-adf4-c2baf25d6666,2025-09-03T04:34:00,ac5e7ada-2f2f-4292-a0e4-18083982547a,lliu,QUERY_START,Regular query_start activity,SUCCESS
18267d4d-1015-4da3-a492-58192f86ca26,2025-09-03T04:34:00,9a7a68c7-1b0c-4669-859f-6d352b1e386f,andrew16,LOGOUT,Regular logout activity,SUCCESS
ff292cc1-8ead-4adb-900a-6762d31f31ad,2025-09-03T04:49:00,00f99f6f-5fcc-490a-84f9-6b24911c0b2e,emilyhamilton,LOGIN,Regular login activity,SUCCESS
9afcfd3d-6782-4d0b-84f9-1f234001e901,2025-09-03T04:49:00,b92c2609-888c-471e-bf61-4363556df9d8,frank26,QUERY_END,Regular query_end activity,SUCCESS
9df48296-dca2-43fd-a0b1-390c32bc63a6,2025-09-03T05:00:00,82e7a6a3-1f49-4f5a-8a2a-96e5a654a185,codyoconnor,LOGIN,Regular login activity,SUCCESS
4e71e52b-c67f-4115-9005-89e438067b1e,2025-09-03T05:00:00,859c34dd-4540-49a3-b26d-f82b1455d905,oatkinson,LOGIN,Regular login activity,SUCCESS
d2dcb524-0838-45e2-bb23-d4c94594c689,2025-09-03T05:10:00,9a7a68c7-1b0c-4669-859f-6d352b1e386f,andrew16,LOGOUT,Regular logout activity,SUCCESS
14fc1476-25dd-43e4-a0b3-55cc43bf1a65,2025-09-03T05:10:00,82e7a6a3-1f49-4f5a-8a2a-96e5a654a185,codyoconnor,LOGIN,Regular login activity,SUCCESS
c71a3919-e743-4dc3-a327-d3816d228926,2025-09-03T05:21:00,859c34dd-4540-49a3-b26d-f82b1455d905,oatkinson,LOGOUT,Regular logout activity,SUCCESS
22de9e78-0ece-4679-a2e2-82fb38bc3682,2025-09-03T05:21:00,f22aa1cf-fe8b-4e78-8492-b46e0f46ffda,brandtmisty,QUERY_END,Regular query_end activity,SUCCESS
a35a528a-c263-4fdd-b2de-ef916e0245d4,2025-09-03T05:35:00,a3a85592-9f3f-4845-87b8-dd199fcdc3cc,gmoreno,LOGOUT,Regular logout activity,SUCCESS
7156f2d9-9034-4e6c-8fd1-fe766a62f98a,2025-09-03T05:35:00,b92c2609-888c-471e-bf61-4363556df9d8,frank26,LOGIN,Regular login activity,SUCCESS
cc19b015-1477-4172-b046-f28bdb686f50,2025-09-03T05:49:00,f0c2cfac-cf3b-4053-9e79-a6a4c6bbd187,garciaalison,LOGIN,Regular login activity,SUCCESS
4caa7b71-0a51-48cc-8ebd-d52a7022611a,2025-09-03T05:49:00,5fb2a072-2bab-4b94-9109-9cbea70c5438,bryancuevas,QUERY_START,Regular query_start activity,SUCCESS
411c0ddd-ce4a-4ecd-85b3-f058afaa7c4f,2025-09-03T05:54:00,4bc8b8f2-4d6e-4d5e-8d40-a7b6b3d6bb03,amandamitchell,LOGIN,Regular login activity,SUCCESS
d58bbd37-cea4-44bb-8adc-0706d2dfb782,2025-09-03T05:54:00,3d8cc43f-0f00-40bd-b8b2-34ac61fc0360,rwilliams,QUERY_END,Regular query_end activity,SUCCESS
5c223fd0-83a8-4123-b940-daf1fb61a189,2025-09-03T06:07:00,57eba2d7-a4fe-48aa-aa7b-ad0e6f1296b7,jose46,QUERY_START,Regular query_start activity,SUCCESS
d1b17618-05a2-455f-aec8-b058282bfe94,2025-09-03T06:07:00,da0f0f7a-8d2c-4ca9-b82e-cda33fba6610,rachel35,QUERY_START,Regular query_start activity,SUCCESS
e804ded6-b2ec-4eb4-9ab8-523ed6d8122d,2025-09-03T06:19:00,4663d48b-596a-4f39-b714-8d69ac9a7d2a,robert93,LOGOUT,Regular logout activity,SUCCESS
90ed0082-d8f9-4f74-880a-2fa6c254c2c8,2025-09-03T06:19:00,57eba2d7-a4fe-48aa-aa7b-ad0e6f1296b7,jose46,QUERY_END,Regular query_end activity,SUCCESS
1b3c866e-992f-4c9f-b2d3-3594b98eab92,2025-09-03T06:34:00,00f99f6f-5fcc-490a-84f9-6b24911c0b2e,emilyhamilton,LOGIN,Regular login activity,SUCCESS
f0b8f71b-b8b5-4eae-8981-2c65014db72e,2025-09-03T06:34:00,ac5e7ada-2f2f-4292-a0e4-18083982547a,lliu,QUERY_END,Regular query_end activity,SUCCESS
b9cb9a13-f12b-4de4-be20-6c4d2233f0b5,2025-09-03T06:42:00,3d8cc43f-0f00-40bd-b8b2-34ac61fc0360,rwilliams,QUERY_START,Regular query_start activity,SUCCESS
e809f2f4-dbe8-471b-bbbe-ec80267156e9,2025-09-03T06:42:00,57eba2d7-a4fe-48aa-aa7b-ad0e6f1296b7,jose46,LOGOUT,Regular logout activity,SUCCESS
96d0509f-9aef-4d55-9e33-7012f7a3a4fb,2025-09-03T06:56:00,a3a85592-9f3f-4845-87b8-dd199fcdc3cc,gmoreno,QUERY_END,Regular query_end activity,SUCCESS
54da4551-a81b-4e07-b1e2-ed0dcd040d33,2025-09-03T06:56:00,7cd584de-ca92-465c-8ea8-5f7ad356bee6,danasandoval,QUERY_START,Regular query_start activity,SUCCESS
96f9e3a0-a29f-48c6-a436-fb479b981769,2025-09-03T07:05:00,859c34dd-4540-49a3-b26d-f82b1455d905,oatkinson,LOGIN,Regular login activity,SUCCESS
aa228137-4255-4054-bf93-07922a0ca960,2025-09-03T07:05:00,00f99f6f-5fcc-490a-84f9-6b24911c0b2e,emilyhamilton,LOGIN,Regular login activity,SUCCESS
64e35c7b-c893-415a-8bbe-164f0d054003,2025-09-03T07:10:00,5fb2a072-2bab-4b94-9109-9cbea70c5438,bryancuevas,LOGOUT,Regular logout activity,SUCCESS
cf7ecb84-9bb5-4d39-9e97-d06575dc8a05,2025-09-03T07:10:00,5fb2a072-2bab-4b94-9109-9cbea70c5438,bryancuevas,QUERY_START,Regular query_start activity,SUCCESS
84c5f409-61b7-4531-881d-1af5c2cb3bbe,2025-09-03T07:15:00,f0c2cfac-cf3b-4053-9e79-a6a4c6bbd187,garciaalison,LOGOUT,Regular logout activity,SUCCESS
62dc2f48-38a4-4da4-84ca-ab1ee53d010d,2025-09-03T07:15:00,00f99f6f-5fcc-490a-84f9-6b24911c0b2e,emilyhamilton,QUERY_START,Regular query_start activity,SUCCESS
a2811275-db86-429a-98fe-15a32eec529a,2025-09-03T07:20:00,89e53854-09b7-4b59-8352-a231c51f8687,glarsen,QUERY_END,Regular query_end activity,SUCCESS
bc571216-8f3d-47c6-a989-15c11b7815c1,2025-09-03T07:20:00,859c34dd-4540-49a3-b26d-f82b1455d905,oatkinson,QUERY_END,Regular query_end activity,SUCCESS
20756285-8cd3-4e24-936e-7cec9204ea9f,2025-09-03T07:30:00,f0c2cfac-cf3b-4053-9e79-a6a4c6bbd187,garciaalison,LOGIN,Regular login activity,SUCCESS
80846bc2-f77f-46e1-b0c8-920e571543e9,2025-09-03T07:30:00,9a7a68c7-1b0c-4669-859f-6d352b1e386f,andrew16,LOGOUT,Regular logout activity,SUCCESS
fa74bc9a-089d-4302-ae09-46ef39c66a07,2025-09-03T07:38:00,da0f0f7a-8d2c-4ca9-b82e-cda33fba6610,rachel35,QUERY_START,Regular query_start activity,SUCCESS
05d0f925-94ed-4cf6-87c5-e4340c9bbc39,2025-09-03T07:38:00,cea2e75f-1ee1-4b1d-90f5-242f82a02bed,erickennedy,QUERY_START,Regular query_start activity,SUCCESS
7c341123-43f0-4208-ac39-221a4df213b2,2025-09-03T07:48:00,57eba2d7-a4fe-48aa-aa7b-ad0e6f1296b7,jose46,QUERY_START,Regular query_start activity,SUCCESS
2027b772-c59c-43e0-ae08-ab020872fa99,2025-09-03T07:48:00,4bc8b8f2-4d6e-4d5e-8d40-a7b6b3d6bb03,amandamitchell,QUERY_START,Regular query_start activity,SUCCESS
33470d9e-18e2-4d68-8b06-b4d2e1f4e70a,2025-09-03T08:00:00,5fb2a072-2bab-4b94-9109-9cbea70c5438,bryancuevas,QUERY_END,Regular query_end activity,SUCCESS
51c95614-fd94-4bc2-8e7b-281202fc4883,2025-09-03T08:00:00,4bc8b8f2-4d6e-4d5e-8d40-a7b6b3d6bb03,amandamitchell,QUERY_END,Regular query_end activity,SUCCESS
ec21b5bb-a6bd-4bbb-9874-94bcdd2e5b71,2025-09-03T08:09:00,859c34dd-4540-49a3-b26d-f82b1455d905,oatkinson,QUERY_END,Regular query_end activity,SUCCESS
b127eb77-7673-4b69-8c4a-7efae28c38bd,2025-09-03T08:09:00,89e53854-09b7-4b59-8352-a231c51f8687,glarsen,LOGOUT,Regular logout activity,SUCCESS
5346ea0b-7c4b-4a40-b204-23d763bebe25,2025-09-03T08:16:00,cea2e75f-1ee1-4b1d-90f5-242f82a02bed,erickennedy,QUERY_START,Regular query_start activity,SUCCESS
626a942d-b2c8-444b-9ef9-d75a519f4587,2025-09-03T08:16:00,ac5e7ada-2f2f-4292-a0e4-18083982547a,lliu,LOGOUT,Regular logout activity,SUCCESS
54cebf0d-a42f-4ace-a27a-56fd144ed6f6,2025-09-03T08:22:00,57eba2d7-a4fe-48aa-aa7b-ad0e6f1296b7,jose46,QUERY_START,Regular query_start activity,SUCCESS
3188d613-5ad0-48da-9c88-d796825121c4,2025-09-03T08:22:00,9a7a68c7-1b0c-4669-859f-6d352b1e386f,andrew16,QUERY_START,Regular query_start activity,SUCCESS
c8a81199-0013-4793-9a83-8d354d548f64,2025-09-03T08:29:00,89e53854-09b7-4b59-8352-a231c51f8687,glarsen,QUERY_START,Regular query_start activity,SUCCESS
9aa030e3-a17f-479a-b66f-6f8a0568a090,2025-09-03T08:29:00,ac5e7ada-2f2f-4292-a0e4-18083982547a,lliu,LOGIN,Regular login activity,SUCCESS
42081fc9-8f28-4ca4-ba78-5e0636ed21a2,2025-09-03T08:40:00,4b7e389e-8c78-4e72-ab0b-774df43b399e,hardinjennifer,QUERY_START,Regular query_start activity,SUCCESS
e78ee7a9-79cb-40c4-aca1-aae261f4664e,2025-09-03T08:40:00,82e7a6a3-1f49-4f5a-8a2a-96e5a654a185,codyoconnor,QUERY_END,Regular query_end activity,SUCCESS
474ee03e-6ab2-4c37-8c8c-36b02caa152b,2025-09-03T08:50:00,4b7e389e-8c78-4e72-ab0b-774df43b399e,hardinjennifer,QUERY_START,Regular query_start activity,SUCCESS
58ae352d-df32-4810-baf1-4dd8823ef26e,2025-09-03T08:50:00,9a7a68c7-1b0c-4669-859f-6d352b1e386f,andrew16,QUERY_START,Regular query_start activity,SUCCESS
d2411b80-d239-4026-bc7d-b2f766cda85c,2025-09-03T08:56:00,3d8cc43f-0f00-40bd-b8b2-34ac61fc0360,rwilliams,LOGOUT,Regular logout activity,SUCCESS
04d54157-39c0-498f-ae0c-5ff4daa22081,2025-09-03T08:56:00,859c34dd-4540-49a3-b26d-f82b1455d905,oatkinson,QUERY_END,Regular query_end activity,SUCCESS
8a4ba7ea-7323-4479-b999-e83660988a15,2025-09-03T09:01:00,b92c2609-888c-471e-bf61-4363556df9d8,frank26,QUERY_END,Regular query_end activity,SUCCESS
01280b31-c280-4d29-9a2c-9f396ecbc821,2025-09-03T09:01:00,3d8cc43f-0f00-40bd-b8b2-34ac61fc0360,rwilliams,LOGIN,Regular login activity,SUCCESS
100de389-8174-461e-8b0f-39aa9fbf9c09,2025-09-03T09:01:00,00f99f6f-5fcc-490a-84f9-6b24911c0b2e,emilyhamilton,QUERY_START,Regular query_start activity,SUCCESS
7efa44d5-fd76-462f-8b21-45aa59dd9ede,2025-09-03T09:01:00,89e53854-09b7-4b59-8352-a231c51f8687,glarsen,QUERY_END,Regular query_end activity,SUCCESS
448d67a5-d095-4c4a-af25-c9accc5b253b,2025-09-03T09:01:00,4663d48b-596a-4f39-b714-8d69ac9a7d2a,robert93,LOGOUT,Regular logout activity,SUCCESS
15f40dab-5c69-49ac-b01c-2bf9ad73e66a,2025-09-03T09:01:00,f0c2cfac-cf3b-4053-9e79-a6a4c6bbd187,garciaalison,LOGOUT,Regular logout activity,SUCCESS
7e89e298-605b-48bc-ad28-02c5fa0ed615,2025-09-03T09:01:00,a3a85592-9f3f-4845-87b8-dd199fcdc3cc,gmoreno,QUERY_END,Regular query_end activity,SUCCESS
1b4b1fef-9697-4b79-9834-d0c73ecf007b,2025-09-03T09:01:00,a3a85592-9f3f-4845-87b8-dd199fcdc3cc,gmoreno,QUERY_START,Regular query_start activity,SUCCESS
201aacae-493d-44fb-997a-e1bdcaa9c770,2025-09-03T09:01:00,4663d48b-596a-4f39-b714-8d69ac9a7d2a,robert93,QUERY_END,Regular query_end activity,SUCCESS
f838faef-570c-4d17-b7ba-3ddeba98199e,2025-09-03T09:01:00,a3a85592-9f3f-4845-87b8-dd199fcdc3cc,gmoreno,LOGIN,Regular login activity,SUCCESS
b547cee9-07ac-4319-b11c-a7ec0c9a4751,2025-09-03T09:15:00,a3a85592-9f3f-4845-87b8-dd199fcdc3cc,gmoreno,LOGIN,Regular login activity,SUCCESS
a013b5d3-98e0-47c2-a565-a07419918ac4,2025-09-03T09:15:00,f0c2cfac-cf3b-4053-9e79-a6a4c6bbd187,garciaalison,LOGIN,Regular login activity,SUCCESS
2cbc8d65-ffb6-4fb4-9a55-6b9319b44ad1,2025-09-03T09:15:00,82e7a6a3-1f49-4f5a-8a2a-96e5a654a185,codyoconnor,QUERY_START,Regular query_start activity,SUCCESS
18a5edc2-0515-4123-84e3-d27f0736f816,2025-09-03T09:15:00,9a7a68c7-1b0c-4669-859f-6d352b1e386f,andrew16,LOGOUT,Regular logout activity,SUCCESS
e640e9da-22cf-4ec6-89f0-e349e8ad995b,2025-09-03T09:15:00,da0f0f7a-8d2c-4ca9-b82e-cda33fba6610,rachel35,QUERY_START,Regular query_start activity,SUCCESS
55ecbaa5-c09e-47ac-8761-b3f74c2a52f6,2025-09-03T09:15:00,82e7a6a3-1f49-4f5a-8a2a-96e5a654a185,codyoconnor,QUERY_END,Regular query_end activity,SUCCESS
e5d0e456-1f97-4282-94e9-86047a023617,2025-09-03T09:15:00,89e53854-09b7-4b59-8352-a231c51f8687,glarsen,QUERY_START,Regular query_start activity,SUCCESS
43c2a944-406d-4aaa-9237-a22745675ee7,2025-09-03T09:15:00,f22aa1cf-fe8b-4e78-8492-b46e0f46ffda,brandtmisty,LOGIN,Regular login activity,SUCCESS
f5afc2f7-3b56-4cf9-bea6-c0f4398b0e7a,2025-09-03T09:15:00,859c34dd-4540-49a3-b26d-f82b1455d905,oatkinson,LOGIN,Regular login activity,SUCCESS
c990c965-64d2-42ed-8ee8-2115ff3a77f7,2025-09-03T09:15:00,f0c2cfac-cf3b-4053-9e79-a6a4c6bbd187,garciaalison,LOGIN,Regular login activity,SUCCESS
953aecbd-9244-430c-9e46-e315ee614180,2025-09-03T09:24:00,4663d48b-596a-4f39-b714-8d69ac9a7d2a,robert93,QUERY_START,Regular query_start activity,SUCCESS
3e4deb22-641a-4b14-84b6-ae346dbf1e16,2025-09-03T09:24:00,a3a85592-9f3f-4845-87b8-dd199fcdc3cc,gmoreno,LOGOUT,Regular logout activity,SUCCESS
cde72985-6920-49d8-ac43-7b0f3cc4ac1a,2025-09-03T09:24:00,859c34dd-4540-49a3-b26d-f82b1455d905,oatkinson,LOGOUT,Regular logout activity,SUCCESS
78c585d5-a3dc-41c7-adab-2cfc59e759f9,2025-09-03T09:24:00,3d8cc43f-0f00-40bd-b8b2-34ac61fc0360,rwilliams,LOGIN,Regular login activity,SUCCESS
3e9f98ba-d2d4-46da-b64e-d5d9fdfd9085,2025-09-03T09:24:00,9a7a68c7-1b0c-4669-859f-6d352b1e386f,andrew16,QUERY_START,Regular query_start activity,SUCCESS
ef4c672f-dac9-4385-8c5e-13d26f3ca9cf,2025-09-03T09:24:00,57eba2d7-a4fe-48aa-aa7b-ad0e6f1296b7,jose46,QUERY_START,Regular query_start activity,SUCCESS
bd063a95-4cc9-4ee1-9f87-a9b20f50495b,2025-09-03T09:24:00,da0f0f7a-8d2c-4ca9-b82e-cda33fba6610,rachel35,QUERY_START,Regular query_start activity,SUCCESS
5633c7e2-111b-460f-bd3a-07e55fd97a0b,2025-09-03T09:24:00,f22aa1cf-fe8b-4e78-8492-b46e0f46ffda,brandtmisty,LOGIN,Regular login activity,SUCCESS
3402e0ce-8aec-4c7f-9c1a-a1c23ccdbda5,2025-09-03T09:24:00,57eba2d7-a4fe-48aa-aa7b-ad0e6f1296b7,jose46,QUERY_END,Regular query_end activity,SUCCESS
8a0b20c3-9528-4c04-8610-d7d2f1499c43,2025-09-03T09:24:00,cea2e75f-1ee1-4b1d-90f5-242f82a02bed,erickennedy,QUERY_START,Regular query_start activity,SUCCESS
01caa21e-6ca7-4f48-9027-cf490255c4d1,2025-09-03T09:38:00,89e53854-09b7-4b59-8352-a231c51f8687,glarsen,QUERY_START,Regular query_start activity,SUCCESS
17590d9f-d699-44e9-b55a-39d5d911f0ef,2025-09-03T09:38:00,da0f0f7a-8d2c-4ca9-b82e-cda33fba6610,rachel35,LOGIN,Regular login activity,SUCCESS
d7b91f4a-6630-4aba-8b7f-d54116b192a9,2025-09-03T09:38:00,f0c2cfac-cf3b-4053-9e79-a6a4c6bbd187,garciaalison,LOGOUT,Regular logout activity,SUCCESS
10d6aa8f-6ded-4f08-83c8-b3e9ad04fa29,2025-09-03T09:38:00,f22aa1cf-fe8b-4e78-8492-b46e0f46ffda,brandtmisty,LOGOUT,Regular logout activity,SUCCESS
3444cc1d-2f0b-4305-8aee-d567bb7de839,2025-09-03T09:38:00,b92c2609-888c-471e-bf61-4363556df9d8,frank26,LOGOUT,Regular logout activity,SUCCESS
899807b4-4fea-42dc-b1f9-8c0d3bedde6a,2025-09-03T09:38:00,ac5e7ada-2f2f-4292-a0e4-18083982547a,lliu,QUERY_END,Regular query_end activity,SUCCESS
56dddb5f-d7f6-4c88-93b7-5ff6507fd3f5,2025-09-03T09:38:00,00f99f6f-5fcc-490a-84f9-6b24911c0b2e,emilyhamilton,LOGOUT,Regular logout activity,SUCCESS
6434576e-4995-4300-9855-b18e42ab39da,2025-09-03T09:38:00,f22aa1cf-fe8b-4e78-8492-b46e0f46ffda,brandtmisty,LOGIN,Regular login activity,SUCCESS
2456034e-0616-40c9-8ee4-52bf7d64ae41,2025-09-03T09:38:00,da0f0f7a-8d2c-4ca9-b82e-cda33fba6610,rachel35,QUERY_END,Regular query_end activity,SUCCESS
d147df2d-02ed-4f9b-a6f7-a4c39db02f92,2025-09-03T09:38:00,4bc8b8f2-4d6e-4d5e-8d40-a7b6b3d6bb03,amandamitchell,QUERY_START,Regular query_start activity,SUCCESS
e73b1c6e-7695-4127-ace2-037dee702164,2025-09-03T09:48:00,da0f0f7a-8d2c-4ca9-b82e-cda33fba6610,rachel35,LOGIN,Regular login activity,SUCCESS
fbbb3524-db79-4b8f-a3a8-be64189a60b2,2025-09-03T09:48:00,89e53854-09b7-4b59-8352-a231c51f8687,glarsen,QUERY_END,Regular query_end activity,SUCCESS
8b036370-c645-48dd-9efb-9c5a91fd39b4,2025-09-03T09:48:00,da0f0f7a-8d2c-4ca9-b82e-cda33fba6610,rachel35,LOGOUT,Regular logout activity,SUCCESS
0d8793fe-81d7-4ef6-abb9-4d20e83ceb9a,2025-09-03T09:48:00,89e53854-09b7-4b59-8352-a231c51f8687,glarsen,LOGOUT,Regular logout activity,SUCCESS
b92335bf-f3ad-4979-ac49-f4e926c318d1,2025-09-03T09:48:00,4bc8b8f2-4d6e-4d5e-8d40-a7b6b3d6bb03,amandamitchell,LOGOUT,Regular logout activity,SUCCESS
c9891607-8b9e-441e-b326-09cc53bf9970,2025-09-03T09:48:00,b92c2609-888c-471e-bf61-4363556df9d8,frank26,QUERY_END,Regular query_end activity,SUCCESS
20e05b18-8a25-4d9c-be0f-bad91346f0b4,2025-09-03T09:48:00,b92c2609-888c-471e-bf61-4363556df9d8,frank26,LOGIN,Regular login activity,SUCCESS
dc8dba47-98ad-49ae-8faf-ca4e5097feb6,2025-09-03T09:48:00,4663d48b-596a-4f39-b714-8d69ac9a7d2a,robert93,LOGOUT,Regular logout activity,SUCCESS
e7d26243-c41e-44fe-88e6-d8a503f1309f,2025-09-03T09:48:00,b92c2609-888c-471e-bf61-4363556df9d8,frank26,QUERY_END,Regular query_end activity,SUCCESS
1ca367b6-c16b-476d-9fb5-8137ecc24cd3,2025-09-03T09:48:00,7cd584de-ca92-465c-8ea8-5f7ad356bee6,danasandoval,LOGIN,Regular login activity,SUCCESS
1258eef1-f9e4-4ca1-b063-20575313b162,2025-09-03T10:01:00,00f99f6f-5fcc-490a-84f9-6b24911c0b2e,emilyhamilton,LOGOUT,Regular logout activity,SUCCESS
4dec79bf-fd6f-485f-b7ec-599a5a59a233,2025-09-03T10:01:00,a3a85592-9f3f-4845-87b8-dd199fcdc3cc,gmoreno,LOGIN,Regular login activity,SUCCESS
15f42c06-fdb9-496f-9578-89a2c3d8433f,2025-09-03T10:01:00,57eba2d7-a4fe-48aa-aa7b-ad0e6f1296b7,jose46,LOGOUT,Regular logout activity,SUCCESS
445e4082-5f40-4ad0-8336-44f26aae8c8a,2025-09-03T10:01:00,4663d48b-596a-4f39-b714-8d69ac9a7d2a,robert93,LOGIN,Regular login activity,SUCCESS
81b28459-b1c3-42b9-8c64-a4fae2d77af5,2025-09-03T10:01:00,4bc8b8f2-4d6e-4d5e-8d40-a7b6b3d6bb03,amandamitchell,LOGOUT,Regular logout activity,SUCCESS
00577b66-37bd-4b58-a6d5-556ce36c66b9,2025-09-03T10:01:00,ac5e7ada-2f2f-4292-a0e4-18083982547a,lliu,LOGOUT,Regular logout activity,SUCCESS
f78717d2-4ac1-45b3-921d-b316b2bcf7a6,2025-09-03T10:01:00,f22aa1cf-fe8b-4e78-8492-b46e0f46ffda,brandtmisty,QUERY_END,Regular query_end activity,SUCCESS
c126887c-b9b5-4884-9af5-4dc7100fe7a9,2025-09-03T10:01:00,b92c2609-888c-471e-bf61-4363556df9d8,frank26,QUERY_START,Regular query_start activity,SUCCESS
debeea61-2d92-41c9-a4f7-d83c13a44a47,2025-09-03T10:01:00,da0f0f7a-8d2c-4ca9-b82e-cda33fba6610,rachel35,LOGOUT,Regular logout activity,SUCCESS
b7d57c60-a5b7-4105-b6a7-80c04a52dbe1,2025-09-03T10:01:00,4bc8b8f2-4d6e-4d5e-8d40-a7b6b3d6bb03,amandamitchell,LOGIN,Regular login activity,SUCCESS
4cc693e2-5cab-4883-9fa7-7b471e9ce6ab,2025-09-03T10:16:00,f22aa1cf-fe8b-4e78-8492-b46e0f46ffda,brandtmisty,LOGIN,Regular login activity,SUCCESS
b8b4543f-08b9-48eb-b4c0-94217fb9da89,2025-09-03T10:16:00,9a7a68c7-1b0c-4669-859f-6d352b1e386f,andrew16,QUERY_START,Regular query_start activity,SUCCESS
eef06ffe-e726-4bcd-9b46-05b0348821bd,2025-09-03T10:16:00,57eba2d7-a4fe-48aa-aa7b-ad0e6f1296b7,jose46,LOGIN,Regular login activity,SUCCESS
287e1e24-a254-4196-9d16-b3926fe3b04c,2025-09-03T10:16:00,b92c2609-888c-471e-bf61-4363556df9d8,frank26,QUERY_END,Regular query_end activity,SUCCESS
c1411e5c-4752-4a0c-8f0b-cab33d8cce48,2025-09-03T10:16:00,879c852e-e8e8-45c3-9ead-5fa56c9ecfbc,egarcia,QUERY_END,Regular query_end activity,SUCCESS
df62ceed-afd1-4d41-acd3-eb7f148dc756,2025-09-03T10:16:00,4663d48b-596a-4f39-b714-8d69ac9a7d2a,robert93,LOGOUT,Regular logout activity,SUCCESS
1279cd85-5cf9-40e0-a957-8fd315b695f7,2025-09-03T10:16:00,57eba2d7-a4fe-48aa-aa7b-ad0e6f1296b7,jose46,QUERY_START,Regular query_start activity,SUCCESS
ff95550f-3a87-4817-b402-b43611843c72,2025-09-03T10:16:00,82e7a6a3-1f49-4f5a-8a2a-96e5a654a185,codyoconnor,QUERY_END,Regular query_end activity,SUCCESS
00ea12a4-2915-4481-bfa6-fbe79f620110,2025-09-03T10:16:00,f0c2cfac-cf3b-4053-9e79-a6a4c6bbd187,garciaalison,LOGOUT,Regular logout activity,SUCCESS
55645375-4aeb-4f2d-a285-0274097b1ca7,2025-09-03T10:16:00,4bc8b8f2-4d6e-4d5e-8d40-a7b6b3d6bb03,amandamitchell,LOGOUT,Regular logout activity,SUCCESS
706e10da-b7f8-42ea-b041-6fa8576fc5e4,2025-09-03T10:28:00,3d8cc43f-0f00-40bd-b8b2-34ac61fc0360,rwilliams,LOGIN,Regular login activity,SUCCESS
05a01609-0975-47b8-aa59-acf3289660ad,2025-09-03T10:28:00,859c34dd-4540-49a3-b26d-f82b1455d905,oatkinson,QUERY_END,Regular query_end activity,SUCCESS
dba6383e-6aec-4f30-b01c-4e640992f516,2025-09-03T10:28:00,b92c2609-888c-471e-bf61-4363556df9d8,frank26,LOGOUT,Regular logout activity,SUCCESS
093d3125-7502-4901-a7e5-26310b20b2d8,2025-09-03T10:28:00,4b7e389e-8c78-4e72-ab0b-774df43b399e,hardinjennifer,QUERY_END,Regular query_end activity,SUCCESS
f7474090-1edd-4678-8914-05b4ae220169,2025-09-03T10:28:00,57eba2d7-a4fe-48aa-aa7b-ad0e6f1296b7,jose46,QUERY_END,Regular query_end activity,SUCCESS
2bef2780-74ab-424e-9400-365c6bf27cb7,2025-09-03T10:28:00,82e7a6a3-1f49-4f5a-8a2a-96e5a654a185,codyoconnor,QUERY_START,Regular query_start activity,SUCCESS
8ed9b50e-12b4-49e7-a387-e2083e5c68cb,2025-09-03T10:28:00,9a7a68c7-1b0c-4669-859f-6d352b1e386f,andrew16,QUERY_START,Regular query_start activity,SUCCESS
4406251e-16c3-426a-99b6-3ce1ee12c7f5,2025-09-03T10:28:00,4b7e389e-8c78-4e72-ab0b-774df43b399e,hardinjennifer,LOGOUT,Regular logout activity,SUCCESS
4f05a8f0-26a3-401d-a6d3-67f939a8da12,2025-09-03T10:28:00,57eba2d7-a4fe-48aa-aa7b-ad0e6f1296b7,jose46,LOGOUT,Regular logout activity,SUCCESS
95e2121e-aa2b-40c1-9bb2-6d7a1ec6c8c9,2025-09-03T10:28:00,89e53854-09b7-4b59-8352-a231c51f8687,glarsen,LOGOUT,Regular logout activity,SUCCESS
d6a9665b-0580-42e9-ba10-9e2ddc72a4b1,2025-09-03T10:41:00,4bc8b8f2-4d6e-4d5e-8d40-a7b6b3d6bb03,amandamitchell,QUERY_START,Regular query_start activity,SUCCESS
43ada6ec-8212-4eb0-bd73-c5a4137913d8,2025-09-03T10:41:00,ac5e7ada-2f2f-4292-a0e4-18083982547a,lliu,QUERY_END,Regular query_end activity,SUCCESS
d7b4ca01-4296-4ce8-af89-95e81ffa70d6,2025-09-03T10:41:00,5fb2a072-2bab-4b94-9109-9cbea70c5438,bryancuevas,QUERY_START,Regular query_start activity,SUCCESS
d92f953f-0d04-4031-9d9b-efdd78b902d9,2025-09-03T10:41:00,ac5e7ada-2f2f-4292-a0e4-18083982547a,lliu,QUERY_END,Regular query_end activity,SUCCESS
51122dcf-2d01-4fab-baaa-661d94c469f3,2025-09-03T10:41:00,57eba2d7-a4fe-48aa-aa7b-ad0e6f1296b7,jose46,QUERY_END,Regular query_end activity,SUCCESS
c49d9ace-9c40-4b89-8028-0e23bad70dca,2025-09-03T10:41:00,5fb2a072-2bab-4b94-9109-9cbea70c5438,bryancuevas,LOGOUT,Regular logout activity,SUCCESS
1779e47c-0c43-4f59-9b3b-ca4c30c2408f,2025-09-03T10:41:00,4bc8b8f2-4d6e-4d5e-8d40-a7b6b3d6bb03,amandamitchell,QUERY_END,Regular query_end activity,SUCCESS
8d84cc61-2fd7-4958-8534-8b70c7e74e8c,2025-09-03T10:41:00,859c34dd-4540-49a3-b26d-f82b1455d905,oatkinson,LOGOUT,Regular logout activity,SUCCESS
9487f57a-63d9-4824-b0d2-1c2e2ad507fb,2025-09-03T10:41:00,57eba2d7-a4fe-48aa-aa7b-ad0e6f1296b7,jose46,QUERY_START,Regular query_start activity,SUCCESS
93eb8589-4c84-483c-bfc2-4f01fa1b0431,2025-09-03T10:41:00,f0c2cfac-cf3b-4053-9e79-a6a4c6bbd187,garciaalison,LOGIN,Regular login activity,SUCCESS
853ba202-e84a-4412-ba2e-7fbd7467eebf,2025-09-03T10:52:00,7cd584de-ca92-465c-8ea8-5f7ad356bee6,danasandoval,LOGIN,Regular login activity,SUCCESS
f6e16aed-b370-473b-96f0-c7778c2ef92b,2025-09-03T10:52:00,b92c2609-888c-471e-bf61-4363556df9d8,frank26,QUERY_START,Regular query_start activity,SUCCESS
b9a0dd09-d10b-45d8-b693-81a02862c759,2025-09-03T10:52:00,ac5e7ada-2f2f-4292-a0e4-18083982547a,lliu,QUERY_END,Regular query_end activity,SUCCESS
83ef9b6f-7688-4c64-b334-b58f63bd6132,2025-09-03T10:52:00,5fb2a072-2bab-4b94-9109-9cbea70c5438,bryancuevas,QUERY_START,Regular query_start activity,SUCCESS
b5e3dd1e-0cf7-4774-aba0-6177436f03ec,2025-09-03T10:52:00,3d8cc43f-0f00-40bd-b8b2-34ac61fc0360,rwilliams,LOGIN,Regular login activity,SUCCESS
9110ce8e-2604-4020-b21e-eba8355f1ede,2025-09-03T10:52:00,cea2e75f-1ee1-4b1d-90f5-242f82a02bed,erickennedy,QUERY_START,Regular query_start activity,SUCCESS
0943b48f-3fea-444e-8b37-191ed818ed77,2025-09-03T10:52:00,00f99f6f-5fcc-490a-84f9-6b24911c0b2e,emilyhamilton,QUERY_END,Regular query_end activity,SUCCESS
c746ebe8-83c6-4cde-b3eb-80116db13c9a,2025-09-03T10:52:00,da0f0f7a-8d2c-4ca9-b82e-cda33fba6610,rachel35,LOGIN,Regular login activity,SUCCESS
9339a3b9-e595-4b5a-8011-151859fb2181,2025-09-03T10:52:00,3d8cc43f-0f00-40bd-b8b2-34ac61fc0360,rwilliams,LOGOUT,Regular logout activity,SUCCESS
f2fbf8c9-738b-4b46-bca0-c1e3ad317374,2025-09-03T10:52:00,4b7e389e-8c78-4e72-ab0b-774df43b399e,hardinjennifer,QUERY_START,Regular query_start activity,SUCCESS
7f3faddd-f7dc-436c-8219-f24c4eebd2ea,2025-09-03T11:06:00,4bc8b8f2-4d6e-4d5e-8d40-a7b6b3d6bb03,amandamitchell,LOGIN,Regular login activity,SUCCESS
c4131a10-0759-494c-8d97-008c4b295a75,2025-09-03T11:06:00,89e53854-09b7-4b59-8352-a231c51f8687,glarsen,LOGOUT,Regular logout activity,SUCCESS
42dc179a-0a3d-43a2-b089-da94dd6bd6ea,2025-09-03T11:06:00,9a7a68c7-1b0c-4669-859f-6d352b1e386f,andrew16,LOGOUT,Regular logout activity,SUCCESS
91c6a8d9-67ad-416b-96f8-fe57aba189bc,2025-09-03T11:06:00,b92c2609-888c-471e-bf61-4363556df9d8,frank26,QUERY_START,Regular query_start activity,SUCCESS
144fedb5-0e9d-4a48-82b5-ef1d6da02f50,2025-09-03T11:06:00,9a7a68c7-1b0c-4669-859f-6d352b1e386f,andrew16,QUERY_END,Regular query_end activity,SUCCESS
4e0cc390-7ccd-4895-a5d8-52d3787f6817,2025-09-03T11:06:00,f0c2cfac-cf3b-4053-9e79-a6a4c6bbd187,garciaalison,QUERY_END,Regular query_end activity,SUCCESS
34662b5b-68be-4f69-aba2-bfbe685ae6e4,2025-09-03T11:06:00,879c852e-e8e8-45c3-9ead-5fa56c9ecfbc,egarcia,LOGOUT,Regular logout activity,SUCCESS
7f5aac01-5121-4beb-a3bf-6d26fe9c0973,2025-09-03T11:06:00,4b7e389e-8c78-4e72-ab0b-774df43b399e,hardinjennifer,LOGIN,Regular login activity,SUCCESS
377f7d3d-542e-45cd-a908-9055f99b94ea,2025-09-03T11:06:00,00f99f6f-5fcc-490a-84f9-6b24911c0b2e,emilyhamilton,QUERY_START,Regular query_start activity,SUCCESS
25200543-ae65-441f-8f5e-955ac65631c3,2025-09-03T11:06:00,82e7a6a3-1f49-4f5a-8a2a-96e5a654a185,codyoconnor,QUERY_END,Regular query_end activity,SUCCESS
bd851dfa-d46e-407a-a5b5-89843d68eb37,2025-09-03T11:14:00,4b7e389e-8c78-4e72-ab0b-774df43b399e,hardinjennifer,LOGOUT,Regular logout activity,SUCCESS
7177cf40-414c-4c12-8559-562c92059865,2025-09-03T11:14:00,00f99f6f-5fcc-490a-84f9-6b24911c0b2e,emilyhamilton,QUERY_START,Regular query_start activity,SUCCESS
eed5e73d-6940-43e6-a6e9-ef152fc32e46,2025-09-03T11:14:00,879c852e-e8e8-45c3-9ead-5fa56c9ecfbc,egarcia,QUERY_START,Regular query_start activity,SUCCESS
cb83b265-6b1a-418b-9870-25c1a28e3988,2025-09-03T11:14:00,57eba2d7-a4fe-48aa-aa7b-ad0e6f1296b7,jose46,QUERY_END,Regular query_end activity,SUCCESS
09a9e38d-5983-41cd-b22f-5102504c1eeb,2025-09-03T11:14:00,cea2e75f-1ee1-4b1d-90f5-242f82a02bed,erickennedy,LOGOUT,Regular logout activity,SUCCESS
445c8f1f-140f-4a24-b5c7-4eca05e715cd,2025-09-03T11:14:00,ac5e7ada-2f2f-4292-a0e4-18083982547a,lliu,QUERY_START,Regular query_start activity,SUCCESS
ac39c833-6eea-4048-8db6-630a7566e5b2,2025-09-03T11:14:00,879c852e-e8e8-45c3-9ead-5fa56c9ecfbc,egarcia,LOGIN,Regular login activity,SUCCESS
abe9f142-409c-489c-821d-c004ff538560,2025-09-03T11:14:00,82e7a6a3-1f49-4f5a-8a2a-96e5a654a185,codyoconnor,LOGOUT,Regular logout activity,SUCCESS
2d60122e-9698-4456-bd6d-cf8fa299a34e,2025-09-03T11:14:00,b92c2609-888c-471e-bf61-4363556df9d8,frank26,LOGIN,Regular login activity,SUCCESS
cd4b3b39-7837-41ea-b294-834f9baae5a9,2025-09-03T11:14:00,9a7a68c7-1b0c-4669-859f-6d352b1e386f,andrew16,LOGIN,Regular login activity,SUCCESS
1d90d2cb-495a-4536-bfa2-02336c472bb5,2025-09-03T11:21:00,3d8cc43f-0f00-40bd-b8b2-34ac61fc0360,rwilliams,QUERY_START,Regular query_start activity,SUCCESS
57d2e5b2-7100-4b4c-bd7c-bfc26cc1ac02,2025-09-03T11:21:00,a3a85592-9f3f-4845-87b8-dd199fcdc3cc,gmoreno,LOGIN,Regular login activity,SUCCESS
3023d89d-30a6-477a-9688-55101b07cb01,2025-09-03T11:21:00,9a7a68c7-1b0c-4669-859f-6d352b1e386f,andrew16,QUERY_END,Regular query_end activity,SUCCESS
390762aa-5d9d-485f-b6ee-06d0c4b1ae3f,2025-09-03T11:21:00,82e7a6a3-1f49-4f5a-8a2a-96e5a654a185,codyoconnor,QUERY_END,Regular query_end activity,SUCCESS
fbedd4b7-c277-4b19-84ce-5bd3bf087f55,2025-09-03T11:21:00,9a7a68c7-1b0c-4669-859f-6d352b1e386f,andrew16,LOGIN,Regular login activity,SUCCESS
06227b5b-e362-4aff-b7ca-6164e46a3797,2025-09-03T11:21:00,a3a85592-9f3f-4845-87b8-dd199fcdc3cc,gmoreno,QUERY_START,Regular query_start activity,SUCCESS
8fa58d91-c8ce-418c-b7bc-d57235e9c4d1,2025-09-03T11:21:00,b92c2609-888c-471e-bf61-4363556df9d8,frank26,QUERY_START,Regular query_start activity,SUCCESS
1d50f98d-6087-410c-8d6b-2160d33c17e0,2025-09-03T11:21:00,82e7a6a3-1f49-4f5a-8a2a-96e5a654a185,codyoconnor,LOGOUT,Regular logout activity,SUCCESS
e2bf00b8-6194-4fe7-949c-458e877aecad,2025-09-03T11:21:00,5fb2a072-2bab-4b94-9109-9cbea70c5438,bryancuevas,QUERY_END,Regular query_end activity,SUCCESS
43047212-e611-473e-90ec-45e7fe4810f3,2025-09-03T11:21:00,4b7e389e-8c78-4e72-ab0b-774df43b399e,hardinjennifer,LOGIN,Regular login activity,SUCCESS
91ed5b7a-d888-4bf3-91dd-e0f660e8fbc2,2025-09-03T11:36:00,f0c2cfac-cf3b-4053-9e79-a6a4c6bbd187,garciaalison,QUERY_END,Regular query_end activity,SUCCESS
b916bad4-4b7a-4b35-972d-939817415d27,2025-09-03T11:36:00,5fb2a072-2bab-4b94-9109-9cbea70c5438,bryancuevas,LOGOUT,Regular logout activity,SUCCESS
5a46045e-89f7-4ff1-906b-d78ef0555987,2025-09-03T11:36:00,cea2e75f-1ee1-4b1d-90f5-242f82a02bed,erickennedy,QUERY_END,Regular query_end activity,SUCCESS
a3c65ed9-74fd-473d-bd3b-397d44d31d69,2025-09-03T11:36:00,9a7a68c7-1b0c-4669-859f-6d352b1e386f,andrew16,QUERY_END,Regular query_end activity,SUCCESS
c8092029-10fa-402c-aa2c-1777676495b9,2025-09-03T11:36:00,4bc8b8f2-4d6e-4d5e-8d40-a7b6b3d6bb03,amandamitchell,LOGIN,Regular login activity,SUCCESS
f403dc9b-11e3-4556-bf6f-6e737fe6473d,2025-09-03T11:36:00,859c34dd-4540-49a3-b26d-f82b1455d905,oatkinson,QUERY_END,Regular query_end activity,SUCCESS
9d5325c7-c205-424f-bc7a-ca937bf9e3af,2025-09-03T11:36:00,4bc8b8f2-4d6e-4d5e-8d40-a7b6b3d6bb03,amandamitchell,LOGOUT,Regular logout activity,SUCCESS
d56db01a-00b7-4ea7-b58e-8b91b03c0266,2025-09-03T11:36:00,859c34dd-4540-49a3-b26d-f82b1455d905,oatkinson,QUERY_START,Regular query_start activity,SUCCESS
88837b6b-bac6-45ed-b2ba-c8d442ad6028,2025-09-03T11:36:00,82e7a6a3-1f49-4f5a-8a2a-96e5a654a185,codyoconnor,QUERY_END,Regular query_end activity,SUCCESS
ea3548b6-ad56-4726-ac5b-5ed721991d22,2025-09-03T11:36:00,4b7e389e-8c78-4e72-ab0b-774df43b399e,hardinjennifer,QUERY_END,Regular query_end activity,SUCCESS
b24d5ad8-23ab-4b53-9881-cc66280a54c8,2025-09-03T11:41:00,a3a85592-9f3f-4845-87b8-dd199fcdc3cc,gmoreno,QUERY_END,Regular query_end activity,SUCCESS
273012a3-2677-4c8f-91f9-ea738977cc8c,2025-09-03T11:41:00,57eba2d7-a4fe-48aa-aa7b-ad0e6f1296b7,jose46,QUERY_START,Regular query_start activity,SUCCESS
61c55016-964b-48f3-ad94-90ece774de7b,2025-09-03T11:41:00,b92c2609-888c-471e-bf61-4363556df9d8,frank26,LOGOUT,Regular logout activity,SUCCESS
45c0c68a-0a61-455b-a09f-030612888096,2025-09-03T11:41:00,3d8cc43f-0f00-40bd-b8b2-34ac61fc0360,rwilliams,QUERY_END,Regular query_end activity,SUCCESS
ffb3b8b9-814e-45e0-89b9-0b658f6b07ba,2025-09-03T11:41:00,879c852e-e8e8-45c3-9ead-5fa56c9ecfbc,egarcia,QUERY_START,Regular query_start activity,SUCCESS
d3a4e0a0-7051-4b94-9b05-8bd5bd4e0084,2025-09-03T11:41:00,859c34dd-4540-49a3-b26d-f82b1455d905,oatkinson,QUERY_START,Regular query_start activity,SUCCESS
c986123a-26a6-43a8-a304-e2a038e77694,2025-09-03T11:41:00,f0c2cfac-cf3b-4053-9e79-a6a4c6bbd187,garciaalison,QUERY_END,Regular query_end activity,SUCCESS
4778f432-4ff9-4336-a498-d3514c90b768,2025-09-03T11:41:00,9a7a68c7-1b0c-4669-859f-6d352b1e386f,andrew16,LOGOUT,Regular logout activity,SUCCESS
7ece1711-fdee-4d6e-9f89-2330c911b1e4,2025-09-03T11:41:00,4b7e389e-8c78-4e72-ab0b-774df43b399e,hardinjennifer,LOGIN,Regular login activity,SUCCESS
3ad3d81a-0d03-444c-b190-7efc98f53468,2025-09-03T11:41:00,f22aa1cf-fe8b-4e78-8492-b46e0f46ffda,brandtmisty,LOGOUT,Regular logout activity,SUCCESS
381ca1a7-af67-4ced-870b-8a1bce95f5b7,2025-09-03T11:51:00,4b7e389e-8c78-4e72-ab0b-774df43b399e,hardinjennifer,QUERY_END,Regular query_end activity,SUCCESS
75281519-1d55-412d-b2f2-512e19745fe6,2025-09-03T11:51:00,82e7a6a3-1f49-4f5a-8a2a-96e5a654a185,codyoconnor,QUERY_END,Regular query_end activity,SUCCESS
825cb8c3-c2cc-4e49-991d-4e858442984e,2025-09-03T11:51:00,57eba2d7-a4fe-48aa-aa7b-ad0e6f1296b7,jose46,QUERY_START,Regular query_start activity,SUCCESS
48f268e2-dc62-44db-b625-7977f387e6fe,2025-09-03T11:51:00,ac5e7ada-2f2f-4292-a0e4-18083982547a,lliu,QUERY_END,Regular query_end activity,SUCCESS
c495d4e0-4f85-4c79-a1e1-d49ea00d6285,2025-09-03T11:51:00,f22aa1cf-fe8b-4e78-8492-b46e0f46ffda,brandtmisty,LOGIN,Regular login activity,SUCCESS
e82a48b6-89d0-4a7b-9b9b-04cedfbc6b16,2025-09-03T11:51:00,cea2e75f-1ee1-4b1d-90f5-242f82a02bed,erickennedy,LOGIN,Regular login activity,SUCCESS
29c1683e-af41-4c48-a644-469b7a2e94eb,2025-09-03T11:51:00,cea2e75f-1ee1-4b1d-90f5-242f82a02bed,erickennedy,LOGIN,Regular login activity,SUCCESS
f507006d-7f10-4357-90b1-eeecc0c46eb1,2025-09-03T11:51:00,4663d48b-596a-4f39-b714-8d69ac9a7d2a,robert93,LOGOUT,Regular logout activity,SUCCESS
df978b38-87fd-463f-8a38-207b49a0fce7,2025-09-03T11:51:00,89e53854-09b7-4b59-8352-a231c51f8687,glarsen,LOGOUT,Regular logout activity,SUCCESS
f7f37fa3-87a7-4903-9e62-d55bbf5d2741,2025-09-03T11:51:00,4b7e389e-8c78-4e72-ab0b-774df43b399e,hardinjennifer,QUERY_START,Regular query_start activity,SUCCESS
e16cf85a-c9d5-4508-924e-e13357a0a8fe,2025-09-03T12:00:00,3d8cc43f-0f00-40bd-b8b2-34ac61fc0360,rwilliams,QUERY_START,Regular query_start activity,SUCCESS
cf822a1b-0955-4559-a211-bccc52531f70,2025-09-03T12:00:00,9a7a68c7-1b0c-4669-859f-6d352b1e386f,andrew16,QUERY_END,Regular query_end activity,SUCCESS
2d765451-8d2b-4159-8fef-fb38662c258c,2025-09-03T12:00:00,4663d48b-596a-4f39-b714-8d69ac9a7d2a,robert93,LOGOUT,Regular logout activity,SUCCESS
8b8a8f1b-2cd4-4fc8-9258-f8a45180aac1,2025-09-03T12:00:00,b92c2609-888c-471e-bf61-4363556df9d8,frank26,LOGOUT,Regular logout activity,SUCCESS
eeadf737-4f5c-4d14-babe-a74001b27623,2025-09-03T12:00:00,cea2e75f-1ee1-4b1d-90f5-242f82a02bed,erickennedy,QUERY_START,Regular query_start activity,SUCCESS
48776c05-4c5b-4cf3-a9b0-0f65c8ed33ac,2025-09-03T12:00:00,b92c2609-888c-471e-bf61-4363556df9d8,frank26,LOGOUT,Regular logout activity,SUCCESS
474b28e5-7981-4e8a-92ed-25d3e017fd57,2025-09-03T12:00:00,f0c2cfac-cf3b-4053-9e79-a6a4c6bbd187,garciaalison,QUERY_END,Regular query_end activity,SUCCESS
475b535f-382c-453d-99f2-f6000ced536b,2025-09-03T12:00:00,879c852e-e8e8-45c3-9ead-5fa56c9ecfbc,egarcia,QUERY_END,Regular query_end activity,SUCCESS
74199111-aafa-48c9-b2bb-1b8d923dca94,2025-09-03T12:00:00,82e7a6a3-1f49-4f5a-8a2a-96e5a654a185,codyoconnor,QUERY_END,Regular query_end activity,SUCCESS
1c8c5637-d586-4254-acb7-2a628efb1610,2025-09-03T12:00:00,879c852e-e8e8-45c3-9ead-5fa56c9ecfbc,egarcia,LOGOUT,Regular logout activity,SUCCESS
9932c809-5917-44ae-abba-be8c61084486,2025-09-03T12:05:00,ac5e7ada-2f2f-4292-a0e4-18083982547a,lliu,QUERY_END,Regular query_end activity,SUCCESS
a6b42316-b2de-4d7c-b861-da1187d0bb30,2025-09-03T12:05:00,ac5e7ada-2f2f-4292-a0e4-18083982547a,lliu,QUERY_END,Regular query_end activity,SUCCESS
db976aee-9168-4e8c-b8f8-d632d1d0b106,2025-09-03T12:05:00,a3a85592-9f3f-4845-87b8-dd199fcdc3cc,gmoreno,LOGIN,Regular login activity,SUCCESS
b1d24152-5a64-4aef-bc44-3e125b7c7db7,2025-09-03T12:05:00,00f99f6f-5fcc-490a-84f9-6b24911c0b2e,emilyhamilton,QUERY_END,Regular query_end activity,SUCCESS
15a7feee-db06-4aba-b3af-e0164d4a2ad0,2025-09-03T12:05:00,f22aa1cf-fe8b-4e78-8492-b46e0f46ffda,brandtmisty,QUERY_START,Regular query_start activity,SUCCESS
f8924e53-fd23-4d43-bd82-6d81b669bd34,2025-09-03T12:05:00,b92c2609-888c-471e-bf61-4363556df9d8,frank26,QUERY_START,Regular query_start activity,SUCCESS
72666837-e6e5-4d9f-a57d-27d46a52ddcf,2025-09-03T12:05:00,7cd584de-ca92-465c-8ea8-5f7ad356bee6,danasandoval,LOGOUT,Regular logout activity,SUCCESS
230355cd-b999-4169-8940-02a4670f2250,2025-09-03T12:05:00,7cd584de-ca92-465c-8ea8-5f7ad356bee6,danasandoval,LOGOUT,Regular logout activity,SUCCESS
8d0d4342-ea11-4ffd-bff3-0741f4708406,2025-09-03T12:05:00,7cd584de-ca92-465c-8ea8-5f7ad356bee6,danasandoval,LOGOUT,Regular logout activity,SUCCESS
c2051ec6-b0fa-44b5-87db-dd1eacda47c0,2025-09-03T12:05:00,ac5e7ada-2f2f-4292-a0e4-18083982547a,lliu,QUERY_END,Regular query_end activity,SUCCESS
67850886-ad08-44ee-9cd2-835d2869e83e,2025-09-03T12:17:00,f22aa1cf-fe8b-4e78-8492-b46e0f46ffda,brandtmisty,LOGOUT,Regular logout activity,SUCCESS
5cd55cdc-b8b2-4958-b552-8690ad1ae633,2025-09-03T12:17:00,3d8cc43f-0f00-40bd-b8b2-34ac61fc0360,rwilliams,LOGIN,Regular login activity,SUCCESS
11eacc09-86d9-4e08-b1c4-ce97e86ba412,2025-09-03T12:17:00,4b7e389e-8c78-4e72-ab0b-774df43b399e,hardinjennifer,QUERY_END,Regular query_end activity,SUCCESS
0344723d-4117-46bb-9fd0-651b6bcd58c9,2025-09-03T12:17:00,da0f0f7a-8d2c-4ca9-b82e-cda33fba6610,rachel35,QUERY_START,Regular query_start activity,SUCCESS
59113ecd-43b0-4725-8114-c35d6bdb062f,2025-09-03T12:17:00,57eba2d7-a4fe-48aa-aa7b-ad0e6f1296b7,jose46,QUERY_END,Regular query_end activity,SUCCESS
1a983b9b-5fe0-45e2-8cb4-a994b6577841,2025-09-03T12:17:00,3d8cc43f-0f00-40bd-b8b2-34ac61fc0360,rwilliams,LOGIN,Regular login activity,SUCCESS
fb659546-a093-4c64-8fe5-5735048ac5b8,2025-09-03T12:17:00,f22aa1cf-fe8b-4e78-8492-b46e0f46ffda,brandtmisty,QUERY_END,Regular query_end activity,SUCCESS
b1179950-b1b7-466e-b828-91a6717f63e9,2025-09-03T12:17:00,4663d48b-596a-4f39-b714-8d69ac9a7d2a,robert93,QUERY_END,Regular query_end activity,SUCCESS
40801f99-ada7-43a5-b23e-f4394a071326,2025-09-03T12:17:00,3d8cc43f-0f00-40bd-b8b2-34ac61fc0360,rwilliams,QUERY_START,Regular query_start activity,SUCCESS
8c72d11f-35ca-4010-95b6-cfe4330bdbae,2025-09-03T12:17:00,f0c2cfac-cf3b-4053-9e79-a6a4c6bbd187,garciaalison,LOGOUT,Regular logout activity,SUCCESS
7769af6f-c24b-4480-80e9-afe9b7fcd703,2025-09-03T12:23:00,4bc8b8f2-4d6e-4d5e-8d40-a7b6b3d6bb03,amandamitchell,QUERY_START,Regular query_start activity,SUCCESS
263f8496-2313-442c-b633-b950338f8a37,2025-09-03T12:23:00,00f99f6f-5fcc-490a-84f9-6b24911c0b2e,emilyhamilton,LOGIN,Regular login activity,SUCCESS
fb2148e6-1ffe-4650-b83a-66c5b39ff8a4,2025-09-03T12:23:00,f0c2cfac-cf3b-4053-9e79-a6a4c6bbd187,garciaalison,LOGIN,Regular login activity,SUCCESS
229c9ab4-0be4-4b62-837a-73a1737d1d64,2025-09-03T12:23:00,4bc8b8f2-4d6e-4d5e-8d40-a7b6b3d6bb03,amandamitchell,LOGIN,Regular login activity,SUCCESS
fb95803d-4363-4b25-9890-e8e1a5538b53,2025-09-03T12:23:00,f22aa1cf-fe8b-4e78-8492-b46e0f46ffda,brandtmisty,QUERY_START,Regular query_start activity,SUCCESS
334d3c5d-64b9-425f-87cd-4ccd4c0f95f3,2025-09-03T12:23:00,5fb2a072-2bab-4b94-9109-9cbea70c5438,bryancuevas,QUERY_END,Regular query_end activity,SUCCESS
3c3a0ec6-8275-420b-9016-6cee02f86657,2025-09-03T12:23:00,3d8cc43f-0f00-40bd-b8b2-34ac61fc0360,rwilliams,QUERY_START,Regular query_start activity,SUCCESS
549fd1f2-2d26-47de-95e9-a5c27b96ca38,2025-09-03T12:23:00,b92c2609-888c-471e-bf61-4363556df9d8,frank26,QUERY_START,Regular query_start activity,SUCCESS
58c21bdc-1f96-434f-90a7-7024e1408261,2025-09-03T12:23:00,7cd584de-ca92-465c-8ea8-5f7ad356bee6,danasandoval,LOGOUT,Regular logout activity,SUCCESS
c1c925e6-bbca-4851-8b06-35f0cb2f1bfd,2025-09-03T12:23:00,3d8cc43f-0f00-40bd-b8b2-34ac61fc0360,rwilliams,LOGOUT,Regular logout activity,SUCCESS
ae958db7-c90f-4a38-bff0-d1b3db8fc7e0,2025-09-03T12:35:00,859c34dd-4540-49a3-b26d-f82b1455d905,oatkinson,QUERY_END,Regular query_end activity,SUCCESS
95a6c2d2-222c-49f8-840a-166a6f45e550,2025-09-03T12:35:00,da0f0f7a-8d2c-4ca9-b82e-cda33fba6610,rachel35,LOGIN,Regular login activity,SUCCESS
75339a44-c154-415c-9c24-7b632070d17f,2025-09-03T12:35:00,00f99f6f-5fcc-490a-84f9-6b24911c0b2e,emilyhamilton,LOGIN,Regular login activity,SUCCESS
c140a8d3-0002-4fc4-830d-d0a11b95031d,2025-09-03T12:35:00,89e53854-09b7-4b59-8352-a231c51f8687,glarsen,QUERY_START,Regular query_start activity,SUCCESS
de517664-d5e2-4509-9b61-5eff688e204e,2025-09-03T12:35:00,4663d48b-596a-4f39-b714-8d69ac9a7d2a,robert93,LOGIN,Regular login activity,SUCCESS
441ce1fa-1158-4b6e-81cb-fb4edc4e7cf9,2025-09-03T12:35:00,89e53854-09b7-4b59-8352-a231c51f8687,glarsen,LOGIN,Regular login activity,SUCCESS
895568f1-f356-458f-bb21-b5ec59fe08a4,2025-09-03T12:35:00,3d8cc43f-0f00-40bd-b8b2-34ac61fc0360,rwilliams,QUERY_START,Regular query_start activity,SUCCESS
cb83b618-f0f5-4162-ad9b-39cd01a8792b,2025-09-03T12:35:00,a3a85592-9f3f-4845-87b8-dd199fcdc3cc,gmoreno,LOGOUT,Regular logout activity,SUCCESS
c20cfde7-db9f-418c-ab45-12d94aaa64bb,2025-09-03T12:35:00,7cd584de-ca92-465c-8ea8-5f7ad356bee6,danasandoval,LOGIN,Regular login activity,SUCCESS
9fe595af-7e16-485f-b701-ffea0f94b51d,2025-09-03T12:35:00,879c852e-e8e8-45c3-9ead-5fa56c9ecfbc,egarcia,QUERY_END,Regular query_end activity,SUCCESS
19fbffdb-0bf5-435d-8b53-4f81c522f2c4,2025-09-03T12:49:00,3d8cc43f-0f00-40bd-b8b2-34ac61fc0360,rwilliams,LOGOUT,Regular logout activity,SUCCESS
4abab1d2-d357-4f07-b5db-0401b5617cc9,2025-09-03T12:49:00,82e7a6a3-1f49-4f5a-8a2a-96e5a654a185,codyoconnor,QUERY_START,Regular query_start activity,SUCCESS
c4368f05-7cc9-43f5-83c9-bff74bb76a3d,2025-09-03T12:49:00,9a7a68c7-1b0c-4669-859f-6d352b1e386f,andrew16,QUERY_END,Regular query_end activity,SUCCESS
10cf5aa0-6854-44b3-9d0c-c50a8b442c0b,2025-09-03T12:49:00,9a7a68c7-1b0c-4669-859f-6d352b1e386f,andrew16,QUERY_START,Regular query_start activity,SUCCESS
b16ebb31-126b-4869-b0bc-17123013f660,2025-09-03T12:49:00,57eba2d7-a4fe-48aa-aa7b-ad0e6f1296b7,jose46,QUERY_END,Regular query_end activity,SUCCESS
06bb58f3-6e13-426f-af20-bddf92fe97fd,2025-09-03T12:49:00,4bc8b8f2-4d6e-4d5e-8d40-a7b6b3d6bb03,amandamitchell,QUERY_END,Regular query_end activity,SUCCESS
d9ef9e89-04c2-4b39-9f8f-2ba8e658a64c,2025-09-03T12:49:00,879c852e-e8e8-45c3-9ead-5fa56c9ecfbc,egarcia,QUERY_START,Regular query_start activity,SUCCESS
29422605-cebd-4f2a-b50c-bccdd3795f1c,2025-09-03T12:49:00,4bc8b8f2-4d6e-4d5e-8d40-a7b6b3d6bb03,amandamitchell,LOGIN,Regular login activity,SUCCESS
dedf5159-248f-443e-ae6a-333a21c42bc2,2025-09-03T12:49:00,4b7e389e-8c78-4e72-ab0b-774df43b399e,hardinjennifer,QUERY_START,Regular query_start activity,SUCCESS
c4fac223-2758-4aaf-810f-c5c54121ad80,2025-09-03T12:49:00,00f99f6f-5fcc-490a-84f9-6b24911c0b2e,emilyhamilton,LOGIN,Regular login activity,SUCCESS
edfa9f94-71b4-45fb-b366-0c7279e08a93,2025-09-03T13:01:00,7cd584de-ca92-465c-8ea8-5f7ad356bee6,danasandoval,QUERY_START,Regular query_start activity,SUCCESS
59346a8a-9182-4a29-93f3-d4bda033d6fa,2025-09-03T13:01:00,da0f0f7a-8d2c-4ca9-b82e-cda33fba6610,rachel35,QUERY_END,Regular query_end activity,SUCCESS
94c86ab6-3969-4539-a7d3-159b0e844c10,2025-09-03T13:01:00,a3a85592-9f3f-4845-87b8-dd199fcdc3cc,gmoreno,QUERY_START,Regular query_start activity,SUCCESS
cd39b366-6bcd-44c4-971a-6a686be68951,2025-09-03T13:01:00,5fb2a072-2bab-4b94-9109-9cbea70c5438,bryancuevas,QUERY_END,Regular query_end activity,SUCCESS
35d5e98c-3bfd-4a95-ae5b-8f91d6585470,2025-09-03T13:01:00,89e53854-09b7-4b59-8352-a231c51f8687,glarsen,LOGOUT,Regular logout activity,SUCCESS
0bdda0db-3207-4421-a224-880e258c0085,2025-09-03T13:01:00,4b7e389e-8c78-4e72-ab0b-774df43b399e,hardinjennifer,QUERY_END,Regular query_end activity,SUCCESS
45ccd03a-f4c7-455c-91a2-a0c42db05e61,2025-09-03T13:01:00,859c34dd-4540-49a3-b26d-f82b1455d905,oatkinson,QUERY_END,Regular query_end activity,SUCCESS
3fb79506-af5e-4cce-aeea-04d512763bcd,2025-09-03T13:01:00,82e7a6a3-1f49-4f5a-8a2a-96e5a654a185,codyoconnor,LOGOUT,Regular logout activity,SUCCESS
3e263b61-7aaa-4565-be6e-3100e782dd0f,2025-09-03T13:01:00,7cd584de-ca92-465c-8ea8-5f7ad356bee6,danasandoval,QUERY_END,Regular query_end activity,SUCCESS
2549c967-b56e-45ca-bc9c-41b0347abb4a,2025-09-03T13:01:00,da0f0f7a-8d2c-4ca9-b82e-cda33fba6610,rachel35,LOGIN,Regular login activity,SUCCESS
f91e1fc1-468e-4762-9c07-e65af50dffd3,2025-09-03T13:10:00,5fb2a072-2bab-4b94-9109-9cbea70c5438,bryancuevas,QUERY_START,Regular query_start activity,SUCCESS
7a3068be-a97d-4517-8a86-ad4771ef6c04,2025-09-03T13:10:00,f0c2cfac-cf3b-4053-9e79-a6a4c6bbd187,garciaalison,LOGOUT,Regular logout activity,SUCCESS
1a5648d0-8a78-467d-aea0-30bd94d873ba,2025-09-03T13:10:00,da0f0f7a-8d2c-4ca9-b82e-cda33fba6610,rachel35,LOGIN,Regular login activity,SUCCESS
083dc189-0eb0-4dda-90ed-4e982f454565,2025-09-03T13:10:00,3d8cc43f-0f00-40bd-b8b2-34ac61fc0360,rwilliams,LOGOUT,Regular logout activity,SUCCESS
5ef0218b-b246-4add-bfd4-941d95c14653,2025-09-03T13:10:00,f0c2cfac-cf3b-4053-9e79-a6a4c6bbd187,garciaalison,LOGOUT,Regular logout activity,SUCCESS
2122925b-c7ff-448f-89c1-c309420dff07,2025-09-03T13:10:00,4663d48b-596a-4f39-b714-8d69ac9a7d2a,robert93,LOGOUT,Regular logout activity,SUCCESS
a8bb8622-a325-46b4-a899-b490ae4bbe95,2025-09-03T13:10:00,3d8cc43f-0f00-40bd-b8b2-34ac61fc0360,rwilliams,QUERY_END,Regular query_end activity,SUCCESS
078d8620-a6b9-4342-bca7-f80e11b93ea0,2025-09-03T13:10:00,879c852e-e8e8-45c3-9ead-5fa56c9ecfbc,egarcia,QUERY_START,Regular query_start activity,SUCCESS
11614a2b-65fc-4b1d-81d0-5ff8f2f99761,2025-09-03T13:10:00,57eba2d7-a4fe-48aa-aa7b-ad0e6f1296b7,jose46,LOGOUT,Regular logout activity,SUCCESS
abb8d2bf-3b14-474a-80bd-715543cd8a94,2025-09-03T13:10:00,89e53854-09b7-4b59-8352-a231c51f8687,glarsen,QUERY_END,Regular query_end activity,SUCCESS
a5a1d92e-c367-455b-bed5-e8c0f959b1b5,2025-09-03T13:18:00,f0c2cfac-cf3b-4053-9e79-a6a4c6bbd187,garciaalison,QUERY_START,Regular query_start activity,SUCCESS
7692b163-bde3-47f2-a07b-b1348d62f2fa,2025-09-03T13:18:00,4b7e389e-8c78-4e72-ab0b-774df43b399e,hardinjennifer,LOGIN,Regular login activity,SUCCESS
ae99c5cf-655d-45d9-8d6a-ec5423f93027,2025-09-03T13:18:00,4b7e389e-8c78-4e72-ab0b-774df43b399e,hardinjennifer,LOGOUT,Regular logout activity,SUCCESS
92f41e6f-ec36-4e95-a158-8b47ddb07793,2025-09-03T13:18:00,f22aa1cf-fe8b-4e78-8492-b46e0f46ffda,brandtmisty,LOGIN,Regular login activity,SUCCESS
e1a1ecb7-061a-45fb-8df9-d841b228b42f,2025-09-03T13:18:00,00f99f6f-5fcc-490a-84f9-6b24911c0b2e,emilyhamilton,LOGOUT,Regular logout activity,SUCCESS
d2c2cd5a-3bce-4362-8744-71ea314acb35,2025-09-03T13:18:00,4bc8b8f2-4d6e-4d5e-8d40-a7b6b3d6bb03,amandamitchell,LOGOUT,Regular logout activity,SUCCESS
d5b0c066-d4f2-4c34-a519-6de2f0b5f672,2025-09-03T13:18:00,cea2e75f-1ee1-4b1d-90f5-242f82a02bed,erickennedy,LOGIN,Regular login activity,SUCCESS
18926b4b-30e7-4386-bbc5-1d1f9c115a3d,2025-09-03T13:18:00,879c852e-e8e8-45c3-9ead-5fa56c9ecfbc,egarcia,QUERY_END,Regular query_end activity,SUCCESS
d1661cbd-9a01-4d8c-99c5-359a8e7c0295,2025-09-03T13:18:00,5fb2a072-2bab-4b94-9109-9cbea70c5438,bryancuevas,QUERY_END,Regular query_end activity,SUCCESS
b81344bb-2938-47b3-92b0-91bc57f2893e,2025-09-03T13:18:00,a3a85592-9f3f-4845-87b8-dd199fcdc3cc,gmoreno,LOGIN,Regular login activity,SUCCESS
5ab83183-5b2c-43f8-81e4-db98a52cf941,2025-09-03T13:27:00,89e53854-09b7-4b59-8352-a231c51f8687,glarsen,QUERY_END,Regular query_end activity,SUCCESS
498bdc9d-569e-4e6e-aa09-69997303a8af,2025-09-03T13:27:00,82e7a6a3-1f49-4f5a-8a2a-96e5a654a185,codyoconnor,QUERY_START,Regular query_start activity,SUCCESS
f0a0e7c4-01db-42dd-ac94-f38954754f92,2025-09-03T13:27:00,4b7e389e-8c78-4e72-ab0b-774df43b399e,hardinjennifer,QUERY_END,Regular query_end activity,SUCCESS
5733ea6c-7df4-4062-980a-0b83c6c6b1d0,2025-09-03T13:27:00,a3a85592-9f3f-4845-87b8-dd199fcdc3cc,gmoreno,QUERY_END,Regular query_end activity,SUCCESS
fda809c5-d617-4f3a-bf04-ef73a1a29f30,2025-09-03T13:27:00,da0f0f7a-8d2c-4ca9-b82e-cda33fba6610,rachel35,QUERY_START,Regular query_start activity,SUCCESS
4f3b492a-ee11-4145-b033-5928a923ebc2,2025-09-03T13:27:00,3d8cc43f-0f00-40bd-b8b2-34ac61fc0360,rwilliams,LOGIN,Regular login activity,SUCCESS
5e62524d-01f0-446e-9741-1077a54dfcc4,2025-09-03T13:27:00,7cd584de-ca92-465c-8ea8-5f7ad356bee6,danasandoval,LOGIN,Regular login activity,SUCCESS
70270513-9b24-40d5-82ae-50cfbc89da39,2025-09-03T13:27:00,89e53854-09b7-4b59-8352-a231c51f8687,glarsen,LOGIN,Regular login activity,SUCCESS
68942d44-aa8e-4980-bf04-9c4497e4a67d,2025-09-03T13:27:00,cea2e75f-1ee1-4b1d-90f5-242f82a02bed,erickennedy,LOGIN,Regular login activity,SUCCESS
e521eafa-00a2-4e01-b87b-abe34fbd5b92,2025-09-03T13:27:00,ac5e7ada-2f2f-4292-a0e4-18083982547a,lliu,LOGIN,Regular login activity,SUCCESS
9dd26d9e-6ab0-47d4-97d5-a06f39d29cee,2025-09-03T13:35:00,89e53854-09b7-4b59-8352-a231c51f8687,glarsen,QUERY_END,Regular query_end activity,SUCCESS
2d7504b4-0526-425d-8320-6c48b1c075b1,2025-09-03T13:35:00,82e7a6a3-1f49-4f5a-8a2a-96e5a654a185,codyoconnor,LOGIN,Regular login activity,SUCCESS
0907b7f6-3b08-4be2-90b2-ef0b8544532e,2025-09-03T13:35:00,f22aa1cf-fe8b-4e78-8492-b46e0f46ffda,brandtmisty,QUERY_END,Regular query_end activity,SUCCESS
8a008c3f-518a-4a25-a252-30228e021b9f,2025-09-03T13:35:00,4bc8b8f2-4d6e-4d5e-8d40-a7b6b3d6bb03,amandamitchell,LOGOUT,Regular logout activity,SUCCESS
6d600dcf-9051-4981-a960-2cc4801296f0,2025-09-03T13:35:00,da0f0f7a-8d2c-4ca9-b82e-cda33fba6610,rachel35,LOGOUT,Regular logout activity,SUCCESS
1dd4dff5-d4ff-4626-88ab-732b08fbeeb2,2025-09-03T13:35:00,b92c2609-888c-471e-bf61-4363556df9d8,frank26,QUERY_END,Regular query_end activity,SUCCESS
2577a455-eb2a-4a9e-acd7-b348e32ff548,2025-09-03T13:35:00,82e7a6a3-1f49-4f5a-8a2a-96e5a654a185,codyoconnor,QUERY_START,Regular query_start activity,SUCCESS
358dd955-af2c-49f6-bcde-a736005730b7,2025-09-03T13:35:00,b92c2609-888c-471e-bf61-4363556df9d8,frank26,LOGIN,Regular login activity,SUCCESS
fcc057bc-f1e0-4b82-a89f-38e3f7d6e355,2025-09-03T13:35:00,a3a85592-9f3f-4845-87b8-dd199fcdc3cc,gmoreno,QUERY_START,Regular query_start activity,SUCCESS
808552c7-bdee-4339-b420-0dae2773039a,2025-09-03T13:35:00,b92c2609-888c-471e-bf61-4363556df9d8,frank26,LOGOUT,Regular logout activity,SUCCESS
3715373f-1cc4-4538-8b9b-1c43a23e71ea,2025-09-03T13:40:00,a3a85592-9f3f-4845-87b8-dd199fcdc3cc,gmoreno,QUERY_START,Regular query_start activity,SUCCESS
459ee3ca-2617-4f05-ab37-2fc5c0a327f6,2025-09-03T13:40:00,00f99f6f-5fcc-490a-84f9-6b24911c0b2e,emilyhamilton,LOGOUT,Regular logout activity,SUCCESS
3a7ea253-ddd8-4dad-ad81-3cb09f0693c1,2025-09-03T13:40:00,57eba2d7-a4fe-48aa-aa7b-ad0e6f1296b7,jose46,QUERY_START,Regular query_start activity,SUCCESS
aaeb0590-ea96-43fb-a38e-60017f54d252,2025-09-03T13:40:00,f0c2cfac-cf3b-4053-9e79-a6a4c6bbd187,garciaalison,LOGOUT,Regular logout activity,SUCCESS
083a71f0-bde8-4e3d-ad41-34ece1b5c551,2025-09-03T13:40:00,ac5e7ada-2f2f-4292-a0e4-18083982547a,lliu,LOGOUT,Regular logout activity,SUCCESS
d64a478a-6137-4125-b8f6-ba9dfe460f2c,2025-09-03T13:40:00,cea2e75f-1ee1-4b1d-90f5-242f82a02bed,erickennedy,LOGIN,Regular login activity,SUCCESS
6f04a821-261f-433e-ab35-fdea75be7138,2025-09-03T13:40:00,879c852e-e8e8-45c3-9ead-5fa56c9ecfbc,egarcia,LOGIN,Regular login activity,SUCCESS
908884a3-950a-45b4-bbcc-e3fdfad73d60,2025-09-03T13:40:00,ac5e7ada-2f2f-4292-a0e4-18083982547a,lliu,LOGIN,Regular login activity,SUCCESS
3e184fdf-0d77-4557-bc7b-b8832212d9c4,2025-09-03T13:40:00,a3a85592-9f3f-4845-87b8-dd199fcdc3cc,gmoreno,QUERY_END,Regular query_end activity,SUCCESS
34d7fc4b-e360-4011-bcf8-743fa7e06e86,2025-09-03T13:40:00,f22aa1cf-fe8b-4e78-8492-b46e0f46ffda,brandtmisty,QUERY_START,Regular query_start activity,SUCCESS
50191065-9672-4762-998e-26d23f4985f5,2025-09-03T13:48:00,859c34dd-4540-49a3-b26d-f82b1455d905,oatkinson,LOGIN,Regular login activity,SUCCESS
2e158501-4bc1-492d-9885-f1cc313038e4,2025-09-03T13:48:00,879c852e-e8e8-45c3-9ead-5fa56c9ecfbc,egarcia,LOGOUT,Regular logout activity,SUCCESS
3520cf18-cb96-4f45-9534-a05602eb193c,2025-09-03T13:48:00,4663d48b-596a-4f39-b714-8d69ac9a7d2a,robert93,QUERY_END,Regular query_end activity,SUCCESS
35a16561-9879-430e-bd51-7b21ddec11ba,2025-09-03T13:48:00,da0f0f7a-8d2c-4ca9-b82e-cda33fba6610,rachel35,LOGIN,Regular login activity,SUCCESS
8fbad1a5-2973-4772-a910-4109b3a35e40,2025-09-03T13:48:00,7cd584de-ca92-465c-8ea8-5f7ad356bee6,danasandoval,LOGIN,Regular login activity,SUCCESS
bbe0335e-0b89-447d-b1c7-c2ff4e765e36,2025-09-03T13:48:00,4b7e389e-8c78-4e72-ab0b-774df43b399e,hardinjennifer,LOGIN,Regular login activity,SUCCESS
954163ce-9a33-4cde-8d4d-5fadc07532f8,2025-09-03T13:48:00,82e7a6a3-1f49-4f5a-8a2a-96e5a654a185,codyoconnor,LOGOUT,Regular logout activity,SUCCESS
66040bb9-d7ef-486e-93fe-5402f3ae7fb3,2025-09-03T13:48:00,cea2e75f-1ee1-4b1d-90f5-242f82a02bed,erickennedy,QUERY_END,Regular query_end activity,SUCCESS
dbbbda3a-c810-41b5-85fc-e611a69dd05c,2025-09-03T13:48:00,82e7a6a3-1f49-4f5a-8a2a-96e5a654a185,codyoconnor,LOGOUT,Regular logout activity,SUCCESS
22936bec-00ab-4017-a641-f5ea37142343,2025-09-03T13:48:00,f22aa1cf-fe8b-4e78-8492-b46e0f46ffda,brandtmisty,QUERY_END,Regular query_end activity,SUCCESS
92389b9d-b708-4f3e-9305-5f73de64ddfd,2025-09-03T14:03:00,89e53854-09b7-4b59-8352-a231c51f8687,glarsen,QUERY_END,Regular query_end activity,SUCCESS
2edd77e4-7b91-412e-b87e-49d0686c378e,2025-09-03T14:03:00,859c34dd-4540-49a3-b26d-f82b1455d905,oatkinson,QUERY_END,Regular query_end activity,SUCCESS
c4c20b98-6976-4762-ae65-6611a136b3e1,2025-09-03T14:03:00,4bc8b8f2-4d6e-4d5e-8d40-a7b6b3d6bb03,amandamitchell,QUERY_END,Regular query_end activity,SUCCESS
f6a9ca3f-0245-47ec-a656-11d5168ac96c,2025-09-03T14:03:00,89e53854-09b7-4b59-8352-a231c51f8687,glarsen,LOGIN,Regular login activity,SUCCESS
f027f24f-a85a-4d83-ad4d-a521fe0c3e68,2025-09-03T14:03:00,4b7e389e-8c78-4e72-ab0b-774df43b399e,hardinjennifer,LOGIN,Regular login activity,SUCCESS
06822d63-9faa-44d4-a65f-f62615335592,2025-09-03T14:03:00,f22aa1cf-fe8b-4e78-8492-b46e0f46ffda,brandtmisty,LOGOUT,Regular logout activity,SUCCESS
8090dfb8-bc6a-44c6-982f-4de20b3ab0ea,2025-09-03T14:03:00,4b7e389e-8c78-4e72-ab0b-774df43b399e,hardinjennifer,QUERY_START,Regular query_start activity,SUCCESS
56e31a62-4d60-49a9-b861-f5fc7843eab5,2025-09-03T14:03:00,4b7e389e-8c78-4e72-ab0b-774df43b399e,hardinjennifer,QUERY_END,Regular query_end activity,SUCCESS
9c2091d5-f7cc-494c-b7ad-8ca86fe9ca7d,2025-09-03T14:03:00,a3a85592-9f3f-4845-87b8-dd199fcdc3cc,gmoreno,QUERY_END,Regular query_end activity,SUCCESS
b33fa83c-caa7-4ee3-b622-d0a632ed29f0,2025-09-03T14:03:00,7cd584de-ca92-465c-8ea8-5f7ad356bee6,danasandoval,LOGOUT,Regular logout activity,SUCCESS
88d7abd2-dd27-4825-be5b-df3a3eb09570,2025-09-03T14:12:00,ac5e7ada-2f2f-4292-a0e4-18083982547a,lliu,LOGIN,Regular login activity,SUCCESS
bf1ceb0c-652e-48ee-ad88-2b5bce94727c,2025-09-03T14:12:00,ac5e7ada-2f2f-4292-a0e4-18083982547a,lliu,LOGIN,Regular login activity,SUCCESS
c02f2157-e720-4c36-a112-2f4acba2af81,2025-09-03T14:12:00,57eba2d7-a4fe-48aa-aa7b-ad0e6f1296b7,jose46,QUERY_END,Regular query_end activity,SUCCESS
87e7da94-ff42-4137-8d08-06d3f036bc38,2025-09-03T14:12:00,3d8cc43f-0f00-40bd-b8b2-34ac61fc0360,rwilliams,QUERY_START,Regular query_start activity,SUCCESS
40fd25b8-c76c-43a6-833d-d24591c35d42,2025-09-03T14:12:00,5fb2a072-2bab-4b94-9109-9cbea70c5438,bryancuevas,QUERY_END,Regular query_end activity,SUCCESS
c94ca96d-d465-424e-b5b3-cbd5be3b36a0,2025-09-03T14:12:00,b92c2609-888c-471e-bf61-4363556df9d8,frank26,QUERY_END,Regular query_end activity,SUCCESS
70931bb3-0835-4a72-8f26-f6d34456fc29,2025-09-03T14:12:00,b92c2609-888c-471e-bf61-4363556df9d8,frank26,QUERY_START,Regular query_start activity,SUCCESS
584be187-e303-4c74-8748-507856f5d087,2025-09-03T14:12:00,f22aa1cf-fe8b-4e78-8492-b46e0f46ffda,brandtmisty,QUERY_START,Regular query_start activity,SUCCESS
acb5e4b4-5d26-4779-995e-6102a6bd4f3b,2025-09-03T14:12:00,00f99f6f-5fcc-490a-84f9-6b24911c0b2e,emilyhamilton,QUERY_START,Regular query_start activity,SUCCESS
8a4ed592-0305-4ba0-97bf-b3a01d70a932,2025-09-03T14:12:00,57eba2d7-a4fe-48aa-aa7b-ad0e6f1296b7,jose46,LOGIN,Regular login activity,SUCCESS
3fbb2f51-a3fb-4ea5-8049-59fe23463ba3,2025-09-03T14:17:00,3d8cc43f-0f00-40bd-b8b2-34ac61fc0360,rwilliams,LOGOUT,Regular logout activity,SUCCESS
71b6b9d4-f4fe-42ff-8d0f-5964ce6fdee2,2025-09-03T14:17:00,9a7a68c7-1b0c-4669-859f-6d352b1e386f,andrew16,LOGOUT,Regular logout activity,SUCCESS
541f084b-450c-4b34-bca3-d42e3a110a31,2025-09-03T14:17:00,00f99f6f-5fcc-490a-84f9-6b24911c0b2e,emilyhamilton,LOGOUT,Regular logout activity,SUCCESS
83b6536e-9ccb-49b9-a246-378e10ddc60f,2025-09-03T14:17:00,da0f0f7a-8d2c-4ca9-b82e-cda33fba6610,rachel35,QUERY_START,Regular query_start activity,SUCCESS
0f6f700a-5aaa-43e9-b9d6-fcb13e06e8ff,2025-09-03T14:17:00,879c852e-e8e8-45c3-9ead-5fa56c9ecfbc,egarcia,QUERY_START,Regular query_start activity,SUCCESS
aa8b4a94-b2d6-4c45-8fdc-c5ff7ee119aa,2025-09-03T14:17:00,89e53854-09b7-4b59-8352-a231c51f8687,glarsen,QUERY_END,Regular query_end activity,SUCCESS
b26a833f-65f7-46aa-81e2-bb54800c6a2e,2025-09-03T14:17:00,4663d48b-596a-4f39-b714-8d69ac9a7d2a,robert93,LOGOUT,Regular logout activity,SUCCESS
49f61125-1e09-4c7e-be97-10c7b01f7e73,2025-09-03T14:17:00,89e53854-09b7-4b59-8352-a231c51f8687,glarsen,LOGOUT,Regular logout activity,SUCCESS
e4420712-cede-42c4-9f5e-a7f299853182,2025-09-03T14:17:00,f0c2cfac-cf3b-4053-9e79-a6a4c6bbd187,garciaalison,LOGIN,Regular login activity,SUCCESS
59f0e77b-f740-4918-964a-8fca9a1ea070,2025-09-03T14:17:00,cea2e75f-1ee1-4b1d-90f5-242f82a02bed,erickennedy,LOGOUT,Regular logout activity,SUCCESS
a132a1a4-c194-43af-a2d3-a9b8ef75c6b1,2025-09-03T14:25:00,a3a85592-9f3f-4845-87b8-dd199fcdc3cc,gmoreno,LOGOUT,Regular logout activity,SUCCESS
5e4fc4ff-33c3-4e9b-a7ec-a05ec2d806d9,2025-09-03T14:25:00,cea2e75f-1ee1-4b1d-90f5-242f82a02bed,erickennedy,QUERY_START,Regular query_start activity,SUCCESS
d6518b6a-2bcf-4b3b-ba84-107dbb8265c2,2025-09-03T14:25:00,f22aa1cf-fe8b-4e78-8492-b46e0f46ffda,brandtmisty,LOGOUT,Regular logout activity,SUCCESS
305b6713-d623-4153-83e4-91506cda3675,2025-09-03T14:25:00,879c852e-e8e8-45c3-9ead-5fa56c9ecfbc,egarcia,QUERY_START,Regular query_start activity,SUCCESS
cda28314-be3e-4cb3-83dd-52020cb0bc83,2025-09-03T14:25:00,f0c2cfac-cf3b-4053-9e79-a6a4c6bbd187,garciaalison,LOGIN,Regular login activity,SUCCESS
5c83107c-570f-4032-811c-301047dead81,2025-09-03T14:25:00,4bc8b8f2-4d6e-4d5e-8d40-a7b6b3d6bb03,amandamitchell,QUERY_START,Regular query_start activity,SUCCESS
15cae049-0047-4fca-89a8-ef3eb5b139e5,2025-09-03T14:25:00,89e53854-09b7-4b59-8352-a231c51f8687,glarsen,LOGIN,Regular login activity,SUCCESS
7dae9b96-944c-4eec-923a-16eff40fef25,2025-09-03T14:25:00,5fb2a072-2bab-4b94-9109-9cbea70c5438,bryancuevas,QUERY_START,Regular query_start activity,SUCCESS
e841b8c5-5e00-4496-95d0-09a8d2710e32,2025-09-03T14:25:00,4bc8b8f2-4d6e-4d5e-8d40-a7b6b3d6bb03,amandamitchell,LOGOUT,Regular logout activity,SUCCESS
7548174d-669d-4300-aa38-324fb83c2c31,2025-09-03T14:25:00,cea2e75f-1ee1-4b1d-90f5-242f82a02bed,erickennedy,LOGOUT,Regular logout activity,SUCCESS
8744a81b-1a14-48d2-ace3-827de4de637c,2025-09-03T14:40:00,879c852e-e8e8-45c3-9ead-5fa56c9ecfbc,egarcia,LOGIN,Regular login activity,SUCCESS
3f5c148e-907f-44d7-a19b-acc6d5feaa90,2025-09-03T14:40:00,82e7a6a3-1f49-4f5a-8a2a-96e5a654a185,codyoconnor,LOGIN,Regular login activity,SUCCESS
fcc2eaae-4876-4009-a818-533bf8f3538a,2025-09-03T14:40:00,82e7a6a3-1f49-4f5a-8a2a-96e5a654a185,codyoconnor,LOGOUT,Regular logout activity,SUCCESS
ed583f02-0fc2-457e-b445-cadc24a26fb7,2025-09-03T14:40:00,cea2e75f-1ee1-4b1d-90f5-242f82a02bed,erickennedy,LOGOUT,Regular logout activity,SUCCESS
4ecdd360-debc-4881-a921-bbbbb1ee5ca0,2025-09-03T14:40:00,4bc8b8f2-4d6e-4d5e-8d40-a7b6b3d6bb03,amandamitchell,QUERY_END,Regular query_end activity,SUCCESS
d36f8d42-4a21-43b4-b2c5-edfa1e6aa6d4,2025-09-03T14:40:00,82e7a6a3-1f49-4f5a-8a2a-96e5a654a185,codyoconnor,LOGOUT,Regular logout activity,SUCCESS
ed49a388-4451-49e4-8f28-54ade5ad5412,2025-09-03T14:40:00,00f99f6f-5fcc-490a-84f9-6b24911c0b2e,emilyhamilton,QUERY_END,Regular query_end activity,SUCCESS
09db6bb6-60cc-49b2-b420-c2cc893e78ba,2025-09-03T14:40:00,9a7a68c7-1b0c-4669-859f-6d352b1e386f,andrew16,QUERY_END,Regular query_end activity,SUCCESS
ed0d7fa9-5363-42c2-8ff1-7d39a810dad4,2025-09-03T14:40:00,57eba2d7-a4fe-48aa-aa7b-ad0e6f1296b7,jose46,LOGIN,Regular login activity,SUCCESS
b2171b5c-46bf-4a8c-9e98-01b95770078b,2025-09-03T14:40:00,82e7a6a3-1f49-4f5a-8a2a-96e5a654a185,codyoconnor,LOGOUT,Regular logout activity,SUCCESS
b67c0bfa-843a-4196-a4f5-cb4234117e99,2025-09-03T14:50:00,da0f0f7a-8d2c-4ca9-b82e-cda33fba6610,rachel35,QUERY_START,Regular query_start activity,SUCCESS
539123d2-f492-4612-85d2-ca398fe782d8,2025-09-03T14:50:00,5fb2a072-2bab-4b94-9109-9cbea70c5438,bryancuevas,LOGOUT,Regular logout activity,SUCCESS
5d889c3b-d984-41df-aef5-829d3d3417a2,2025-09-03T14:50:00,b92c2609-888c-471e-bf61-4363556df9d8,frank26,QUERY_START,Regular query_start activity,SUCCESS
3df49f23-4b5f-4f75-bbca-d90e35ca92f7,2025-09-03T14:50:00,4b7e389e-8c78-4e72-ab0b-774df43b399e,hardinjennifer,QUERY_START,Regular query_start activity,SUCCESS
ab60ba76-e0a6-4ca2-849a-05d1efe6cd39,2025-09-03T14:50:00,4663d48b-596a-4f39-b714-8d69ac9a7d2a,robert93,LOGOUT,Regular logout activity,SUCCESS
1e69455d-fd62-421a-9600-79713be7e199,2025-09-03T14:50:00,cea2e75f-1ee1-4b1d-90f5-242f82a02bed,erickennedy,QUERY_END,Regular query_end activity,SUCCESS
7d1ad127-d5f7-4ee5-abc3-ecaabb93a601,2025-09-03T14:50:00,f22aa1cf-fe8b-4e78-8492-b46e0f46ffda,brandtmisty,LOGOUT,Regular logout activity,SUCCESS
4ee395e2-8eb1-4f55-af96-564e21ce8928,2025-09-03T14:50:00,4bc8b8f2-4d6e-4d5e-8d40-a7b6b3d6bb03,amandamitchell,LOGIN,Regular login activity,SUCCESS
a6c727af-fd02-4a9e-b57c-5848da0d71d5,2025-09-03T14:50:00,cea2e75f-1ee1-4b1d-90f5-242f82a02bed,erickennedy,QUERY_START,Regular query_start activity,SUCCESS
790e4b0d-b038-4bea-8579-2507c3efce09,2025-09-03T14:50:00,4b7e389e-8c78-4e72-ab0b-774df43b399e,hardinjennifer,LOGOUT,Regular logout activity,SUCCESS
ad0eb580-cd6c-4744-a7d9-df5b8cb4877b,2025-09-03T15:02:00,f22aa1cf-fe8b-4e78-8492-b46e0f46ffda,brandtmisty,QUERY_END,Regular query_end activity,SUCCESS
911835a6-8ad4-49fa-938d-1484fcbbb798,2025-09-03T15:02:00,879c852e-e8e8-45c3-9ead-5fa56c9ecfbc,egarcia,LOGIN,Regular login activity,SUCCESS
09f896c1-08c0-4c1e-8822-2aaabcdf72d6,2025-09-03T15:02:00,f0c2cfac-cf3b-4053-9e79-a6a4c6bbd187,garciaalison,LOGOUT,Regular logout activity,SUCCESS
92119f80-71f9-472c-b6cf-62771ca0421d,2025-09-03T15:02:00,f22aa1cf-fe8b-4e78-8492-b46e0f46ffda,brandtmisty,QUERY_END,Regular query_end activity,SUCCESS
81faf1bb-527a-4514-9ccd-696bd833906b,2025-09-03T15:02:00,cea2e75f-1ee1-4b1d-90f5-242f82a02bed,erickennedy,QUERY_END,Regular query_end activity,SUCCESS
957fb821-673a-4c10-8620-bef621bc536e,2025-09-03T15:02:00,4bc8b8f2-4d6e-4d5e-8d40-a7b6b3d6bb03,amandamitchell,QUERY_START,Regular query_start activity,SUCCESS
8a753144-ca96-4ba4-8f58-83d1b4d3bd14,2025-09-03T15:02:00,89e53854-09b7-4b59-8352-a231c51f8687,glarsen,LOGIN,Regular login activity,SUCCESS
9ad95501-84e9-4235-9856-e196af606cb7,2025-09-03T15:02:00,859c34dd-4540-49a3-b26d-f82b1455d905,oatkinson,QUERY_START,Regular query_start activity,SUCCESS
d0b875ba-748e-4300-9619-995dc3e68cfe,2025-09-03T15:02:00,cea2e75f-1ee1-4b1d-90f5-242f82a02bed,erickennedy,QUERY_START,Regular query_start activity,SUCCESS
88693390-a90c-485a-8260-93aa86971175,2025-09-03T15:02:00,a3a85592-9f3f-4845-87b8-dd199fcdc3cc,gmoreno,LOGOUT,Regular logout activity,SUCCESS
407e84da-cffc-420a-98b9-c67d655456f5,2025-09-03T15:15:00,00f99f6f-5fcc-490a-84f9-6b24911c0b2e,emilyhamilton,QUERY_END,Regular query_end activity,SUCCESS
17d916f1-31c8-4925-98db-a57d4fa4051d,2025-09-03T15:15:00,879c852e-e8e8-45c3-9ead-5fa56c9ecfbc,egarcia,QUERY_START,Regular query_start activity,SUCCESS
60e324fd-082c-42f2-8e89-6d46884993cb,2025-09-03T15:15:00,57eba2d7-a4fe-48aa-aa7b-ad0e6f1296b7,jose46,LOGIN,Regular login activity,SUCCESS
e88d4daa-d53b-4b02-973d-da217fbf5459,2025-09-03T15:15:00,ac5e7ada-2f2f-4292-a0e4-18083982547a,lliu,QUERY_START,Regular query_start activity,SUCCESS
74e3722c-bf5a-4615-bb9c-d56fff5d2bba,2025-09-03T15:15:00,4bc8b8f2-4d6e-4d5e-8d40-a7b6b3d6bb03,amandamitchell,LOGIN,Regular login activity,SUCCESS
51849fb7-c34c-4838-b79e-97c4898626cf,2025-09-03T15:15:00,cea2e75f-1ee1-4b1d-90f5-242f82a02bed,erickennedy,QUERY_END,Regular query_end activity,SUCCESS
eeb330d5-d962-4068-90f1-775b9e81bc0f,2025-09-03T15:15:00,859c34dd-4540-49a3-b26d-f82b1455d905,oatkinson,QUERY_START,Regular query_start activity,SUCCESS
edc5f129-9067-4125-888e-b5e48c0e1cfc,2025-09-03T15:15:00,b92c2609-888c-471e-bf61-4363556df9d8,frank26,QUERY_END,Regular query_end activity,SUCCESS
1ec6d01b-ea96-4845-b5b1-f202b7a5d5d6,2025-09-03T15:15:00,00f99f6f-5fcc-490a-84f9-6b24911c0b2e,emilyhamilton,QUERY_START,Regular query_start activity,SUCCESS
794ab564-405e-4828-bef8-0b598f1dc410,2025-09-03T15:15:00,4b7e389e-8c78-4e72-ab0b-774df43b399e,hardinjennifer,LOGIN,Regular login activity,SUCCESS
855c8711-26d6-4d24-8cc9-82ba9ff24103,2025-09-03T15:29:00,89e53854-09b7-4b59-8352-a231c51f8687,glarsen,QUERY_START,Regular query_start activity,SUCCESS
087c8a6a-1c6b-4ab4-95c7-db23162ee1c8,2025-09-03T15:29:00,4b7e389e-8c78-4e72-ab0b-774df43b399e,hardinjennifer,QUERY_START,Regular query_start activity,SUCCESS
de026572-fa5c-4c52-8ce8-442a0011ca9e,2025-09-03T15:29:00,4bc8b8f2-4d6e-4d5e-8d40-a7b6b3d6bb03,amandamitchell,QUERY_END,Regular query_end activity,SUCCESS
313272c3-f9eb-4743-9cd3-45766afa7a26,2025-09-03T15:29:00,57eba2d7-a4fe-48aa-aa7b-ad0e6f1296b7,jose46,QUERY_START,Regular query_start activity,SUCCESS
364b74b2-3243-497f-b037-1a6d8225aa16,2025-09-03T15:29:00,f22aa1cf-fe8b-4e78-8492-b46e0f46ffda,brandtmisty,QUERY_END,Regular query_end activity,SUCCESS
eca34cf1-15f7-4466-b876-5c786dbd8181,2025-09-03T15:29:00,4bc8b8f2-4d6e-4d5e-8d40-a7b6b3d6bb03,amandamitchell,LOGOUT,Regular logout activity,SUCCESS
27938e9f-581b-4d1a-83b7-52e6c2285cb3,2025-09-03T15:29:00,9a7a68c7-1b0c-4669-859f-6d352b1e386f,andrew16,QUERY_START,Regular query_start activity,SUCCESS
4fd13292-8650-46dd-8cd8-c389641149f1,2025-09-03T15:29:00,4b7e389e-8c78-4e72-ab0b-774df43b399e,hardinjennifer,QUERY_END,Regular query_end activity,SUCCESS
603cc054-e915-4277-b0bd-c9bce35bdeeb,2025-09-03T15:29:00,f0c2cfac-cf3b-4053-9e79-a6a4c6bbd187,garciaalison,LOGOUT,Regular logout activity,SUCCESS
bb34e5aa-d217-4916-a12d-0c943ffd83d8,2025-09-03T15:29:00,9a7a68c7-1b0c-4669-859f-6d352b1e386f,andrew16,LOGIN,Regular login activity,SUCCESS
2dc71e98-671a-40eb-b17c-acad7c7ec649,2025-09-03T15:38:00,879c852e-e8e8-45c3-9ead-5fa56c9ecfbc,egarcia,LOGOUT,Regular logout activity,SUCCESS
962f774d-d14f-454b-9165-9ada110be2f5,2025-09-03T15:38:00,ac5e7ada-2f2f-4292-a0e4-18083982547a,lliu,QUERY_START,Regular query_start activity,SUCCESS
2bb6a527-c249-441f-87f9-ca7208b3beb6,2025-09-03T15:38:00,4663d48b-596a-4f39-b714-8d69ac9a7d2a,robert93,QUERY_END,Regular query_end activity,SUCCESS
484e4abb-bf37-4954-814f-1251c7f4e77f,2025-09-03T15:38:00,4b7e389e-8c78-4e72-ab0b-774df43b399e,hardinjennifer,LOGOUT,Regular logout activity,SUCCESS
1c8c5df9-a3f3-47fa-9437-3f45b51ec15b,2025-09-03T15:38:00,cea2e75f-1ee1-4b1d-90f5-242f82a02bed,erickennedy,QUERY_END,Regular query_end activity,SUCCESS
cf18b902-76e8-4c98-a3d4-80334205d0a1,2025-09-03T15:38:00,859c34dd-4540-49a3-b26d-f82b1455d905,oatkinson,QUERY_START,Regular query_start activity,SUCCESS
bbe13d38-cae2-474c-b7e8-8015e973e15c,2025-09-03T15:38:00,89e53854-09b7-4b59-8352-a231c51f8687,glarsen,LOGOUT,Regular logout activity,SUCCESS
4721bb76-7946-4d01-866d-e76c1122a242,2025-09-03T15:38:00,9a7a68c7-1b0c-4669-859f-6d352b1e386f,andrew16,LOGOUT,Regular logout activity,SUCCESS
d7cb675f-2e4f-4886-b6f2-3c9aa41cdaef,2025-09-03T15:38:00,4663d48b-596a-4f39-b714-8d69ac9a7d2a,robert93,QUERY_START,Regular query_start activity,SUCCESS
5f7f8b15-0a6f-4a1c-a48b-48f0bd65fffa,2025-09-03T15:38:00,ac5e7ada-2f2f-4292-a0e4-18083982547a,lliu,LOGIN,Regular login activity,SUCCESS
8b391b55-8b08-4ffa-9ae6-91c6b29acd0f,2025-09-03T15:51:00,7cd584de-ca92-465c-8ea8-5f7ad356bee6,danasandoval,QUERY_START,Regular query_start activity,SUCCESS
f3f66e94-222a-46e8-a837-d5b5603d7a7c,2025-09-03T15:51:00,5fb2a072-2bab-4b94-9109-9cbea70c5438,bryancuevas,LOGIN,Regular login activity,SUCCESS
3be7a10f-a60a-4d6d-b292-5ec930df9169,2025-09-03T15:51:00,879c852e-e8e8-45c3-9ead-5fa56c9ecfbc,egarcia,LOGIN,Regular login activity,SUCCESS
1588d105-d56d-422d-9cc6-9a8e77954a7f,2025-09-03T15:51:00,7cd584de-ca92-465c-8ea8-5f7ad356bee6,danasandoval,QUERY_END,Regular query_end activity,SUCCESS
edc7a763-c30b-4605-8426-053a7cfa5375,2025-09-03T15:51:00,da0f0f7a-8d2c-4ca9-b82e-cda33fba6610,rachel35,QUERY_START,Regular query_start activity,SUCCESS
b8e4c157-1799-4649-94b0-3131cc42f07f,2025-09-03T15:51:00,f22aa1cf-fe8b-4e78-8492-b46e0f46ffda,brandtmisty,LOGIN,Regular login activity,SUCCESS
e374ef6c-2a36-412f-8976-4ec32d84c580,2025-09-03T15:51:00,4663d48b-596a-4f39-b714-8d69ac9a7d2a,robert93,LOGIN,Regular login activity,SUCCESS
55fb36e4-499b-49d2-a3c9-0625f398d5c1,2025-09-03T15:51:00,89e53854-09b7-4b59-8352-a231c51f8687,glarsen,LOGOUT,Regular logout activity,SUCCESS
c10e7b4e-7366-4919-851e-fd50fa71cd0a,2025-09-03T15:51:00,4b7e389e-8c78-4e72-ab0b-774df43b399e,hardinjennifer,LOGOUT,Regular logout activity,SUCCESS
d4a43f79-9fc0-4ef3-90b8-88706986c648,2025-09-03T15:51:00,57eba2d7-a4fe-48aa-aa7b-ad0e6f1296b7,jose46,QUERY_END,Regular query_end activity,SUCCESS
ebb420c7-8f9b-4994-8e80-58ac517a1904,2025-09-03T15:56:00,7cd584de-ca92-465c-8ea8-5f7ad356bee6,danasandoval,LOGIN,Regular login activity,SUCCESS
2e9d6fcc-ab60-41d5-95cd-5b2673bffe7e,2025-09-03T15:56:00,a3a85592-9f3f-4845-87b8-dd199fcdc3cc,gmoreno,LOGIN,Regular login activity,SUCCESS
abea4493-55e8-44d0-994f-63bda481d1dc,2025-09-03T15:56:00,00f99f6f-5fcc-490a-84f9-6b24911c0b2e,emilyhamilton,QUERY_START,Regular query_start activity,SUCCESS
7b0aa983-216e-444a-9538-b9c63ed4a5c9,2025-09-03T15:56:00,82e7a6a3-1f49-4f5a-8a2a-96e5a654a185,codyoconnor,LOGOUT,Regular logout activity,SUCCESS
f13eb03c-9e2e-4900-ad2e-d56a5a5949f8,2025-09-03T15:56:00,f22aa1cf-fe8b-4e78-8492-b46e0f46ffda,brandtmisty,QUERY_START,Regular query_start activity,SUCCESS
2665f771-1222-4133-a126-83970a377e71,2025-09-03T15:56:00,859c34dd-4540-49a3-b26d-f82b1455d905,oatkinson,LOGOUT,Regular logout activity,SUCCESS
76ca0cb6-de01-487d-8e80-368c6c250b62,2025-09-03T15:56:00,f0c2cfac-cf3b-4053-9e79-a6a4c6bbd187,garciaalison,QUERY_END,Regular query_end activity,SUCCESS
bb083ee7-a138-4071-9456-06761e2443e7,2025-09-03T15:56:00,4663d48b-596a-4f39-b714-8d69ac9a7d2a,robert93,LOGIN,Regular login activity,SUCCESS
a7269ce3-78c1-4579-8546-c98b8fbba800,2025-09-03T15:56:00,ac5e7ada-2f2f-4292-a0e4-18083982547a,lliu,QUERY_END,Regular query_end activity,SUCCESS
c7b299b3-6674-4ed8-a098-9d8a2e7ff97a,2025-09-03T15:56:00,879c852e-e8e8-45c3-9ead-5fa56c9ecfbc,egarcia,LOGIN,Regular login activity,SUCCESS
c75dfe89-42aa-424b-9a54-0196d495321d,2025-09-03T16:10:00,879c852e-e8e8-45c3-9ead-5fa56c9ecfbc,egarcia,LOGIN,Regular login activity,SUCCESS
dde6dab3-2c1c-4f19-88fd-17078b9b8ef5,2025-09-03T16:10:00,3d8cc43f-0f00-40bd-b8b2-34ac61fc0360,rwilliams,QUERY_START,Regular query_start activity,SUCCESS
49443006-9684-4df9-8588-fc8c7874b041,2025-09-03T16:10:00,9a7a68c7-1b0c-4669-859f-6d352b1e386f,andrew16,QUERY_START,Regular query_start activity,SUCCESS
8e8cf31c-af77-464e-8ed7-c9953415521c,2025-09-03T16:10:00,7cd584de-ca92-465c-8ea8-5f7ad356bee6,danasandoval,LOGIN,Regular login activity,SUCCESS
c7826242-4bab-4858-ad49-c8e29c7eb2c1,2025-09-03T16:10:00,57eba2d7-a4fe-48aa-aa7b-ad0e6f1296b7,jose46,QUERY_START,Regular query_start activity,SUCCESS
26333f02-d8a6-4d55-a41a-7abc234338fc,2025-09-03T16:10:00,859c34dd-4540-49a3-b26d-f82b1455d905,oatkinson,LOGOUT,Regular logout activity,SUCCESS
ecfecd8c-2762-460b-9917-af53eb6464da,2025-09-03T16:10:00,7cd584de-ca92-465c-8ea8-5f7ad356bee6,danasandoval,QUERY_END,Regular query_end activity,SUCCESS
97577473-d4e3-4b6b-9858-08dbacba509a,2025-09-03T16:10:00,4b7e389e-8c78-4e72-ab0b-774df43b399e,hardinjennifer,QUERY_END,Regular query_end activity,SUCCESS
73afe67b-b1df-4ef6-9b5f-967fb4a27a9a,2025-09-03T16:10:00,ac5e7ada-2f2f-4292-a0e4-18083982547a,lliu,QUERY_START,Regular query_start activity,SUCCESS
9d9ecd0a-0ba9-41f8-9bc8-01b1bec7faf3,2025-09-03T16:10:00,5fb2a072-2bab-4b94-9109-9cbea70c5438,bryancuevas,QUERY_START,Regular query_start activity,SUCCESS
f059f1ed-10e4-4ebd-8760-e102bb018f8f,2025-09-03T16:16:00,cea2e75f-1ee1-4b1d-90f5-242f82a02bed,erickennedy,LOGIN,Regular login activity,SUCCESS
644d4bc0-00a7-403a-8979-52a8b767d0b1,2025-09-03T16:16:00,ac5e7ada-2f2f-4292-a0e4-18083982547a,lliu,QUERY_START,Regular query_start activity,SUCCESS
436470ab-df48-4576-a247-794bffa043ba,2025-09-03T16:16:00,f22aa1cf-fe8b-4e78-8492-b46e0f46ffda,brandtmisty,QUERY_END,Regular query_end activity,SUCCESS
551017d9-f209-4d78-8ad5-81c12f57e0dd,2025-09-03T16:16:00,cea2e75f-1ee1-4b1d-90f5-242f82a02bed,erickennedy,LOGIN,Regular login activity,SUCCESS
9e1b95c6-9860-45f4-a37d-6213e80a4958,2025-09-03T16:16:00,ac5e7ada-2f2f-4292-a0e4-18083982547a,lliu,QUERY_START,Regular query_start activity,SUCCESS
3834e268-cca6-41e9-9434-8fdd9a28d27e,2025-09-03T16:16:00,879c852e-e8e8-45c3-9ead-5fa56c9ecfbc,egarcia,QUERY_START,Regular query_start activity,SUCCESS
3aca9e35-6520-49ea-9481-656986d7cb04,2025-09-03T16:16:00,7cd584de-ca92-465c-8ea8-5f7ad356bee6,danasandoval,QUERY_START,Regular query_start activity,SUCCESS
9417af65-b782-439b-96ba-fc62f4503b5a,2025-09-03T16:16:00,4bc8b8f2-4d6e-4d5e-8d40-a7b6b3d6bb03,amandamitchell,QUERY_END,Regular query_end activity,SUCCESS
a40b27c9-e960-422e-bd3d-a7baa3b31813,2025-09-03T16:16:00,7cd584de-ca92-465c-8ea8-5f7ad356bee6,danasandoval,QUERY_END,Regular query_end activity,SUCCESS
903c5c7a-6451-4ca8-9480-555b5cb22484,2025-09-03T16:16:00,f0c2cfac-cf3b-4053-9e79-a6a4c6bbd187,garciaalison,QUERY_START,Regular query_start activity,SUCCESS
1d7793c8-c2ee-478c-8921-d15e85e675f1,2025-09-03T16:25:00,9a7a68c7-1b0c-4669-859f-6d352b1e386f,andrew16,QUERY_END,Regular query_end activity,SUCCESS
e7236aaa-66a5-4dce-9712-449a5f8a93fc,2025-09-03T16:25:00,ac5e7ada-2f2f-4292-a0e4-18083982547a,lliu,QUERY_END,Regular query_end activity,SUCCESS
5f3cda7d-6130-4d4d-b9f1-7ad20e339c34,2025-09-03T16:25:00,879c852e-e8e8-45c3-9ead-5fa56c9ecfbc,egarcia,LOGOUT,Regular logout activity,SUCCESS
a20a50b6-9461-4750-a8c9-daa8112b2dd0,2025-09-03T16:25:00,3d8cc43f-0f00-40bd-b8b2-34ac61fc0360,rwilliams,QUERY_END,Regular query_end activity,SUCCESS
d75228e7-5acf-4096-bf31-c0cacbc429dd,2025-09-03T16:25:00,82e7a6a3-1f49-4f5a-8a2a-96e5a654a185,codyoconnor,LOGIN,Regular login activity,SUCCESS
5e628667-6001-4e65-bac0-858056e36ab3,2025-09-03T16:25:00,89e53854-09b7-4b59-8352-a231c51f8687,glarsen,QUERY_START,Regular query_start activity,SUCCESS
448fa7b9-2fcb-488c-b860-468cb2d4a32b,2025-09-03T16:25:00,cea2e75f-1ee1-4b1d-90f5-242f82a02bed,erickennedy,LOGIN,Regular login activity,SUCCESS
38e56ef0-fcb8-4cd1-b757-7ee4c650418b,2025-09-03T16:25:00,4663d48b-596a-4f39-b714-8d69ac9a7d2a,robert93,LOGOUT,Regular logout activity,SUCCESS
2ab2d84f-ebef-4e56-ab3c-a345aca10bed,2025-09-03T16:25:00,57eba2d7-a4fe-48aa-aa7b-ad0e6f1296b7,jose46,LOGOUT,Regular logout activity,SUCCESS
961ea180-bcbd-4de6-ae09-69320e2f6984,2025-09-03T16:25:00,7cd584de-ca92-465c-8ea8-5f7ad356bee6,danasandoval,LOGOUT,Regular logout activity,SUCCESS
7a69b58f-2994-4994-bf50-550f50515d0e,2025-09-03T16:36:00,ac5e7ada-2f2f-4292-a0e4-18083982547a,lliu,QUERY_START,Regular query_start activity,SUCCESS
ce777ac7-ac22-49d4-8429-7a05ca5a667c,2025-09-03T16:36:00,da0f0f7a-8d2c-4ca9-b82e-cda33fba6610,rachel35,QUERY_END,Regular query_end activity,SUCCESS
69a530fd-89ea-484d-b8a8-66d06c10aba2,2025-09-03T16:36:00,82e7a6a3-1f49-4f5a-8a2a-96e5a654a185,codyoconnor,LOGIN,Regular login activity,SUCCESS
f6a23d01-017d-48ef-9d71-72ebfad53b21,2025-09-03T16:36:00,57eba2d7-a4fe-48aa-aa7b-ad0e6f1296b7,jose46,LOGOUT,Regular logout activity,SUCCESS
fdff992b-8a20-43e5-a33b-bc418e3875ff,2025-09-03T16:36:00,82e7a6a3-1f49-4f5a-8a2a-96e5a654a185,codyoconnor,LOGOUT,Regular logout activity,SUCCESS
1ba96e5b-7449-4c99-b877-45d80d7137e6,2025-09-03T16:36:00,ac5e7ada-2f2f-4292-a0e4-18083982547a,lliu,LOGIN,Regular login activity,SUCCESS
18e07e62-1312-4eb9-87f1-80f079aa7ab8,2025-09-03T16:36:00,b92c2609-888c-471e-bf61-4363556df9d8,frank26,LOGIN,Regular login activity,SUCCESS
66b3a0d3-a006-4c44-96e6-e8ab7729d8c7,2025-09-03T16:36:00,7cd584de-ca92-465c-8ea8-5f7ad356bee6,danasandoval,QUERY_END,Regular query_end activity,SUCCESS
10b64fcd-e51e-48bf-9795-ac1ad4b0ab8a,2025-09-03T16:36:00,f0c2cfac-cf3b-4053-9e79-a6a4c6bbd187,garciaalison,QUERY_START,Regular query_start activity,SUCCESS
d0fe4771-c188-4fe4-8b30-d4c8925147a2,2025-09-03T16:36:00,00f99f6f-5fcc-490a-84f9-6b24911c0b2e,emilyhamilton,LOGIN,Regular login activity,SUCCESS
fb486138-0acd-4438-a448-166c93e765db,2025-09-03T16:43:00,859c34dd-4540-49a3-b26d-f82b1455d905,oatkinson,QUERY_END,Regular query_end activity,SUCCESS
602c9074-0765-449c-ac04-eb10dbb49a3a,2025-09-03T16:43:00,879c852e-e8e8-45c3-9ead-5fa56c9ecfbc,egarcia,QUERY_START,Regular query_start activity,SUCCESS
288ba7a5-fa14-48e8-8341-d07c62172dba,2025-09-03T16:43:00,82e7a6a3-1f49-4f5a-8a2a-96e5a654a185,codyoconnor,LOGIN,Regular login activity,SUCCESS
75e98ace-c2ff-47b3-9505-c80ff2ec4133,2025-09-03T16:43:00,57eba2d7-a4fe-48aa-aa7b-ad0e6f1296b7,jose46,QUERY_END,Regular query_end activity,SUCCESS
951714b7-a2aa-4df2-a86c-f4125494ad39,2025-09-03T16:43:00,00f99f6f-5fcc-490a-84f9-6b24911c0b2e,emilyhamilton,LOGOUT,Regular logout activity,SUCCESS
bfdb2423-58f9-4059-ad18-1a59319d77d1,2025-09-03T16:43:00,00f99f6f-5fcc-490a-84f9-6b24911c0b2e,emilyhamilton,QUERY_END,Regular query_end activity,SUCCESS
d1408629-44a9-4108-9cd2-09555d4ea66b,2025-09-03T16:43:00,f0c2cfac-cf3b-4053-9e79-a6a4c6bbd187,garciaalison,LOGIN,Regular login activity,SUCCESS
a45559ef-0d1a-4c02-95cd-ff24fb1a1946,2025-09-03T16:43:00,ac5e7ada-2f2f-4292-a0e4-18083982547a,lliu,QUERY_END,Regular query_end activity,SUCCESS
baf22f6e-391c-4488-af61-a5eb6009f71a,2025-09-03T16:43:00,a3a85592-9f3f-4845-87b8-dd199fcdc3cc,gmoreno,LOGIN,Regular login activity,SUCCESS
9698621f-93d0-4ca4-9079-5ca12156aca7,2025-09-03T16:43:00,cea2e75f-1ee1-4b1d-90f5-242f82a02bed,erickennedy,QUERY_END,Regular query_end activity,SUCCESS
1489c165-52b3-454e-a665-061229f85703,2025-09-03T16:56:00,3d8cc43f-0f00-40bd-b8b2-34ac61fc0360,rwilliams,QUERY_START,Regular query_start activity,SUCCESS
c01f11f3-3a68-4026-9665-9aa7a974fd6d,2025-09-03T16:56:00,f22aa1cf-fe8b-4e78-8492-b46e0f46ffda,brandtmisty,LOGIN,Regular login activity,SUCCESS
08692e06-29b2-48ba-818e-6a93250d4304,2025-09-03T16:56:00,f0c2cfac-cf3b-4053-9e79-a6a4c6bbd187,garciaalison,QUERY_START,Regular query_start activity,SUCCESS
8a5520cb-3078-4bc2-ad4a-df1f0feb96aa,2025-09-03T16:56:00,57eba2d7-a4fe-48aa-aa7b-ad0e6f1296b7,jose46,QUERY_END,Regular query_end activity,SUCCESS
8c476326-fb66-427f-ac03-80e08d63d136,2025-09-03T16:56:00,859c34dd-4540-49a3-b26d-f82b1455d905,oatkinson,LOGOUT,Regular logout activity,SUCCESS
2475744b-e411-47f4-9f01-891db560e90c,2025-09-03T16:56:00,b92c2609-888c-471e-bf61-4363556df9d8,frank26,QUERY_START,Regular query_start activity,SUCCESS
b547fd75-42a0-4642-ab50-7a5fd580ac68,2025-09-03T16:56:00,f22aa1cf-fe8b-4e78-8492-b46e0f46ffda,brandtmisty,QUERY_END,Regular query_end activity,SUCCESS
30550c78-40a7-494c-bf96-7c5bbbd8abc2,2025-09-03T16:56:00,da0f0f7a-8d2c-4ca9-b82e-cda33fba6610,rachel35,LOGOUT,Regular logout activity,SUCCESS
74a3b29a-b6d5-4dcd-a81c-9c4bcfb31431,2025-09-03T16:56:00,7cd584de-ca92-465c-8ea8-5f7ad356bee6,danasandoval,QUERY_END,Regular query_end activity,SUCCESS
6c49675d-754d-4105-898a-864045d39fe0,2025-09-03T16:56:00,00f99f6f-5fcc-490a-84f9-6b24911c0b2e,emilyhamilton,LOGIN,Regular login activity,SUCCESS
6eed4fd5-a55b-483b-8bd6-61a139de3753,2025-09-03T17:09:00,b92c2609-888c-471e-bf61-4363556df9d8,frank26,QUERY_END,Regular query_end activity,SUCCESS
edc4bc4d-ed75-47b8-98dd-ef69586d76b8,2025-09-03T17:09:00,4b7e389e-8c78-4e72-ab0b-774df43b399e,hardinjennifer,QUERY_START,Regular query_start activity,SUCCESS
ba1eae5e-c8e6-4fbe-b401-1c057d6531c0,2025-09-03T17:15:00,b92c2609-888c-471e-bf61-4363556df9d8,frank26,QUERY_END,Regular query_end activity,SUCCESS
bdbc3913-658e-405b-89e1-a43e22020fde,2025-09-03T17:15:00,b92c2609-888c-471e-bf61-4363556df9d8,frank26,LOGOUT,Regular logout activity,SUCCESS
7fc63978-7812-4ba4-838e-35c031565f8c,2025-09-03T17:30:00,f0c2cfac-cf3b-4053-9e79-a6a4c6bbd187,garciaalison,LOGIN,Regular login activity,SUCCESS
d1d0d3fd-7693-4274-8e88-79b43543aadc,2025-09-03T17:30:00,9a7a68c7-1b0c-4669-859f-6d352b1e386f,andrew16,LOGOUT,Regular logout activity,SUCCESS
372e946a-afb0-4250-b8e6-58788ee77aa6,2025-09-03T17:44:00,4b7e389e-8c78-4e72-ab0b-774df43b399e,hardinjennifer,QUERY_END,Regular query_end activity,SUCCESS
8ef7b26a-39a2-4cf1-b6e4-6c5ea362f049,2025-09-03T17:44:00,9a7a68c7-1b0c-4669-859f-6d352b1e386f,andrew16,LOGOUT,Regular logout activity,SUCCESS
fb161a9c-2e97-47f0-89f9-3e83b5855f8b,2025-09-03T17:55:00,7cd584de-ca92-465c-8ea8-5f7ad356bee6,danasandoval,QUERY_END,Regular query_end activity,SUCCESS
6f4d902e-6cd6-4e68-b44f-c9b7c4a70962,2025-09-03T17:55:00,f0c2cfac-cf3b-4053-9e79-a6a4c6bbd187,garciaalison,LOGOUT,Regular logout activity,SUCCESS
eb161b6b-83ca-49e7-84a5-c0f6dbf4a725,2025-09-03T18:06:00,859c34dd-4540-49a3-b26d-f82b1455d905,oatkinson,QUERY_END,Regular query_end activity,SUCCESS
1ce881f3-45a8-47a4-ab63-e5b3db945cdc,2025-09-03T18:06:00,f22aa1cf-fe8b-4e78-8492-b46e0f46ffda,brandtmisty,QUERY_END,Regular query_end activity,SUCCESS
a56b5489-f1a9-405e-8315-2fdffccb1bc2,2025-09-03T18:18:00,3d8cc43f-0f00-40bd-b8b2-34ac61fc0360,rwilliams,QUERY_END,Regular query_end activity,SUCCESS
54900a43-80c5-46e4-8fcd-8ab8bc9df4e9,2025-09-03T18:18:00,f0c2cfac-cf3b-4053-9e79-a6a4c6bbd187,garciaalison,LOGIN,Regular login activity,SUCCESS
73fafdec-76b8-4672-89c2-44b862e9cf80,2025-09-03T18:30:00,f0c2cfac-cf3b-4053-9e79-a6a4c6bbd187,garciaalison,LOGIN,Regular login activity,SUCCESS
0cba7fad-7ded-4035-af3f-40d5bcebb682,2025-09-03T18:30:00,4bc8b8f2-4d6e-4d5e-8d40-a7b6b3d6bb03,amandamitchell,QUERY_END,Regular query_end activity,SUCCESS
8f898b8f-cb8f-4d04-8bbf-9f4a5e891e79,2025-09-03T18:35:00,da0f0f7a-8d2c-4ca9-b82e-cda33fba6610,rachel35,LOGOUT,Regular logout activity,SUCCESS
4b6da86b-13be-4a1f-9ea8-779a5307e23d,2025-09-03T18:35:00,89e53854-09b7-4b59-8352-a231c51f8687,glarsen,LOGOUT,Regular logout activity,SUCCESS
ec615fd9-e324-4804-bde5-2082b8871b67,2025-09-03T18:40:00,89e53854-09b7-4b59-8352-a231c51f8687,glarsen,LOGIN,Regular login activity,SUCCESS
0f8aef16-1b95-44c3-a21a-69d008bb0980,2025-09-03T18:40:00,9a7a68c7-1b0c-4669-859f-6d352b1e386f,andrew16,QUERY_END,Regular query_end activity,SUCCESS
4ef1a816-d620-49c6-89b9-6a88d70a803e,2025-09-03T18:48:00,da0f0f7a-8d2c-4ca9-b82e-cda33fba6610,rachel35,LOGIN,Regular login activity,SUCCESS
b9067421-5a22-4de8-8904-252084a44f08,2025-09-03T18:48:00,a3a85592-9f3f-4845-87b8-dd199fcdc3cc,gmoreno,QUERY_START,Regular query_start activity,SUCCESS
700b0df8-56f6-404b-b180-71790604ead9,2025-09-03T18:54:00,3d8cc43f-0f00-40bd-b8b2-34ac61fc0360,rwilliams,QUERY_START,Regular query_start activity,SUCCESS
a8520f73-3816-4fab-a390-56da65eff2ac,2025-09-03T18:54:00,4b7e389e-8c78-4e72-ab0b-774df43b399e,hardinjennifer,LOGIN,Regular login activity,SUCCESS
a99575d0-b0f2-4752-a71b-bf9a6be04558,2025-09-03T19:02:00,3d8cc43f-0f00-40bd-b8b2-34ac61fc0360,rwilliams,LOGIN,Regular login activity,SUCCESS
91bff18a-6efa-4ba6-97e8-92931dd79215,2025-09-03T19:02:00,00f99f6f-5fcc-490a-84f9-6b24911c0b2e,emilyhamilton,LOGIN,Regular login activity,SUCCESS
aaf10920-251c-4065-b54d-02089ab5fc01,2025-09-03T19:07:00,89e53854-09b7-4b59-8352-a231c51f8687,glarsen,LOGOUT,Regular logout activity,SUCCESS
62252659-4466-4e62-aa20-ebdf52b09a0f,2025-09-03T19:07:00,859c34dd-4540-49a3-b26d-f82b1455d905,oatkinson,QUERY_END,Regular query_end activity,SUCCESS
08e89ee3-0fae-4394-bb73-126217c98a89,2025-09-03T19:13:00,cea2e75f-1ee1-4b1d-90f5-242f82a02bed,erickennedy,LOGIN,Regular login activity,SUCCESS
07096181-11fc-4bdb-834f-c5fbf5d30115,2025-09-03T19:13:00,b92c2609-888c-471e-bf61-4363556df9d8,frank26,LOGIN,Regular login activity,SUCCESS
9b2f4c5a-2de5-4c7a-bd38-5c24b31e4dad,2025-09-03T19:21:00,3d8cc43f-0f00-40bd-b8b2-34ac61fc0360,rwilliams,QUERY_END,Regular query_end activity,SUCCESS
19663d88-c7f3-4d60-aefd-db4ee0a133fc,2025-09-03T19:21:00,4663d48b-596a-4f39-b714-8d69ac9a7d2a,robert93,QUERY_START,Regular query_start activity,SUCCESS
44322b09-28d7-41e4-a2a0-6b3bc6c55b23,2025-09-03T19:31:00,4bc8b8f2-4d6e-4d5e-8d40-a7b6b3d6bb03,amandamitchell,QUERY_START,Regular query_start activity,SUCCESS
7b845736-33d6-4d62-b5f4-de827d1bd45f,2025-09-03T19:31:00,859c34dd-4540-49a3-b26d-f82b1455d905,oatkinson,QUERY_START,Regular query_start activity,SUCCESS
368f8c04-7761-4626-9ecf-4ea0949409cc,2025-09-03T19:45:00,f22aa1cf-fe8b-4e78-8492-b46e0f46ffda,brandtmisty,LOGOUT,Regular logout activity,SUCCESS
9a54d546-043e-4ec8-8fe7-4be9dd8c3e96,2025-09-03T19:45:00,89e53854-09b7-4b59-8352-a231c51f8687,glarsen,LOGOUT,Regular logout activity,SUCCESS
382bb774-a764-4103-a838-9171de7e3183,2025-09-03T19:52:00,b92c2609-888c-471e-bf61-4363556df9d8,frank26,QUERY_START,Regular query_start activity,SUCCESS
4d06733d-7b5f-409a-a3a1-b8f9f53f8a70,2025-09-03T19:52:00,859c34dd-4540-49a3-b26d-f82b1455d905,oatkinson,QUERY_START,Regular query_start activity,SUCCESS
4a07052b-5909-4001-b08a-04c144b2470f,2025-09-03T20:05:00,879c852e-e8e8-45c3-9ead-5fa56c9ecfbc,egarcia,QUERY_START,Regular query_start activity,SUCCESS
1337f3c1-9aa6-4997-a21f-8402dbd5cd5c,2025-09-03T20:05:00,4bc8b8f2-4d6e-4d5e-8d40-a7b6b3d6bb03,amandamitchell,LOGOUT,Regular logout activity,SUCCESS
a8343455-1368-413a-85bd-ae45976f1d94,2025-09-03T20:16:00,89e53854-09b7-4b59-8352-a231c51f8687,glarsen,QUERY_END,Regular query_end activity,SUCCESS
1579e3ca-ec77-4b77-b808-d58bb3110a41,2025-09-03T20:16:00,4bc8b8f2-4d6e-4d5e-8d40-a7b6b3d6bb03,amandamitchell,LOGIN,Regular login activity,SUCCESS
a88b86b9-4789-4d9b-a184-4cb13b92825e,2025-09-03T20:27:00,82e7a6a3-1f49-4f5a-8a2a-96e5a654a185,codyoconnor,LOGOUT,Regular logout activity,SUCCESS
ba72589e-33da-4e87-970a-043a22f93ae4,2025-09-03T20:27:00,4663d48b-596a-4f39-b714-8d69ac9a7d2a,robert93,LOGOUT,Regular logout activity,SUCCESS
38e69e07-40ae-470e-9c79-a0b9fb5dfd7d,2025-09-03T20:37:00,89e53854-09b7-4b59-8352-a231c51f8687,glarsen,LOGIN,Regular login activity,SUCCESS
54961947-8639-42e6-aa45-63cabf995b89,2025-09-03T20:37:00,da0f0f7a-8d2c-4ca9-b82e-cda33fba6610,rachel35,QUERY_END,Regular query_end activity,SUCCESS
7659c37e-4d44-4cf7-b870-ebe7393efc3c,2025-09-03T20:50:00,9a7a68c7-1b0c-4669-859f-6d352b1e386f,andrew16,LOGIN,Regular login activity,SUCCESS
ab5612c4-7a04-4473-a402-73fd312f4c8a,2025-09-03T20:50:00,da0f0f7a-8d2c-4ca9-b82e-cda33fba6610,rachel35,LOGIN,Regular login activity,SUCCESS
65df9f02-cc35-475a-b2ff-e2916d79ac2d,2025-09-03T21:05:00,7cd584de-ca92-465c-8ea8-5f7ad356bee6,danasandoval,QUERY_END,Regular query_end activity,SUCCESS
7a02fa8e-9349-49a4-b609-51f1b9a13c0f,2025-09-03T21:05:00,57eba2d7-a4fe-48aa-aa7b-ad0e6f1296b7,jose46,LOGOUT,Regular logout activity,SUCCESS
5b6cbf69-f198-47e5-9bb1-562efa5b0722,2025-09-03T21:16:00,89e53854-09b7-4b59-8352-a231c51f8687,glarsen,LOGIN,Regular login activity,SUCCESS
9474780b-6d1d-4b8d-961a-156b4508c2ee,2025-09-03T21:16:00,00f99f6f-5fcc-490a-84f9-6b24911c0b2e,emilyhamilton,LOGOUT,Regular logout activity,SUCCESS
c31ea850-ca8e-4010-a953-6907e0d966d6,2025-09-03T21:27:00,9a7a68c7-1b0c-4669-859f-6d352b1e386f,andrew16,LOGOUT,Regular logout activity,SUCCESS
0e50ce21-90c5-4a34-935c-101741860a05,2025-09-03T21:27:00,89e53854-09b7-4b59-8352-a231c51f8687,glarsen,QUERY_START,Regular query_start activity,SUCCESS
1680390c-10cf-454a-a0d5-dd8d24c5485d,2025-09-03T21:34:00,4bc8b8f2-4d6e-4d5e-8d40-a7b6b3d6bb03,amandamitchell,QUERY_END,Regular query_end activity,SUCCESS
d74d2cd8-0a8c-4ff0-ba44-967096e41cd8,2025-09-03T21:34:00,ac5e7ada-2f2f-4292-a0e4-18083982547a,lliu,QUERY_END,Regular query_end activity,SUCCESS
7ae31a8c-e3ef-4741-96ce-a065a4cc6e20,2025-09-03T21:39:00,ac5e7ada-2f2f-4292-a0e4-18083982547a,lliu,LOGOUT,Regular logout activity,SUCCESS
670d74da-cc08-4e05-904b-7063b44c5463,2025-09-03T21:39:00,89e53854-09b7-4b59-8352-a231c51f8687,glarsen,QUERY_START,Regular query_start activity,SUCCESS
9f3224a3-3e93-4402-8ffe-867c34f7af68,2025-09-03T21:51:00,879c852e-e8e8-45c3-9ead-5fa56c9ecfbc,egarcia,QUERY_END,Regular query_end activity,SUCCESS
2e772e8f-c849-48e9-a8b9-c577c0ea5587,2025-09-03T21:51:00,f0c2cfac-cf3b-4053-9e79-a6a4c6bbd187,garciaalison,LOGIN,Regular login activity,SUCCESS
4d7a765e-6b4d-4aea-814b-3011037f34ea,2025-09-03T22:06:00,a3a85592-9f3f-4845-87b8-dd199fcdc3cc,gmoreno,LOGIN,Regular login activity,SUCCESS
285410dd-ce35-4715-b865-6f4ce17f480a,2025-09-03T22:06:00,4663d48b-596a-4f39-b714-8d69ac9a7d2a,robert93,LOGIN,Regular login activity,SUCCESS
6657298c-31e0-4172-9d7c-6ada36da6d8e,2025-09-03T22:20:00,57eba2d7-a4fe-48aa-aa7b-ad0e6f1296b7,jose46,LOGOUT,Regular logout activity,SUCCESS
f21b8832-7294-40a5-8310-2be504989c7a,2025-09-03T22:20:00,ac5e7ada-2f2f-4292-a0e4-18083982547a,lliu,QUERY_END,Regular query_end activity,SUCCESS
10675279-1134-42ea-ae28-3110dadffb59,2025-09-03T22:26:00,57eba2d7-a4fe-48aa-aa7b-ad0e6f1296b7,jose46,QUERY_END,Regular query_end activity,SUCCESS
74f4da11-eed2-4cb5-a36d-610a3a22aa03,2025-09-03T22:26:00,ac5e7ada-2f2f-4292-a0e4-18083982547a,lliu,QUERY_END,Regular query_end activity,SUCCESS
9436f4a9-7ff0-4d0c-b284-5c7ef855a756,2025-09-03T22:33:00,ac5e7ada-2f2f-4292-a0e4-18083982547a,lliu,LOGOUT,Regular logout activity,SUCCESS
7bdb732e-e9f3-4c29-874b-f4aa8a66c75d,2025-09-03T22:33:00,b92c2609-888c-471e-bf61-4363556df9d8,frank26,QUERY_END,Regular query_end activity,SUCCESS
1fd2ee2c-20d5-43c9-a8f9-f2900cedc66d,2025-09-03T22:43:00,4b7e389e-8c78-4e72-ab0b-774df43b399e,hardinjennifer,LOGIN,Regular login activity,SUCCESS
0b2747e5-f20a-4b44-b2f4-5bf7b903d924,2025-09-03T22:43:00,3d8cc43f-0f00-40bd-b8b2-34ac61fc0360,rwilliams,QUERY_START,Regular query_start activity,SUCCESS
21a290ca-a441-4da8-b697-463616842cfd,2025-09-03T22:54:00,00f99f6f-5fcc-490a-84f9-6b24911c0b2e,emilyhamilton,LOGOUT,Regular logout activity,SUCCESS
5effc888-67ab-4626-af57-5e8b39bf0f6b,2025-09-03T22:54:00,f22aa1cf-fe8b-4e78-8492-b46e0f46ffda,brandtmisty,QUERY_END,Regular query_end activity,SUCCESS
c2907d22-a949-4372-b4d0-cac385ee7626,2025-09-03T23:09:00,89e53854-09b7-4b59-8352-a231c51f8687,glarsen,LOGOUT,Regular logout activity,SUCCESS
7f65f027-1ac8-4419-93b2-fd41b9de2a5d,2025-09-03T23:09:00,ac5e7ada-2f2f-4292-a0e4-18083982547a,lliu,QUERY_START,Regular query_start activity,SUCCESS
5936dfc5-928e-4bbc-8a81-c486aaef8bc0,2025-09-03T23:22:00,3d8cc43f-0f00-40bd-b8b2-34ac61fc0360,rwilliams,QUERY_START,Regular query_start activity,SUCCESS
3293314e-4188-4245-a716-93b770a1b971,2025-09-03T23:22:00,00f99f6f-5fcc-490a-84f9-6b24911c0b2e,emilyhamilton,LOGIN,Regular login activity,SUCCESS
4bfb289b-04d9-466e-902b-b72d2b519d86,2025-09-03T23:32:00,00f99f6f-5fcc-490a-84f9-6b24911c0b2e,emilyhamilton,QUERY_END,Regular query_end activity,SUCCESS
36cba0c2-9a62-446f-b1f3-5364c4f5fd60,2025-09-03T23:32:00,9a7a68c7-1b0c-4669-859f-6d352b1e386f,andrew16,LOGOUT,Regular logout activity,SUCCESS
c46af538-9523-45aa-93d9-05c18593c82f,2025-09-03T23:39:00,89e53854-09b7-4b59-8352-a231c51f8687,glarsen,LOGOUT,Regular logout activity,SUCCESS
fb147b5c-5f59-4041-8809-848ece4d65f6,2025-09-03T23:39:00,00f99f6f-5fcc-490a-84f9-6b24911c0b2e,emilyhamilton,LOGOUT,Regular logout activity,SUCCESS
66f6a408-c29c-4a66-b7b4-48c3cf1bf4a5,2025-09-03T23:45:00,89e53854-09b7-4b59-8352-a231c51f8687,glarsen,QUERY_START,Regular query_start activity,SUCCESS
c60ef975-ee12-430c-b38f-df0a8c4bb6cf,2025-09-03T23:45:00,859c34dd-4540-49a3-b26d-f82b1455d905,oatkinson,LOGOUT,Regular logout activity,SUCCESS
92344400-17d5-462c-b79b-d120999598e7,2025-09-03T23:55:00,00f99f6f-5fcc-490a-84f9-6b24911c0b2e,emilyhamilton,LOGIN,Regular login activity,SUCCESS
0c14828b-f314-4962-ba92-a69826a285b0,2025-09-03T23:55:00,9a7a68c7-1b0c-4669-859f-6d352b1e386f,andrew16,QUERY_START,Regular query_start activity,SUCCESS
4dd09c0c-0e9e-49d7-93af-676bf9ba4e26,2025-09-04T00:02:00,3d8cc43f-0f00-40bd-b8b2-34ac61fc0360,rwilliams,LOGIN,Regular login activity,SUCCESS
82b5f75f-ed5d-4961-8cf7-6d08c57e8176,2025-09-04T00:02:00,cea2e75f-1ee1-4b1d-90f5-242f82a02bed,erickennedy,LOGOUT,Regular logout activity,SUCCESS
5e5e1ce6-50a7-4f32-a0bb-76cadbcae9b0,2025-09-04T00:11:00,82e7a6a3-1f49-4f5a-8a2a-96e5a654a185,codyoconnor,LOGOUT,Regular logout activity,SUCCESS
2eb786c4-7f49-4cbf-9313-cd0d72863098,2025-09-04T00:11:00,4b7e389e-8c78-4e72-ab0b-774df43b399e,hardinjennifer,LOGOUT,Regular logout activity,SUCCESS
852a9f04-172c-4216-a58f-515525a4db35,2025-09-04T00:25:00,859c34dd-4540-49a3-b26d-f82b1455d905,oatkinson,QUERY_START,Regular query_start activity,SUCCESS
e0552676-e16c-449a-8309-e56876690527,2025-09-04T00:25:00,89e53854-09b7-4b59-8352-a231c51f8687,glarsen,LOGIN,Regular login activity,SUCCESS
0bc17d72-7579-4eb5-909c-e2e871700905,2025-09-04T00:35:00,82e7a6a3-1f49-4f5a-8a2a-96e5a654a185,codyoconnor,LOGOUT,Regular logout activity,SUCCESS
71ba3791-1dcc-4cbe-a357-1f263198525f,2025-09-04T00:35:00,cea2e75f-1ee1-4b1d-90f5-242f82a02bed,erickennedy,QUERY_END,Regular query_end activity,SUCCESS
d02c5668-2fde-45fe-b358-c7ccd4b0fd04,2025-09-04T00:49:00,4b7e389e-8c78-4e72-ab0b-774df43b399e,hardinjennifer,QUERY_END,Regular query_end activity,SUCCESS
e173a7a0-a60a-4ef3-8a64-9b56201e3ebd,2025-09-04T00:49:00,ac5e7ada-2f2f-4292-a0e4-18083982547a,lliu,QUERY_END,Regular query_end activity,SUCCESS
1d95f2c7-2b9a-43c3-96a3-7755c960999d,2025-09-04T00:54:00,4bc8b8f2-4d6e-4d5e-8d40-a7b6b3d6bb03,amandamitchell,LOGIN,Regular login activity,SUCCESS
e6e94232-f296-49b3-8a17-151bb4d53969,2025-09-04T00:54:00,a3a85592-9f3f-4845-87b8-dd199fcdc3cc,gmoreno,LOGIN,Regular login activity,SUCCESS
bc0b958b-dd2e-4188-9245-fb9ec223f04a,2025-09-04T01:00:00,3d8cc43f-0f00-40bd-b8b2-34ac61fc0360,rwilliams,LOGIN,Regular login activity,SUCCESS
591fe294-ea86-4b45-b4d2-6fea56fb416d,2025-09-04T01:00:00,b92c2609-888c-471e-bf61-4363556df9d8,frank26,LOGIN,Regular login activity,SUCCESS
1165a752-a560-4178-b533-b232bf2df864,2025-09-04T01:07:00,7cd584de-ca92-465c-8ea8-5f7ad356bee6,danasandoval,QUERY_END,Regular query_end activity,SUCCESS
0db02180-a623-43d1-bc31-93d142dedb43,2025-09-04T01:07:00,5fb2a072-2bab-4b94-9109-9cbea70c5438,bryancuevas,LOGOUT,Regular logout activity,SUCCESS
06486271-4f52-48d6-9085-2b06b360f6fb,2025-09-04T01:13:00,4663d48b-596a-4f39-b714-8d69ac9a7d2a,robert93,QUERY_START,Regular query_start activity,SUCCESS
48e82677-80b4-4009-8d8a-99c0d82941d7,2025-09-04T01:13:00,a3a85592-9f3f-4845-87b8-dd199fcdc3cc,gmoreno,LOGIN,Regular login activity,SUCCESS
f917429b-1512-4aa0-83af-aabfb43a244d,2025-09-04T01:25:00,879c852e-e8e8-45c3-9ead-5fa56c9ecfbc,egarcia,QUERY_START,Regular query_start activity,SUCCESS
6c5e25bd-9bc3-45b1-b02d-2809e8f6bbd5,2025-09-04T01:25:00,4bc8b8f2-4d6e-4d5e-8d40-a7b6b3d6bb03,amandamitchell,LOGOUT,Regular logout activity,SUCCESS
dcca9b68-a677-42d3-a974-4995723ef0a6,2025-09-04T01:39:00,b92c2609-888c-471e-bf61-4363556df9d8,frank26,LOGOUT,Regular logout activity,SUCCESS
6947619e-79db-48bb-b1be-e3c4bb35ee99,2025-09-04T01:39:00,4bc8b8f2-4d6e-4d5e-8d40-a7b6b3d6bb03,amandamitchell,QUERY_START,Regular query_start activity,SUCCESS
02c292ac-0624-4ab5-bb98-d818d8558180,2025-09-04T01:47:00,00f99f6f-5fcc-490a-84f9-6b24911c0b2e,emilyhamilton,QUERY_START,Regular query_start activity,SUCCESS
f7b66cbc-9494-41f7-8ee0-c8cfa65996b4,2025-09-04T01:47:00,859c34dd-4540-49a3-b26d-f82b1455d905,oatkinson,LOGIN,Regular login activity,SUCCESS
3499fe1e-d9c8-47c4-87a3-be7c443868c1,2025-09-04T01:59:00,5fb2a072-2bab-4b94-9109-9cbea70c5438,bryancuevas,LOGIN,Regular login activity,SUCCESS
3d57ba78-75e2-483e-92aa-bfd87ac2c5fe,2025-09-04T01:59:00,7cd584de-ca92-465c-8ea8-5f7ad356bee6,danasandoval,QUERY_END,Regular query_end activity,SUCCESS
8c12e811-239f-4330-9479-f1791b13bdcd,2025-09-04T02:11:00,ac5e7ada-2f2f-4292-a0e4-18083982547a,lliu,QUERY_END,Regular query_end activity,SUCCESS
bc552e33-754b-463a-b5aa-32bf4eca17be,2025-09-04T02:11:00,b92c2609-888c-471e-bf61-4363556df9d8,frank26,QUERY_END,Regular query_end activity,SUCCESS
8254690d-c2e3-44e5-921c-9a87933b166a,2025-09-04T02:25:00,3d8cc43f-0f00-40bd-b8b2-34ac61fc0360,rwilliams,QUERY_END,Regular query_end activity,SUCCESS
ae4a8d8e-c3d8-490a-abad-57f1a5ec0ea3,2025-09-04T02:25:00,4b7e389e-8c78-4e72-ab0b-774df43b399e,hardinjennifer,LOGIN,Regular login activity,SUCCESS
b1215a50-07d6-44b2-8672-fad7500e3089,2025-09-04T02:33:00,da0f0f7a-8d2c-4ca9-b82e-cda33fba6610,rachel35,LOGOUT,Regular logout activity,SUCCESS
a8572157-568f-4262-977e-e3dc7a5a4c9a,2025-09-04T02:33:00,da0f0f7a-8d2c-4ca9-b82e-cda33fba6610,rachel35,LOGOUT,Regular logout activity,SUCCESS
3fd58d80-cd40-436c-a959-cdbac38bc4fa,2025-09-04T02:40:00,da0f0f7a-8d2c-4ca9-b82e-cda33fba6610,rachel35,LOGOUT,Regular logout activity,SUCCESS
74ec14ac-f748-4ab6-998b-5d7fa538d0d5,2025-09-04T02:40:00,f0c2cfac-cf3b-4053-9e79-a6a4c6bbd187,garciaalison,QUERY_START,Regular query_start activity,SUCCESS
0bbe0fac-0e26-44ac-80ed-a7f674805d72,2025-09-04T02:48:00,4663d48b-596a-4f39-b714-8d69ac9a7d2a,robert93,LOGIN,Regular login activity,SUCCESS
bbdaa91c-755a-40df-8bca-c2d6d0136b32,2025-09-04T02:48:00,3d8cc43f-0f00-40bd-b8b2-34ac61fc0360,rwilliams,LOGIN,Regular login activity,SUCCESS
460fd201-7501-4e39-bf21-4bd812ff827f,2025-09-04T02:56:00,7cd584de-ca92-465c-8ea8-5f7ad356bee6,danasandoval,QUERY_END,Regular query_end activity,SUCCESS
de69ba73-fe14-401e-b4fc-fa0cf05fca48,2025-09-04T02:56:00,4bc8b8f2-4d6e-4d5e-8d40-a7b6b3d6bb03,amandamitchell,LOGOUT,Regular logout activity,SUCCESS
228fa511-1077-40f9-b7e5-3f9a0b167806,2025-09-04T03:03:00,859c34dd-4540-49a3-b26d-f82b1455d905,oatkinson,LOGOUT,Regular logout activity,SUCCESS
20968cb1-eec1-4fd1-82cd-9ba9448084dd,2025-09-04T03:03:00,4b7e389e-8c78-4e72-ab0b-774df43b399e,hardinjennifer,QUERY_END,Regular query_end activity,SUCCESS
fef08b8b-c766-4ac1-8712-4bd521a09169,2025-09-04T03:09:00,9a7a68c7-1b0c-4669-859f-6d352b1e386f,andrew16,QUERY_START,Regular query_start activity,SUCCESS
3bb10671-34de-4320-929e-a6d8b1c40e47,2025-09-04T03:09:00,b92c2609-888c-471e-bf61-4363556df9d8,frank26,LOGIN,Regular login activity,SUCCESS
67ecbf8c-0f38-4b62-9bf0-2b72f3b27275,2025-09-04T03:20:00,4663d48b-596a-4f39-b714-8d69ac9a7d2a,robert93,QUERY_START,Regular query_start activity,SUCCESS
ad8acad0-7ef5-4516-8544-da1a08022c3e,2025-09-04T03:20:00,82e7a6a3-1f49-4f5a-8a2a-96e5a654a185,codyoconnor,QUERY_END,Regular query_end activity,SUCCESS
d59e416a-9ab8-4b1d-8398-eb042265747a,2025-09-04T03:29:00,f22aa1cf-fe8b-4e78-8492-b46e0f46ffda,brandtmisty,LOGIN,Regular login activity,SUCCESS
7135b343-abdd-4046-9cad-93d3cbdd6c5e,2025-09-04T03:29:00,9a7a68c7-1b0c-4669-859f-6d352b1e386f,andrew16,LOGIN,Regular login activity,SUCCESS
37d741bc-ed38-4f5c-af89-322a1adcab28,2025-09-04T03:34:00,89e53854-09b7-4b59-8352-a231c51f8687,glarsen,QUERY_START,Regular query_start activity,SUCCESS
2f84eb39-bc8f-4849-b4d0-d12c2b53c0c8,2025-09-04T03:34:00,4663d48b-596a-4f39-b714-8d69ac9a7d2a,robert93,LOGOUT,Regular logout activity,SUCCESS
7356e859-12db-4e7d-9338-0972cceb3d33,2025-09-04T03:41:00,5fb2a072-2bab-4b94-9109-9cbea70c5438,bryancuevas,LOGOUT,Regular logout activity,SUCCESS
3dd2194c-3936-4f9f-8139-dc383f841eb1,2025-09-04T03:41:00,a3a85592-9f3f-4845-87b8-dd199fcdc3cc,gmoreno,QUERY_START,Regular query_start activity,SUCCESS
bf9f10ca-b061-48aa-964e-1c90439f8132,2025-09-04T03:50:00,7cd584de-ca92-465c-8ea8-5f7ad356bee6,danasandoval,LOGOUT,Regular logout activity,SUCCESS
e772db71-2fce-42d1-bf3f-3ff4ed46c1b8,2025-09-04T03:50:00,859c34dd-4540-49a3-b26d-f82b1455d905,oatkinson,LOGOUT,Regular logout activity,SUCCESS
bbe43238-d12e-4008-91e1-62ea19c9fe04,2025-09-04T03:57:00,00f99f6f-5fcc-490a-84f9-6b24911c0b2e,emilyhamilton,LOGOUT,Regular logout activity,SUCCESS
bfc269d4-e98c-44a6-b621-c6db7685af93,2025-09-04T03:57:00,da0f0f7a-8d2c-4ca9-b82e-cda33fba6610,rachel35,LOGIN,Regular login activity,SUCCESS
7fbc6dd7-1b25-476f-bc9a-c12e655c6d55,2025-09-04T04:10:00,879c852e-e8e8-45c3-9ead-5fa56c9ecfbc,egarcia,LOGIN,Regular login activity,SUCCESS
24a66986-5d7a-4cd2-945b-3315e0fe2687,2025-09-04T04:10:00,ac5e7ada-2f2f-4292-a0e4-18083982547a,lliu,QUERY_START,Regular query_start activity,SUCCESS
f9d17d94-2302-4acb-8032-f89d0176b58e,2025-09-04T04:22:00,b92c2609-888c-471e-bf61-4363556df9d8,frank26,LOGIN,Regular login activity,SUCCESS
1bf4be12-4bb7-4dc2-a5e5-9aaa00e87589,2025-09-04T04:22:00,cea2e75f-1ee1-4b1d-90f5-242f82a02bed,erickennedy,LOGIN,Regular login activity,SUCCESS
77e524db-0908-4489-a908-9188be9e8e50,2025-09-04T04:31:00,da0f0f7a-8d2c-4ca9-b82e-cda33fba6610,rachel35,LOGIN,Regular login activity,SUCCESS
9a4029cb-c5e3-4ad4-bc0a-cad53802f37f,2025-09-04T04:31:00,cea2e75f-1ee1-4b1d-90f5-242f82a02bed,erickennedy,QUERY_END,Regular query_end activity,SUCCESS
07faf524-a5f3-489c-8c30-e2b35c2e8836,2025-09-04T04:38:00,cea2e75f-1ee1-4b1d-90f5-242f82a02bed,erickennedy,LOGIN,Regular login activity,SUCCESS
10fc4c5a-90c9-4c14-a1ca-591fa912eedd,2025-09-04T04:38:00,7cd584de-ca92-465c-8ea8-5f7ad356bee6,danasandoval,QUERY_START,Regular query_start activity,SUCCESS
a72d7e31-8690-4212-802d-96fdec91c3fd,2025-09-04T04:49:00,a3a85592-9f3f-4845-87b8-dd199fcdc3cc,gmoreno,LOGIN,Regular login activity,SUCCESS
42f628a6-96e5-460c-9260-872c6950b589,2025-09-04T04:49:00,b92c2609-888c-471e-bf61-4363556df9d8,frank26,LOGOUT,Regular logout activity,SUCCESS
2e109965-d260-4ece-8028-73ac89ed6cac,2025-09-04T05:00:00,879c852e-e8e8-45c3-9ead-5fa56c9ecfbc,egarcia,QUERY_END,Regular query_end activity,SUCCESS
f185f474-a16e-4bb7-8708-f0109b10877f,2025-09-04T05:00:00,859c34dd-4540-49a3-b26d-f82b1455d905,oatkinson,QUERY_START,Regular query_start activity,SUCCESS
11deb9ad-ab04-45d1-b966-997b31b91135,2025-09-04T05:15:00,82e7a6a3-1f49-4f5a-8a2a-96e5a654a185,codyoconnor,QUERY_START,Regular query_start activity,SUCCESS
307b2553-0439-4d09-a0ac-a6a9065096d6,2025-09-04T05:15:00,7cd584de-ca92-465c-8ea8-5f7ad356bee6,danasandoval,LOGOUT,Regular logout activity,SUCCESS
20712bda-ef7f-463e-8280-f75fb50accaa,2025-09-04T05:23:00,4663d48b-596a-4f39-b714-8d69ac9a7d2a,robert93,QUERY_START,Regular query_start activity,SUCCESS
1d1852d6-0acf-4f2c-8675-84dd714f7108,2025-09-04T05:23:00,5fb2a072-2bab-4b94-9109-9cbea70c5438,bryancuevas,QUERY_START,Regular query_start activity,SUCCESS
fb37a751-ac42-4d44-967f-93e81d3995cb,2025-09-04T05:29:00,859c34dd-4540-49a3-b26d-f82b1455d905,oatkinson,QUERY_END,Regular query_end activity,SUCCESS
82204201-2fa0-4e74-90ab-a34b2f6934eb,2025-09-04T05:29:00,82e7a6a3-1f49-4f5a-8a2a-96e5a654a185,codyoconnor,LOGIN,Regular login activity,SUCCESS
776e0f2c-a384-4d17-a4b5-838c04f17c20,2025-09-04T05:36:00,89e53854-09b7-4b59-8352-a231c51f8687,glarsen,QUERY_START,Regular query_start activity,SUCCESS
fa52fac2-2de0-49c2-88c2-e93397171172,2025-09-04T05:36:00,da0f0f7a-8d2c-4ca9-b82e-cda33fba6610,rachel35,QUERY_END,Regular query_end activity,SUCCESS
08c88770-9330-4374-82a8-d00b33812631,2025-09-04T05:48:00,5fb2a072-2bab-4b94-9109-9cbea70c5438,bryancuevas,QUERY_START,Regular query_start activity,SUCCESS
498d5531-c03f-4cc7-82d5-fb2387a84386,2025-09-04T05:48:00,f0c2cfac-cf3b-4053-9e79-a6a4c6bbd187,garciaalison,QUERY_END,Regular query_end activity,SUCCESS
291ffc85-a8cd-4c0b-80f5-667d103b8802,2025-09-04T06:00:00,89e53854-09b7-4b59-8352-a231c51f8687,glarsen,QUERY_END,Regular query_end activity,SUCCESS
30828f6b-c3da-4f34-a928-a5859f7898a9,2025-09-04T06:00:00,9a7a68c7-1b0c-4669-859f-6d352b1e386f,andrew16,QUERY_END,Regular query_end activity,SUCCESS
a3558dda-f5c9-4d7d-8f27-efef0fa0164c,2025-09-04T06:09:00,00f99f6f-5fcc-490a-84f9-6b24911c0b2e,emilyhamilton,QUERY_END,Regular query_end activity,SUCCESS
8e022ddc-733b-4a75-ba36-2ae824114cb4,2025-09-04T06:09:00,57eba2d7-a4fe-48aa-aa7b-ad0e6f1296b7,jose46,LOGIN,Regular login activity,SUCCESS
15b5d733-be5e-4728-ba49-4e15bb7ec229,2025-09-04T06:23:00,a3a85592-9f3f-4845-87b8-dd199fcdc3cc,gmoreno,QUERY_START,Regular query_start activity,SUCCESS
7bb8488a-1649-42ff-b34d-1905201c603c,2025-09-04T06:23:00,879c852e-e8e8-45c3-9ead-5fa56c9ecfbc,egarcia,LOGOUT,Regular logout activity,SUCCESS
eac50c18-f682-4fde-9bdb-eacd6ab53842,2025-09-04T06:38:00,b92c2609-888c-471e-bf61-4363556df9d8,frank26,LOGIN,Regular login activity,SUCCESS
6a5336f5-7c7f-4cb6-becb-f57693f70b23,2025-09-04T06:38:00,879c852e-e8e8-45c3-9ead-5fa56c9ecfbc,egarcia,QUERY_END,Regular query_end activity,SUCCESS
b5aa21bf-d749-4fb4-afc1-3a5fda4e3a38,2025-09-04T06:48:00,9a7a68c7-1b0c-4669-859f-6d352b1e386f,andrew16,QUERY_START,Regular query_start activity,SUCCESS
00a94c99-4c5a-4abe-af63-3a3173c814d0,2025-09-04T06:48:00,a3a85592-9f3f-4845-87b8-dd199fcdc3cc,gmoreno,LOGOUT,Regular logout activity,SUCCESS
274d6308-1afe-4572-b368-d74e7e82a102,2025-09-04T06:54:00,879c852e-e8e8-45c3-9ead-5fa56c9ecfbc,egarcia,QUERY_END,Regular query_end activity,SUCCESS
266af112-9e5f-4f01-a26d-78a595615102,2025-09-04T06:54:00,859c34dd-4540-49a3-b26d-f82b1455d905,oatkinson,LOGOUT,Regular logout activity,SUCCESS
9cae1423-5c65-4443-a162-1beeb70cd808,2025-09-04T06:59:00,879c852e-e8e8-45c3-9ead-5fa56c9ecfbc,egarcia,QUERY_END,Regular query_end activity,SUCCESS
98726c35-83ad-4de6-b419-9983c59a6c03,2025-09-04T06:59:00,00f99f6f-5fcc-490a-84f9-6b24911c0b2e,emilyhamilton,QUERY_END,Regular query_end activity,SUCCESS
ebb88fc7-e371-4a79-9f01-622080eea6a1,2025-09-04T07:14:00,a3a85592-9f3f-4845-87b8-dd199fcdc3cc,gmoreno,LOGOUT,Regular logout activity,SUCCESS
640e974c-935f-4534-a178-4111e8829a80,2025-09-04T07:14:00,a3a85592-9f3f-4845-87b8-dd199fcdc3cc,gmoreno,QUERY_END,Regular query_end activity,SUCCESS
37e3fc44-cf46-4878-a9b7-80f0d2eb47b9,2025-09-04T07:24:00,b92c2609-888c-471e-bf61-4363556df9d8,frank26,QUERY_END,Regular query_end activity,SUCCESS
994057e6-2d2d-4f83-bc39-12321c3d84ea,2025-09-04T07:24:00,4663d48b-596a-4f39-b714-8d69ac9a7d2a,robert93,QUERY_START,Regular query_start activity,SUCCESS
7e62b50f-2a64-4d0f-85be-1fb5c948a11a,2025-09-04T07:33:00,4663d48b-596a-4f39-b714-8d69ac9a7d2a,robert93,LOGIN,Regular login activity,SUCCESS
db1e8f69-1ad0-4497-90a9-6ae3c919478f,2025-09-04T07:33:00,4663d48b-596a-4f39-b714-8d69ac9a7d2a,robert93,QUERY_START,Regular query_start activity,SUCCESS
bf5d2ce7-b5fb-452d-b8cd-2cab6dc01aa8,2025-09-04T07:44:00,9a7a68c7-1b0c-4669-859f-6d352b1e386f,andrew16,LOGOUT,Regular logout activity,SUCCESS
84db3080-631b-4064-9a31-17b0bb1b35c1,2025-09-04T07:44:00,da0f0f7a-8d2c-4ca9-b82e-cda33fba6610,rachel35,LOGOUT,Regular logout activity,SUCCESS
ed90a9fd-c471-4b88-8ec0-3c88da7dffe5,2025-09-04T07:53:00,f22aa1cf-fe8b-4e78-8492-b46e0f46ffda,brandtmisty,QUERY_END,Regular query_end activity,SUCCESS
08113062-3f32-4cd9-8e3d-0ee7a1475dbe,2025-09-04T07:53:00,57eba2d7-a4fe-48aa-aa7b-ad0e6f1296b7,jose46,LOGIN,Regular login activity,SUCCESS
9c0554cc-53b1-46df-b683-2951701cc1d0,2025-09-04T08:01:00,4b7e389e-8c78-4e72-ab0b-774df43b399e,hardinjennifer,LOGOUT,Regular logout activity,SUCCESS
54173b8c-4922-4593-809a-7e7fde816c3f,2025-09-04T08:01:00,57eba2d7-a4fe-48aa-aa7b-ad0e6f1296b7,jose46,LOGOUT,Regular logout activity,SUCCESS
e7991dff-a56e-4e1a-9741-f8a41155cc72,2025-09-04T08:08:00,4663d48b-596a-4f39-b714-8d69ac9a7d2a,robert93,QUERY_START,Regular query_start activity,SUCCESS
614220e8-a71d-4ee8-887f-ac85421b3b92,2025-09-04T08:08:00,7cd584de-ca92-465c-8ea8-5f7ad356bee6,danasandoval,QUERY_START,Regular query_start activity,SUCCESS
26b3e8cf-4441-4bc0-9a83-8fc4ce53f37a,2025-09-04T08:17:00,f22aa1cf-fe8b-4e78-8492-b46e0f46ffda,brandtmisty,LOGOUT,Regular logout activity,SUCCESS
ba20b940-0887-4739-a979-d3576e2db72c,2025-09-04T08:17:00,f22aa1cf-fe8b-4e78-8492-b46e0f46ffda,brandtmisty,QUERY_END,Regular query_end activity,SUCCESS
4acdf976-0702-4df5-b4b1-678ad8ae9ae0,2025-09-04T08:26:00,859c34dd-4540-49a3-b26d-f82b1455d905,oatkinson,LOGOUT,Regular logout activity,SUCCESS
41040c27-e756-46e2-a1b8-eefac5d21290,2025-09-04T08:26:00,82e7a6a3-1f49-4f5a-8a2a-96e5a654a185,codyoconnor,LOGOUT,Regular logout activity,SUCCESS
0cd8733d-05ad-4671-997c-d3ccc271c21f,2025-09-04T08:36:00,9a7a68c7-1b0c-4669-859f-6d352b1e386f,andrew16,LOGOUT,Regular logout activity,SUCCESS
ea741f02-49c0-460b-a7a7-fd6d10a375b4,2025-09-04T08:36:00,879c852e-e8e8-45c3-9ead-5fa56c9ecfbc,egarcia,QUERY_END,Regular query_end activity,SUCCESS
c867af93-5264-45bb-bf1a-6fe4a5edea4f,2025-09-04T08:46:00,4663d48b-596a-4f39-b714-8d69ac9a7d2a,robert93,LOGIN,Regular login activity,SUCCESS
b921cc96-7836-4cc1-aead-2bb70d7cb4b5,2025-09-04T08:46:00,4bc8b8f2-4d6e-4d5e-8d40-a7b6b3d6bb03,amandamitchell,LOGOUT,Regular logout activity,SUCCESS
c5f8c38a-14b9-4858-a584-3467b0e63be0,2025-09-04T08:59:00,859c34dd-4540-49a3-b26d-f82b1455d905,oatkinson,QUERY_END,Regular query_end activity,SUCCESS
df9b7850-399b-442f-b0f0-df409a748cc5,2025-09-04T08:59:00,ac5e7ada-2f2f-4292-a0e4-18083982547a,lliu,QUERY_START,Regular query_start activity,SUCCESS
2a696fe5-f24f-44c7-8213-7fb856ae4d64,2025-09-04T09:14:00,f22aa1cf-fe8b-4e78-8492-b46e0f46ffda,brandtmisty,QUERY_END,Regular query_end activity,SUCCESS
69ce0dc2-8809-4ec8-a97e-04ea57c4f570,2025-09-04T09:14:00,5fb2a072-2bab-4b94-9109-9cbea70c5438,bryancuevas,QUERY_START,Regular query_start activity,SUCCESS
f26fc977-cbf7-4b73-ace7-1c0057de16a1,2025-09-04T09:14:00,ac5e7ada-2f2f-4292-a0e4-18083982547a,lliu,QUERY_START,Regular query_start activity,SUCCESS
81011841-d60f-41a0-8308-079bccff4ba1,2025-09-04T09:14:00,89e53854-09b7-4b59-8352-a231c51f8687,glarsen,QUERY_START,Regular query_start activity,SUCCESS
a8ae2d73-0cfa-427f-9eb1-515469834667,2025-09-04T09:14:00,cea2e75f-1ee1-4b1d-90f5-242f82a02bed,erickennedy,QUERY_END,Regular query_end activity,SUCCESS
25e2f27a-fd60-44f2-9986-2ee4250a6e0e,2025-09-04T09:14:00,f22aa1cf-fe8b-4e78-8492-b46e0f46ffda,brandtmisty,QUERY_START,Regular query_start activity,SUCCESS
3e1e2dc2-51c1-4d98-af43-5616827eced9,2025-09-04T09:14:00,89e53854-09b7-4b59-8352-a231c51f8687,glarsen,LOGIN,Regular login activity,SUCCESS
a60225b2-1cde-4a92-bdb3-0266b0f2567a,2025-09-04T09:14:00,cea2e75f-1ee1-4b1d-90f5-242f82a02bed,erickennedy,LOGOUT,Regular logout activity,SUCCESS
e9472af5-d2fc-40a7-b9c4-bf03bd0c1fba,2025-09-04T09:14:00,00f99f6f-5fcc-490a-84f9-6b24911c0b2e,emilyhamilton,QUERY_END,Regular query_end activity,SUCCESS
63210c6d-22d4-4997-9b3e-b97f8a71af96,2025-09-04T09:14:00,f22aa1cf-fe8b-4e78-8492-b46e0f46ffda,brandtmisty,QUERY_END,Regular query_end activity,SUCCESS
0e46018a-0313-4cf0-a689-7283771f1251,2025-09-04T09:28:00,879c852e-e8e8-45c3-9ead-5fa56c9ecfbc,egarcia,QUERY_START,Regular query_start activity,SUCCESS
1b519b73-c34a-40b6-acff-e347d214c0f6,2025-09-04T09:28:00,da0f0f7a-8d2c-4ca9-b82e-cda33fba6610,rachel35,LOGIN,Regular login activity,SUCCESS
3627e47b-2e81-4e32-8399-acbb09c81a1a,2025-09-04T09:28:00,00f99f6f-5fcc-490a-84f9-6b24911c0b2e,emilyhamilton,QUERY_END,Regular query_end activity,SUCCESS
9da50a8e-3470-4f2e-8c42-04bd139bfa85,2025-09-04T09:28:00,cea2e75f-1ee1-4b1d-90f5-242f82a02bed,erickennedy,QUERY_END,Regular query_end activity,SUCCESS
a6d8e63c-2f35-4e96-b550-010d5fe46de3,2025-09-04T09:28:00,82e7a6a3-1f49-4f5a-8a2a-96e5a654a185,codyoconnor,LOGOUT,Regular logout activity,SUCCESS
d60761c4-ec21-474b-b5c2-fa90338df567,2025-09-04T09:28:00,f22aa1cf-fe8b-4e78-8492-b46e0f46ffda,brandtmisty,LOGOUT,Regular logout activity,SUCCESS
b4d44005-14bf-479e-b96e-972b4f9390ef,2025-09-04T09:28:00,ac5e7ada-2f2f-4292-a0e4-18083982547a,lliu,LOGIN,Regular login activity,SUCCESS
9a692fa5-dd76-4aef-b2f2-a7b69e982ed5,2025-09-04T09:28:00,f0c2cfac-cf3b-4053-9e79-a6a4c6bbd187,garciaalison,QUERY_END,Regular query_end activity,SUCCESS
a53453df-e7b9-4343-8739-31570371ff57,2025-09-04T09:28:00,da0f0f7a-8d2c-4ca9-b82e-cda33fba6610,rachel35,QUERY_END,Regular query_end activity,SUCCESS
8938e98b-1413-4ae5-82c9-e29087a2c8b2,2025-09-04T09:28:00,da0f0f7a-8d2c-4ca9-b82e-cda33fba6610,rachel35,LOGOUT,Regular logout activity,SUCCESS
7787edc5-51cf-4bc4-b996-915201fb99fa,2025-09-04T09:43:00,82e7a6a3-1f49-4f5a-8a2a-96e5a654a185,codyoconnor,LOGOUT,Regular logout activity,SUCCESS
9d28db54-c368-4f8b-812d-f3365da0dbfd,2025-09-04T09:43:00,4663d48b-596a-4f39-b714-8d69ac9a7d2a,robert93,QUERY_END,Regular query_end activity,SUCCESS
bf3c8954-6e5f-4d02-8ac2-ceabbd3c4f07,2025-09-04T09:43:00,89e53854-09b7-4b59-8352-a231c51f8687,glarsen,LOGIN,Regular login activity,SUCCESS
df9c9d7b-588e-49a0-94ed-4bfc6a29ec7b,2025-09-04T09:43:00,57eba2d7-a4fe-48aa-aa7b-ad0e6f1296b7,jose46,QUERY_START,Regular query_start activity,SUCCESS
9ac7cd5e-2da5-4a71-946e-f1685ebd0e39,2025-09-04T09:43:00,9a7a68c7-1b0c-4669-859f-6d352b1e386f,andrew16,QUERY_START,Regular query_start activity,SUCCESS
eb8306ac-0d1f-4c7c-a659-d42e557ae419,2025-09-04T09:43:00,7cd584de-ca92-465c-8ea8-5f7ad356bee6,danasandoval,QUERY_START,Regular query_start activity,SUCCESS
fe8c4de2-e5d6-47b8-b495-44df34a33bbd,2025-09-04T09:43:00,a3a85592-9f3f-4845-87b8-dd199fcdc3cc,gmoreno,LOGIN,Regular login activity,SUCCESS
7a66da27-bf7a-4daf-b276-2d5c210cacdd,2025-09-04T09:43:00,b92c2609-888c-471e-bf61-4363556df9d8,frank26,LOGIN,Regular login activity,SUCCESS
ae480276-5cd8-42ec-b29f-e3f2a6f1c9ff,2025-09-04T09:43:00,859c34dd-4540-49a3-b26d-f82b1455d905,oatkinson,QUERY_END,Regular query_end activity,SUCCESS
90f8176c-6a5f-484a-b0e9-f90be46fb33e,2025-09-04T09:43:00,7cd584de-ca92-465c-8ea8-5f7ad356bee6,danasandoval,LOGOUT,Regular logout activity,SUCCESS
5c956d14-fa94-4892-8f6b-083d9f3f43da,2025-09-04T09:50:00,57eba2d7-a4fe-48aa-aa7b-ad0e6f1296b7,jose46,LOGOUT,Regular logout activity,SUCCESS
9239e30d-ed51-4339-8c84-5cc12aabb552,2025-09-04T09:50:00,4663d48b-596a-4f39-b714-8d69ac9a7d2a,robert93,LOGIN,Regular login activity,SUCCESS
c9ac4682-2e4b-4c03-900d-be79fc9c4e2c,2025-09-04T09:50:00,b92c2609-888c-471e-bf61-4363556df9d8,frank26,QUERY_START,Regular query_start activity,SUCCESS
7e62bcfb-6438-4c85-81e9-75cb874ecc80,2025-09-04T09:50:00,4bc8b8f2-4d6e-4d5e-8d40-a7b6b3d6bb03,amandamitchell,LOGIN,Regular login activity,SUCCESS
e963ed54-9d1b-46c9-a8f0-8bfa13264dc7,2025-09-04T09:50:00,f22aa1cf-fe8b-4e78-8492-b46e0f46ffda,brandtmisty,LOGOUT,Regular logout activity,SUCCESS
11c1e422-6edc-470d-b0f8-24fdf8d622a6,2025-09-04T09:50:00,7cd584de-ca92-465c-8ea8-5f7ad356bee6,danasandoval,QUERY_END,Regular query_end activity,SUCCESS
3e82380a-e7cb-4c7f-8aab-7ee288202c2b,2025-09-04T09:50:00,00f99f6f-5fcc-490a-84f9-6b24911c0b2e,emilyhamilton,QUERY_START,Regular query_start activity,SUCCESS
e2736d73-eb80-4c84-a2d1-e48250148323,2025-09-04T09:50:00,57eba2d7-a4fe-48aa-aa7b-ad0e6f1296b7,jose46,QUERY_END,Regular query_end activity,SUCCESS
cafe8c7e-b00c-46e9-9853-5fb727c8f47d,2025-09-04T09:50:00,57eba2d7-a4fe-48aa-aa7b-ad0e6f1296b7,jose46,LOGIN,Regular login activity,SUCCESS
f3af410f-98e9-481f-bcaa-725c74ac77f6,2025-09-04T09:50:00,f0c2cfac-cf3b-4053-9e79-a6a4c6bbd187,garciaalison,LOGIN,Regular login activity,SUCCESS
1bb84fb8-1ee2-49f8-b0ee-2ce8c2c86abf,2025-09-04T10:05:00,9a7a68c7-1b0c-4669-859f-6d352b1e386f,andrew16,LOGOUT,Regular logout activity,SUCCESS
17f447c8-38dd-4314-91c5-8ed49bb3d3fd,2025-09-04T10:05:00,ac5e7ada-2f2f-4292-a0e4-18083982547a,lliu,QUERY_END,Regular query_end activity,SUCCESS
39ccffb5-4fe6-4580-84b4-d6b033bc5f1f,2025-09-04T10:05:00,859c34dd-4540-49a3-b26d-f82b1455d905,oatkinson,QUERY_END,Regular query_end activity,SUCCESS
73ede79c-93cb-4f01-8f1c-5550f09c4da5,2025-09-04T10:05:00,ac5e7ada-2f2f-4292-a0e4-18083982547a,lliu,QUERY_END,Regular query_end activity,SUCCESS
e1ab51c9-1396-4646-8f23-ee26d92d9b04,2025-09-04T10:05:00,4b7e389e-8c78-4e72-ab0b-774df43b399e,hardinjennifer,QUERY_START,Regular query_start activity,SUCCESS
a19d8355-eb4a-4880-bb23-c346790e87f0,2025-09-04T10:05:00,3d8cc43f-0f00-40bd-b8b2-34ac61fc0360,rwilliams,LOGIN,Regular login activity,SUCCESS
fa082b3b-6e48-494d-9e29-30eda9734bc5,2025-09-04T10:05:00,da0f0f7a-8d2c-4ca9-b82e-cda33fba6610,rachel35,QUERY_END,Regular query_end activity,SUCCESS
008ee169-1ac7-43a2-b1d5-cbc0552a5193,2025-09-04T10:05:00,f0c2cfac-cf3b-4053-9e79-a6a4c6bbd187,garciaalison,LOGIN,Regular login activity,SUCCESS
1b952145-d6ed-44cc-bca2-fdb5f8655287,2025-09-04T10:05:00,b92c2609-888c-471e-bf61-4363556df9d8,frank26,QUERY_END,Regular query_end activity,SUCCESS
7bcc283c-ea07-4706-a960-17e076302cba,2025-09-04T10:05:00,89e53854-09b7-4b59-8352-a231c51f8687,glarsen,QUERY_END,Regular query_end activity,SUCCESS
79050914-37c5-4687-9572-9d9b9a9bcc5f,2025-09-04T10:10:00,b92c2609-888c-471e-bf61-4363556df9d8,frank26,LOGOUT,Regular logout activity,SUCCESS
614aeef5-726a-48ba-9e4c-ee17452aa935,2025-09-04T10:10:00,3d8cc43f-0f00-40bd-b8b2-34ac61fc0360,rwilliams,LOGOUT,Regular logout activity,SUCCESS
410501c1-d389-4350-80a0-a334698b39c9,2025-09-04T10:10:00,5fb2a072-2bab-4b94-9109-9cbea70c5438,bryancuevas,LOGIN,Regular login activity,SUCCESS
3fe59a3f-b933-4236-a122-f64d87ed3930,2025-09-04T10:10:00,57eba2d7-a4fe-48aa-aa7b-ad0e6f1296b7,jose46,LOGOUT,Regular logout activity,SUCCESS
be0a8025-2d94-4fe8-a30a-0e4db9cbed23,2025-09-04T10:10:00,f0c2cfac-cf3b-4053-9e79-a6a4c6bbd187,garciaalison,LOGOUT,Regular logout activity,SUCCESS
c57001d5-f9fc-42ce-a264-125f58ef85cf,2025-09-04T10:10:00,f0c2cfac-cf3b-4053-9e79-a6a4c6bbd187,garciaalison,LOGOUT,Regular logout activity,SUCCESS
a0917128-4646-4a99-8134-1a28d11cbd51,2025-09-04T10:10:00,cea2e75f-1ee1-4b1d-90f5-242f82a02bed,erickennedy,LOGOUT,Regular logout activity,SUCCESS
45f553dc-4b71-4509-9e66-dec516cb35d2,2025-09-04T10:10:00,7cd584de-ca92-465c-8ea8-5f7ad356bee6,danasandoval,LOGIN,Regular login activity,SUCCESS
99581b77-77bf-4722-b425-b507293389a5,2025-09-04T10:10:00,4bc8b8f2-4d6e-4d5e-8d40-a7b6b3d6bb03,amandamitchell,LOGOUT,Regular logout activity,SUCCESS
79273f81-a55d-4fb5-a69b-c6664ba9b630,2025-09-04T10:10:00,a3a85592-9f3f-4845-87b8-dd199fcdc3cc,gmoreno,QUERY_END,Regular query_end activity,SUCCESS
f452f25d-5fcc-4c34-843e-1af8144eb607,2025-09-04T10:25:00,4bc8b8f2-4d6e-4d5e-8d40-a7b6b3d6bb03,amandamitchell,LOGOUT,Regular logout activity,SUCCESS
08549098-20b1-47a5-b8ec-e15bcfcd0d87,2025-09-04T10:25:00,f0c2cfac-cf3b-4053-9e79-a6a4c6bbd187,garciaalison,LOGIN,Regular login activity,SUCCESS
b67db103-cf02-4c73-a593-b90c1c566c13,2025-09-04T10:25:00,5fb2a072-2bab-4b94-9109-9cbea70c5438,bryancuevas,LOGIN,Regular login activity,SUCCESS
76c53706-eb04-4d51-b2e6-e64202223881,2025-09-04T10:25:00,82e7a6a3-1f49-4f5a-8a2a-96e5a654a185,codyoconnor,QUERY_START,Regular query_start activity,SUCCESS
db5f025b-ce69-4697-a0e9-2dac4cf20d2b,2025-09-04T10:25:00,cea2e75f-1ee1-4b1d-90f5-242f82a02bed,erickennedy,LOGIN,Regular login activity,SUCCESS
4d7d72f0-5fbc-4fe3-9e7a-089683d05559,2025-09-04T10:25:00,b92c2609-888c-471e-bf61-4363556df9d8,frank26,QUERY_END,Regular query_end activity,SUCCESS
f40b532a-03f3-4e72-87d4-581fe30babf2,2025-09-04T10:25:00,f22aa1cf-fe8b-4e78-8492-b46e0f46ffda,brandtmisty,QUERY_END,Regular query_end activity,SUCCESS
49791977-63f1-4551-a1d7-861efe338043,2025-09-04T10:25:00,9a7a68c7-1b0c-4669-859f-6d352b1e386f,andrew16,LOGIN,Regular login activity,SUCCESS
4ae97ce1-5629-42ab-9bfe-eb74d350f82c,2025-09-04T10:25:00,00f99f6f-5fcc-490a-84f9-6b24911c0b2e,emilyhamilton,QUERY_START,Regular query_start activity,SUCCESS
417e7079-5f96-4d53-9dbd-0483f7ffa2dc,2025-09-04T10:25:00,cea2e75f-1ee1-4b1d-90f5-242f82a02bed,erickennedy,QUERY_START,Regular query_start activity,SUCCESS
560876af-81cb-48c4-bd5d-e6075cc259f3,2025-09-04T10:39:00,4663d48b-596a-4f39-b714-8d69ac9a7d2a,robert93,QUERY_END,Regular query_end activity,SUCCESS
59464fe5-7627-4d6e-898b-44a5cb042605,2025-09-04T10:39:00,859c34dd-4540-49a3-b26d-f82b1455d905,oatkinson,QUERY_END,Regular query_end activity,SUCCESS
b30c0512-6aa9-4ab9-906f-992b22a1320f,2025-09-04T10:39:00,cea2e75f-1ee1-4b1d-90f5-242f82a02bed,erickennedy,QUERY_END,Regular query_end activity,SUCCESS
733e05f5-43cf-477e-b57c-e45db3ebd06d,2025-09-04T10:39:00,5fb2a072-2bab-4b94-9109-9cbea70c5438,bryancuevas,LOGOUT,Regular logout activity,SUCCESS
dde06fcc-2837-4566-bf4c-faffa1a0af7e,2025-09-04T10:39:00,3d8cc43f-0f00-40bd-b8b2-34ac61fc0360,rwilliams,LOGOUT,Regular logout activity,SUCCESS
ecc42186-67bf-4137-8a58-241fb8a0998b,2025-09-04T10:39:00,5fb2a072-2bab-4b94-9109-9cbea70c5438,bryancuevas,LOGIN,Regular login activity,SUCCESS
0ebb198e-2fe2-4077-af65-38236995c52e,2025-09-04T10:39:00,57eba2d7-a4fe-48aa-aa7b-ad0e6f1296b7,jose46,QUERY_END,Regular query_end activity,SUCCESS
6f50a90f-6a37-4536-a88e-0d1d7bafb008,2025-09-04T10:39:00,89e53854-09b7-4b59-8352-a231c51f8687,glarsen,QUERY_END,Regular query_end activity,SUCCESS
2b5b9a39-e66c-4e14-8a51-00b2674e565f,2025-09-04T10:39:00,f22aa1cf-fe8b-4e78-8492-b46e0f46ffda,brandtmisty,QUERY_START,Regular query_start activity,SUCCESS
d012f0fa-49cc-43bc-94cf-da71449166a8,2025-09-04T10:39:00,ac5e7ada-2f2f-4292-a0e4-18083982547a,lliu,QUERY_START,Regular query_start activity,SUCCESS
3a575657-1a74-41df-9c32-e01a02fd83e5,2025-09-04T10:45:00,4663d48b-596a-4f39-b714-8d69ac9a7d2a,robert93,LOGOUT,Regular logout activity,SUCCESS
181d5ee9-2be9-4665-898b-897c941b7e28,2025-09-04T10:45:00,3d8cc43f-0f00-40bd-b8b2-34ac61fc0360,rwilliams,LOGIN,Regular login activity,SUCCESS
c3c0a0c4-5dea-4810-ad1f-0c77e18c5e4f,2025-09-04T10:45:00,859c34dd-4540-49a3-b26d-f82b1455d905,oatkinson,QUERY_END,Regular query_end activity,SUCCESS
c572001e-3685-4347-ac9b-2d28bddcd88e,2025-09-04T10:45:00,f0c2cfac-cf3b-4053-9e79-a6a4c6bbd187,garciaalison,LOGIN,Regular login activity,SUCCESS
ee0dd02d-ed98-4adb-8c76-a856a9841b6f,2025-09-04T10:45:00,a3a85592-9f3f-4845-87b8-dd199fcdc3cc,gmoreno,LOGIN,Regular login activity,SUCCESS
8d2e1cc2-556c-4720-aa05-402f75fdb4c8,2025-09-04T10:45:00,ac5e7ada-2f2f-4292-a0e4-18083982547a,lliu,LOGOUT,Regular logout activity,SUCCESS
2531c662-d39b-44c2-ba13-0fbd12d0c029,2025-09-04T10:45:00,da0f0f7a-8d2c-4ca9-b82e-cda33fba6610,rachel35,LOGOUT,Regular logout activity,SUCCESS
cf3ed2ac-851e-4c3c-8576-5ba7bf66f9af,2025-09-04T10:45:00,3d8cc43f-0f00-40bd-b8b2-34ac61fc0360,rwilliams,QUERY_END,Regular query_end activity,SUCCESS
1cc0c4e6-5f02-49ae-a327-9a852dbc414c,2025-09-04T10:45:00,4b7e389e-8c78-4e72-ab0b-774df43b399e,hardinjennifer,QUERY_END,Regular query_end activity,SUCCESS
3e51bc6c-3955-43a0-93a0-08dff98d1dbf,2025-09-04T10:45:00,b92c2609-888c-471e-bf61-4363556df9d8,frank26,LOGOUT,Regular logout activity,SUCCESS
dc962fce-b173-49d9-bc7e-e13c73488af3,2025-09-04T10:54:00,da0f0f7a-8d2c-4ca9-b82e-cda33fba6610,rachel35,QUERY_START,Regular query_start activity,SUCCESS
b24c9dcd-e5d7-4ad7-91b0-75281f35ef64,2025-09-04T10:54:00,3d8cc43f-0f00-40bd-b8b2-34ac61fc0360,rwilliams,QUERY_START,Regular query_start activity,SUCCESS
d019dc73-437e-4aed-90ab-4dd5343bbd95,2025-09-04T10:54:00,00f99f6f-5fcc-490a-84f9-6b24911c0b2e,emilyhamilton,QUERY_START,Regular query_start activity,SUCCESS
e2568eee-64a7-4cb7-90e6-25d3323db52d,2025-09-04T10:54:00,4663d48b-596a-4f39-b714-8d69ac9a7d2a,robert93,LOGOUT,Regular logout activity,SUCCESS
5dacc5c3-60e6-4c57-9345-e360eaebc129,2025-09-04T10:54:00,4663d48b-596a-4f39-b714-8d69ac9a7d2a,robert93,LOGOUT,Regular logout activity,SUCCESS
02068277-f5b5-45c0-be28-27c6721e8404,2025-09-04T10:54:00,a3a85592-9f3f-4845-87b8-dd199fcdc3cc,gmoreno,QUERY_START,Regular query_start activity,SUCCESS
63d896ce-72f8-4f80-9260-b7a704ea612b,2025-09-04T10:54:00,da0f0f7a-8d2c-4ca9-b82e-cda33fba6610,rachel35,LOGIN,Regular login activity,SUCCESS
7ba79649-941d-4b2a-a970-a6726706f432,2025-09-04T10:54:00,00f99f6f-5fcc-490a-84f9-6b24911c0b2e,emilyhamilton,QUERY_START,Regular query_start activity,SUCCESS
5d546f78-f6f1-4873-9dc7-1abcf7647dfc,2025-09-04T10:54:00,4bc8b8f2-4d6e-4d5e-8d40-a7b6b3d6bb03,amandamitchell,LOGOUT,Regular logout activity,SUCCESS
9af66a35-3304-492f-8710-65f81d20ba80,2025-09-04T10:54:00,f0c2cfac-cf3b-4053-9e79-a6a4c6bbd187,garciaalison,LOGOUT,Regular logout activity,SUCCESS
e5b32ca0-3447-4355-9a5f-9c7c152f29d0,2025-09-04T11:08:00,4bc8b8f2-4d6e-4d5e-8d40-a7b6b3d6bb03,amandamitchell,QUERY_END,Regular query_end activity,SUCCESS
b581c1dd-7d00-4b02-8fc4-9eaef1669598,2025-09-04T11:08:00,57eba2d7-a4fe-48aa-aa7b-ad0e6f1296b7,jose46,LOGIN,Regular login activity,SUCCESS
f3540b64-655b-43a2-8758-262f42bcb4cd,2025-09-04T11:08:00,b92c2609-888c-471e-bf61-4363556df9d8,frank26,LOGIN,Regular login activity,SUCCESS
2ffbd8d5-0dc0-4870-b6f5-8eb8ca717955,2025-09-04T11:08:00,f0c2cfac-cf3b-4053-9e79-a6a4c6bbd187,garciaalison,LOGIN,Regular login activity,SUCCESS
2faa7d50-ef0e-42f8-9b81-97683acc6450,2025-09-04T11:08:00,89e53854-09b7-4b59-8352-a231c51f8687,glarsen,QUERY_START,Regular query_start activity,SUCCESS
b91f35e5-c9c7-4dde-8856-b8ca4ce4f897,2025-09-04T11:08:00,57eba2d7-a4fe-48aa-aa7b-ad0e6f1296b7,jose46,QUERY_START,Regular query_start activity,SUCCESS
c8500f5a-4e9d-4386-adb6-123835c4de79,2025-09-04T11:08:00,3d8cc43f-0f00-40bd-b8b2-34ac61fc0360,rwilliams,QUERY_START,Regular query_start activity,SUCCESS
a1fe2ee9-84d2-4aba-903d-f842c44a3b4a,2025-09-04T11:08:00,f22aa1cf-fe8b-4e78-8492-b46e0f46ffda,brandtmisty,QUERY_END,Regular query_end activity,SUCCESS
17fb07fe-6785-4ab0-9e18-6b8450a3539f,2025-09-04T11:08:00,89e53854-09b7-4b59-8352-a231c51f8687,glarsen,QUERY_START,Regular query_start activity,SUCCESS
53178814-6162-467a-b052-5be7847ad90b,2025-09-04T11:08:00,7cd584de-ca92-465c-8ea8-5f7ad356bee6,danasandoval,QUERY_END,Regular query_end activity,SUCCESS
db47afdd-9f3c-4147-b146-0f546161aa7b,2025-09-04T11:23:00,f0c2cfac-cf3b-4053-9e79-a6a4c6bbd187,garciaalison,LOGOUT,Regular logout activity,SUCCESS
cca32dc1-679c-4f3c-9f17-6bd4e1cdd256,2025-09-04T11:23:00,859c34dd-4540-49a3-b26d-f82b1455d905,oatkinson,QUERY_START,Regular query_start activity,SUCCESS
d61d1544-54a4-46eb-8485-e2d6a763ba15,2025-09-04T11:23:00,ac5e7ada-2f2f-4292-a0e4-18083982547a,lliu,QUERY_START,Regular query_start activity,SUCCESS
e13d6b02-5c19-478b-bc68-e41a32632ca6,2025-09-04T11:23:00,f0c2cfac-cf3b-4053-9e79-a6a4c6bbd187,garciaalison,QUERY_END,Regular query_end activity,SUCCESS
3df19d95-48a2-4efd-8a2b-77d532dedd5d,2025-09-04T11:23:00,a3a85592-9f3f-4845-87b8-dd199fcdc3cc,gmoreno,QUERY_START,Regular query_start activity,SUCCESS
976ff0ba-653d-4298-b8cb-82322dbe191d,2025-09-04T11:23:00,57eba2d7-a4fe-48aa-aa7b-ad0e6f1296b7,jose46,LOGOUT,Regular logout activity,SUCCESS
d763abeb-0294-4297-ace5-7ac0f7d1507c,2025-09-04T11:23:00,4663d48b-596a-4f39-b714-8d69ac9a7d2a,robert93,LOGOUT,Regular logout activity,SUCCESS
cfaa9ffd-54d8-4d53-afdd-cf09619d227c,2025-09-04T11:23:00,f22aa1cf-fe8b-4e78-8492-b46e0f46ffda,brandtmisty,LOGIN,Regular login activity,SUCCESS
6c2f2dd5-ee79-4744-96c9-f7985f8df619,2025-09-04T11:23:00,5fb2a072-2bab-4b94-9109-9cbea70c5438,bryancuevas,QUERY_END,Regular query_end activity,SUCCESS
f0aad8fe-4daa-458e-8b8e-2c12bf75e055,2025-09-04T11:23:00,57eba2d7-a4fe-48aa-aa7b-ad0e6f1296b7,jose46,LOGOUT,Regular logout activity,SUCCESS
3f3486d0-23ca-49cd-91cf-5d29b8923d5c,2025-09-04T11:29:00,f0c2cfac-cf3b-4053-9e79-a6a4c6bbd187,garciaalison,QUERY_START,Regular query_start activity,SUCCESS
ee53def6-43f0-466c-a8d0-7b5b5f91d6b0,2025-09-04T11:29:00,f0c2cfac-cf3b-4053-9e79-a6a4c6bbd187,garciaalison,QUERY_END,Regular query_end activity,SUCCESS
c7ee9da6-375f-49d2-adbd-ac088d8ec936,2025-09-04T11:29:00,3d8cc43f-0f00-40bd-b8b2-34ac61fc0360,rwilliams,QUERY_END,Regular query_end activity,SUCCESS
e0619e44-6640-4701-87b1-419499c017fa,2025-09-04T11:29:00,a3a85592-9f3f-4845-87b8-dd199fcdc3cc,gmoreno,QUERY_END,Regular query_end activity,SUCCESS
dffe0888-9549-4bd6-8795-844f5348c0b2,2025-09-04T11:29:00,f22aa1cf-fe8b-4e78-8492-b46e0f46ffda,brandtmisty,LOGOUT,Regular logout activity,SUCCESS
c7e89d9a-dd29-42aa-9680-906373ffa304,2025-09-04T11:29:00,ac5e7ada-2f2f-4292-a0e4-18083982547a,lliu,LOGOUT,Regular logout activity,SUCCESS
7afde344-31d5-45ca-a74f-2e9009b23253,2025-09-04T11:29:00,4bc8b8f2-4d6e-4d5e-8d40-a7b6b3d6bb03,amandamitchell,LOGIN,Regular login activity,SUCCESS
021df899-3207-47ea-9a8d-fbff1d1f9df7,2025-09-04T11:29:00,a3a85592-9f3f-4845-87b8-dd199fcdc3cc,gmoreno,QUERY_START,Regular query_start activity,SUCCESS
0fd10491-f97e-476d-bec6-92c384321d9d,2025-09-04T11:29:00,4bc8b8f2-4d6e-4d5e-8d40-a7b6b3d6bb03,amandamitchell,QUERY_END,Regular query_end activity,SUCCESS
03403b45-b8fb-480f-8e2a-39f4b24906d4,2025-09-04T11:29:00,f22aa1cf-fe8b-4e78-8492-b46e0f46ffda,brandtmisty,LOGIN,Regular login activity,SUCCESS
e9748d33-b48e-4c3c-b84a-40388633b0ea,2025-09-04T11:36:00,89e53854-09b7-4b59-8352-a231c51f8687,glarsen,LOGIN,Regular login activity,SUCCESS
bfe0d770-e444-4f87-8132-c773f8a4127d,2025-09-04T11:36:00,f0c2cfac-cf3b-4053-9e79-a6a4c6bbd187,garciaalison,QUERY_END,Regular query_end activity,SUCCESS
2a168c44-3f93-41d0-9ba5-96488eb058f0,2025-09-04T11:36:00,4663d48b-596a-4f39-b714-8d69ac9a7d2a,robert93,LOGOUT,Regular logout activity,SUCCESS
1193721f-b61b-4e05-9ff9-e7f3aed49200,2025-09-04T11:36:00,7cd584de-ca92-465c-8ea8-5f7ad356bee6,danasandoval,LOGOUT,Regular logout activity,SUCCESS
80cb343e-9709-435a-9807-ddda23fc63f1,2025-09-04T11:36:00,859c34dd-4540-49a3-b26d-f82b1455d905,oatkinson,LOGIN,Regular login activity,SUCCESS
3098ba19-36ed-425a-9aae-e62ef8c68960,2025-09-04T11:36:00,00f99f6f-5fcc-490a-84f9-6b24911c0b2e,emilyhamilton,QUERY_START,Regular query_start activity,SUCCESS
cdd3beaf-b2ee-4d1f-93c9-93bf596c8fbc,2025-09-04T11:36:00,5fb2a072-2bab-4b94-9109-9cbea70c5438,bryancuevas,LOGIN,Regular login activity,SUCCESS
bab9b69f-4b15-4f43-8d84-6f7ed98268b4,2025-09-04T11:36:00,a3a85592-9f3f-4845-87b8-dd199fcdc3cc,gmoreno,QUERY_END,Regular query_end activity,SUCCESS
979eddd2-13a7-4e83-859d-f16f05616143,2025-09-04T11:36:00,4bc8b8f2-4d6e-4d5e-8d40-a7b6b3d6bb03,amandamitchell,QUERY_START,Regular query_start activity,SUCCESS
5143b693-ae23-4344-9720-10f55c7f94e4,2025-09-04T11:36:00,4663d48b-596a-4f39-b714-8d69ac9a7d2a,robert93,QUERY_END,Regular query_end activity,SUCCESS
63201e3f-72b3-4aff-874e-1767c94dd390,2025-09-04T11:48:00,cea2e75f-1ee1-4b1d-90f5-242f82a02bed,erickennedy,LOGIN,Regular login activity,SUCCESS
149508eb-ff8d-4dbb-aa6a-30261f84a80d,2025-09-04T11:48:00,879c852e-e8e8-45c3-9ead-5fa56c9ecfbc,egarcia,QUERY_START,Regular query_start activity,SUCCESS
55886a91-7513-4e9c-9d8c-2235962cb25b,2025-09-04T11:48:00,9a7a68c7-1b0c-4669-859f-6d352b1e386f,andrew16,LOGIN,Regular login activity,SUCCESS
c8b5bd26-e1c7-4681-806d-232c861d3f1f,2025-09-04T11:48:00,b92c2609-888c-471e-bf61-4363556df9d8,frank26,LOGIN,Regular login activity,SUCCESS
cbcf7ced-e6d1-47af-87f4-48a67541c0e4,2025-09-04T11:48:00,89e53854-09b7-4b59-8352-a231c51f8687,glarsen,LOGIN,Regular login activity,SUCCESS
e81bed98-1129-4b9e-9ea1-ac52c2e69900,2025-09-04T11:48:00,3d8cc43f-0f00-40bd-b8b2-34ac61fc0360,rwilliams,QUERY_END,Regular query_end activity,SUCCESS
4885a073-f969-47d7-b084-a3aa4d26dff3,2025-09-04T11:48:00,da0f0f7a-8d2c-4ca9-b82e-cda33fba6610,rachel35,LOGIN,Regular login activity,SUCCESS
84ef77cd-9569-410e-a3b1-50473c1b8b42,2025-09-04T11:48:00,00f99f6f-5fcc-490a-84f9-6b24911c0b2e,emilyhamilton,QUERY_START,Regular query_start activity,SUCCESS
a77c6713-aac9-4876-8365-dbcdd79dc15d,2025-09-04T11:48:00,859c34dd-4540-49a3-b26d-f82b1455d905,oatkinson,QUERY_END,Regular query_end activity,SUCCESS
99e6355a-6e02-4829-aa8b-859766c62366,2025-09-04T11:48:00,57eba2d7-a4fe-48aa-aa7b-ad0e6f1296b7,jose46,QUERY_END,Regular query_end activity,SUCCESS
f0323b12-d891-4889-a0ae-a40ff74a45b1,2025-09-04T11:55:00,879c852e-e8e8-45c3-9ead-5fa56c9ecfbc,egarcia,LOGOUT,Regular logout activity,SUCCESS
81a11b69-b98b-4a30-b7c4-63ffd88ab289,2025-09-04T11:55:00,da0f0f7a-8d2c-4ca9-b82e-cda33fba6610,rachel35,QUERY_END,Regular query_end activity,SUCCESS
24749309-bd5d-4175-955e-8897c1d17983,2025-09-04T11:55:00,ac5e7ada-2f2f-4292-a0e4-18083982547a,lliu,QUERY_START,Regular query_start activity,SUCCESS
50f5d0a9-fb96-46d4-a30d-8c6ed98f43ef,2025-09-04T11:55:00,4b7e389e-8c78-4e72-ab0b-774df43b399e,hardinjennifer,LOGOUT,Regular logout activity,SUCCESS
7163434a-1c34-4f6e-8c23-87c01bd2ae91,2025-09-04T11:55:00,f22aa1cf-fe8b-4e78-8492-b46e0f46ffda,brandtmisty,LOGOUT,Regular logout activity,SUCCESS
094ed560-e103-4da9-9999-f787c25441a5,2025-09-04T11:55:00,82e7a6a3-1f49-4f5a-8a2a-96e5a654a185,codyoconnor,QUERY_START,Regular query_start activity,SUCCESS
e4854cb8-a7c1-4b14-9ca2-54bee5985e23,2025-09-04T11:55:00,57eba2d7-a4fe-48aa-aa7b-ad0e6f1296b7,jose46,QUERY_END,Regular query_end activity,SUCCESS
4a0c3338-8c9a-4052-ba7c-9670f23e9758,2025-09-04T11:55:00,a3a85592-9f3f-4845-87b8-dd199fcdc3cc,gmoreno,QUERY_END,Regular query_end activity,SUCCESS
04d45d75-2ec5-42b1-9be0-0a6b51b94215,2025-09-04T11:55:00,9a7a68c7-1b0c-4669-859f-6d352b1e386f,andrew16,QUERY_START,Regular query_start activity,SUCCESS
f7709973-1ae7-4095-ada3-ad685fde95d5,2025-09-04T11:55:00,879c852e-e8e8-45c3-9ead-5fa56c9ecfbc,egarcia,QUERY_START,Regular query_start activity,SUCCESS
48757028-e412-4f10-9b5a-2516fcefcd98,2025-09-04T12:08:00,ac5e7ada-2f2f-4292-a0e4-18083982547a,lliu,QUERY_END,Regular query_end activity,SUCCESS
995fc141-e689-4e33-aa73-deb294bd1616,2025-09-04T12:08:00,3d8cc43f-0f00-40bd-b8b2-34ac61fc0360,rwilliams,QUERY_END,Regular query_end activity,SUCCESS
7efe4214-84ff-48f3-bfa9-50c2b40da1fc,2025-09-04T12:08:00,7cd584de-ca92-465c-8ea8-5f7ad356bee6,danasandoval,LOGOUT,Regular logout activity,SUCCESS
22c63899-8307-4474-b780-15ac380f383d,2025-09-04T12:08:00,82e7a6a3-1f49-4f5a-8a2a-96e5a654a185,codyoconnor,QUERY_END,Regular query_end activity,SUCCESS
58054e59-c2a3-4570-9b23-3444b88337ab,2025-09-04T12:08:00,5fb2a072-2bab-4b94-9109-9cbea70c5438,bryancuevas,QUERY_END,Regular query_end activity,SUCCESS
d19eb763-5574-4a68-8ef7-b910172d757a,2025-09-04T12:08:00,ac5e7ada-2f2f-4292-a0e4-18083982547a,lliu,LOGOUT,Regular logout activity,SUCCESS
e4e1a05a-1f09-4c6d-a13f-6d7ee4669e54,2025-09-04T12:08:00,57eba2d7-a4fe-48aa-aa7b-ad0e6f1296b7,jose46,QUERY_END,Regular query_end activity,SUCCESS
f3ad80c2-4868-4c66-87d3-c97e6819efba,2025-09-04T12:08:00,7cd584de-ca92-465c-8ea8-5f7ad356bee6,danasandoval,LOGIN,Regular login activity,SUCCESS
980bf1b9-6d62-494f-b449-22a1351e4d1a,2025-09-04T12:08:00,879c852e-e8e8-45c3-9ead-5fa56c9ecfbc,egarcia,QUERY_START,Regular query_start activity,SUCCESS
9f15fd9a-8395-4927-ab59-10c56e54a44e,2025-09-04T12:08:00,da0f0f7a-8d2c-4ca9-b82e-cda33fba6610,rachel35,QUERY_START,Regular query_start activity,SUCCESS
b7c9138a-fdb7-42e8-add6-89c848b001b3,2025-09-04T12:19:00,879c852e-e8e8-45c3-9ead-5fa56c9ecfbc,egarcia,LOGOUT,Regular logout activity,SUCCESS
7ae0f048-7c2f-4f45-af60-17e1735d9333,2025-09-04T12:19:00,f0c2cfac-cf3b-4053-9e79-a6a4c6bbd187,garciaalison,LOGOUT,Regular logout activity,SUCCESS
8c4eecee-5491-4c49-8532-3d3f684736f4,2025-09-04T12:19:00,4663d48b-596a-4f39-b714-8d69ac9a7d2a,robert93,QUERY_START,Regular query_start activity,SUCCESS
77924084-fefd-4271-917d-2cdd5a748634,2025-09-04T12:19:00,da0f0f7a-8d2c-4ca9-b82e-cda33fba6610,rachel35,LOGOUT,Regular logout activity,SUCCESS
742bf268-f087-4a02-b417-9154a43e2041,2025-09-04T12:19:00,4b7e389e-8c78-4e72-ab0b-774df43b399e,hardinjennifer,LOGOUT,Regular logout activity,SUCCESS
1f12e931-7246-4c30-9901-860638e814c5,2025-09-04T12:19:00,89e53854-09b7-4b59-8352-a231c51f8687,glarsen,LOGOUT,Regular logout activity,SUCCESS
1ed3efd2-d2b0-48db-b67b-1f85ee51cf03,2025-09-04T12:19:00,3d8cc43f-0f00-40bd-b8b2-34ac61fc0360,rwilliams,LOGOUT,Regular logout activity,SUCCESS
2fbe8ecc-0916-458b-9f27-bec7b76a829d,2025-09-04T12:19:00,b92c2609-888c-471e-bf61-4363556df9d8,frank26,QUERY_END,Regular query_end activity,SUCCESS
5c4349a9-d687-4da4-9baa-a985b040e280,2025-09-04T12:19:00,b92c2609-888c-471e-bf61-4363556df9d8,frank26,QUERY_END,Regular query_end activity,SUCCESS
096b4416-a5e5-4e0d-8f15-2ff019735003,2025-09-04T12:19:00,f22aa1cf-fe8b-4e78-8492-b46e0f46ffda,brandtmisty,LOGIN,Regular login activity,SUCCESS
521a5466-125c-47f9-8555-01d8791275da,2025-09-04T12:28:00,879c852e-e8e8-45c3-9ead-5fa56c9ecfbc,egarcia,LOGOUT,Regular logout activity,SUCCESS
0bd61262-519e-4ecf-b30e-6ddf143959a8,2025-09-04T12:28:00,89e53854-09b7-4b59-8352-a231c51f8687,glarsen,QUERY_START,Regular query_start activity,SUCCESS
b0834504-2f9f-4c91-9e1a-6fcf6367e024,2025-09-04T12:28:00,57eba2d7-a4fe-48aa-aa7b-ad0e6f1296b7,jose46,QUERY_START,Regular query_start activity,SUCCESS
ba00f992-0445-4a9b-8d0a-1c06a10abfa7,2025-09-04T12:28:00,57eba2d7-a4fe-48aa-aa7b-ad0e6f1296b7,jose46,LOGOUT,Regular logout activity,SUCCESS
5a34ad65-bdd6-40a9-8cae-c7e3fbcc8347,2025-09-04T12:28:00,cea2e75f-1ee1-4b1d-90f5-242f82a02bed,erickennedy,LOGIN,Regular login activity,SUCCESS
64fd6339-46e8-4e8d-a457-b00ea64a7ee2,2025-09-04T12:28:00,57eba2d7-a4fe-48aa-aa7b-ad0e6f1296b7,jose46,LOGIN,Regular login activity,SUCCESS
1f24bd48-a2a1-4e03-87df-53a21cc828f4,2025-09-04T12:28:00,f0c2cfac-cf3b-4053-9e79-a6a4c6bbd187,garciaalison,LOGIN,Regular login activity,SUCCESS
bd925e63-e00c-47ce-bc82-ecab1a38b02c,2025-09-04T12:28:00,b92c2609-888c-471e-bf61-4363556df9d8,frank26,LOGOUT,Regular logout activity,SUCCESS
8a2d54f2-f03e-4acb-b1bb-5f24eb4d8e02,2025-09-04T12:28:00,82e7a6a3-1f49-4f5a-8a2a-96e5a654a185,codyoconnor,LOGOUT,Regular logout activity,SUCCESS
ecedb1bf-2df0-4517-b684-b795130f3f10,2025-09-04T12:28:00,00f99f6f-5fcc-490a-84f9-6b24911c0b2e,emilyhamilton,LOGOUT,Regular logout activity,SUCCESS
23c5936b-04bf-4826-9d2f-b78394d53769,2025-09-04T12:34:00,4bc8b8f2-4d6e-4d5e-8d40-a7b6b3d6bb03,amandamitchell,LOGIN,Regular login activity,SUCCESS
bddb98b7-2213-489f-9c75-95740435eead,2025-09-04T12:34:00,cea2e75f-1ee1-4b1d-90f5-242f82a02bed,erickennedy,LOGOUT,Regular logout activity,SUCCESS
b6628c6f-dc0a-45c6-a569-fe7a90f61ee5,2025-09-04T12:34:00,4663d48b-596a-4f39-b714-8d69ac9a7d2a,robert93,LOGOUT,Regular logout activity,SUCCESS
7a36c45a-b84d-413c-9ca0-1be9ca37c402,2025-09-04T12:34:00,a3a85592-9f3f-4845-87b8-dd199fcdc3cc,gmoreno,LOGOUT,Regular logout activity,SUCCESS
addc8b57-04fd-4007-91b9-55e3487c5023,2025-09-04T12:34:00,ac5e7ada-2f2f-4292-a0e4-18083982547a,lliu,QUERY_END,Regular query_end activity,SUCCESS
21ebaaad-901d-45a6-85e6-fdac3e7e13b2,2025-09-04T12:34:00,4b7e389e-8c78-4e72-ab0b-774df43b399e,hardinjennifer,LOGIN,Regular login activity,SUCCESS
71d4158f-188d-4922-b4f9-829751a6b7ca,2025-09-04T12:34:00,9a7a68c7-1b0c-4669-859f-6d352b1e386f,andrew16,LOGOUT,Regular logout activity,SUCCESS
ff416a65-d263-43ba-b666-f8a8b94aefe5,2025-09-04T12:34:00,4663d48b-596a-4f39-b714-8d69ac9a7d2a,robert93,QUERY_START,Regular query_start activity,SUCCESS
8036f976-0189-4241-8ff3-5dafb131ee97,2025-09-04T12:34:00,3d8cc43f-0f00-40bd-b8b2-34ac61fc0360,rwilliams,LOGIN,Regular login activity,SUCCESS
37e58450-3855-46b6-9fa4-b2f893032038,2025-09-04T12:34:00,7cd584de-ca92-465c-8ea8-5f7ad356bee6,danasandoval,QUERY_START,Regular query_start activity,SUCCESS
8d2e3370-365b-4ce8-9302-467870a461da,2025-09-04T12:43:00,879c852e-e8e8-45c3-9ead-5fa56c9ecfbc,egarcia,LOGIN,Regular login activity,SUCCESS
5122ccde-6d84-4716-9114-70ddf29ea51a,2025-09-04T12:43:00,4bc8b8f2-4d6e-4d5e-8d40-a7b6b3d6bb03,amandamitchell,QUERY_START,Regular query_start activity,SUCCESS
911533e8-76d7-4f72-8dab-245b4cc7485c,2025-09-04T12:43:00,b92c2609-888c-471e-bf61-4363556df9d8,frank26,QUERY_END,Regular query_end activity,SUCCESS
f2c8b960-5ae7-4063-8c10-12b97559057f,2025-09-04T12:43:00,a3a85592-9f3f-4845-87b8-dd199fcdc3cc,gmoreno,LOGIN,Regular login activity,SUCCESS
25e61851-741c-4a57-bcc6-1ab8dee83aee,2025-09-04T12:43:00,f0c2cfac-cf3b-4053-9e79-a6a4c6bbd187,garciaalison,LOGIN,Regular login activity,SUCCESS
d713771f-f230-4b1d-8006-bb1a0ac28a0c,2025-09-04T12:43:00,a3a85592-9f3f-4845-87b8-dd199fcdc3cc,gmoreno,QUERY_START,Regular query_start activity,SUCCESS
6097bac6-1225-4fd8-b2b9-2db811caf3bc,2025-09-04T12:43:00,ac5e7ada-2f2f-4292-a0e4-18083982547a,lliu,LOGIN,Regular login activity,SUCCESS
68e736c6-9532-48d0-acac-45c24b245952,2025-09-04T12:43:00,9a7a68c7-1b0c-4669-859f-6d352b1e386f,andrew16,QUERY_END,Regular query_end activity,SUCCESS
87578153-3793-458b-b7d9-89940c9aa3d1,2025-09-04T12:43:00,f22aa1cf-fe8b-4e78-8492-b46e0f46ffda,brandtmisty,QUERY_END,Regular query_end activity,SUCCESS
3b387bbc-c547-4a69-ba2a-88ff247fecf8,2025-09-04T12:43:00,5fb2a072-2bab-4b94-9109-9cbea70c5438,bryancuevas,QUERY_START,Regular query_start activity,SUCCESS
a13d3df0-2aba-40f1-b2e9-85e034b16511,2025-09-04T12:57:00,a3a85592-9f3f-4845-87b8-dd199fcdc3cc,gmoreno,LOGIN,Regular login activity,SUCCESS
c385c6ad-a2c1-45bc-8635-a534eee76f53,2025-09-04T12:57:00,ac5e7ada-2f2f-4292-a0e4-18083982547a,lliu,LOGOUT,Regular logout activity,SUCCESS
1b3cde84-4cb0-4d11-b83f-3bc53cf75c18,2025-09-04T12:57:00,859c34dd-4540-49a3-b26d-f82b1455d905,oatkinson,LOGOUT,Regular logout activity,SUCCESS
65260eec-0004-43bd-aca8-1d82c22ed3b3,2025-09-04T12:57:00,4b7e389e-8c78-4e72-ab0b-774df43b399e,hardinjennifer,LOGOUT,Regular logout activity,SUCCESS
f6625fa9-ba7f-44c3-90b8-91c7f1959202,2025-09-04T12:57:00,9a7a68c7-1b0c-4669-859f-6d352b1e386f,andrew16,QUERY_END,Regular query_end activity,SUCCESS
0588f7f7-9618-420b-bf3c-cfd8356544b9,2025-09-04T12:57:00,b92c2609-888c-471e-bf61-4363556df9d8,frank26,LOGOUT,Regular logout activity,SUCCESS
29fd5da2-5fd1-421d-b518-0df82d69a495,2025-09-04T12:57:00,7cd584de-ca92-465c-8ea8-5f7ad356bee6,danasandoval,LOGIN,Regular login activity,SUCCESS
ba3b7d8f-37dc-4a6e-81f4-d5403e215e63,2025-09-04T12:57:00,3d8cc43f-0f00-40bd-b8b2-34ac61fc0360,rwilliams,QUERY_END,Regular query_end activity,SUCCESS
2b0dee09-ebc4-4aa0-a907-fa70635d7408,2025-09-04T12:57:00,f22aa1cf-fe8b-4e78-8492-b46e0f46ffda,brandtmisty,LOGOUT,Regular logout activity,SUCCESS
9fabeb31-b5c6-40c6-800e-4b9e316d7b05,2025-09-04T12:57:00,89e53854-09b7-4b59-8352-a231c51f8687,glarsen,QUERY_END,Regular query_end activity,SUCCESS
a28cb85c-5e8f-4f30-89e3-b422456adc75,2025-09-04T13:10:00,a3a85592-9f3f-4845-87b8-dd199fcdc3cc,gmoreno,LOGIN,Regular login activity,SUCCESS
7ed40df3-3566-43cb-ab69-d81d8fae14dd,2025-09-04T13:10:00,859c34dd-4540-49a3-b26d-f82b1455d905,oatkinson,LOGIN,Regular login activity,SUCCESS
bf24aef7-b6cc-48eb-b542-9f968dc47e44,2025-09-04T13:10:00,82e7a6a3-1f49-4f5a-8a2a-96e5a654a185,codyoconnor,LOGOUT,Regular logout activity,SUCCESS
6a489a4f-4cb2-4085-8cd4-335311fa3d2b,2025-09-04T13:10:00,879c852e-e8e8-45c3-9ead-5fa56c9ecfbc,egarcia,LOGOUT,Regular logout activity,SUCCESS
4a6e1186-88d9-4939-a6c6-1ccb5e58d182,2025-09-04T13:10:00,f22aa1cf-fe8b-4e78-8492-b46e0f46ffda,brandtmisty,QUERY_START,Regular query_start activity,SUCCESS
f371109f-2e86-4f23-9003-2c6b7c72d774,2025-09-04T13:10:00,f0c2cfac-cf3b-4053-9e79-a6a4c6bbd187,garciaalison,LOGOUT,Regular logout activity,SUCCESS
b20114a4-579a-4965-b932-366057f5bdc3,2025-09-04T13:10:00,4bc8b8f2-4d6e-4d5e-8d40-a7b6b3d6bb03,amandamitchell,QUERY_START,Regular query_start activity,SUCCESS
be2695c9-78b7-4336-a789-bb651421a6f9,2025-09-04T13:10:00,ac5e7ada-2f2f-4292-a0e4-18083982547a,lliu,LOGIN,Regular login activity,SUCCESS
bae7426e-9f21-40cb-af9b-a4e18aa5ef73,2025-09-04T13:10:00,859c34dd-4540-49a3-b26d-f82b1455d905,oatkinson,LOGOUT,Regular logout activity,SUCCESS
465f00bb-736b-4336-913d-9ff30e9c9405,2025-09-04T13:10:00,4663d48b-596a-4f39-b714-8d69ac9a7d2a,robert93,QUERY_END,Regular query_end activity,SUCCESS
81e95a25-b6ff-421f-8ccd-078d66671d78,2025-09-04T13:24:00,ac5e7ada-2f2f-4292-a0e4-18083982547a,lliu,LOGIN,Regular login activity,SUCCESS
99b2b08d-1eb0-407a-8b76-a0d40df4d565,2025-09-04T13:24:00,f22aa1cf-fe8b-4e78-8492-b46e0f46ffda,brandtmisty,QUERY_START,Regular query_start activity,SUCCESS
dd92484f-cc45-4d29-b796-1a95069e58bb,2025-09-04T13:24:00,859c34dd-4540-49a3-b26d-f82b1455d905,oatkinson,LOGOUT,Regular logout activity,SUCCESS
90139f8b-2500-4789-b220-6178725331a9,2025-09-04T13:24:00,f22aa1cf-fe8b-4e78-8492-b46e0f46ffda,brandtmisty,LOGIN,Regular login activity,SUCCESS
6c7c7ea0-58d3-47f7-a170-af7e165a156f,2025-09-04T13:24:00,57eba2d7-a4fe-48aa-aa7b-ad0e6f1296b7,jose46,LOGIN,Regular login activity,SUCCESS
2dfacb88-23e0-49f0-a1fa-c068a43406d0,2025-09-04T13:24:00,89e53854-09b7-4b59-8352-a231c51f8687,glarsen,LOGIN,Regular login activity,SUCCESS
ae8220cd-dc35-42d3-b51e-8141c07ec44f,2025-09-04T13:24:00,a3a85592-9f3f-4845-87b8-dd199fcdc3cc,gmoreno,QUERY_END,Regular query_end activity,SUCCESS
2d526ca1-7cfc-46e7-8b25-35ff67f039f9,2025-09-04T13:24:00,5fb2a072-2bab-4b94-9109-9cbea70c5438,bryancuevas,LOGIN,Regular login activity,SUCCESS
f5a25319-ea66-4b73-8099-8d3939582205,2025-09-04T13:24:00,4bc8b8f2-4d6e-4d5e-8d40-a7b6b3d6bb03,amandamitchell,LOGIN,Regular login activity,SUCCESS
d134faaa-0547-46ca-ae12-213963a858a1,2025-09-04T13:24:00,b92c2609-888c-471e-bf61-4363556df9d8,frank26,LOGOUT,Regular logout activity,SUCCESS
1d3748e1-6433-4ffd-bfcc-1fe0a1e5dfc3,2025-09-04T13:30:00,f0c2cfac-cf3b-4053-9e79-a6a4c6bbd187,garciaalison,LOGOUT,Regular logout activity,SUCCESS
72566c96-fee6-4863-93eb-3dc32dd3e379,2025-09-04T13:30:00,00f99f6f-5fcc-490a-84f9-6b24911c0b2e,emilyhamilton,LOGIN,Regular login activity,SUCCESS
3dcd12b3-cda7-4979-b024-400d776cc58c,2025-09-04T13:30:00,4bc8b8f2-4d6e-4d5e-8d40-a7b6b3d6bb03,amandamitchell,QUERY_END,Regular query_end activity,SUCCESS
448f06d2-d4b8-40d7-b0cb-9cb753af7ae1,2025-09-04T13:30:00,b92c2609-888c-471e-bf61-4363556df9d8,frank26,QUERY_START,Regular query_start activity,SUCCESS
b3359ec3-e53b-46df-8067-06f33040edc7,2025-09-04T13:30:00,3d8cc43f-0f00-40bd-b8b2-34ac61fc0360,rwilliams,LOGOUT,Regular logout activity,SUCCESS
db02e38d-a2d8-4005-910f-4b9ee1b5eb4d,2025-09-04T13:30:00,f22aa1cf-fe8b-4e78-8492-b46e0f46ffda,brandtmisty,LOGIN,Regular login activity,SUCCESS
de076e31-6227-44a7-9459-396c8eda14da,2025-09-04T13:30:00,da0f0f7a-8d2c-4ca9-b82e-cda33fba6610,rachel35,QUERY_START,Regular query_start activity,SUCCESS
90a81073-11a1-4ea0-aff1-4e33544061e9,2025-09-04T13:30:00,ac5e7ada-2f2f-4292-a0e4-18083982547a,lliu,LOGIN,Regular login activity,SUCCESS
3fc9fc21-0c86-4363-866b-fe5ab60560f7,2025-09-04T13:30:00,4b7e389e-8c78-4e72-ab0b-774df43b399e,hardinjennifer,QUERY_START,Regular query_start activity,SUCCESS
f934a217-243a-4314-9643-ba5744fc5499,2025-09-04T13:30:00,82e7a6a3-1f49-4f5a-8a2a-96e5a654a185,codyoconnor,QUERY_END,Regular query_end activity,SUCCESS
7c1ee696-3f53-434f-9991-c2340527cf43,2025-09-04T13:44:00,9a7a68c7-1b0c-4669-859f-6d352b1e386f,andrew16,LOGIN,Regular login activity,SUCCESS
261d07e6-70e6-4bf0-b467-2440d099de61,2025-09-04T13:44:00,4b7e389e-8c78-4e72-ab0b-774df43b399e,hardinjennifer,LOGIN,Regular login activity,SUCCESS
95caad82-60ee-4c60-b6ee-ac5ae51699a0,2025-09-04T13:44:00,f0c2cfac-cf3b-4053-9e79-a6a4c6bbd187,garciaalison,QUERY_END,Regular query_end activity,SUCCESS
b249d1a5-f065-44ac-8e12-99fa3d5a41e6,2025-09-04T13:44:00,82e7a6a3-1f49-4f5a-8a2a-96e5a654a185,codyoconnor,LOGIN,Regular login activity,SUCCESS
0eb1fae9-f6ce-4b7f-9754-29c79f09e3be,2025-09-04T13:44:00,5fb2a072-2bab-4b94-9109-9cbea70c5438,bryancuevas,QUERY_START,Regular query_start activity,SUCCESS
64942511-1e69-43c1-bff7-0c433d8dc7a5,2025-09-04T13:44:00,00f99f6f-5fcc-490a-84f9-6b24911c0b2e,emilyhamilton,LOGOUT,Regular logout activity,SUCCESS
436f43a0-a907-4a1b-bd95-5874ae170604,2025-09-04T13:44:00,4b7e389e-8c78-4e72-ab0b-774df43b399e,hardinjennifer,QUERY_START,Regular query_start activity,SUCCESS
65ef3ff9-e329-48d5-99c9-999694899c46,2025-09-04T13:44:00,cea2e75f-1ee1-4b1d-90f5-242f82a02bed,erickennedy,QUERY_START,Regular query_start activity,SUCCESS
f6e3f967-0128-4e2e-b0b3-60da10630116,2025-09-04T13:44:00,3d8cc43f-0f00-40bd-b8b2-34ac61fc0360,rwilliams,QUERY_END,Regular query_end activity,SUCCESS
909668c4-346b-4e0c-8ea9-ae0b27d330a2,2025-09-04T13:44:00,00f99f6f-5fcc-490a-84f9-6b24911c0b2e,emilyhamilton,LOGIN,Regular login activity,SUCCESS
673d9e69-93f3-468f-ba21-6a312730d437,2025-09-04T13:56:00,82e7a6a3-1f49-4f5a-8a2a-96e5a654a185,codyoconnor,QUERY_END,Regular query_end activity,SUCCESS
dd7621ba-b3c6-4a26-a171-d405b3c15382,2025-09-04T13:56:00,f0c2cfac-cf3b-4053-9e79-a6a4c6bbd187,garciaalison,LOGOUT,Regular logout activity,SUCCESS
1ed7dc39-3b51-4b97-aeb4-247f1a4fab58,2025-09-04T13:56:00,00f99f6f-5fcc-490a-84f9-6b24911c0b2e,emilyhamilton,QUERY_START,Regular query_start activity,SUCCESS
75cec116-28b7-4758-b94e-835174736417,2025-09-04T13:56:00,82e7a6a3-1f49-4f5a-8a2a-96e5a654a185,codyoconnor,LOGIN,Regular login activity,SUCCESS
e91a8222-ad84-4929-9b14-87703ce2c717,2025-09-04T13:56:00,da0f0f7a-8d2c-4ca9-b82e-cda33fba6610,rachel35,LOGIN,Regular login activity,SUCCESS
1088d3dc-7a09-4d84-8c81-1cc5888a820f,2025-09-04T13:56:00,b92c2609-888c-471e-bf61-4363556df9d8,frank26,QUERY_START,Regular query_start activity,SUCCESS
78bcc3af-ebd6-4fbd-8daf-611ec3d3aec6,2025-09-04T13:56:00,ac5e7ada-2f2f-4292-a0e4-18083982547a,lliu,QUERY_END,Regular query_end activity,SUCCESS
4964faaa-7690-49d6-a622-4d3006569558,2025-09-04T13:56:00,89e53854-09b7-4b59-8352-a231c51f8687,glarsen,QUERY_START,Regular query_start activity,SUCCESS
43bfae0d-b71c-42f5-a7a1-bd94f973859c,2025-09-04T13:56:00,f22aa1cf-fe8b-4e78-8492-b46e0f46ffda,brandtmisty,QUERY_START,Regular query_start activity,SUCCESS
a501a609-1713-49c3-b86a-5ae4a43f4fb6,2025-09-04T13:56:00,7cd584de-ca92-465c-8ea8-5f7ad356bee6,danasandoval,QUERY_END,Regular query_end activity,SUCCESS
d0e7659e-9e1c-43c3-9ec5-167f9d396ddb,2025-09-04T14:02:00,cea2e75f-1ee1-4b1d-90f5-242f82a02bed,erickennedy,QUERY_END,Regular query_end activity,SUCCESS
308fbf20-2596-4b0e-9674-94906c7ae1bb,2025-09-04T14:02:00,82e7a6a3-1f49-4f5a-8a2a-96e5a654a185,codyoconnor,LOGOUT,Regular logout activity,SUCCESS
7a481ddd-6743-4b8e-b57b-ec5c64b6d21a,2025-09-04T14:02:00,4bc8b8f2-4d6e-4d5e-8d40-a7b6b3d6bb03,amandamitchell,QUERY_START,Regular query_start activity,SUCCESS
fe624d26-a36e-4370-9aa6-a58ff2c4b259,2025-09-04T14:02:00,4bc8b8f2-4d6e-4d5e-8d40-a7b6b3d6bb03,amandamitchell,QUERY_START,Regular query_start activity,SUCCESS
0456d44d-a31f-475b-a052-7ac5eade6dcc,2025-09-04T14:02:00,3d8cc43f-0f00-40bd-b8b2-34ac61fc0360,rwilliams,QUERY_END,Regular query_end activity,SUCCESS
11d969d3-b8ea-4241-a6df-f3321508689d,2025-09-04T14:02:00,57eba2d7-a4fe-48aa-aa7b-ad0e6f1296b7,jose46,LOGOUT,Regular logout activity,SUCCESS
169f6931-6437-45f9-9b6b-552652c99a61,2025-09-04T14:02:00,4663d48b-596a-4f39-b714-8d69ac9a7d2a,robert93,QUERY_END,Regular query_end activity,SUCCESS
031e8e6c-93cd-4427-9589-6d66d7a76c07,2025-09-04T14:02:00,3d8cc43f-0f00-40bd-b8b2-34ac61fc0360,rwilliams,LOGOUT,Regular logout activity,SUCCESS
05d3140c-3932-430d-9ec2-c396202e894d,2025-09-04T14:02:00,9a7a68c7-1b0c-4669-859f-6d352b1e386f,andrew16,QUERY_END,Regular query_end activity,SUCCESS
9ac4097d-5d89-46c2-8dc8-f23ad49c65cd,2025-09-04T14:02:00,9a7a68c7-1b0c-4669-859f-6d352b1e386f,andrew16,LOGIN,Regular login activity,SUCCESS
92030be5-b130-4abf-a29a-ebaa353c4557,2025-09-04T14:08:00,859c34dd-4540-49a3-b26d-f82b1455d905,oatkinson,LOGIN,Regular login activity,SUCCESS
2a69758b-08ac-42a7-a3f6-803f25253603,2025-09-04T14:08:00,859c34dd-4540-49a3-b26d-f82b1455d905,oatkinson,LOGOUT,Regular logout activity,SUCCESS
6ec9f172-5708-4249-9d5e-729d1e7b6e53,2025-09-04T14:08:00,3d8cc43f-0f00-40bd-b8b2-34ac61fc0360,rwilliams,LOGOUT,Regular logout activity,SUCCESS
78c40c87-8bba-4c54-b0fd-d8f2ad175769,2025-09-04T14:08:00,879c852e-e8e8-45c3-9ead-5fa56c9ecfbc,egarcia,QUERY_START,Regular query_start activity,SUCCESS
add4262b-4a7f-4f8b-a3c6-1f25ebb189aa,2025-09-04T14:08:00,57eba2d7-a4fe-48aa-aa7b-ad0e6f1296b7,jose46,LOGIN,Regular login activity,SUCCESS
f41b80f7-ceac-405d-94f1-8b762daff557,2025-09-04T14:08:00,859c34dd-4540-49a3-b26d-f82b1455d905,oatkinson,LOGIN,Regular login activity,SUCCESS
c04e4b98-95a3-4bb9-9667-9320d6187916,2025-09-04T14:08:00,57eba2d7-a4fe-48aa-aa7b-ad0e6f1296b7,jose46,QUERY_END,Regular query_end activity,SUCCESS
75688c0e-0dc5-4da4-a624-b8aef06ff90b,2025-09-04T14:08:00,57eba2d7-a4fe-48aa-aa7b-ad0e6f1296b7,jose46,QUERY_START,Regular query_start activity,SUCCESS
91a35272-4b4d-401d-b4b0-22a26e57306d,2025-09-04T14:08:00,4bc8b8f2-4d6e-4d5e-8d40-a7b6b3d6bb03,amandamitchell,LOGOUT,Regular logout activity,SUCCESS
12751907-6015-4fae-84a1-ee0fd3202aa2,2025-09-04T14:08:00,859c34dd-4540-49a3-b26d-f82b1455d905,oatkinson,LOGOUT,Regular logout activity,SUCCESS
38c12ac2-4352-48a5-ac2b-6b677307a6c1,2025-09-04T14:21:00,cea2e75f-1ee1-4b1d-90f5-242f82a02bed,erickennedy,QUERY_START,Regular query_start activity,SUCCESS
0f4f21ea-0f20-4406-aca5-7f150af642eb,2025-09-04T14:21:00,4bc8b8f2-4d6e-4d5e-8d40-a7b6b3d6bb03,amandamitchell,QUERY_END,Regular query_end activity,SUCCESS
258bac8d-fc7f-49c0-b288-a003542e4efe,2025-09-04T14:21:00,f22aa1cf-fe8b-4e78-8492-b46e0f46ffda,brandtmisty,QUERY_END,Regular query_end activity,SUCCESS
0ddfe1e5-490b-4406-9059-8608424b410b,2025-09-04T14:21:00,f0c2cfac-cf3b-4053-9e79-a6a4c6bbd187,garciaalison,QUERY_START,Regular query_start activity,SUCCESS
9a34343d-1cbb-499c-9b2d-165e4450df71,2025-09-04T14:21:00,89e53854-09b7-4b59-8352-a231c51f8687,glarsen,LOGIN,Regular login activity,SUCCESS
314fcdc4-3d57-465d-9a03-f5d2a3bf5358,2025-09-04T14:21:00,00f99f6f-5fcc-490a-84f9-6b24911c0b2e,emilyhamilton,LOGIN,Regular login activity,SUCCESS
0062b2b5-7229-4761-b920-9e23a2775984,2025-09-04T14:21:00,a3a85592-9f3f-4845-87b8-dd199fcdc3cc,gmoreno,LOGOUT,Regular logout activity,SUCCESS
90b99682-b4df-4ec1-ba8c-a1a993da9388,2025-09-04T14:21:00,859c34dd-4540-49a3-b26d-f82b1455d905,oatkinson,LOGIN,Regular login activity,SUCCESS
0234c352-8fe2-4811-a7de-dbce673f9230,2025-09-04T14:21:00,00f99f6f-5fcc-490a-84f9-6b24911c0b2e,emilyhamilton,LOGOUT,Regular logout activity,SUCCESS
d7945754-fa32-49eb-a2a2-96d7230fe00e,2025-09-04T14:21:00,9a7a68c7-1b0c-4669-859f-6d352b1e386f,andrew16,LOGOUT,Regular logout activity,SUCCESS
878b082a-85ba-4ad4-a493-21c81c5fef73,2025-09-04T14:30:00,4bc8b8f2-4d6e-4d5e-8d40-a7b6b3d6bb03,amandamitchell,QUERY_END,Regular query_end activity,SUCCESS
ead07dac-4d95-4f8e-ae0b-e80bfaa0ee6f,2025-09-04T14:30:00,a3a85592-9f3f-4845-87b8-dd199fcdc3cc,gmoreno,LOGIN,Regular login activity,SUCCESS
913bd7e2-06e1-4848-be59-771f16c41cb8,2025-09-04T14:30:00,89e53854-09b7-4b59-8352-a231c51f8687,glarsen,LOGIN,Regular login activity,SUCCESS
2e468623-a71e-43eb-95f4-3acd578bf57c,2025-09-04T14:30:00,82e7a6a3-1f49-4f5a-8a2a-96e5a654a185,codyoconnor,QUERY_START,Regular query_start activity,SUCCESS
0fd6f72e-5f15-46d2-823a-26123aa9169d,2025-09-04T14:30:00,5fb2a072-2bab-4b94-9109-9cbea70c5438,bryancuevas,LOGIN,Regular login activity,SUCCESS
1800b1a4-516a-4908-950d-878833f289ba,2025-09-04T14:30:00,4b7e389e-8c78-4e72-ab0b-774df43b399e,hardinjennifer,QUERY_END,Regular query_end activity,SUCCESS
c8ae73f8-a7d2-44c6-b99b-df11ebe9aed9,2025-09-04T14:30:00,3d8cc43f-0f00-40bd-b8b2-34ac61fc0360,rwilliams,QUERY_END,Regular query_end activity,SUCCESS
4e4e43b6-00cb-40f0-b2b7-5e1fbeb74265,2025-09-04T14:30:00,4b7e389e-8c78-4e72-ab0b-774df43b399e,hardinjennifer,LOGIN,Regular login activity,SUCCESS
784bcece-fcd0-4985-a145-7afb245aabe2,2025-09-04T14:30:00,cea2e75f-1ee1-4b1d-90f5-242f82a02bed,erickennedy,QUERY_END,Regular query_end activity,SUCCESS
59b0d21c-46f3-4c00-974d-f84c9a617423,2025-09-04T14:30:00,89e53854-09b7-4b59-8352-a231c51f8687,glarsen,LOGOUT,Regular logout activity,SUCCESS
2599ee38-d435-403b-9aac-4fd661cbf43b,2025-09-04T14:35:00,00f99f6f-5fcc-490a-84f9-6b24911c0b2e,emilyhamilton,QUERY_END,Regular query_end activity,SUCCESS
f11d0583-1b4b-4988-93b0-3b0d0f6c2b3b,2025-09-04T14:35:00,b92c2609-888c-471e-bf61-4363556df9d8,frank26,LOGIN,Regular login activity,SUCCESS
77094758-87da-48fb-ba3e-c1cd046096a0,2025-09-04T14:35:00,f22aa1cf-fe8b-4e78-8492-b46e0f46ffda,brandtmisty,QUERY_END,Regular query_end activity,SUCCESS
ab059cae-20f5-40a0-8a7a-e2fef9eae3d3,2025-09-04T14:35:00,89e53854-09b7-4b59-8352-a231c51f8687,glarsen,LOGOUT,Regular logout activity,SUCCESS
12bf23a0-86a6-4751-a20f-6cf8652421e5,2025-09-04T14:35:00,f0c2cfac-cf3b-4053-9e79-a6a4c6bbd187,garciaalison,QUERY_START,Regular query_start activity,SUCCESS
f31a7034-b29b-4212-bf77-e499f62919c4,2025-09-04T14:35:00,57eba2d7-a4fe-48aa-aa7b-ad0e6f1296b7,jose46,LOGOUT,Regular logout activity,SUCCESS
5b8c67a1-6772-4bfb-aad4-691695b24c42,2025-09-04T14:35:00,ac5e7ada-2f2f-4292-a0e4-18083982547a,lliu,QUERY_START,Regular query_start activity,SUCCESS
28205d4d-099d-406d-af3e-c3a5e107f4d8,2025-09-04T14:35:00,f22aa1cf-fe8b-4e78-8492-b46e0f46ffda,brandtmisty,QUERY_START,Regular query_start activity,SUCCESS
842305d8-fa44-4ddd-a530-8921c3065bfa,2025-09-04T14:35:00,4bc8b8f2-4d6e-4d5e-8d40-a7b6b3d6bb03,amandamitchell,LOGIN,Regular login activity,SUCCESS
83191837-949c-4278-8c74-126469fd225f,2025-09-04T14:35:00,a3a85592-9f3f-4845-87b8-dd199fcdc3cc,gmoreno,QUERY_END,Regular query_end activity,SUCCESS
b9443dbb-1b9a-4325-a792-ff1adf971677,2025-09-04T14:47:00,3d8cc43f-0f00-40bd-b8b2-34ac61fc0360,rwilliams,LOGIN,Regular login activity,SUCCESS
81955421-869a-49c7-9457-2a36fa13c957,2025-09-04T14:47:00,ac5e7ada-2f2f-4292-a0e4-18083982547a,lliu,LOGIN,Regular login activity,SUCCESS
f2fe7267-0bcc-4d46-82e7-a3472f1dbad8,2025-09-04T14:47:00,00f99f6f-5fcc-490a-84f9-6b24911c0b2e,emilyhamilton,QUERY_END,Regular query_end activity,SUCCESS
ac4ca0b7-d88a-4a52-92da-44e761aae93e,2025-09-04T14:47:00,ac5e7ada-2f2f-4292-a0e4-18083982547a,lliu,LOGIN,Regular login activity,SUCCESS
df52fbbe-3acc-4fa5-b470-88b07b7ba00c,2025-09-04T14:47:00,a3a85592-9f3f-4845-87b8-dd199fcdc3cc,gmoreno,QUERY_END,Regular query_end activity,SUCCESS
bb956750-8d7c-4440-98d4-4ec25fec1654,2025-09-04T14:47:00,b92c2609-888c-471e-bf61-4363556df9d8,frank26,QUERY_START,Regular query_start activity,SUCCESS
e1bfb3bb-82b7-436c-9ec1-1ea05c955e13,2025-09-04T14:47:00,859c34dd-4540-49a3-b26d-f82b1455d905,oatkinson,LOGIN,Regular login activity,SUCCESS
c12ee063-ccf7-4715-acc7-6c6cdb98baa3,2025-09-04T14:47:00,a3a85592-9f3f-4845-87b8-dd199fcdc3cc,gmoreno,LOGIN,Regular login activity,SUCCESS
c55b6ccb-0d84-423d-99eb-527e71a92728,2025-09-04T14:47:00,3d8cc43f-0f00-40bd-b8b2-34ac61fc0360,rwilliams,LOGIN,Regular login activity,SUCCESS
3aac4a10-2616-4149-be9a-1c545610bc0a,2025-09-04T14:47:00,b92c2609-888c-471e-bf61-4363556df9d8,frank26,LOGIN,Regular login activity,SUCCESS
013d1d76-9aed-45fa-ab52-5c3122850f66,2025-09-04T15:01:00,859c34dd-4540-49a3-b26d-f82b1455d905,oatkinson,LOGOUT,Regular logout activity,SUCCESS
8c662324-d95a-4ec7-87fe-54b917cf9816,2025-09-04T15:01:00,5fb2a072-2bab-4b94-9109-9cbea70c5438,bryancuevas,LOGIN,Regular login activity,SUCCESS
bf37d0c8-21b6-4805-8f13-e1a85fde2e42,2025-09-04T15:01:00,859c34dd-4540-49a3-b26d-f82b1455d905,oatkinson,QUERY_END,Regular query_end activity,SUCCESS
2f94eb12-2df9-4d94-bf6f-de049a0d5091,2025-09-04T15:01:00,f22aa1cf-fe8b-4e78-8492-b46e0f46ffda,brandtmisty,LOGIN,Regular login activity,SUCCESS
120f6490-06e8-47eb-8b1e-5b2ed6163801,2025-09-04T15:01:00,cea2e75f-1ee1-4b1d-90f5-242f82a02bed,erickennedy,LOGOUT,Regular logout activity,SUCCESS
561910fb-3bbe-4f35-8a32-8ff4b3b85224,2025-09-04T15:01:00,82e7a6a3-1f49-4f5a-8a2a-96e5a654a185,codyoconnor,QUERY_START,Regular query_start activity,SUCCESS
6f3d9d2e-108f-4147-87b4-83b0d504ba74,2025-09-04T15:01:00,57eba2d7-a4fe-48aa-aa7b-ad0e6f1296b7,jose46,QUERY_START,Regular query_start activity,SUCCESS
4ae5d7c2-d507-4511-b820-6ec82db6df31,2025-09-04T15:01:00,ac5e7ada-2f2f-4292-a0e4-18083982547a,lliu,QUERY_END,Regular query_end activity,SUCCESS
eafc37e8-4aa1-4fa4-93d3-c0e13a66eb68,2025-09-04T15:01:00,da0f0f7a-8d2c-4ca9-b82e-cda33fba6610,rachel35,QUERY_START,Regular query_start activity,SUCCESS
b3e40e47-1b35-4bdb-9dc3-72c59b673c92,2025-09-04T15:01:00,4663d48b-596a-4f39-b714-8d69ac9a7d2a,robert93,LOGOUT,Regular logout activity,SUCCESS
bd60bd5e-1870-4ce4-9191-5f6db432d54c,2025-09-04T15:08:00,4663d48b-596a-4f39-b714-8d69ac9a7d2a,robert93,LOGOUT,Regular logout activity,SUCCESS
451dac7c-bb7a-4d09-b6c3-5437779995cd,2025-09-04T15:08:00,00f99f6f-5fcc-490a-84f9-6b24911c0b2e,emilyhamilton,QUERY_END,Regular query_end activity,SUCCESS
5f243743-104e-4e05-8d32-d23cdb89d355,2025-09-04T15:08:00,9a7a68c7-1b0c-4669-859f-6d352b1e386f,andrew16,QUERY_START,Regular query_start activity,SUCCESS
dc76afd3-3ea5-475c-8a1b-1ad35238c64f,2025-09-04T15:08:00,ac5e7ada-2f2f-4292-a0e4-18083982547a,lliu,QUERY_END,Regular query_end activity,SUCCESS
546341c2-2239-4c42-be43-c9f25390f613,2025-09-04T15:08:00,ac5e7ada-2f2f-4292-a0e4-18083982547a,lliu,QUERY_START,Regular query_start activity,SUCCESS
ce5512fa-afd0-4408-8993-9c11be733a72,2025-09-04T15:08:00,4b7e389e-8c78-4e72-ab0b-774df43b399e,hardinjennifer,LOGOUT,Regular logout activity,SUCCESS
ff780739-b1e9-472b-a4a3-f2913d9ed262,2025-09-04T15:08:00,a3a85592-9f3f-4845-87b8-dd199fcdc3cc,gmoreno,QUERY_END,Regular query_end activity,SUCCESS
96365315-30a3-4187-b9a5-9515afefbc8e,2025-09-04T15:08:00,9a7a68c7-1b0c-4669-859f-6d352b1e386f,andrew16,QUERY_END,Regular query_end activity,SUCCESS
d05fdde1-58b7-4a01-847a-cbadf49ec3ad,2025-09-04T15:08:00,5fb2a072-2bab-4b94-9109-9cbea70c5438,bryancuevas,LOGOUT,Regular logout activity,SUCCESS
f1705b70-cb85-4f65-9576-3005d9c84693,2025-09-04T15:08:00,a3a85592-9f3f-4845-87b8-dd199fcdc3cc,gmoreno,LOGIN,Regular login activity,SUCCESS
5a65cf6f-9982-42b0-8477-9b03f37f28f1,2025-09-04T15:19:00,f22aa1cf-fe8b-4e78-8492-b46e0f46ffda,brandtmisty,QUERY_START,Regular query_start activity,SUCCESS
742c68c9-d14d-4d06-9eb1-026b0bd8e9e1,2025-09-04T15:19:00,57eba2d7-a4fe-48aa-aa7b-ad0e6f1296b7,jose46,LOGIN,Regular login activity,SUCCESS
d0281862-bb21-4644-b726-94032ff4f9ae,2025-09-04T15:19:00,4b7e389e-8c78-4e72-ab0b-774df43b399e,hardinjennifer,QUERY_END,Regular query_end activity,SUCCESS
fc36a1b3-c50a-450f-991b-e157b6a3b69a,2025-09-04T15:19:00,7cd584de-ca92-465c-8ea8-5f7ad356bee6,danasandoval,LOGIN,Regular login activity,SUCCESS
7e1cdb05-bd92-4614-a759-bdbc55b85b78,2025-09-04T15:19:00,3d8cc43f-0f00-40bd-b8b2-34ac61fc0360,rwilliams,LOGIN,Regular login activity,SUCCESS
200f18c1-da81-4873-bbbf-211b615a8c11,2025-09-04T15:19:00,57eba2d7-a4fe-48aa-aa7b-ad0e6f1296b7,jose46,LOGOUT,Regular logout activity,SUCCESS
c1676fcc-3826-4680-9647-b1ac63150e63,2025-09-04T15:19:00,82e7a6a3-1f49-4f5a-8a2a-96e5a654a185,codyoconnor,QUERY_START,Regular query_start activity,SUCCESS
69cd8b57-d721-44d3-b33e-08640dd4c860,2025-09-04T15:19:00,f22aa1cf-fe8b-4e78-8492-b46e0f46ffda,brandtmisty,LOGOUT,Regular logout activity,SUCCESS
64fb3032-3128-4dfa-b9a5-b9efbaef5ed4,2025-09-04T15:19:00,7cd584de-ca92-465c-8ea8-5f7ad356bee6,danasandoval,QUERY_END,Regular query_end activity,SUCCESS
bd3c2528-f0f4-4246-88ab-bc768aa94631,2025-09-04T15:19:00,4b7e389e-8c78-4e72-ab0b-774df43b399e,hardinjennifer,QUERY_START,Regular query_start activity,SUCCESS
89fa221b-15cb-4b1e-83b1-3c6cbe152e94,2025-09-04T15:30:00,da0f0f7a-8d2c-4ca9-b82e-cda33fba6610,rachel35,LOGOUT,Regular logout activity,SUCCESS
a1d23eef-2829-4e7f-8ff7-2d2ce29e28e0,2025-09-04T15:30:00,cea2e75f-1ee1-4b1d-90f5-242f82a02bed,erickennedy,LOGIN,Regular login activity,SUCCESS
1d5c2f0e-61b6-47f1-96f3-790fb51e41b0,2025-09-04T15:30:00,9a7a68c7-1b0c-4669-859f-6d352b1e386f,andrew16,QUERY_START,Regular query_start activity,SUCCESS
7a85c749-eee8-44c4-8829-fe69889568d5,2025-09-04T15:30:00,879c852e-e8e8-45c3-9ead-5fa56c9ecfbc,egarcia,LOGIN,Regular login activity,SUCCESS
9042da83-9466-4468-a279-bf7a2f74c20e,2025-09-04T15:30:00,cea2e75f-1ee1-4b1d-90f5-242f82a02bed,erickennedy,LOGOUT,Regular logout activity,SUCCESS
c2b6955b-a203-4b30-97d2-8b6dfd0148ef,2025-09-04T15:30:00,859c34dd-4540-49a3-b26d-f82b1455d905,oatkinson,QUERY_END,Regular query_end activity,SUCCESS
b27e127d-ba6e-4158-a37c-c982eb69ffc9,2025-09-04T15:30:00,82e7a6a3-1f49-4f5a-8a2a-96e5a654a185,codyoconnor,QUERY_START,Regular query_start activity,SUCCESS
78aed900-adf2-4cdc-a129-2448045a47d7,2025-09-04T15:30:00,82e7a6a3-1f49-4f5a-8a2a-96e5a654a185,codyoconnor,QUERY_START,Regular query_start activity,SUCCESS
40699441-0319-4d53-80be-73a338441a63,2025-09-04T15:30:00,5fb2a072-2bab-4b94-9109-9cbea70c5438,bryancuevas,QUERY_END,Regular query_end activity,SUCCESS
5f97cac9-6667-4750-a28a-b2ad63e79705,2025-09-04T15:30:00,a3a85592-9f3f-4845-87b8-dd199fcdc3cc,gmoreno,QUERY_END,Regular query_end activity,SUCCESS
0bef8956-9cf8-4fed-b809-1efca366ab7f,2025-09-04T15:37:00,4b7e389e-8c78-4e72-ab0b-774df43b399e,hardinjennifer,QUERY_START,Regular query_start activity,SUCCESS
c1e1bca8-1d97-436f-967b-fe202c7569e2,2025-09-04T15:37:00,4663d48b-596a-4f39-b714-8d69ac9a7d2a,robert93,LOGOUT,Regular logout activity,SUCCESS
95605128-d5c9-4412-990e-8faf9dcbb0d4,2025-09-04T15:37:00,00f99f6f-5fcc-490a-84f9-6b24911c0b2e,emilyhamilton,LOGOUT,Regular logout activity,SUCCESS
831ae4ef-8f10-4b45-99fe-0928b71639d3,2025-09-04T15:37:00,9a7a68c7-1b0c-4669-859f-6d352b1e386f,andrew16,LOGOUT,Regular logout activity,SUCCESS
1d430669-4941-44a9-8410-177e25c4c698,2025-09-04T15:37:00,7cd584de-ca92-465c-8ea8-5f7ad356bee6,danasandoval,QUERY_START,Regular query_start activity,SUCCESS
e18aafa7-1ba5-40ff-8a2c-bf028e80037a,2025-09-04T15:37:00,ac5e7ada-2f2f-4292-a0e4-18083982547a,lliu,QUERY_END,Regular query_end activity,SUCCESS
f5818941-2134-4569-aec0-310651cf0dae,2025-09-04T15:37:00,5fb2a072-2bab-4b94-9109-9cbea70c5438,bryancuevas,LOGIN,Regular login activity,SUCCESS
b82b41cd-bb7e-47d0-9996-21b3d8d6928e,2025-09-04T15:37:00,5fb2a072-2bab-4b94-9109-9cbea70c5438,bryancuevas,LOGOUT,Regular logout activity,SUCCESS
a3318cf4-9bb9-4f33-be04-cbd6e863c5d5,2025-09-04T15:37:00,da0f0f7a-8d2c-4ca9-b82e-cda33fba6610,rachel35,LOGIN,Regular login activity,SUCCESS
2650ad57-9647-4b4e-ab9c-b5dbe846c481,2025-09-04T15:37:00,00f99f6f-5fcc-490a-84f9-6b24911c0b2e,emilyhamilton,QUERY_START,Regular query_start activity,SUCCESS
dfa7e13c-dd85-44f5-8559-55c260999e95,2025-09-04T15:50:00,89e53854-09b7-4b59-8352-a231c51f8687,glarsen,LOGIN,Regular login activity,SUCCESS
c100c777-674c-46e2-bbab-69fe423ba330,2025-09-04T15:50:00,879c852e-e8e8-45c3-9ead-5fa56c9ecfbc,egarcia,QUERY_START,Regular query_start activity,SUCCESS
43a0eaa3-4094-4bb3-af51-78f8611816ea,2025-09-04T15:50:00,3d8cc43f-0f00-40bd-b8b2-34ac61fc0360,rwilliams,LOGOUT,Regular logout activity,SUCCESS
67b041f1-6baa-40d7-b383-8f1caf917716,2025-09-04T15:50:00,4b7e389e-8c78-4e72-ab0b-774df43b399e,hardinjennifer,QUERY_END,Regular query_end activity,SUCCESS
097eee54-b6e6-44d1-8f50-93c27d41178a,2025-09-04T15:50:00,4663d48b-596a-4f39-b714-8d69ac9a7d2a,robert93,LOGOUT,Regular logout activity,SUCCESS
a70326b1-256e-4ebb-83f4-2a8d34c90ef2,2025-09-04T15:50:00,4b7e389e-8c78-4e72-ab0b-774df43b399e,hardinjennifer,QUERY_END,Regular query_end activity,SUCCESS
4fd75017-014b-40cc-9c52-6378e283e987,2025-09-04T15:50:00,4b7e389e-8c78-4e72-ab0b-774df43b399e,hardinjennifer,QUERY_START,Regular query_start activity,SUCCESS
345b76b1-4bef-4a0a-869a-ca55dd59bd65,2025-09-04T15:50:00,a3a85592-9f3f-4845-87b8-dd199fcdc3cc,gmoreno,LOGIN,Regular login activity,SUCCESS
32b0def5-32f0-42ca-aa20-6e0794c9370b,2025-09-04T15:50:00,4663d48b-596a-4f39-b714-8d69ac9a7d2a,robert93,LOGOUT,Regular logout activity,SUCCESS
4d775cdd-4f6f-4aa2-9c3d-135bd4c844eb,2025-09-04T15:50:00,3d8cc43f-0f00-40bd-b8b2-34ac61fc0360,rwilliams,LOGOUT,Regular logout activity,SUCCESS
5e81f802-87dd-4b30-9640-a40a7857bfc6,2025-09-04T15:59:00,879c852e-e8e8-45c3-9ead-5fa56c9ecfbc,egarcia,QUERY_START,Regular query_start activity,SUCCESS
d6c63a7a-ef1c-4055-8683-e8abde71ce5f,2025-09-04T15:59:00,57eba2d7-a4fe-48aa-aa7b-ad0e6f1296b7,jose46,LOGIN,Regular login activity,SUCCESS
938412a4-883a-4bc3-ae62-a81adbcba4d8,2025-09-04T15:59:00,f22aa1cf-fe8b-4e78-8492-b46e0f46ffda,brandtmisty,QUERY_END,Regular query_end activity,SUCCESS
73804f9c-b4f7-48d5-aef1-af68800ee415,2025-09-04T15:59:00,cea2e75f-1ee1-4b1d-90f5-242f82a02bed,erickennedy,QUERY_START,Regular query_start activity,SUCCESS
bb1c63f3-419d-42fb-bc0f-0db0d5544d29,2025-09-04T15:59:00,f0c2cfac-cf3b-4053-9e79-a6a4c6bbd187,garciaalison,LOGIN,Regular login activity,SUCCESS
0364fe02-af0a-41ce-98ef-805d6bfce96e,2025-09-04T15:59:00,7cd584de-ca92-465c-8ea8-5f7ad356bee6,danasandoval,LOGIN,Regular login activity,SUCCESS
bb04c4a3-a14a-4607-9730-9a4e5ef88129,2025-09-04T15:59:00,9a7a68c7-1b0c-4669-859f-6d352b1e386f,andrew16,LOGOUT,Regular logout activity,SUCCESS
74374d30-bb63-4ab9-bddb-563e2736a5a6,2025-09-04T15:59:00,f22aa1cf-fe8b-4e78-8492-b46e0f46ffda,brandtmisty,LOGIN,Regular login activity,SUCCESS
fef9fcd9-de5f-446c-9b15-65dad2fc1712,2025-09-04T15:59:00,f0c2cfac-cf3b-4053-9e79-a6a4c6bbd187,garciaalison,LOGOUT,Regular logout activity,SUCCESS
fc79282a-f92c-45b8-a71f-715c82dff16b,2025-09-04T15:59:00,00f99f6f-5fcc-490a-84f9-6b24911c0b2e,emilyhamilton,LOGIN,Regular login activity,SUCCESS
357fa82c-0e01-4d29-b436-f1628d430c8d,2025-09-04T16:05:00,da0f0f7a-8d2c-4ca9-b82e-cda33fba6610,rachel35,QUERY_START,Regular query_start activity,SUCCESS
50c5b1f2-451d-41d8-add7-519726b0225a,2025-09-04T16:05:00,4bc8b8f2-4d6e-4d5e-8d40-a7b6b3d6bb03,amandamitchell,LOGIN,Regular login activity,SUCCESS
4ce43ad6-7f81-4ddd-85fe-77e5a1b5111d,2025-09-04T16:05:00,b92c2609-888c-471e-bf61-4363556df9d8,frank26,LOGOUT,Regular logout activity,SUCCESS
02c7f36c-2620-46a1-bfff-71305993b940,2025-09-04T16:05:00,f0c2cfac-cf3b-4053-9e79-a6a4c6bbd187,garciaalison,LOGIN,Regular login activity,SUCCESS
f51d951b-4fc7-45be-acc9-b362edc405e3,2025-09-04T16:05:00,5fb2a072-2bab-4b94-9109-9cbea70c5438,bryancuevas,LOGOUT,Regular logout activity,SUCCESS
deb5e37f-64bb-4f41-b92e-847a06ef768d,2025-09-04T16:05:00,7cd584de-ca92-465c-8ea8-5f7ad356bee6,danasandoval,QUERY_END,Regular query_end activity,SUCCESS
76d00c90-e5be-4c12-b016-5abe8a08865b,2025-09-04T16:05:00,89e53854-09b7-4b59-8352-a231c51f8687,glarsen,LOGIN,Regular login activity,SUCCESS
9a17dc7c-1a18-4613-990a-9e7ca5cf8c82,2025-09-04T16:05:00,9a7a68c7-1b0c-4669-859f-6d352b1e386f,andrew16,LOGOUT,Regular logout activity,SUCCESS
55482b7a-5cb2-4a49-a778-769fd5878d94,2025-09-04T16:05:00,879c852e-e8e8-45c3-9ead-5fa56c9ecfbc,egarcia,QUERY_START,Regular query_start activity,SUCCESS
360bfc45-3d7e-4e84-a08b-63f69528b56c,2025-09-04T16:05:00,82e7a6a3-1f49-4f5a-8a2a-96e5a654a185,codyoconnor,QUERY_START,Regular query_start activity,SUCCESS
8c02d6e3-7b72-485a-93b0-dcc99ee0e6ff,2025-09-04T16:19:00,3d8cc43f-0f00-40bd-b8b2-34ac61fc0360,rwilliams,LOGOUT,Regular logout activity,SUCCESS
f9fb8fb4-174d-4b3e-8969-92e7476aece6,2025-09-04T16:19:00,859c34dd-4540-49a3-b26d-f82b1455d905,oatkinson,LOGOUT,Regular logout activity,SUCCESS
14f3ccee-fc0d-4949-a0eb-79bebb9f5a21,2025-09-04T16:19:00,7cd584de-ca92-465c-8ea8-5f7ad356bee6,danasandoval,QUERY_START,Regular query_start activity,SUCCESS
f40b4ea1-be52-4419-9fb8-3a1b0cc7883d,2025-09-04T16:19:00,9a7a68c7-1b0c-4669-859f-6d352b1e386f,andrew16,QUERY_END,Regular query_end activity,SUCCESS
dd8768d0-6cc6-4959-8bf5-10425b685f83,2025-09-04T16:19:00,3d8cc43f-0f00-40bd-b8b2-34ac61fc0360,rwilliams,QUERY_END,Regular query_end activity,SUCCESS
7b299e20-c2bb-4689-b53e-6197840362ec,2025-09-04T16:19:00,9a7a68c7-1b0c-4669-859f-6d352b1e386f,andrew16,LOGIN,Regular login activity,SUCCESS
134cfbfa-0b67-4241-9e1f-96661c20ce17,2025-09-04T16:19:00,4b7e389e-8c78-4e72-ab0b-774df43b399e,hardinjennifer,QUERY_END,Regular query_end activity,SUCCESS
706dcaea-7e9c-4e92-a4a3-33006f63265e,2025-09-04T16:19:00,7cd584de-ca92-465c-8ea8-5f7ad356bee6,danasandoval,LOGOUT,Regular logout activity,SUCCESS
453e9c05-fc90-4175-a638-7829743557f2,2025-09-04T16:19:00,4b7e389e-8c78-4e72-ab0b-774df43b399e,hardinjennifer,LOGIN,Regular login activity,SUCCESS
9683f4fa-6add-47da-a5eb-0f5024a18034,2025-09-04T16:19:00,3d8cc43f-0f00-40bd-b8b2-34ac61fc0360,rwilliams,QUERY_START,Regular query_start activity,SUCCESS
8647e39e-05c4-471e-8f19-8becc9486801,2025-09-04T16:28:00,4b7e389e-8c78-4e72-ab0b-774df43b399e,hardinjennifer,QUERY_END,Regular query_end activity,SUCCESS
15660997-ef35-4fa2-9675-ed8920d25e8a,2025-09-04T16:28:00,879c852e-e8e8-45c3-9ead-5fa56c9ecfbc,egarcia,LOGOUT,Regular logout activity,SUCCESS
8d595639-84a7-4726-bcfd-f794e2e70a9d,2025-09-04T16:28:00,cea2e75f-1ee1-4b1d-90f5-242f82a02bed,erickennedy,LOGOUT,Regular logout activity,SUCCESS
400f21c0-f829-4c62-95e5-5109725a1b59,2025-09-04T16:28:00,b92c2609-888c-471e-bf61-4363556df9d8,frank26,LOGOUT,Regular logout activity,SUCCESS
dfa796bd-6bff-4867-b4a0-be008dda8fd5,2025-09-04T16:28:00,b92c2609-888c-471e-bf61-4363556df9d8,frank26,QUERY_START,Regular query_start activity,SUCCESS
6a7bba91-3c3e-4e32-bb25-3e1f446bab3a,2025-09-04T16:28:00,859c34dd-4540-49a3-b26d-f82b1455d905,oatkinson,LOGOUT,Regular logout activity,SUCCESS
f749af29-be8c-4b36-b50f-073ae62ae332,2025-09-04T16:28:00,5fb2a072-2bab-4b94-9109-9cbea70c5438,bryancuevas,LOGOUT,Regular logout activity,SUCCESS
a3b7dce2-4f21-48dc-b51a-e8d2f876b66e,2025-09-04T16:28:00,da0f0f7a-8d2c-4ca9-b82e-cda33fba6610,rachel35,QUERY_END,Regular query_end activity,SUCCESS
4a96b4d3-5903-46c7-a71e-89a4cd133694,2025-09-04T16:28:00,da0f0f7a-8d2c-4ca9-b82e-cda33fba6610,rachel35,LOGOUT,Regular logout activity,SUCCESS
97e48ddc-243a-41a6-a266-84fb460b5c0a,2025-09-04T16:28:00,3d8cc43f-0f00-40bd-b8b2-34ac61fc0360,rwilliams,LOGOUT,Regular logout activity,SUCCESS
ffa36257-642c-497f-893c-097646cde688,2025-09-04T16:33:00,879c852e-e8e8-45c3-9ead-5fa56c9ecfbc,egarcia,QUERY_END,Regular query_end activity,SUCCESS
b7d78227-0e73-454d-95bd-1ef84db80e04,2025-09-04T16:33:00,4bc8b8f2-4d6e-4d5e-8d40-a7b6b3d6bb03,amandamitchell,QUERY_END,Regular query_end activity,SUCCESS
8f34f86f-4cb1-40b8-aebf-c6ccaddf3d19,2025-09-04T16:33:00,cea2e75f-1ee1-4b1d-90f5-242f82a02bed,erickennedy,QUERY_END,Regular query_end activity,SUCCESS
34a4979c-0ac1-4503-895d-8ea1b67af7b0,2025-09-04T16:33:00,a3a85592-9f3f-4845-87b8-dd199fcdc3cc,gmoreno,LOGOUT,Regular logout activity,SUCCESS
6bfd7e26-ca99-4be9-89bf-163d80a6e1ed,2025-09-04T16:33:00,82e7a6a3-1f49-4f5a-8a2a-96e5a654a185,codyoconnor,QUERY_START,Regular query_start activity,SUCCESS
d90383c5-af2e-44e1-86ab-cad751ef373c,2025-09-04T16:33:00,89e53854-09b7-4b59-8352-a231c51f8687,glarsen,QUERY_END,Regular query_end activity,SUCCESS
b87b5187-74fe-422c-86ed-3c455c41008e,2025-09-04T16:33:00,da0f0f7a-8d2c-4ca9-b82e-cda33fba6610,rachel35,LOGOUT,Regular logout activity,SUCCESS
414d05cc-9ac8-456b-8853-b7079360b4e4,2025-09-04T16:33:00,879c852e-e8e8-45c3-9ead-5fa56c9ecfbc,egarcia,QUERY_START,Regular query_start activity,SUCCESS
1d3bf498-d273-4f04-964f-1800544ea492,2025-09-04T16:33:00,00f99f6f-5fcc-490a-84f9-6b24911c0b2e,emilyhamilton,QUERY_END,Regular query_end activity,SUCCESS
18486f17-b87b-40d6-86fc-0d2015da88b0,2025-09-04T16:33:00,859c34dd-4540-49a3-b26d-f82b1455d905,oatkinson,QUERY_END,Regular query_end activity,SUCCESS
03737a0f-4e72-4f6f-9a0d-b1e9b80d316f,2025-09-04T16:43:00,82e7a6a3-1f49-4f5a-8a2a-96e5a654a185,codyoconnor,QUERY_END,Regular query_end activity,SUCCESS
9194847d-527e-44dd-b52d-6a865454e04b,2025-09-04T16:43:00,a3a85592-9f3f-4845-87b8-dd199fcdc3cc,gmoreno,LOGOUT,Regular logout activity,SUCCESS
567c0e28-2ed3-491d-a196-41e2fcc985db,2025-09-04T16:43:00,879c852e-e8e8-45c3-9ead-5fa56c9ecfbc,egarcia,QUERY_END,Regular query_end activity,SUCCESS
e218e891-5af2-4db2-b2ea-947ccc240283,2025-09-04T16:43:00,4bc8b8f2-4d6e-4d5e-8d40-a7b6b3d6bb03,amandamitchell,LOGOUT,Regular logout activity,SUCCESS
504a79e3-1382-482c-bbd3-1a2a1c60e7d2,2025-09-04T16:43:00,da0f0f7a-8d2c-4ca9-b82e-cda33fba6610,rachel35,QUERY_END,Regular query_end activity,SUCCESS
a31f5a2c-bda0-48d3-aa0b-be06bc8e15fa,2025-09-04T16:43:00,b92c2609-888c-471e-bf61-4363556df9d8,frank26,QUERY_END,Regular query_end activity,SUCCESS
91c9fdf8-cf91-47e8-8e43-b2ff027b279f,2025-09-04T16:43:00,4663d48b-596a-4f39-b714-8d69ac9a7d2a,robert93,LOGIN,Regular login activity,SUCCESS
afef29bd-bd3d-469d-b23d-2f68d8903d4a,2025-09-04T16:43:00,a3a85592-9f3f-4845-87b8-dd199fcdc3cc,gmoreno,LOGOUT,Regular logout activity,SUCCESS
6ddff081-b265-409d-980d-31ad83eb4cbf,2025-09-04T16:43:00,57eba2d7-a4fe-48aa-aa7b-ad0e6f1296b7,jose46,QUERY_END,Regular query_end activity,SUCCESS
73361dbb-0051-463c-bc22-d0eee4ad5413,2025-09-04T16:43:00,ac5e7ada-2f2f-4292-a0e4-18083982547a,lliu,QUERY_START,Regular query_start activity,SUCCESS
7fbab89c-625d-4351-9cf6-89350b06d9e7,2025-09-04T16:49:00,da0f0f7a-8d2c-4ca9-b82e-cda33fba6610,rachel35,LOGOUT,Regular logout activity,SUCCESS
8caa31c1-d131-4562-bc6f-98ccceaf30bf,2025-09-04T16:49:00,9a7a68c7-1b0c-4669-859f-6d352b1e386f,andrew16,QUERY_START,Regular query_start activity,SUCCESS
9b3be617-2961-47c4-94e8-ea3c771d1c72,2025-09-04T16:49:00,7cd584de-ca92-465c-8ea8-5f7ad356bee6,danasandoval,QUERY_END,Regular query_end activity,SUCCESS
be7fdad1-ed11-4ff7-af27-95b2d0faf79f,2025-09-04T16:49:00,5fb2a072-2bab-4b94-9109-9cbea70c5438,bryancuevas,LOGIN,Regular login activity,SUCCESS
c39d18eb-8dcf-43e6-86b5-ead12ff52671,2025-09-04T16:49:00,a3a85592-9f3f-4845-87b8-dd199fcdc3cc,gmoreno,LOGOUT,Regular logout activity,SUCCESS
7cc09dc4-66bd-4d7f-9074-4b67f6980d1e,2025-09-04T16:49:00,82e7a6a3-1f49-4f5a-8a2a-96e5a654a185,codyoconnor,QUERY_START,Regular query_start activity,SUCCESS
793313b6-6e94-4c91-9595-12920ced9b05,2025-09-04T16:49:00,cea2e75f-1ee1-4b1d-90f5-242f82a02bed,erickennedy,QUERY_END,Regular query_end activity,SUCCESS
d7961636-98a6-4d91-b25a-c3d99247879e,2025-09-04T16:49:00,4b7e389e-8c78-4e72-ab0b-774df43b399e,hardinjennifer,QUERY_START,Regular query_start activity,SUCCESS
74d1c500-7e05-404b-a58e-af549c994fec,2025-09-04T16:49:00,cea2e75f-1ee1-4b1d-90f5-242f82a02bed,erickennedy,QUERY_END,Regular query_end activity,SUCCESS
e762f354-0e72-4f68-9c1d-bfbf950fb7cb,2025-09-04T16:49:00,5fb2a072-2bab-4b94-9109-9cbea70c5438,bryancuevas,LOGOUT,Regular logout activity,SUCCESS
e19be905-26cb-48bd-ae2a-5d3905ce41b3,2025-09-04T16:56:00,a3a85592-9f3f-4845-87b8-dd199fcdc3cc,gmoreno,LOGOUT,Regular logout activity,SUCCESS
72f4aed2-de79-4553-a006-184576faabc1,2025-09-04T16:56:00,cea2e75f-1ee1-4b1d-90f5-242f82a02bed,erickennedy,QUERY_START,Regular query_start activity,SUCCESS
9660c60c-9d63-4d48-abcf-c425c29cd472,2025-09-04T16:56:00,879c852e-e8e8-45c3-9ead-5fa56c9ecfbc,egarcia,LOGOUT,Regular logout activity,SUCCESS
787eb5b9-e746-4d1e-a905-a52d7d914631,2025-09-04T16:56:00,f22aa1cf-fe8b-4e78-8492-b46e0f46ffda,brandtmisty,QUERY_END,Regular query_end activity,SUCCESS
bb4ac149-077c-49af-9c5d-e901f63a4241,2025-09-04T16:56:00,879c852e-e8e8-45c3-9ead-5fa56c9ecfbc,egarcia,LOGOUT,Regular logout activity,SUCCESS
78786482-26a8-482e-b803-28f9dc823a8e,2025-09-04T16:56:00,89e53854-09b7-4b59-8352-a231c51f8687,glarsen,QUERY_START,Regular query_start activity,SUCCESS
e42f0b9f-d4bf-42c6-bcb8-997a8e7aeb24,2025-09-04T16:56:00,f22aa1cf-fe8b-4e78-8492-b46e0f46ffda,brandtmisty,QUERY_START,Regular query_start activity,SUCCESS
edd8f1d1-77ae-4916-ad4b-3c25c25877c1,2025-09-04T16:56:00,ac5e7ada-2f2f-4292-a0e4-18083982547a,lliu,QUERY_END,Regular query_end activity,SUCCESS
21c4ba86-fa6f-4c07-a640-f2c271dbac87,2025-09-04T16:56:00,9a7a68c7-1b0c-4669-859f-6d352b1e386f,andrew16,LOGIN,Regular login activity,SUCCESS
1b207ec6-4b4f-4ccd-95c9-c2511234b21c,2025-09-04T16:56:00,b92c2609-888c-471e-bf61-4363556df9d8,frank26,QUERY_END,Regular query_end activity,SUCCESS
bdd3b824-4d9a-4eb3-9408-717c1d8da065,2025-09-04T17:10:00,ac5e7ada-2f2f-4292-a0e4-18083982547a,lliu,LOGIN,Regular login activity,SUCCESS
010a7ad8-a11e-4f80-88be-aa29e838c4cb,2025-09-04T17:10:00,da0f0f7a-8d2c-4ca9-b82e-cda33fba6610,rachel35,QUERY_START,Regular query_start activity,SUCCESS
32f9cf7b-ce51-4f7c-8e3d-6e2f16e2e6a0,2025-09-04T17:25:00,f22aa1cf-fe8b-4e78-8492-b46e0f46ffda,brandtmisty,LOGOUT,Regular logout activity,SUCCESS
ab8324ab-a9cf-41bf-96c6-f05456992718,2025-09-04T17:25:00,89e53854-09b7-4b59-8352-a231c51f8687,glarsen,LOGOUT,Regular logout activity,SUCCESS
b63b9a3b-85a0-45fb-80bd-c5b4fd921b94,2025-09-04T17:40:00,da0f0f7a-8d2c-4ca9-b82e-cda33fba6610,rachel35,QUERY_START,Regular query_start activity,SUCCESS
c9c8f22e-44e9-43d2-af79-5d708a12da52,2025-09-04T17:40:00,89e53854-09b7-4b59-8352-a231c51f8687,glarsen,QUERY_END,Regular query_end activity,SUCCESS
433549d9-7645-420b-8783-ae791c4d6532,2025-09-04T17:45:00,4bc8b8f2-4d6e-4d5e-8d40-a7b6b3d6bb03,amandamitchell,LOGIN,Regular login activity,SUCCESS
8d079807-6f90-4a2a-8350-9ce929ad4424,2025-09-04T17:45:00,4b7e389e-8c78-4e72-ab0b-774df43b399e,hardinjennifer,LOGIN,Regular login activity,SUCCESS
31f3f8ea-22d1-4029-a127-f22c5129b886,2025-09-04T17:57:00,57eba2d7-a4fe-48aa-aa7b-ad0e6f1296b7,jose46,QUERY_START,Regular query_start activity,SUCCESS
fecec55a-dee0-4002-a99a-ec9798d52d59,2025-09-04T17:57:00,4bc8b8f2-4d6e-4d5e-8d40-a7b6b3d6bb03,amandamitchell,LOGIN,Regular login activity,SUCCESS
ec7afe4a-4137-4da7-b392-3dca09a44ba6,2025-09-04T18:03:00,ac5e7ada-2f2f-4292-a0e4-18083982547a,lliu,LOGOUT,Regular logout activity,SUCCESS
3253e858-0239-4789-a8c0-e2a12ffe1a7b,2025-09-04T18:03:00,a3a85592-9f3f-4845-87b8-dd199fcdc3cc,gmoreno,LOGIN,Regular login activity,SUCCESS
a4f3bbbf-0785-4159-a449-89b90c4a7a34,2025-09-04T18:09:00,00f99f6f-5fcc-490a-84f9-6b24911c0b2e,emilyhamilton,QUERY_START,Regular query_start activity,SUCCESS
aa182735-ed69-4798-8dfc-28fc28aaeafa,2025-09-04T18:09:00,7cd584de-ca92-465c-8ea8-5f7ad356bee6,danasandoval,QUERY_END,Regular query_end activity,SUCCESS
96736fab-466f-4a4f-98ce-52d01a027a4f,2025-09-04T18:14:00,a3a85592-9f3f-4845-87b8-dd199fcdc3cc,gmoreno,LOGIN,Regular login activity,SUCCESS
5683e775-825c-4c7e-8f32-3433621637b5,2025-09-04T18:14:00,4663d48b-596a-4f39-b714-8d69ac9a7d2a,robert93,LOGOUT,Regular logout activity,SUCCESS
ee1e07fa-975d-4ace-b5ca-72077fab849a,2025-09-04T18:21:00,ac5e7ada-2f2f-4292-a0e4-18083982547a,lliu,LOGIN,Regular login activity,SUCCESS
de617ccb-3999-4891-b751-f66ccf430f1d,2025-09-04T18:21:00,879c852e-e8e8-45c3-9ead-5fa56c9ecfbc,egarcia,LOGOUT,Regular logout activity,SUCCESS
cbef11c6-a6c5-412b-998c-fcc14e403e4a,2025-09-04T18:36:00,9a7a68c7-1b0c-4669-859f-6d352b1e386f,andrew16,QUERY_START,Regular query_start activity,SUCCESS
ead389fa-38c2-4983-8aef-6df781ddd25f,2025-09-04T18:36:00,859c34dd-4540-49a3-b26d-f82b1455d905,oatkinson,LOGOUT,Regular logout activity,SUCCESS
328fb5c5-3d8f-4430-8b24-4e0c912fcb5d,2025-09-04T18:51:00,82e7a6a3-1f49-4f5a-8a2a-96e5a654a185,codyoconnor,LOGOUT,Regular logout activity,SUCCESS
b5d925d0-deeb-4a38-8867-583baac9f512,2025-09-04T18:51:00,4b7e389e-8c78-4e72-ab0b-774df43b399e,hardinjennifer,QUERY_END,Regular query_end activity,SUCCESS
0a8211f4-d1ed-4b42-a1a9-8cb3c914229b,2025-09-04T19:05:00,4b7e389e-8c78-4e72-ab0b-774df43b399e,hardinjennifer,LOGIN,Regular login activity,SUCCESS
aca29178-2f0d-41ae-bfd7-513e08b384bf,2025-09-04T19:05:00,859c34dd-4540-49a3-b26d-f82b1455d905,oatkinson,QUERY_START,Regular query_start activity,SUCCESS
5088077c-9575-4e2c-9907-645c660de24d,2025-09-04T19:13:00,da0f0f7a-8d2c-4ca9-b82e-cda33fba6610,rachel35,LOGOUT,Regular logout activity,SUCCESS
4190caec-80e8-4390-8c06-964f83897469,2025-09-04T19:13:00,a3a85592-9f3f-4845-87b8-dd199fcdc3cc,gmoreno,LOGOUT,Regular logout activity,SUCCESS
36d249af-962d-498f-9ad4-5f92e88b47c4,2025-09-04T19:22:00,89e53854-09b7-4b59-8352-a231c51f8687,glarsen,LOGOUT,Regular logout activity,SUCCESS
4931bc10-e933-42a6-8d07-571b3e060935,2025-09-04T19:22:00,f0c2cfac-cf3b-4053-9e79-a6a4c6bbd187,garciaalison,QUERY_START,Regular query_start activity,SUCCESS
f5e76630-581f-402f-a492-6f02c06ecc54,2025-09-04T19:36:00,cea2e75f-1ee1-4b1d-90f5-242f82a02bed,erickennedy,QUERY_END,Regular query_end activity,SUCCESS
4f580967-b091-4a3a-88e0-ea57cb9305ee,2025-09-04T19:36:00,57eba2d7-a4fe-48aa-aa7b-ad0e6f1296b7,jose46,QUERY_END,Regular query_end activity,SUCCESS
11256947-77a1-4e37-b70e-35f01bd93ffd,2025-09-04T19:47:00,ac5e7ada-2f2f-4292-a0e4-18083982547a,lliu,LOGIN,Regular login activity,SUCCESS
c83091b4-dd2a-45e8-9c8e-c5008606db25,2025-09-04T19:47:00,cea2e75f-1ee1-4b1d-90f5-242f82a02bed,erickennedy,LOGOUT,Regular logout activity,SUCCESS
9424f793-2e19-4cd7-a438-581e22b54ca3,2025-09-04T20:00:00,7cd584de-ca92-465c-8ea8-5f7ad356bee6,danasandoval,LOGOUT,Regular logout activity,SUCCESS
950821a0-3dda-4ac2-b525-3e33bc0fcd3a,2025-09-04T20:00:00,859c34dd-4540-49a3-b26d-f82b1455d905,oatkinson,LOGIN,Regular login activity,SUCCESS
5e9c0d61-5079-4952-aaf6-fdf1d2e3227f,2025-09-04T20:06:00,b92c2609-888c-471e-bf61-4363556df9d8,frank26,LOGIN,Regular login activity,SUCCESS
952126d0-ac60-41a4-8ca5-07972d628500,2025-09-04T20:06:00,859c34dd-4540-49a3-b26d-f82b1455d905,oatkinson,QUERY_START,Regular query_start activity,SUCCESS
b7811328-bbac-42b5-9359-e06b853d4805,2025-09-04T20:20:00,a3a85592-9f3f-4845-87b8-dd199fcdc3cc,gmoreno,LOGIN,Regular login activity,SUCCESS
eaaeae18-56b9-4a3f-99d9-f2ea31494279,2025-09-04T20:20:00,ac5e7ada-2f2f-4292-a0e4-18083982547a,lliu,LOGIN,Regular login activity,SUCCESS
2fbeb67e-7ebe-4008-a5db-f36c17ec700e,2025-09-04T20:32:00,4663d48b-596a-4f39-b714-8d69ac9a7d2a,robert93,LOGIN,Regular login activity,SUCCESS
cbd3c302-a926-4929-87d4-f69dfd9b0685,2025-09-04T20:32:00,89e53854-09b7-4b59-8352-a231c51f8687,glarsen,LOGIN,Regular login activity,SUCCESS
0f3b660d-fdc7-44db-ae92-ef4f51384ab2,2025-09-04T20:45:00,da0f0f7a-8d2c-4ca9-b82e-cda33fba6610,rachel35,LOGIN,Regular login activity,SUCCESS
78ce304d-aa03-49ff-99a9-df4f50d0e704,2025-09-04T20:45:00,f0c2cfac-cf3b-4053-9e79-a6a4c6bbd187,garciaalison,LOGIN,Regular login activity,SUCCESS
3861ab91-02c0-4581-9a09-a3cd262d7df0,2025-09-04T20:50:00,859c34dd-4540-49a3-b26d-f82b1455d905,oatkinson,LOGIN,Regular login activity,SUCCESS
a19db808-774e-4c35-b010-7660306e6e9e,2025-09-04T20:50:00,5fb2a072-2bab-4b94-9109-9cbea70c5438,bryancuevas,LOGIN,Regular login activity,SUCCESS
53a72aa5-e013-4c17-b6fd-1a839fdc1eb0,2025-09-04T20:59:00,879c852e-e8e8-45c3-9ead-5fa56c9ecfbc,egarcia,QUERY_START,Regular query_start activity,SUCCESS
4ab74043-3188-4125-a3af-b94527e37a4c,2025-09-04T20:59:00,f0c2cfac-cf3b-4053-9e79-a6a4c6bbd187,garciaalison,LOGOUT,Regular logout activity,SUCCESS
732027e5-8843-4a73-9089-ba19ca0ebbc5,2025-09-04T21:06:00,cea2e75f-1ee1-4b1d-90f5-242f82a02bed,erickennedy,QUERY_END,Regular query_end activity,SUCCESS
d7fc44cd-112f-44cb-bf21-53ef8456b414,2025-09-04T21:06:00,57eba2d7-a4fe-48aa-aa7b-ad0e6f1296b7,jose46,LOGOUT,Regular logout activity,SUCCESS
706683b6-6baf-4bd2-8ceb-4ceaa4f42037,2025-09-04T21:21:00,89e53854-09b7-4b59-8352-a231c51f8687,glarsen,LOGIN,Regular login activity,SUCCESS
0405c6d9-26a0-48fa-a0e0-a60fa0fa0fb2,2025-09-04T21:21:00,00f99f6f-5fcc-490a-84f9-6b24911c0b2e,emilyhamilton,LOGOUT,Regular logout activity,SUCCESS
bd77f728-a474-4942-9a8a-7d957de4a054,2025-09-04T21:35:00,7cd584de-ca92-465c-8ea8-5f7ad356bee6,danasandoval,LOGIN,Regular login activity,SUCCESS
1d4348f8-0232-4202-a1bf-ccd18cfd360a,2025-09-04T21:35:00,f22aa1cf-fe8b-4e78-8492-b46e0f46ffda,brandtmisty,LOGOUT,Regular logout activity,SUCCESS
9922ab4e-3f45-4d97-95aa-368e11baa3e6,2025-09-04T21:42:00,3d8cc43f-0f00-40bd-b8b2-34ac61fc0360,rwilliams,QUERY_END,Regular query_end activity,SUCCESS
f36fc414-5216-4156-9219-5341d9ca4efd,2025-09-04T21:42:00,859c34dd-4540-49a3-b26d-f82b1455d905,oatkinson,QUERY_END,Regular query_end activity,SUCCESS
3ca5c547-1cc5-4e7e-b540-c4a787743228,2025-09-04T21:54:00,00f99f6f-5fcc-490a-84f9-6b24911c0b2e,emilyhamilton,LOGIN,Regular login activity,SUCCESS
ae95a79e-5573-4f75-8a6a-668b7908f5ec,2025-09-04T21:54:00,4663d48b-596a-4f39-b714-8d69ac9a7d2a,robert93,LOGIN,Regular login activity,SUCCESS
ee174e0b-3c85-4a6c-be9a-77b96bc593f7,2025-09-04T22:07:00,57eba2d7-a4fe-48aa-aa7b-ad0e6f1296b7,jose46,LOGOUT,Regular logout activity,SUCCESS
dbf112f6-dee5-4d2b-bf22-1af23e468242,2025-09-04T22:07:00,57eba2d7-a4fe-48aa-aa7b-ad0e6f1296b7,jose46,LOGOUT,Regular logout activity,SUCCESS
16953693-4eea-4367-ae50-d34121b02a1a,2025-09-04T22:20:00,00f99f6f-5fcc-490a-84f9-6b24911c0b2e,emilyhamilton,QUERY_END,Regular query_end activity,SUCCESS
c9a694b8-16f1-4f63-9741-2524e31daa04,2025-09-04T22:20:00,4bc8b8f2-4d6e-4d5e-8d40-a7b6b3d6bb03,amandamitchell,LOGOUT,Regular logout activity,SUCCESS
d2e15225-7f25-408f-950b-b020d5db4d57,2025-09-04T22:27:00,3d8cc43f-0f00-40bd-b8b2-34ac61fc0360,rwilliams,LOGIN,Regular login activity,SUCCESS
265bd33c-9929-41e4-ba8f-84469554e324,2025-09-04T22:27:00,4663d48b-596a-4f39-b714-8d69ac9a7d2a,robert93,LOGIN,Regular login activity,SUCCESS
d4c701a0-dc36-44c5-90d1-c6e4a6cdad79,2025-09-04T22:39:00,7cd584de-ca92-465c-8ea8-5f7ad356bee6,danasandoval,LOGOUT,Regular logout activity,SUCCESS
8af2dcca-dbb7-4046-84b1-6c71681b1436,2025-09-04T22:39:00,9a7a68c7-1b0c-4669-859f-6d352b1e386f,andrew16,LOGIN,Regular login activity,SUCCESS
2ad115b2-2628-40c0-82e3-2d6184a0216b,2025-09-04T22:53:00,4bc8b8f2-4d6e-4d5e-8d40-a7b6b3d6bb03,amandamitchell,LOGOUT,Regular logout activity,SUCCESS
eeee0890-9e78-488b-b379-930c1874cda6,2025-09-04T22:53:00,b92c2609-888c-471e-bf61-4363556df9d8,frank26,LOGOUT,Regular logout activity,SUCCESS
bb958319-f660-4e0c-afb1-9cea834dffe0,2025-09-04T22:59:00,9a7a68c7-1b0c-4669-859f-6d352b1e386f,andrew16,QUERY_END,Regular query_end activity,SUCCESS
5abf87e0-a76e-4972-8c20-16968077c58f,2025-09-04T22:59:00,3d8cc43f-0f00-40bd-b8b2-34ac61fc0360,rwilliams,QUERY_END,Regular query_end activity,SUCCESS
fc8a7102-756e-499a-a533-5eabc3e6b44b,2025-09-04T23:08:00,b92c2609-888c-471e-bf61-4363556df9d8,frank26,QUERY_START,Regular query_start activity,SUCCESS
dd078d09-f281-4cde-979d-c35d3c115db9,2025-09-04T23:08:00,82e7a6a3-1f49-4f5a-8a2a-96e5a654a185,codyoconnor,LOGIN,Regular login activity,SUCCESS
dd624381-a7d2-4c0a-9309-b99981031425,2025-09-04T23:18:00,89e53854-09b7-4b59-8352-a231c51f8687,glarsen,QUERY_START,Regular query_start activity,SUCCESS
03c37b59-37e8-4f0b-9caf-d049f5ac324a,2025-09-04T23:18:00,4bc8b8f2-4d6e-4d5e-8d40-a7b6b3d6bb03,amandamitchell,QUERY_END,Regular query_end activity,SUCCESS
091179d3-a86d-4018-880d-1656810d7dbd,2025-09-04T23:26:00,5fb2a072-2bab-4b94-9109-9cbea70c5438,bryancuevas,LOGOUT,Regular logout activity,SUCCESS
570e7216-bf3a-42ce-9b04-624937ba19aa,2025-09-04T23:26:00,f22aa1cf-fe8b-4e78-8492-b46e0f46ffda,brandtmisty,QUERY_START,Regular query_start activity,SUCCESS
8b390d70-8ab7-4c8b-aea6-bc903d6bf261,2025-09-04T23:36:00,a3a85592-9f3f-4845-87b8-dd199fcdc3cc,gmoreno,LOGOUT,Regular logout activity,SUCCESS
316b0610-8c78-424a-b901-3845c4c44e3a,2025-09-04T23:36:00,b92c2609-888c-471e-bf61-4363556df9d8,frank26,QUERY_END,Regular query_end activity,SUCCESS
7715f46e-7dfc-4cab-a6ef-92c1e5c3b23d,2025-09-04T23:46:00,3d8cc43f-0f00-40bd-b8b2-34ac61fc0360,rwilliams,LOGIN,Regular login activity,SUCCESS
d77f99bd-f7c5-4d3e-baa8-0a70518fc649,2025-09-04T23:46:00,ac5e7ada-2f2f-4292-a0e4-18083982547a,lliu,QUERY_START,Regular query_start activity,SUCCESS
750e72f6-638e-4a42-8ec6-ef8e336a3d1b,2025-09-04T23:51:00,4b7e389e-8c78-4e72-ab0b-774df43b399e,hardinjennifer,QUERY_START,Regular query_start activity,SUCCESS
c7fe8bab-6517-4c8e-9d55-9491283ae8b3,2025-09-04T23:51:00,f0c2cfac-cf3b-4053-9e79-a6a4c6bbd187,garciaalison,QUERY_END,Regular query_end activity,SUCCESS
d31c9180-8e52-4df8-952b-4ad9dff148f0,2025-09-05T00:04:00,4663d48b-596a-4f39-b714-8d69ac9a7d2a,robert93,LOGIN,Regular login activity,SUCCESS
18cb715b-2703-4385-ad13-a46308b86ec4,2025-09-05T00:04:00,9a7a68c7-1b0c-4669-859f-6d352b1e386f,andrew16,LOGOUT,Regular logout activity,SUCCESS
dac88f87-c716-46ad-85c4-dc6afb4d0f7c,2025-09-05T00:12:00,879c852e-e8e8-45c3-9ead-5fa56c9ecfbc,egarcia,QUERY_START,Regular query_start activity,SUCCESS
2540a726-94ca-4499-b899-a34c85330572,2025-09-05T00:12:00,cea2e75f-1ee1-4b1d-90f5-242f82a02bed,erickennedy,LOGOUT,Regular logout activity,SUCCESS
012a2dcd-00f7-48c1-9433-c78ffcc25a9e,2025-09-05T00:21:00,4b7e389e-8c78-4e72-ab0b-774df43b399e,hardinjennifer,LOGIN,Regular login activity,SUCCESS
332f563a-6a25-4b1f-8508-ddf07a7d29c3,2025-09-05T00:21:00,f22aa1cf-fe8b-4e78-8492-b46e0f46ffda,brandtmisty,QUERY_END,Regular query_end activity,SUCCESS
b6365156-612b-40e1-95b7-ebb55dcb0497,2025-09-05T00:35:00,4663d48b-596a-4f39-b714-8d69ac9a7d2a,robert93,QUERY_END,Regular query_end activity,SUCCESS
00460b5d-c2e1-4d75-83fc-9d8a21ff78f4,2025-09-05T00:35:00,b92c2609-888c-471e-bf61-4363556df9d8,frank26,LOGOUT,Regular logout activity,SUCCESS
aaa57a14-6287-4b0d-bc20-157db2657333,2025-09-05T00:46:00,ac5e7ada-2f2f-4292-a0e4-18083982547a,lliu,LOGIN,Regular login activity,SUCCESS
5d22b051-f7a5-49a7-943c-c75ecb77b44a,2025-09-05T00:46:00,cea2e75f-1ee1-4b1d-90f5-242f82a02bed,erickennedy,QUERY_END,Regular query_end activity,SUCCESS
496f284c-4680-44ef-af83-3c259b3306dd,2025-09-05T00:59:00,879c852e-e8e8-45c3-9ead-5fa56c9ecfbc,egarcia,LOGOUT,Regular logout activity,SUCCESS
487698cf-f4af-4734-9063-473df670ec26,2025-09-05T00:59:00,89e53854-09b7-4b59-8352-a231c51f8687,glarsen,LOGIN,Regular login activity,SUCCESS
811cfea9-ead3-4e08-8cd7-3436af1a9027,2025-09-05T01:06:00,3d8cc43f-0f00-40bd-b8b2-34ac61fc0360,rwilliams,QUERY_START,Regular query_start activity,SUCCESS
29d2a529-1e43-413a-a275-68094af51f33,2025-09-05T01:06:00,a3a85592-9f3f-4845-87b8-dd199fcdc3cc,gmoreno,QUERY_START,Regular query_start activity,SUCCESS
03ef49f1-d067-477e-b565-ac4f944f382e,2025-09-05T01:19:00,f22aa1cf-fe8b-4e78-8492-b46e0f46ffda,brandtmisty,QUERY_START,Regular query_start activity,SUCCESS
695ff2a4-c7e0-48fd-a99d-2a1b89c5a949,2025-09-05T01:19:00,b92c2609-888c-471e-bf61-4363556df9d8,frank26,QUERY_START,Regular query_start activity,SUCCESS
d06898e9-f671-4ea0-b62f-1683f5cc1a28,2025-09-05T01:26:00,89e53854-09b7-4b59-8352-a231c51f8687,glarsen,QUERY_START,Regular query_start activity,SUCCESS
386f8da4-2bc4-4e32-b322-afcfc3602f90,2025-09-05T01:26:00,4b7e389e-8c78-4e72-ab0b-774df43b399e,hardinjennifer,LOGOUT,Regular logout activity,SUCCESS
85c42a52-9ebf-4f0a-bbed-1253e00dfa9e,2025-09-05T01:33:00,00f99f6f-5fcc-490a-84f9-6b24911c0b2e,emilyhamilton,QUERY_START,Regular query_start activity,SUCCESS
0bee5004-e57b-4460-8cb7-ef90eef73465,2025-09-05T01:33:00,b92c2609-888c-471e-bf61-4363556df9d8,frank26,QUERY_END,Regular query_end activity,SUCCESS
823699c3-e551-47db-9010-cac3bd5dd9e0,2025-09-05T01:39:00,82e7a6a3-1f49-4f5a-8a2a-96e5a654a185,codyoconnor,LOGOUT,Regular logout activity,SUCCESS
26cdb7f7-6560-4ca8-9425-e6a5874391fa,2025-09-05T01:39:00,4bc8b8f2-4d6e-4d5e-8d40-a7b6b3d6bb03,amandamitchell,QUERY_START,Regular query_start activity,SUCCESS
a37e70ac-55d2-46bd-9f76-5458347a38c7,2025-09-05T01:49:00,00f99f6f-5fcc-490a-84f9-6b24911c0b2e,emilyhamilton,QUERY_END,Regular query_end activity,SUCCESS
d95d3f2e-ed90-4a8c-952d-822501f12bfc,2025-09-05T01:49:00,00f99f6f-5fcc-490a-84f9-6b24911c0b2e,emilyhamilton,QUERY_END,Regular query_end activity,SUCCESS
11b3db8e-bc31-434c-abec-b3c5441d0787,2025-09-05T02:04:00,5fb2a072-2bab-4b94-9109-9cbea70c5438,bryancuevas,LOGOUT,Regular logout activity,SUCCESS
e5d7e649-ba00-48a7-a834-a6aad3f6db54,2025-09-05T02:04:00,f22aa1cf-fe8b-4e78-8492-b46e0f46ffda,brandtmisty,LOGOUT,Regular logout activity,SUCCESS
7d67fb15-e5e5-4eb3-83ab-75a7842a447d,2025-09-05T02:13:00,89e53854-09b7-4b59-8352-a231c51f8687,glarsen,LOGIN,Regular login activity,SUCCESS
4e84d70a-e6f5-4912-8aaf-6ddcfc7f4c06,2025-09-05T02:13:00,4b7e389e-8c78-4e72-ab0b-774df43b399e,hardinjennifer,LOGOUT,Regular logout activity,SUCCESS
9210af44-9a99-4c31-af39-067620505227,2025-09-05T02:22:00,4b7e389e-8c78-4e72-ab0b-774df43b399e,hardinjennifer,LOGIN,Regular login activity,SUCCESS
464eba70-8cfc-447d-878f-86a60a8a6c4f,2025-09-05T02:22:00,9a7a68c7-1b0c-4669-859f-6d352b1e386f,andrew16,QUERY_END,Regular query_end activity,SUCCESS
a227a517-d2ad-46b1-8824-63d82b16c4c7,2025-09-05T02:28:00,9a7a68c7-1b0c-4669-859f-6d352b1e386f,andrew16,QUERY_START,Regular query_start activity,SUCCESS
4ad0f90c-cdcc-4b69-8a35-db2e1fac6ff6,2025-09-05T02:28:00,859c34dd-4540-49a3-b26d-f82b1455d905,oatkinson,LOGOUT,Regular logout activity,SUCCESS
9480d907-149f-42d8-8f2a-0c674403549a,2025-09-05T02:39:00,4bc8b8f2-4d6e-4d5e-8d40-a7b6b3d6bb03,amandamitchell,QUERY_END,Regular query_end activity,SUCCESS
5ec45353-0cfd-4e1f-8aec-768440e8a106,2025-09-05T02:39:00,57eba2d7-a4fe-48aa-aa7b-ad0e6f1296b7,jose46,QUERY_END,Regular query_end activity,SUCCESS
276b48c2-a0ab-4d47-9058-41daf303e262,2025-09-05T02:49:00,da0f0f7a-8d2c-4ca9-b82e-cda33fba6610,rachel35,LOGIN,Regular login activity,SUCCESS
35f3a2bb-8a0c-47ae-bd3f-86a7629bfc9d,2025-09-05T02:49:00,89e53854-09b7-4b59-8352-a231c51f8687,glarsen,LOGOUT,Regular logout activity,SUCCESS
5d97fbf4-4dd2-4e1c-a424-a4c5456f7c5f,2025-09-05T03:03:00,cea2e75f-1ee1-4b1d-90f5-242f82a02bed,erickennedy,QUERY_END,Regular query_end activity,SUCCESS
697328ae-83bc-45f9-9873-bb10d70bf108,2025-09-05T03:03:00,00f99f6f-5fcc-490a-84f9-6b24911c0b2e,emilyhamilton,LOGOUT,Regular logout activity,SUCCESS
e7d9f90d-f405-4579-a058-3e6620de59ec,2025-09-05T03:10:00,da0f0f7a-8d2c-4ca9-b82e-cda33fba6610,rachel35,QUERY_END,Regular query_end activity,SUCCESS
48d51ca1-9f81-4fbb-8310-cf7636afc7b8,2025-09-05T03:10:00,57eba2d7-a4fe-48aa-aa7b-ad0e6f1296b7,jose46,QUERY_START,Regular query_start activity,SUCCESS
efd38c93-c35b-464d-88e3-8c0f9bd08bb8,2025-09-05T03:20:00,57eba2d7-a4fe-48aa-aa7b-ad0e6f1296b7,jose46,QUERY_START,Regular query_start activity,SUCCESS
cc490289-c5f5-48d7-922c-00f0a1d83171,2025-09-05T03:20:00,57eba2d7-a4fe-48aa-aa7b-ad0e6f1296b7,jose46,QUERY_START,Regular query_start activity,SUCCESS
f194e03b-e570-4ec8-8cfc-3a6b73f19010,2025-09-05T03:27:00,cea2e75f-1ee1-4b1d-90f5-242f82a02bed,erickennedy,QUERY_END,Regular query_end activity,SUCCESS
1483563c-d86a-420c-aa6d-c54b38a14df8,2025-09-05T03:27:00,5fb2a072-2bab-4b94-9109-9cbea70c5438,bryancuevas,QUERY_END,Regular query_end activity,SUCCESS
eaf09b0a-3219-48df-a2c9-9c9dc8f98edc,2025-09-05T03:37:00,5fb2a072-2bab-4b94-9109-9cbea70c5438,bryancuevas,LOGIN,Regular login activity,SUCCESS
b590d409-3152-43c8-af5a-138dfbab5312,2025-09-05T03:37:00,4bc8b8f2-4d6e-4d5e-8d40-a7b6b3d6bb03,amandamitchell,LOGIN,Regular login activity,SUCCESS
680bd79b-d8ae-4481-80ca-b5468f90f7e4,2025-09-05T03:42:00,879c852e-e8e8-45c3-9ead-5fa56c9ecfbc,egarcia,QUERY_END,Regular query_end activity,SUCCESS
ce5aabfb-a0b9-4ac3-97ce-954487692b26,2025-09-05T03:42:00,5fb2a072-2bab-4b94-9109-9cbea70c5438,bryancuevas,LOGIN,Regular login activity,SUCCESS
ef6f20bd-709a-4707-97a7-5168f8651283,2025-09-05T03:48:00,3d8cc43f-0f00-40bd-b8b2-34ac61fc0360,rwilliams,LOGIN,Regular login activity,SUCCESS
4a7da728-63ee-4335-bf13-3b10ede90276,2025-09-05T03:48:00,89e53854-09b7-4b59-8352-a231c51f8687,glarsen,QUERY_END,Regular query_end activity,SUCCESS
e2ac2fce-105d-48d6-bc8f-417bc4378415,2025-09-05T03:54:00,ac5e7ada-2f2f-4292-a0e4-18083982547a,lliu,LOGOUT,Regular logout activity,SUCCESS
272b641c-0689-478d-b4e1-8da956d2304a,2025-09-05T03:54:00,ac5e7ada-2f2f-4292-a0e4-18083982547a,lliu,LOGOUT,Regular logout activity,SUCCESS
edc77eef-dc22-4619-8312-f871d4e737e4,2025-09-05T04:03:00,57eba2d7-a4fe-48aa-aa7b-ad0e6f1296b7,jose46,LOGOUT,Regular logout activity,SUCCESS
228f3a41-c600-4f0b-955f-f5b6e92334ea,2025-09-05T04:03:00,00f99f6f-5fcc-490a-84f9-6b24911c0b2e,emilyhamilton,LOGOUT,Regular logout activity,SUCCESS
d80837c4-2e95-408d-b5a0-f5d7b68ebfcc,2025-09-05T04:13:00,ac5e7ada-2f2f-4292-a0e4-18083982547a,lliu,QUERY_END,Regular query_end activity,SUCCESS
bf955dd5-68a3-4cd7-aa22-e857f2579df4,2025-09-05T04:13:00,ac5e7ada-2f2f-4292-a0e4-18083982547a,lliu,QUERY_END,Regular query_end activity,SUCCESS
571cfa61-f893-40df-8b27-fc18eced6df2,2025-09-05T04:25:00,9a7a68c7-1b0c-4669-859f-6d352b1e386f,andrew16,LOGOUT,Regular logout activity,SUCCESS
cdc80a5a-c9da-4239-b224-7c3e5ad4cd39,2025-09-05T04:25:00,879c852e-e8e8-45c3-9ead-5fa56c9ecfbc,egarcia,QUERY_END,Regular query_end activity,SUCCESS
7b15dde3-1784-4bee-9423-0d67ba6574ee,2025-09-05T04:36:00,4bc8b8f2-4d6e-4d5e-8d40-a7b6b3d6bb03,amandamitchell,LOGIN,Regular login activity,SUCCESS
46586194-b39c-4382-8221-2b06d7e30f95,2025-09-05T04:36:00,82e7a6a3-1f49-4f5a-8a2a-96e5a654a185,codyoconnor,QUERY_END,Regular query_end activity,SUCCESS
37d200ab-269d-4c27-b7e7-cdf30eb5e777,2025-09-05T04:47:00,a3a85592-9f3f-4845-87b8-dd199fcdc3cc,gmoreno,LOGOUT,Regular logout activity,SUCCESS
f3bc8237-ae79-441d-ba04-a52724c0d946,2025-09-05T04:47:00,5fb2a072-2bab-4b94-9109-9cbea70c5438,bryancuevas,LOGIN,Regular login activity,SUCCESS
c4f828e8-110b-4aba-bc4e-dc5246caee52,2025-09-05T04:56:00,4bc8b8f2-4d6e-4d5e-8d40-a7b6b3d6bb03,amandamitchell,LOGOUT,Regular logout activity,SUCCESS
9efd6014-164c-4a2f-a4bc-3bf082ae26cc,2025-09-05T04:56:00,82e7a6a3-1f49-4f5a-8a2a-96e5a654a185,codyoconnor,QUERY_START,Regular query_start activity,SUCCESS
4c204577-32bb-4a40-8353-d5520ec6beb5,2025-09-05T05:10:00,859c34dd-4540-49a3-b26d-f82b1455d905,oatkinson,QUERY_START,Regular query_start activity,SUCCESS
43be3bc0-7b89-4650-ba29-30df433e5068,2025-09-05T05:10:00,cea2e75f-1ee1-4b1d-90f5-242f82a02bed,erickennedy,LOGOUT,Regular logout activity,SUCCESS
1aa07e57-07c6-40e2-99a5-d8669b5c6734,2025-09-05T05:25:00,89e53854-09b7-4b59-8352-a231c51f8687,glarsen,QUERY_START,Regular query_start activity,SUCCESS
ed61cb91-e0d7-4b8e-8d44-9c3f50f6f354,2025-09-05T05:25:00,82e7a6a3-1f49-4f5a-8a2a-96e5a654a185,codyoconnor,LOGOUT,Regular logout activity,SUCCESS
be9b9e37-c3c5-4d5a-aa8f-f089ffa84a5b,2025-09-05T05:30:00,a3a85592-9f3f-4845-87b8-dd199fcdc3cc,gmoreno,LOGOUT,Regular logout activity,SUCCESS
bf642f6f-60b9-45e8-b452-5702bbdc0b01,2025-09-05T05:30:00,b92c2609-888c-471e-bf61-4363556df9d8,frank26,QUERY_END,Regular query_end activity,SUCCESS
aae19e6a-713c-421a-97c5-383d057d6157,2025-09-05T05:44:00,879c852e-e8e8-45c3-9ead-5fa56c9ecfbc,egarcia,QUERY_START,Regular query_start activity,SUCCESS
79de1efb-febe-4dd1-96ea-ad61b79dbc08,2025-09-05T05:44:00,4bc8b8f2-4d6e-4d5e-8d40-a7b6b3d6bb03,amandamitchell,LOGIN,Regular login activity,SUCCESS
4d48ca8a-fe90-4ab2-92c3-5e0e5b4667cb,2025-09-05T05:51:00,da0f0f7a-8d2c-4ca9-b82e-cda33fba6610,rachel35,LOGIN,Regular login activity,SUCCESS
5978a180-08f1-4ad0-b50d-aea2531bd293,2025-09-05T05:51:00,4b7e389e-8c78-4e72-ab0b-774df43b399e,hardinjennifer,LOGOUT,Regular logout activity,SUCCESS
94865480-0075-4732-90a6-25af61559ae6,2025-09-05T05:59:00,ac5e7ada-2f2f-4292-a0e4-18083982547a,lliu,QUERY_START,Regular query_start activity,SUCCESS
ddb561be-a8bb-454a-b7e7-92d250ae34ef,2025-09-05T05:59:00,4b7e389e-8c78-4e72-ab0b-774df43b399e,hardinjennifer,QUERY_START,Regular query_start activity,SUCCESS
6b54714e-bde9-4564-a271-2bab067872dc,2025-09-05T06:04:00,4663d48b-596a-4f39-b714-8d69ac9a7d2a,robert93,QUERY_START,Regular query_start activity,SUCCESS
0c514fef-6a5a-4848-82d1-1d482c7ea547,2025-09-05T06:04:00,89e53854-09b7-4b59-8352-a231c51f8687,glarsen,QUERY_END,Regular query_end activity,SUCCESS
08e21677-6ba1-4644-a603-17b416016a80,2025-09-05T06:16:00,f0c2cfac-cf3b-4053-9e79-a6a4c6bbd187,garciaalison,QUERY_START,Regular query_start activity,SUCCESS
befd68be-0b9c-46d8-9d29-aaee5e298521,2025-09-05T06:16:00,cea2e75f-1ee1-4b1d-90f5-242f82a02bed,erickennedy,LOGIN,Regular login activity,SUCCESS
c07cc9f6-a99e-4909-9cf5-26f7b3f0c4b2,2025-09-05T06:31:00,57eba2d7-a4fe-48aa-aa7b-ad0e6f1296b7,jose46,LOGOUT,Regular logout activity,SUCCESS
198acb34-e848-4334-b87f-8f3fc84e7483,2025-09-05T06:31:00,82e7a6a3-1f49-4f5a-8a2a-96e5a654a185,codyoconnor,QUERY_END,Regular query_end activity,SUCCESS
60fd8e67-f9a7-425c-ac7f-06ad30bcbfef,2025-09-05T06:46:00,89e53854-09b7-4b59-8352-a231c51f8687,glarsen,QUERY_END,Regular query_end activity,SUCCESS
3f8a98e7-3710-4575-a279-35affad605f0,2025-09-05T06:46:00,3d8cc43f-0f00-40bd-b8b2-34ac61fc0360,rwilliams,LOGIN,Regular login activity,SUCCESS
da915aa3-940a-4921-800a-b1266ba58b3b,2025-09-05T06:53:00,859c34dd-4540-49a3-b26d-f82b1455d905,oatkinson,LOGIN,Regular login activity,SUCCESS
bbb6c6ba-ea85-4d3d-b8e6-e127efbd6e9c,2025-09-05T06:53:00,5fb2a072-2bab-4b94-9109-9cbea70c5438,bryancuevas,LOGIN,Regular login activity,SUCCESS
2024128f-2bf5-44cd-91c2-eef1860ba8ae,2025-09-05T07:02:00,00f99f6f-5fcc-490a-84f9-6b24911c0b2e,emilyhamilton,QUERY_END,Regular query_end activity,SUCCESS
39a6144f-1723-4e12-90a8-f1ee14acb15e,2025-09-05T07:02:00,3d8cc43f-0f00-40bd-b8b2-34ac61fc0360,rwilliams,QUERY_END,Regular query_end activity,SUCCESS
98b134eb-69d0-4deb-bfd8-5c9a4647f76b,2025-09-05T07:17:00,00f99f6f-5fcc-490a-84f9-6b24911c0b2e,emilyhamilton,QUERY_START,Regular query_start activity,SUCCESS
1a1d21fb-33be-42de-9298-bfa923cacea5,2025-09-05T07:17:00,859c34dd-4540-49a3-b26d-f82b1455d905,oatkinson,QUERY_END,Regular query_end activity,SUCCESS
df89e972-6250-4d36-8421-40fb4f3b22b6,2025-09-05T07:29:00,82e7a6a3-1f49-4f5a-8a2a-96e5a654a185,codyoconnor,LOGOUT,Regular logout activity,SUCCESS
3f945336-3a57-4b24-9969-891631ba2d71,2025-09-05T07:29:00,da0f0f7a-8d2c-4ca9-b82e-cda33fba6610,rachel35,QUERY_END,Regular query_end activity,SUCCESS
b14c69cd-9541-49bb-bd98-27312bb36dab,2025-09-05T07:39:00,f0c2cfac-cf3b-4053-9e79-a6a4c6bbd187,garciaalison,QUERY_END,Regular query_end activity,SUCCESS
28e967d7-6e00-4ea4-8c90-a7580197a729,2025-09-05T07:39:00,00f99f6f-5fcc-490a-84f9-6b24911c0b2e,emilyhamilton,LOGIN,Regular login activity,SUCCESS
2d735bc0-c904-4f7b-9192-85b297436e5a,2025-09-05T07:52:00,9a7a68c7-1b0c-4669-859f-6d352b1e386f,andrew16,LOGIN,Regular login activity,SUCCESS
7313defb-18fa-4a10-ba1f-31ecdccbb729,2025-09-05T07:52:00,4663d48b-596a-4f39-b714-8d69ac9a7d2a,robert93,LOGOUT,Regular logout activity,SUCCESS
e6c347d2-4d61-4406-b9e6-434ded8afd12,2025-09-05T08:07:00,4663d48b-596a-4f39-b714-8d69ac9a7d2a,robert93,LOGOUT,Regular logout activity,SUCCESS
5be38037-ccf7-4289-a1a3-47d5160dcf1b,2025-09-05T08:07:00,879c852e-e8e8-45c3-9ead-5fa56c9ecfbc,egarcia,LOGOUT,Regular logout activity,SUCCESS
dfa43490-f162-403b-a74b-3f58a97e0f77,2025-09-05T08:17:00,f0c2cfac-cf3b-4053-9e79-a6a4c6bbd187,garciaalison,LOGIN,Regular login activity,SUCCESS
4830dc85-c01f-437a-acef-9d6f6f2431c8,2025-09-05T08:17:00,82e7a6a3-1f49-4f5a-8a2a-96e5a654a185,codyoconnor,QUERY_START,Regular query_start activity,SUCCESS
d43cf0b0-756c-4afb-a35b-ea3ee690d308,2025-09-05T08:28:00,4bc8b8f2-4d6e-4d5e-8d40-a7b6b3d6bb03,amandamitchell,LOGOUT,Regular logout activity,SUCCESS
691ddcb1-3a7b-49cc-8f6c-b9652cb01d2f,2025-09-05T08:28:00,7cd584de-ca92-465c-8ea8-5f7ad356bee6,danasandoval,LOGIN,Regular login activity,SUCCESS
792b51f1-853e-4b17-9bb3-3ee8712341aa,2025-09-05T08:43:00,89e53854-09b7-4b59-8352-a231c51f8687,glarsen,QUERY_END,Regular query_end activity,SUCCESS
689231a0-a38e-4fc6-bd6c-859628e8bb86,2025-09-05T08:43:00,57eba2d7-a4fe-48aa-aa7b-ad0e6f1296b7,jose46,QUERY_END,Regular query_end activity,SUCCESS
fcc03056-f619-45d6-9df3-c1c7f4709218,2025-09-05T08:58:00,3d8cc43f-0f00-40bd-b8b2-34ac61fc0360,rwilliams,QUERY_END,Regular query_end activity,SUCCESS
139d69b1-aeef-43d2-a653-18a61d7a4cac,2025-09-05T08:58:00,cea2e75f-1ee1-4b1d-90f5-242f82a02bed,erickennedy,LOGOUT,Regular logout activity,SUCCESS
a2af3d91-5593-4a77-903d-1ddcc1fdf67e,2025-09-05T09:13:00,82e7a6a3-1f49-4f5a-8a2a-96e5a654a185,codyoconnor,LOGOUT,Regular logout activity,SUCCESS
b1b5abfd-4fe5-4d30-98f1-82aa7c4cf8df,2025-09-05T09:13:00,5fb2a072-2bab-4b94-9109-9cbea70c5438,bryancuevas,LOGIN,Regular login activity,SUCCESS
64c3fadc-e0d7-420b-b3bc-71a8cc2bf153,2025-09-05T09:13:00,00f99f6f-5fcc-490a-84f9-6b24911c0b2e,emilyhamilton,LOGIN,Regular login activity,SUCCESS
c6821ffc-15a1-42c7-825d-9528bf56a945,2025-09-05T09:13:00,4b7e389e-8c78-4e72-ab0b-774df43b399e,hardinjennifer,LOGOUT,Regular logout activity,SUCCESS
35fd8a86-7408-4d41-961c-a2d383b06c9e,2025-09-05T09:13:00,ac5e7ada-2f2f-4292-a0e4-18083982547a,lliu,QUERY_START,Regular query_start activity,SUCCESS
353cbfc8-6aeb-402f-8d39-4c7bc53eb0bc,2025-09-05T09:13:00,4b7e389e-8c78-4e72-ab0b-774df43b399e,hardinjennifer,QUERY_START,Regular query_start activity,SUCCESS
5f6c9e37-e958-4910-b0ec-f1e8ecfc1e96,2025-09-05T09:13:00,879c852e-e8e8-45c3-9ead-5fa56c9ecfbc,egarcia,LOGIN,Regular login activity,SUCCESS
0be390f1-392c-4d0d-b873-62c24b2a05bd,2025-09-05T09:13:00,cea2e75f-1ee1-4b1d-90f5-242f82a02bed,erickennedy,LOGIN,Regular login activity,SUCCESS
36c54001-1a75-4629-a6aa-8609f41d8e8c,2025-09-05T09:13:00,879c852e-e8e8-45c3-9ead-5fa56c9ecfbc,egarcia,QUERY_END,Regular query_end activity,SUCCESS
de721665-eb70-4e85-9c40-53f97c46b12a,2025-09-05T09:13:00,859c34dd-4540-49a3-b26d-f82b1455d905,oatkinson,QUERY_END,Regular query_end activity,SUCCESS
528ed86d-8531-4fac-92e5-7dccaab2a293,2025-09-05T09:24:00,00f99f6f-5fcc-490a-84f9-6b24911c0b2e,emilyhamilton,QUERY_START,Regular query_start activity,SUCCESS
0dd13241-b25b-48a2-8e92-4d9b405a9989,2025-09-05T09:24:00,a3a85592-9f3f-4845-87b8-dd199fcdc3cc,gmoreno,QUERY_START,Regular query_start activity,SUCCESS
813dca89-2674-40f4-8c24-6d98f67d7ab0,2025-09-05T09:24:00,cea2e75f-1ee1-4b1d-90f5-242f82a02bed,erickennedy,LOGIN,Regular login activity,SUCCESS
317729db-7544-4e94-8b50-849604d9e193,2025-09-05T09:24:00,879c852e-e8e8-45c3-9ead-5fa56c9ecfbc,egarcia,LOGIN,Regular login activity,SUCCESS
022e23d6-99d1-41e3-83da-46523b0a2729,2025-09-05T09:24:00,da0f0f7a-8d2c-4ca9-b82e-cda33fba6610,rachel35,LOGOUT,Regular logout activity,SUCCESS
fc6ef54f-e707-4f43-bfad-2a2926f6700d,2025-09-05T09:24:00,859c34dd-4540-49a3-b26d-f82b1455d905,oatkinson,QUERY_START,Regular query_start activity,SUCCESS
5f174328-dff1-4de3-85ec-978008b3e420,2025-09-05T09:24:00,7cd584de-ca92-465c-8ea8-5f7ad356bee6,danasandoval,QUERY_START,Regular query_start activity,SUCCESS
a0cded24-f143-4179-b51e-3953abb7dc22,2025-09-05T09:24:00,da0f0f7a-8d2c-4ca9-b82e-cda33fba6610,rachel35,QUERY_END,Regular query_end activity,SUCCESS
4840fcab-e026-47ae-a0cf-ec521a5f6bda,2025-09-05T09:24:00,a3a85592-9f3f-4845-87b8-dd199fcdc3cc,gmoreno,LOGOUT,Regular logout activity,SUCCESS
d1102173-c160-419e-9382-2e21d4fdfe04,2025-09-05T09:24:00,00f99f6f-5fcc-490a-84f9-6b24911c0b2e,emilyhamilton,QUERY_START,Regular query_start activity,SUCCESS
93d1fb1e-6ad0-4f94-8d2a-8bcd97c83e70,2025-09-05T09:29:00,9a7a68c7-1b0c-4669-859f-6d352b1e386f,andrew16,QUERY_END,Regular query_end activity,SUCCESS
02c78ce9-97c4-4c0d-a0c9-db0092991bd0,2025-09-05T09:29:00,3d8cc43f-0f00-40bd-b8b2-34ac61fc0360,rwilliams,QUERY_START,Regular query_start activity,SUCCESS
97c182ab-c623-4193-9f2d-7990a51b6160,2025-09-05T09:29:00,89e53854-09b7-4b59-8352-a231c51f8687,glarsen,QUERY_START,Regular query_start activity,SUCCESS
1f692a07-9d53-4bb6-8828-ef982bab5ff4,2025-09-05T09:29:00,ac5e7ada-2f2f-4292-a0e4-18083982547a,lliu,QUERY_START,Regular query_start activity,SUCCESS
0e7ce26c-c060-446d-a63c-d68ca4e32e06,2025-09-05T09:29:00,7cd584de-ca92-465c-8ea8-5f7ad356bee6,danasandoval,QUERY_START,Regular query_start activity,SUCCESS
982f32b9-ee90-42ca-a3c7-1c8e155fc04e,2025-09-05T09:29:00,4b7e389e-8c78-4e72-ab0b-774df43b399e,hardinjennifer,LOGOUT,Regular logout activity,SUCCESS
0881dad6-2335-468d-8fc2-2d4ea5b97981,2025-09-05T09:29:00,b92c2609-888c-471e-bf61-4363556df9d8,frank26,QUERY_START,Regular query_start activity,SUCCESS
b04a479d-be5f-4390-af4c-5e4345a81791,2025-09-05T09:29:00,f0c2cfac-cf3b-4053-9e79-a6a4c6bbd187,garciaalison,QUERY_END,Regular query_end activity,SUCCESS
c4e74fcb-c43c-4d2f-836c-9c86deb35909,2025-09-05T09:29:00,f22aa1cf-fe8b-4e78-8492-b46e0f46ffda,brandtmisty,LOGOUT,Regular logout activity,SUCCESS
a905154c-a55a-4c89-97b1-e8316f3dc844,2025-09-05T09:29:00,5fb2a072-2bab-4b94-9109-9cbea70c5438,bryancuevas,LOGOUT,Regular logout activity,SUCCESS
f200fd10-e6ef-4b4c-accc-9ef4891145c5,2025-09-05T09:35:00,82e7a6a3-1f49-4f5a-8a2a-96e5a654a185,codyoconnor,QUERY_END,Regular query_end activity,SUCCESS
c2c3f284-e236-4f23-bb85-1ed60491cac3,2025-09-05T09:35:00,9a7a68c7-1b0c-4669-859f-6d352b1e386f,andrew16,QUERY_START,Regular query_start activity,SUCCESS
ac6134fb-091a-4ca2-a284-fe94175b7631,2025-09-05T09:35:00,4bc8b8f2-4d6e-4d5e-8d40-a7b6b3d6bb03,amandamitchell,QUERY_END,Regular query_end activity,SUCCESS
ea40b955-fb85-4f47-b77b-f6e8b07c5220,2025-09-05T09:35:00,82e7a6a3-1f49-4f5a-8a2a-96e5a654a185,codyoconnor,LOGIN,Regular login activity,SUCCESS
433718db-0d27-4962-9411-a3559be72722,2025-09-05T09:35:00,4663d48b-596a-4f39-b714-8d69ac9a7d2a,robert93,QUERY_START,Regular query_start activity,SUCCESS
9e585548-35f3-4e9b-9cc0-7547226771b7,2025-09-05T09:35:00,3d8cc43f-0f00-40bd-b8b2-34ac61fc0360,rwilliams,LOGOUT,Regular logout activity,SUCCESS
189acd35-8152-4bce-b718-3a52b536c1bb,2025-09-05T09:35:00,cea2e75f-1ee1-4b1d-90f5-242f82a02bed,erickennedy,LOGOUT,Regular logout activity,SUCCESS
d21ebb91-3c59-4161-823d-a53e4c5e4bdc,2025-09-05T09:35:00,5fb2a072-2bab-4b94-9109-9cbea70c5438,bryancuevas,QUERY_END,Regular query_end activity,SUCCESS
598678cc-784b-4e02-b6c6-d6ccbce3b3e3,2025-09-05T09:35:00,4b7e389e-8c78-4e72-ab0b-774df43b399e,hardinjennifer,LOGOUT,Regular logout activity,SUCCESS
2c5f82a6-cd65-4551-ba88-563d41e49579,2025-09-05T09:35:00,a3a85592-9f3f-4845-87b8-dd199fcdc3cc,gmoreno,LOGIN,Regular login activity,SUCCESS
414e8120-32ed-45d6-a07f-8a4747e701bb,2025-09-05T09:40:00,5fb2a072-2bab-4b94-9109-9cbea70c5438,bryancuevas,LOGIN,Regular login activity,SUCCESS
0a39432a-c80f-4aa6-a9b7-feb8ba4a8332,2025-09-05T09:40:00,7cd584de-ca92-465c-8ea8-5f7ad356bee6,danasandoval,QUERY_START,Regular query_start activity,SUCCESS
95d6c7ce-045f-4ae5-aaa0-d1ea0000b0d8,2025-09-05T09:40:00,da0f0f7a-8d2c-4ca9-b82e-cda33fba6610,rachel35,QUERY_START,Regular query_start activity,SUCCESS
4d5b987e-8720-428c-97fd-5fa2307a3945,2025-09-05T09:40:00,859c34dd-4540-49a3-b26d-f82b1455d905,oatkinson,QUERY_START,Regular query_start activity,SUCCESS
47bcef15-59f1-4b44-b650-9f3ab2b17dcd,2025-09-05T09:40:00,4663d48b-596a-4f39-b714-8d69ac9a7d2a,robert93,LOGOUT,Regular logout activity,SUCCESS
8789c857-c026-43fe-98f5-acc90e476432,2025-09-05T09:40:00,cea2e75f-1ee1-4b1d-90f5-242f82a02bed,erickennedy,QUERY_START,Regular query_start activity,SUCCESS
5641aae1-7df2-4d34-8f3f-7faeaa434ca2,2025-09-05T09:40:00,5fb2a072-2bab-4b94-9109-9cbea70c5438,bryancuevas,LOGIN,Regular login activity,SUCCESS
b776f190-72f7-44e5-bd0f-4b9bff9afe30,2025-09-05T09:40:00,a3a85592-9f3f-4845-87b8-dd199fcdc3cc,gmoreno,QUERY_START,Regular query_start activity,SUCCESS
67754f3c-5600-444b-9a21-c147a0ab40aa,2025-09-05T09:40:00,da0f0f7a-8d2c-4ca9-b82e-cda33fba6610,rachel35,QUERY_START,Regular query_start activity,SUCCESS
f03fd79d-b22c-4203-8a88-67cb401c6750,2025-09-05T09:40:00,89e53854-09b7-4b59-8352-a231c51f8687,glarsen,QUERY_START,Regular query_start activity,SUCCESS
c88a0fdb-6bb9-44d2-b825-bf0ba52b5401,2025-09-05T09:45:00,9a7a68c7-1b0c-4669-859f-6d352b1e386f,andrew16,LOGIN,Regular login activity,SUCCESS
55b8cf16-5e89-495b-85a5-a3eab5a7b3e6,2025-09-05T09:45:00,7cd584de-ca92-465c-8ea8-5f7ad356bee6,danasandoval,QUERY_START,Regular query_start activity,SUCCESS
fcbcb669-4356-486a-a173-f421daed2b0d,2025-09-05T09:45:00,4bc8b8f2-4d6e-4d5e-8d40-a7b6b3d6bb03,amandamitchell,LOGOUT,Regular logout activity,SUCCESS
46d693aa-17fe-4e37-8d9d-ffdbfe38543a,2025-09-05T09:45:00,f0c2cfac-cf3b-4053-9e79-a6a4c6bbd187,garciaalison,QUERY_END,Regular query_end activity,SUCCESS
a4e01ce3-3ff8-4190-bd80-5999b844db37,2025-09-05T09:45:00,82e7a6a3-1f49-4f5a-8a2a-96e5a654a185,codyoconnor,QUERY_END,Regular query_end activity,SUCCESS
8e854442-3772-4dfa-aab9-6fc804d13be9,2025-09-05T09:45:00,da0f0f7a-8d2c-4ca9-b82e-cda33fba6610,rachel35,LOGIN,Regular login activity,SUCCESS
b393e5f3-3d2b-46d6-82a2-f59cdf770604,2025-09-05T09:45:00,f22aa1cf-fe8b-4e78-8492-b46e0f46ffda,brandtmisty,QUERY_START,Regular query_start activity,SUCCESS
2ef1538d-8920-47e5-80ec-4eec23554909,2025-09-05T09:45:00,00f99f6f-5fcc-490a-84f9-6b24911c0b2e,emilyhamilton,QUERY_END,Regular query_end activity,SUCCESS
7ef37189-c8cd-4a5d-ae74-fdc26d5c1cdd,2025-09-05T09:45:00,f0c2cfac-cf3b-4053-9e79-a6a4c6bbd187,garciaalison,QUERY_END,Regular query_end activity,SUCCESS
b2d6656b-c8ae-4b9f-a46e-5f6e9a1251cb,2025-09-05T09:45:00,4bc8b8f2-4d6e-4d5e-8d40-a7b6b3d6bb03,amandamitchell,LOGIN,Regular login activity,SUCCESS
56178242-8fe1-4943-b6d7-d7113700dcd3,2025-09-05T09:59:00,b92c2609-888c-471e-bf61-4363556df9d8,frank26,QUERY_END,Regular query_end activity,SUCCESS
d154cef2-8598-4104-8946-749f9b9934aa,2025-09-05T09:59:00,4b7e389e-8c78-4e72-ab0b-774df43b399e,hardinjennifer,QUERY_START,Regular query_start activity,SUCCESS
8bbecad6-3d10-462b-8adc-95e6ee9c0cbf,2025-09-05T09:59:00,da0f0f7a-8d2c-4ca9-b82e-cda33fba6610,rachel35,LOGIN,Regular login activity,SUCCESS
4ea76dba-b053-48eb-976a-fd0a1db82239,2025-09-05T09:59:00,4663d48b-596a-4f39-b714-8d69ac9a7d2a,robert93,LOGIN,Regular login activity,SUCCESS
7368237f-8647-451a-9800-690a883f46af,2025-09-05T09:59:00,da0f0f7a-8d2c-4ca9-b82e-cda33fba6610,rachel35,QUERY_START,Regular query_start activity,SUCCESS
63d5b31b-adb9-468c-b9ca-041c8bdf25fb,2025-09-05T09:59:00,f22aa1cf-fe8b-4e78-8492-b46e0f46ffda,brandtmisty,LOGIN,Regular login activity,SUCCESS
2c1e0039-551d-4417-876c-e2d474c5dc17,2025-09-05T09:59:00,879c852e-e8e8-45c3-9ead-5fa56c9ecfbc,egarcia,QUERY_END,Regular query_end activity,SUCCESS
b53a9416-4a78-4ecf-a74a-5262b9b0e6ce,2025-09-05T09:59:00,4663d48b-596a-4f39-b714-8d69ac9a7d2a,robert93,QUERY_END,Regular query_end activity,SUCCESS
fc22a677-76f5-4c73-ae87-929a817ae0a0,2025-09-05T09:59:00,3d8cc43f-0f00-40bd-b8b2-34ac61fc0360,rwilliams,LOGIN,Regular login activity,SUCCESS
526d3a7e-6e64-4e48-9541-f3db7afc73f7,2025-09-05T09:59:00,f0c2cfac-cf3b-4053-9e79-a6a4c6bbd187,garciaalison,QUERY_START,Regular query_start activity,SUCCESS
1fad0a8b-0b92-43eb-b494-8bcc196376b0,2025-09-05T10:14:00,b92c2609-888c-471e-bf61-4363556df9d8,frank26,LOGOUT,Regular logout activity,SUCCESS
78006d7f-83cb-40b9-8601-d21866122844,2025-09-05T10:14:00,a3a85592-9f3f-4845-87b8-dd199fcdc3cc,gmoreno,LOGIN,Regular login activity,SUCCESS
a38f180d-7366-4eba-9d0b-5c9bda6c6321,2025-09-05T10:14:00,da0f0f7a-8d2c-4ca9-b82e-cda33fba6610,rachel35,LOGIN,Regular login activity,SUCCESS
fd24c54d-f1d3-4f19-9a6d-07f6269d392f,2025-09-05T10:14:00,7cd584de-ca92-465c-8ea8-5f7ad356bee6,danasandoval,QUERY_START,Regular query_start activity,SUCCESS
26364fbe-6b41-472c-8176-5baa2f1add4a,2025-09-05T10:14:00,da0f0f7a-8d2c-4ca9-b82e-cda33fba6610,rachel35,QUERY_START,Regular query_start activity,SUCCESS
74ed5abc-9369-4292-9c79-fafb03d5f309,2025-09-05T10:14:00,879c852e-e8e8-45c3-9ead-5fa56c9ecfbc,egarcia,LOGIN,Regular login activity,SUCCESS
3b6d6f8e-d80f-4e5b-b222-2db4ab6e6f53,2025-09-05T10:14:00,4b7e389e-8c78-4e72-ab0b-774df43b399e,hardinjennifer,LOGOUT,Regular logout activity,SUCCESS
db9a7982-a039-44e6-a251-34eab7d804a0,2025-09-05T10:14:00,89e53854-09b7-4b59-8352-a231c51f8687,glarsen,LOGOUT,Regular logout activity,SUCCESS
dc2a75e7-50a5-43f6-9a2d-6c2b08ee1029,2025-09-05T10:14:00,859c34dd-4540-49a3-b26d-f82b1455d905,oatkinson,QUERY_START,Regular query_start activity,SUCCESS
64991731-4515-4ef6-a6a1-f47703b60ded,2025-09-05T10:14:00,f22aa1cf-fe8b-4e78-8492-b46e0f46ffda,brandtmisty,QUERY_START,Regular query_start activity,SUCCESS
eb6fe766-e7dd-4be5-b193-ccf3c301767b,2025-09-05T10:29:00,f22aa1cf-fe8b-4e78-8492-b46e0f46ffda,brandtmisty,LOGIN,Regular login activity,SUCCESS
69d4848e-f793-4d31-b23a-35820f2d8396,2025-09-05T10:29:00,ac5e7ada-2f2f-4292-a0e4-18083982547a,lliu,LOGIN,Regular login activity,SUCCESS
c6c35520-8317-4ff1-98d7-e6a498d7742b,2025-09-05T10:29:00,ac5e7ada-2f2f-4292-a0e4-18083982547a,lliu,LOGIN,Regular login activity,SUCCESS
0997211e-01aa-40fc-8f03-8ad42745354d,2025-09-05T10:29:00,ac5e7ada-2f2f-4292-a0e4-18083982547a,lliu,LOGIN,Regular login activity,SUCCESS
99de5bab-ff7a-4d0c-af91-563f942230eb,2025-09-05T10:29:00,5fb2a072-2bab-4b94-9109-9cbea70c5438,bryancuevas,QUERY_END,Regular query_end activity,SUCCESS
823da4a9-f11c-41af-8570-5a4c4b4ae325,2025-09-05T10:29:00,b92c2609-888c-471e-bf61-4363556df9d8,frank26,QUERY_END,Regular query_end activity,SUCCESS
d3dac5b0-3494-46de-83b4-f112723cef4c,2025-09-05T10:29:00,4663d48b-596a-4f39-b714-8d69ac9a7d2a,robert93,LOGIN,Regular login activity,SUCCESS
b2887a53-b2c9-49b7-a9e1-9a8b23436652,2025-09-05T10:29:00,3d8cc43f-0f00-40bd-b8b2-34ac61fc0360,rwilliams,LOGIN,Regular login activity,SUCCESS
74aa4160-ffcb-4837-b8eb-101dddc382a3,2025-09-05T10:29:00,f22aa1cf-fe8b-4e78-8492-b46e0f46ffda,brandtmisty,LOGOUT,Regular logout activity,SUCCESS
52a77754-0669-4aba-a01e-eafca7cbdf45,2025-09-05T10:29:00,9a7a68c7-1b0c-4669-859f-6d352b1e386f,andrew16,QUERY_START,Regular query_start activity,SUCCESS
70404aed-a4e3-42a4-8346-fcd5a492d4ff,2025-09-05T10:37:00,f0c2cfac-cf3b-4053-9e79-a6a4c6bbd187,garciaalison,QUERY_END,Regular query_end activity,SUCCESS
c05c20db-1d2d-4d37-aa74-ad94854d9a88,2025-09-05T10:37:00,4b7e389e-8c78-4e72-ab0b-774df43b399e,hardinjennifer,LOGIN,Regular login activity,SUCCESS
51c27c70-5062-4b9b-b886-b35e8388c5d2,2025-09-05T10:37:00,4bc8b8f2-4d6e-4d5e-8d40-a7b6b3d6bb03,amandamitchell,LOGIN,Regular login activity,SUCCESS
b99616cf-7405-49c2-833c-0608ea4c48a9,2025-09-05T10:37:00,82e7a6a3-1f49-4f5a-8a2a-96e5a654a185,codyoconnor,QUERY_START,Regular query_start activity,SUCCESS
03ea61c3-6b55-4c0b-881a-e78e225ae12a,2025-09-05T10:37:00,4bc8b8f2-4d6e-4d5e-8d40-a7b6b3d6bb03,amandamitchell,LOGOUT,Regular logout activity,SUCCESS
67edad36-c7ef-4ef7-995c-3ce01b64c50d,2025-09-05T10:37:00,89e53854-09b7-4b59-8352-a231c51f8687,glarsen,QUERY_START,Regular query_start activity,SUCCESS
f17e1dd7-87f6-4dfd-9225-c143570d00ce,2025-09-05T10:37:00,9a7a68c7-1b0c-4669-859f-6d352b1e386f,andrew16,LOGIN,Regular login activity,SUCCESS
90f554f8-0ade-4aaa-a040-24f6672fa059,2025-09-05T10:37:00,82e7a6a3-1f49-4f5a-8a2a-96e5a654a185,codyoconnor,LOGOUT,Regular logout activity,SUCCESS
c6beecbb-8893-4d50-b5b4-42a195901ad5,2025-09-05T10:37:00,b92c2609-888c-471e-bf61-4363556df9d8,frank26,QUERY_START,Regular query_start activity,SUCCESS
8f35f9c9-3e92-437b-95da-21e996744804,2025-09-05T10:37:00,da0f0f7a-8d2c-4ca9-b82e-cda33fba6610,rachel35,LOGOUT,Regular logout activity,SUCCESS
ee906bb6-1563-4fde-9fe7-839f6be00680,2025-09-05T10:45:00,4bc8b8f2-4d6e-4d5e-8d40-a7b6b3d6bb03,amandamitchell,LOGIN,Regular login activity,SUCCESS
9e8f9d70-3d3a-4990-8623-461f61c6a7d6,2025-09-05T10:45:00,57eba2d7-a4fe-48aa-aa7b-ad0e6f1296b7,jose46,LOGIN,Regular login activity,SUCCESS
70e252d6-6963-4ecd-bd3a-c3684fd557c2,2025-09-05T10:45:00,859c34dd-4540-49a3-b26d-f82b1455d905,oatkinson,QUERY_START,Regular query_start activity,SUCCESS
4c72bb80-5306-4810-bc37-af6687615b98,2025-09-05T10:45:00,89e53854-09b7-4b59-8352-a231c51f8687,glarsen,QUERY_END,Regular query_end activity,SUCCESS
19e5ba78-b7b1-43a0-b67f-c68607ff5536,2025-09-05T10:45:00,00f99f6f-5fcc-490a-84f9-6b24911c0b2e,emilyhamilton,QUERY_START,Regular query_start activity,SUCCESS
fb55cc67-e123-4217-9cff-204cae1acc82,2025-09-05T10:45:00,b92c2609-888c-471e-bf61-4363556df9d8,frank26,LOGOUT,Regular logout activity,SUCCESS
c124089c-1001-4bb2-81ea-24ee3730e1af,2025-09-05T10:45:00,ac5e7ada-2f2f-4292-a0e4-18083982547a,lliu,LOGIN,Regular login activity,SUCCESS
87674f6f-4351-41f0-9276-fdf7d8009f89,2025-09-05T10:45:00,f0c2cfac-cf3b-4053-9e79-a6a4c6bbd187,garciaalison,LOGIN,Regular login activity,SUCCESS
b6239ad7-4185-4880-a99b-81c1169071cd,2025-09-05T10:45:00,82e7a6a3-1f49-4f5a-8a2a-96e5a654a185,codyoconnor,LOGOUT,Regular logout activity,SUCCESS
56b340b9-339d-4a92-9eb5-57639ee8ce9c,2025-09-05T10:45:00,a3a85592-9f3f-4845-87b8-dd199fcdc3cc,gmoreno,LOGOUT,Regular logout activity,SUCCESS
8cee55cd-1e89-4d39-a7c0-0591a6ab2e56,2025-09-05T10:57:00,00f99f6f-5fcc-490a-84f9-6b24911c0b2e,emilyhamilton,QUERY_END,Regular query_end activity,SUCCESS
0377a43c-eee8-4dc1-acff-478f31d33e6e,2025-09-05T10:57:00,cea2e75f-1ee1-4b1d-90f5-242f82a02bed,erickennedy,LOGOUT,Regular logout activity,SUCCESS
1e6f1668-45c0-40d3-86b4-e013d2ad6294,2025-09-05T10:57:00,a3a85592-9f3f-4845-87b8-dd199fcdc3cc,gmoreno,QUERY_END,Regular query_end activity,SUCCESS
eade7a6a-494d-4c95-aaed-4846d56463ad,2025-09-05T10:57:00,4b7e389e-8c78-4e72-ab0b-774df43b399e,hardinjennifer,QUERY_END,Regular query_end activity,SUCCESS
6cce2f92-b4f2-469d-a4db-bf5bd241d12d,2025-09-05T10:57:00,3d8cc43f-0f00-40bd-b8b2-34ac61fc0360,rwilliams,QUERY_END,Regular query_end activity,SUCCESS
aa62a932-0eae-4734-9228-ad363fd0c71c,2025-09-05T10:57:00,da0f0f7a-8d2c-4ca9-b82e-cda33fba6610,rachel35,QUERY_END,Regular query_end activity,SUCCESS
9dccb666-98cb-4a84-9e0e-cd4ef491d2b7,2025-09-05T10:57:00,f22aa1cf-fe8b-4e78-8492-b46e0f46ffda,brandtmisty,QUERY_END,Regular query_end activity,SUCCESS
50db7b11-9cf6-4604-ac81-52b96ed8a632,2025-09-05T10:57:00,4663d48b-596a-4f39-b714-8d69ac9a7d2a,robert93,QUERY_START,Regular query_start activity,SUCCESS
4b09bd5a-bcbe-491d-9451-68b3683b48cd,2025-09-05T10:57:00,b92c2609-888c-471e-bf61-4363556df9d8,frank26,QUERY_START,Regular query_start activity,SUCCESS
33614966-9f08-42d7-9cfb-14efc8309bc1,2025-09-05T10:57:00,da0f0f7a-8d2c-4ca9-b82e-cda33fba6610,rachel35,LOGOUT,Regular logout activity,SUCCESS
16bb68d9-f314-401e-b43d-c460c19a4b85,2025-09-05T11:09:00,da0f0f7a-8d2c-4ca9-b82e-cda33fba6610,rachel35,QUERY_START,Regular query_start activity,SUCCESS
4e2b59b3-c328-4011-ad78-6dcdb67b0687,2025-09-05T11:09:00,f22aa1cf-fe8b-4e78-8492-b46e0f46ffda,brandtmisty,LOGOUT,Regular logout activity,SUCCESS
c60616f1-47ed-4198-a4b8-9229ca48b5a5,2025-09-05T11:09:00,a3a85592-9f3f-4845-87b8-dd199fcdc3cc,gmoreno,LOGIN,Regular login activity,SUCCESS
fafb74c7-970e-491b-b311-3ce78f4543b2,2025-09-05T11:09:00,7cd584de-ca92-465c-8ea8-5f7ad356bee6,danasandoval,QUERY_START,Regular query_start activity,SUCCESS
22c9743b-1eeb-4c73-a404-7359115ae3c2,2025-09-05T11:09:00,ac5e7ada-2f2f-4292-a0e4-18083982547a,lliu,QUERY_END,Regular query_end activity,SUCCESS
91937121-8ae7-4581-9753-1e3b1e6e6fde,2025-09-05T11:09:00,879c852e-e8e8-45c3-9ead-5fa56c9ecfbc,egarcia,QUERY_END,Regular query_end activity,SUCCESS
a390a106-4ca9-45c3-a1b8-4aba5fd1fb57,2025-09-05T11:09:00,5fb2a072-2bab-4b94-9109-9cbea70c5438,bryancuevas,QUERY_END,Regular query_end activity,SUCCESS
aa933b77-757e-4b1b-8dfb-f018f8f2f39f,2025-09-05T11:09:00,9a7a68c7-1b0c-4669-859f-6d352b1e386f,andrew16,LOGOUT,Regular logout activity,SUCCESS
69700a6f-f57f-45c1-b47e-99db61db5646,2025-09-05T11:09:00,ac5e7ada-2f2f-4292-a0e4-18083982547a,lliu,LOGOUT,Regular logout activity,SUCCESS
24e566ad-f2e6-4a4c-99fe-0c0fdc4c4294,2025-09-05T11:09:00,7cd584de-ca92-465c-8ea8-5f7ad356bee6,danasandoval,LOGIN,Regular login activity,SUCCESS
911abd6f-a260-42c5-b291-abe0e97d0a62,2025-09-05T11:16:00,a3a85592-9f3f-4845-87b8-dd199fcdc3cc,gmoreno,LOGIN,Regular login activity,SUCCESS
a3392fd1-2437-408b-8870-7642c7b7cec5,2025-09-05T11:16:00,4bc8b8f2-4d6e-4d5e-8d40-a7b6b3d6bb03,amandamitchell,LOGIN,Regular login activity,SUCCESS
ce9efac1-67a1-442b-9111-fadc6bcf76f5,2025-09-05T11:16:00,879c852e-e8e8-45c3-9ead-5fa56c9ecfbc,egarcia,QUERY_END,Regular query_end activity,SUCCESS
fed223c8-15a3-4620-8544-01807f743e76,2025-09-05T11:16:00,5fb2a072-2bab-4b94-9109-9cbea70c5438,bryancuevas,LOGOUT,Regular logout activity,SUCCESS
32dbc111-5f10-408d-981a-2001fc09f184,2025-09-05T11:16:00,7cd584de-ca92-465c-8ea8-5f7ad356bee6,danasandoval,QUERY_END,Regular query_end activity,SUCCESS
a5d7f25f-59e7-42d6-a788-7733e4ad4d99,2025-09-05T11:16:00,9a7a68c7-1b0c-4669-859f-6d352b1e386f,andrew16,LOGIN,Regular login activity,SUCCESS
12dfce83-1c0f-45ca-b106-4da96f1c89d7,2025-09-05T11:16:00,3d8cc43f-0f00-40bd-b8b2-34ac61fc0360,rwilliams,QUERY_START,Regular query_start activity,SUCCESS
4aa01655-9bd4-4123-b369-14b92d01a839,2025-09-05T11:16:00,82e7a6a3-1f49-4f5a-8a2a-96e5a654a185,codyoconnor,LOGIN,Regular login activity,SUCCESS
238abc0c-9e7d-4d72-992f-f3cfd7202c3b,2025-09-05T11:16:00,f22aa1cf-fe8b-4e78-8492-b46e0f46ffda,brandtmisty,LOGIN,Regular login activity,SUCCESS
dae34807-f96e-4131-b964-8f4876078f75,2025-09-05T11:16:00,82e7a6a3-1f49-4f5a-8a2a-96e5a654a185,codyoconnor,LOGIN,Regular login activity,SUCCESS
18c8e2ce-74c7-4690-993e-ea9d04047499,2025-09-05T11:27:00,f22aa1cf-fe8b-4e78-8492-b46e0f46ffda,brandtmisty,QUERY_END,Regular query_end activity,SUCCESS
faa6313b-16c5-43d9-9038-48f938406b84,2025-09-05T11:27:00,da0f0f7a-8d2c-4ca9-b82e-cda33fba6610,rachel35,LOGIN,Regular login activity,SUCCESS
2efe4743-9c29-4194-8995-460d3ba407f3,2025-09-05T11:27:00,f0c2cfac-cf3b-4053-9e79-a6a4c6bbd187,garciaalison,QUERY_END,Regular query_end activity,SUCCESS
3f4358a3-b2ed-46e5-8e67-a589b5fb802f,2025-09-05T11:27:00,da0f0f7a-8d2c-4ca9-b82e-cda33fba6610,rachel35,QUERY_END,Regular query_end activity,SUCCESS
e4a39c28-5077-4680-9933-be9e4bb94f4c,2025-09-05T11:27:00,5fb2a072-2bab-4b94-9109-9cbea70c5438,bryancuevas,LOGOUT,Regular logout activity,SUCCESS
432aaa65-27be-46be-874a-01ac6d0b0c56,2025-09-05T11:27:00,4b7e389e-8c78-4e72-ab0b-774df43b399e,hardinjennifer,QUERY_END,Regular query_end activity,SUCCESS
be5bd06e-7a0d-4e97-9bc7-efd641a4b896,2025-09-05T11:27:00,f0c2cfac-cf3b-4053-9e79-a6a4c6bbd187,garciaalison,LOGOUT,Regular logout activity,SUCCESS
d1889408-a319-413b-a1af-b3f4ba89529d,2025-09-05T11:27:00,cea2e75f-1ee1-4b1d-90f5-242f82a02bed,erickennedy,LOGOUT,Regular logout activity,SUCCESS
2c2a4163-041c-436f-b69b-d58dc773510a,2025-09-05T11:27:00,a3a85592-9f3f-4845-87b8-dd199fcdc3cc,gmoreno,LOGOUT,Regular logout activity,SUCCESS
70b3b941-9640-49e7-920f-576b10bf71bc,2025-09-05T11:27:00,4b7e389e-8c78-4e72-ab0b-774df43b399e,hardinjennifer,QUERY_START,Regular query_start activity,SUCCESS
50aeceff-994a-48f7-b9f0-a0ab944aaec6,2025-09-05T11:35:00,f0c2cfac-cf3b-4053-9e79-a6a4c6bbd187,garciaalison,QUERY_END,Regular query_end activity,SUCCESS
d12ec864-1629-4fd7-aab4-12d8d2693f97,2025-09-05T11:35:00,9a7a68c7-1b0c-4669-859f-6d352b1e386f,andrew16,LOGIN,Regular login activity,SUCCESS
d52916d4-3895-4a15-ac55-b0b65be2f105,2025-09-05T11:35:00,cea2e75f-1ee1-4b1d-90f5-242f82a02bed,erickennedy,LOGIN,Regular login activity,SUCCESS
58a5ee0a-c273-407d-8932-24a35a6fe960,2025-09-05T11:35:00,859c34dd-4540-49a3-b26d-f82b1455d905,oatkinson,LOGIN,Regular login activity,SUCCESS
4c35ce01-3b79-427b-b000-d646838cb6c4,2025-09-05T11:35:00,4663d48b-596a-4f39-b714-8d69ac9a7d2a,robert93,LOGIN,Regular login activity,SUCCESS
663bf416-13c9-4726-908b-448e846bbae4,2025-09-05T11:35:00,da0f0f7a-8d2c-4ca9-b82e-cda33fba6610,rachel35,LOGOUT,Regular logout activity,SUCCESS
a718e442-e942-4ae4-bf45-1b0e734fe49a,2025-09-05T11:35:00,7cd584de-ca92-465c-8ea8-5f7ad356bee6,danasandoval,QUERY_END,Regular query_end activity,SUCCESS
e976a79a-113c-454c-8916-16b517f84eda,2025-09-05T11:35:00,89e53854-09b7-4b59-8352-a231c51f8687,glarsen,QUERY_END,Regular query_end activity,SUCCESS
40a7c708-79ba-4298-a15b-37784b29eb09,2025-09-05T11:35:00,4b7e389e-8c78-4e72-ab0b-774df43b399e,hardinjennifer,QUERY_START,Regular query_start activity,SUCCESS
a876a87e-d568-472e-ac77-f60984e59d9e,2025-09-05T11:35:00,4bc8b8f2-4d6e-4d5e-8d40-a7b6b3d6bb03,amandamitchell,LOGOUT,Regular logout activity,SUCCESS
0f969aad-790f-4bc9-b1f3-464317140ff4,2025-09-05T11:49:00,4bc8b8f2-4d6e-4d5e-8d40-a7b6b3d6bb03,amandamitchell,LOGIN,Regular login activity,SUCCESS
96da9e48-4284-49e7-bbe8-40acca91c9ea,2025-09-05T11:49:00,82e7a6a3-1f49-4f5a-8a2a-96e5a654a185,codyoconnor,LOGIN,Regular login activity,SUCCESS
2c828167-a43c-4c41-bd40-8bf83b8fd872,2025-09-05T11:49:00,f22aa1cf-fe8b-4e78-8492-b46e0f46ffda,brandtmisty,QUERY_END,Regular query_end activity,SUCCESS
9f1eb5b4-e1e0-4634-873c-a0399bc3c146,2025-09-05T11:49:00,57eba2d7-a4fe-48aa-aa7b-ad0e6f1296b7,jose46,LOGIN,Regular login activity,SUCCESS
8cf95622-cf2a-48d2-a934-552e276c0ec0,2025-09-05T11:49:00,b92c2609-888c-471e-bf61-4363556df9d8,frank26,QUERY_START,Regular query_start activity,SUCCESS
d9f53599-f78a-44e5-bcf3-28400f502249,2025-09-05T11:49:00,da0f0f7a-8d2c-4ca9-b82e-cda33fba6610,rachel35,QUERY_END,Regular query_end activity,SUCCESS
aab50562-ee6e-494b-8b84-fd1ac9056a05,2025-09-05T11:49:00,3d8cc43f-0f00-40bd-b8b2-34ac61fc0360,rwilliams,LOGOUT,Regular logout activity,SUCCESS
1e626f02-ec45-49d5-96d6-9908b611857b,2025-09-05T11:49:00,82e7a6a3-1f49-4f5a-8a2a-96e5a654a185,codyoconnor,LOGOUT,Regular logout activity,SUCCESS
abf185bd-04b5-4308-a8da-309c3abe6104,2025-09-05T11:49:00,f22aa1cf-fe8b-4e78-8492-b46e0f46ffda,brandtmisty,LOGIN,Regular login activity,SUCCESS
c3913aef-e08d-4e90-90de-8beafd8b7391,2025-09-05T11:49:00,5fb2a072-2bab-4b94-9109-9cbea70c5438,bryancuevas,QUERY_START,Regular query_start activity,SUCCESS
bc135b1e-a71c-4a75-819d-91fbe6bd2300,2025-09-05T11:56:00,879c852e-e8e8-45c3-9ead-5fa56c9ecfbc,egarcia,LOGIN,Regular login activity,SUCCESS
04aadbfd-f36d-4b8e-a835-e687e5f53931,2025-09-05T11:56:00,00f99f6f-5fcc-490a-84f9-6b24911c0b2e,emilyhamilton,QUERY_START,Regular query_start activity,SUCCESS
cff5f8cb-0fa9-4013-965d-14e96ecff14e,2025-09-05T11:56:00,ac5e7ada-2f2f-4292-a0e4-18083982547a,lliu,QUERY_START,Regular query_start activity,SUCCESS
f3fc128c-e11a-4e32-bdde-021040605ba1,2025-09-05T11:56:00,4bc8b8f2-4d6e-4d5e-8d40-a7b6b3d6bb03,amandamitchell,QUERY_START,Regular query_start activity,SUCCESS
121946ea-41b0-43bd-a405-9625ab7db47f,2025-09-05T11:56:00,89e53854-09b7-4b59-8352-a231c51f8687,glarsen,QUERY_START,Regular query_start activity,SUCCESS
47f36cef-1495-4de7-93ac-a93144e14886,2025-09-05T11:56:00,b92c2609-888c-471e-bf61-4363556df9d8,frank26,LOGIN,Regular login activity,SUCCESS
f4e31a45-9cb1-407d-87f2-e8539cef97af,2025-09-05T11:56:00,859c34dd-4540-49a3-b26d-f82b1455d905,oatkinson,LOGIN,Regular login activity,SUCCESS
7cba34f4-6dff-45f9-a4fe-00c974a9c3ec,2025-09-05T11:56:00,4bc8b8f2-4d6e-4d5e-8d40-a7b6b3d6bb03,amandamitchell,QUERY_END,Regular query_end activity,SUCCESS
263e348f-1a6d-4792-a74a-ce025604a781,2025-09-05T11:56:00,7cd584de-ca92-465c-8ea8-5f7ad356bee6,danasandoval,QUERY_START,Regular query_start activity,SUCCESS
fb007d5f-45b0-401a-9e57-cec8dc74753a,2025-09-05T11:56:00,f0c2cfac-cf3b-4053-9e79-a6a4c6bbd187,garciaalison,QUERY_START,Regular query_start activity,SUCCESS
bd45e8e2-7ac7-4fd4-800c-fd39869d6e3a,2025-09-05T12:02:00,4b7e389e-8c78-4e72-ab0b-774df43b399e,hardinjennifer,LOGIN,Regular login activity,SUCCESS
7f2ea8ff-b22b-446c-921e-1866dfe03eda,2025-09-05T12:02:00,ac5e7ada-2f2f-4292-a0e4-18083982547a,lliu,QUERY_START,Regular query_start activity,SUCCESS
b8469a0b-7061-4a59-9ae8-ca7eb1bdaa33,2025-09-05T12:02:00,4b7e389e-8c78-4e72-ab0b-774df43b399e,hardinjennifer,LOGOUT,Regular logout activity,SUCCESS
34914466-6efe-48e4-8937-7874641a44fb,2025-09-05T12:02:00,4663d48b-596a-4f39-b714-8d69ac9a7d2a,robert93,QUERY_START,Regular query_start activity,SUCCESS
6a51c9ee-93de-4d1e-b009-ec96e7de6601,2025-09-05T12:02:00,7cd584de-ca92-465c-8ea8-5f7ad356bee6,danasandoval,LOGIN,Regular login activity,SUCCESS
4e111ab9-8ed1-400a-9a15-ef5e88df8c8a,2025-09-05T12:02:00,82e7a6a3-1f49-4f5a-8a2a-96e5a654a185,codyoconnor,LOGOUT,Regular logout activity,SUCCESS
d802eff1-c35a-41d2-a4df-c28fe6984d51,2025-09-05T12:02:00,3d8cc43f-0f00-40bd-b8b2-34ac61fc0360,rwilliams,LOGIN,Regular login activity,SUCCESS
a7c3bf83-cb20-453b-a26d-372e734a3524,2025-09-05T12:02:00,a3a85592-9f3f-4845-87b8-dd199fcdc3cc,gmoreno,QUERY_END,Regular query_end activity,SUCCESS
754cbacb-c905-4df5-beb3-14c416714ab4,2025-09-05T12:02:00,da0f0f7a-8d2c-4ca9-b82e-cda33fba6610,rachel35,LOGOUT,Regular logout activity,SUCCESS
b28cf90c-af34-4df1-8ede-04da33c40cab,2025-09-05T12:02:00,3d8cc43f-0f00-40bd-b8b2-34ac61fc0360,rwilliams,QUERY_START,Regular query_start activity,SUCCESS
114a5f7a-495f-406a-b6b4-b8f8aa724989,2025-09-05T12:17:00,f0c2cfac-cf3b-4053-9e79-a6a4c6bbd187,garciaalison,QUERY_START,Regular query_start activity,SUCCESS
cbc810b8-7ac9-4b0e-a5b3-ad101f3f4c5d,2025-09-05T12:17:00,859c34dd-4540-49a3-b26d-f82b1455d905,oatkinson,QUERY_START,Regular query_start activity,SUCCESS
ffc6ad43-ed80-4bb7-9f00-dbee8fd845dc,2025-09-05T12:17:00,b92c2609-888c-471e-bf61-4363556df9d8,frank26,LOGOUT,Regular logout activity,SUCCESS
122edd22-fe27-4b1c-83a8-244532b96e6e,2025-09-05T12:17:00,b92c2609-888c-471e-bf61-4363556df9d8,frank26,LOGIN,Regular login activity,SUCCESS
4c698ae2-e676-4b47-a322-1b54d8feb853,2025-09-05T12:17:00,f22aa1cf-fe8b-4e78-8492-b46e0f46ffda,brandtmisty,LOGOUT,Regular logout activity,SUCCESS
07d961cc-5d09-4a8b-acd0-e570a7dd6c5a,2025-09-05T12:17:00,f22aa1cf-fe8b-4e78-8492-b46e0f46ffda,brandtmisty,LOGOUT,Regular logout activity,SUCCESS
814a6f68-35fb-42de-bf92-5bad369fb6f1,2025-09-05T12:17:00,da0f0f7a-8d2c-4ca9-b82e-cda33fba6610,rachel35,LOGIN,Regular login activity,SUCCESS
388d50df-07ed-4a15-88d8-54301ac9a5f1,2025-09-05T12:17:00,f0c2cfac-cf3b-4053-9e79-a6a4c6bbd187,garciaalison,QUERY_END,Regular query_end activity,SUCCESS
08c34e91-94d1-46a8-9fdb-fb8c38091e24,2025-09-05T12:17:00,4bc8b8f2-4d6e-4d5e-8d40-a7b6b3d6bb03,amandamitchell,QUERY_END,Regular query_end activity,SUCCESS
adecb2bb-0bda-46d8-bcb8-ff8c3c887f58,2025-09-05T12:17:00,57eba2d7-a4fe-48aa-aa7b-ad0e6f1296b7,jose46,QUERY_END,Regular query_end activity,SUCCESS
d0fdaab9-1fb5-41b2-8780-b404b9ac4f58,2025-09-05T12:26:00,89e53854-09b7-4b59-8352-a231c51f8687,glarsen,LOGOUT,Regular logout activity,SUCCESS
77976856-2ea7-4bac-9bde-73021f4a4b16,2025-09-05T12:26:00,ac5e7ada-2f2f-4292-a0e4-18083982547a,lliu,LOGIN,Regular login activity,SUCCESS
fd68da07-52f8-479e-b65d-1d5761733592,2025-09-05T12:26:00,5fb2a072-2bab-4b94-9109-9cbea70c5438,bryancuevas,LOGIN,Regular login activity,SUCCESS
a747259b-22c7-4aed-8f21-f68c078894ce,2025-09-05T12:26:00,89e53854-09b7-4b59-8352-a231c51f8687,glarsen,QUERY_START,Regular query_start activity,SUCCESS
f7a53c8d-6140-4ced-a1e1-726b3d7076a8,2025-09-05T12:26:00,da0f0f7a-8d2c-4ca9-b82e-cda33fba6610,rachel35,LOGIN,Regular login activity,SUCCESS
70f6751c-a3d7-47f2-8010-95ba422db5bb,2025-09-05T12:26:00,5fb2a072-2bab-4b94-9109-9cbea70c5438,bryancuevas,LOGOUT,Regular logout activity,SUCCESS
d0ef4cf5-f622-40ed-9d44-6bacc242d977,2025-09-05T12:26:00,f22aa1cf-fe8b-4e78-8492-b46e0f46ffda,brandtmisty,QUERY_END,Regular query_end activity,SUCCESS
9b417c34-8137-4ea6-a281-3dbd403cc780,2025-09-05T12:26:00,82e7a6a3-1f49-4f5a-8a2a-96e5a654a185,codyoconnor,QUERY_START,Regular query_start activity,SUCCESS
8d08fffd-0c06-40ff-9c2f-5c73345a8c17,2025-09-05T12:26:00,a3a85592-9f3f-4845-87b8-dd199fcdc3cc,gmoreno,QUERY_END,Regular query_end activity,SUCCESS
ab055a08-e3a0-4d55-ba28-2170b8e1977d,2025-09-05T12:26:00,89e53854-09b7-4b59-8352-a231c51f8687,glarsen,QUERY_START,Regular query_start activity,SUCCESS
a42c4cb7-8bf7-498b-98b2-df5fa89cb231,2025-09-05T12:33:00,859c34dd-4540-49a3-b26d-f82b1455d905,oatkinson,QUERY_START,Regular query_start activity,SUCCESS
035b042c-d475-45d9-818c-ddf55f57ac12,2025-09-05T12:33:00,57eba2d7-a4fe-48aa-aa7b-ad0e6f1296b7,jose46,QUERY_START,Regular query_start activity,SUCCESS
37c29c5d-eff6-4bbf-8ebb-a6100a3196a2,2025-09-05T12:33:00,89e53854-09b7-4b59-8352-a231c51f8687,glarsen,QUERY_START,Regular query_start activity,SUCCESS
b2349bbd-ab56-479d-9aae-c6308e58aecf,2025-09-05T12:33:00,f22aa1cf-fe8b-4e78-8492-b46e0f46ffda,brandtmisty,QUERY_END,Regular query_end activity,SUCCESS
a4573bec-a5d3-4e9e-9c89-0751e370f6d3,2025-09-05T12:33:00,ac5e7ada-2f2f-4292-a0e4-18083982547a,lliu,QUERY_END,Regular query_end activity,SUCCESS
c2a421f3-dbfb-4469-9cee-f60a85a39813,2025-09-05T12:33:00,da0f0f7a-8d2c-4ca9-b82e-cda33fba6610,rachel35,QUERY_START,Regular query_start activity,SUCCESS
b7fc2f23-3f60-4539-8048-37b3148c20a2,2025-09-05T12:33:00,879c852e-e8e8-45c3-9ead-5fa56c9ecfbc,egarcia,QUERY_START,Regular query_start activity,SUCCESS
ed0ed3db-6c93-47fa-b87a-016455eddf42,2025-09-05T12:33:00,a3a85592-9f3f-4845-87b8-dd199fcdc3cc,gmoreno,LOGIN,Regular login activity,SUCCESS
89510762-5bd9-4cf2-bea5-63bc6874ac57,2025-09-05T12:33:00,82e7a6a3-1f49-4f5a-8a2a-96e5a654a185,codyoconnor,QUERY_END,Regular query_end activity,SUCCESS
ce20258c-0c2b-4c51-9a3e-50692e48139d,2025-09-05T12:33:00,a3a85592-9f3f-4845-87b8-dd199fcdc3cc,gmoreno,QUERY_START,Regular query_start activity,SUCCESS
f82c5377-57c0-49cd-abba-804c3b1f1f5d,2025-09-05T12:38:00,da0f0f7a-8d2c-4ca9-b82e-cda33fba6610,rachel35,QUERY_END,Regular query_end activity,SUCCESS
dc5322e6-f57c-4e81-9964-751801f4b697,2025-09-05T12:38:00,3d8cc43f-0f00-40bd-b8b2-34ac61fc0360,rwilliams,LOGOUT,Regular logout activity,SUCCESS
1eca9b75-fbde-4838-b60b-ccc247ddae57,2025-09-05T12:38:00,859c34dd-4540-49a3-b26d-f82b1455d905,oatkinson,LOGIN,Regular login activity,SUCCESS
8370f014-9f5d-42e8-90c8-6e3221c6b6f0,2025-09-05T12:38:00,ac5e7ada-2f2f-4292-a0e4-18083982547a,lliu,LOGIN,Regular login activity,SUCCESS
a40c41a1-0232-4d93-87a1-988712d0469a,2025-09-05T12:38:00,879c852e-e8e8-45c3-9ead-5fa56c9ecfbc,egarcia,QUERY_END,Regular query_end activity,SUCCESS
50e637e8-1188-402d-bcd8-3acc272f01a1,2025-09-05T12:38:00,7cd584de-ca92-465c-8ea8-5f7ad356bee6,danasandoval,QUERY_START,Regular query_start activity,SUCCESS
aa7e0313-2178-44d8-be88-942a6d9341a1,2025-09-05T12:38:00,a3a85592-9f3f-4845-87b8-dd199fcdc3cc,gmoreno,QUERY_START,Regular query_start activity,SUCCESS
f49948cc-2e12-4631-b784-32ee9ab6c81f,2025-09-05T12:38:00,4663d48b-596a-4f39-b714-8d69ac9a7d2a,robert93,LOGIN,Regular login activity,SUCCESS
dfa95fe5-98e2-4036-b626-423ce0056408,2025-09-05T12:38:00,859c34dd-4540-49a3-b26d-f82b1455d905,oatkinson,LOGOUT,Regular logout activity,SUCCESS
d1d04a29-a486-4425-b503-ad74e35a8d2d,2025-09-05T12:38:00,7cd584de-ca92-465c-8ea8-5f7ad356bee6,danasandoval,LOGIN,Regular login activity,SUCCESS
8120cf8d-6088-45c0-9411-5eac62dcdfb6,2025-09-05T12:52:00,4b7e389e-8c78-4e72-ab0b-774df43b399e,hardinjennifer,QUERY_END,Regular query_end activity,SUCCESS
4f8bb6d1-6fff-4dff-8851-d3b2a7d1d331,2025-09-05T12:52:00,da0f0f7a-8d2c-4ca9-b82e-cda33fba6610,rachel35,LOGIN,Regular login activity,SUCCESS
aabfa767-4ae2-4bf8-963c-8f3009f180a8,2025-09-05T12:52:00,ac5e7ada-2f2f-4292-a0e4-18083982547a,lliu,LOGIN,Regular login activity,SUCCESS
98da68cb-6609-4169-8c50-b52a305af4a1,2025-09-05T12:52:00,b92c2609-888c-471e-bf61-4363556df9d8,frank26,LOGIN,Regular login activity,SUCCESS
57a0b490-42c7-41b8-bed9-0e74999de511,2025-09-05T12:52:00,f22aa1cf-fe8b-4e78-8492-b46e0f46ffda,brandtmisty,QUERY_END,Regular query_end activity,SUCCESS
ca728cae-d254-4ab3-930f-8c008ca45af1,2025-09-05T12:52:00,a3a85592-9f3f-4845-87b8-dd199fcdc3cc,gmoreno,LOGIN,Regular login activity,SUCCESS
b1d56232-aeb7-4f1c-bc21-bf76bd776f37,2025-09-05T12:52:00,5fb2a072-2bab-4b94-9109-9cbea70c5438,bryancuevas,QUERY_START,Regular query_start activity,SUCCESS
e683100b-cc8e-480c-bdbd-e1a1ccdd670b,2025-09-05T12:52:00,b92c2609-888c-471e-bf61-4363556df9d8,frank26,QUERY_END,Regular query_end activity,SUCCESS
0256268f-8649-4524-b50a-4af3fc53f8a2,2025-09-05T12:52:00,4b7e389e-8c78-4e72-ab0b-774df43b399e,hardinjennifer,QUERY_END,Regular query_end activity,SUCCESS
73a1f14b-c65c-49cc-a6b0-4e453996cd24,2025-09-05T12:52:00,da0f0f7a-8d2c-4ca9-b82e-cda33fba6610,rachel35,LOGOUT,Regular logout activity,SUCCESS
60c7c596-6812-4223-9491-1cf927632b1d,2025-09-05T13:07:00,4bc8b8f2-4d6e-4d5e-8d40-a7b6b3d6bb03,amandamitchell,LOGOUT,Regular logout activity,SUCCESS
1ae984ad-3d54-45b8-9ae3-3e4fe4db5e19,2025-09-05T13:07:00,b92c2609-888c-471e-bf61-4363556df9d8,frank26,LOGIN,Regular login activity,SUCCESS
63f4e2f8-f499-48f0-88a0-96c1c14f6ad8,2025-09-05T13:07:00,a3a85592-9f3f-4845-87b8-dd199fcdc3cc,gmoreno,QUERY_START,Regular query_start activity,SUCCESS
70ab0f3d-de5e-447a-aa38-aa1d3d4bb747,2025-09-05T13:07:00,5fb2a072-2bab-4b94-9109-9cbea70c5438,bryancuevas,LOGOUT,Regular logout activity,SUCCESS
4f34e825-7abc-4ba2-9d09-250386c33ed9,2025-09-05T13:07:00,3d8cc43f-0f00-40bd-b8b2-34ac61fc0360,rwilliams,LOGOUT,Regular logout activity,SUCCESS
b2e06b88-96b5-4d0f-a638-f2de343600d5,2025-09-05T13:07:00,ac5e7ada-2f2f-4292-a0e4-18083982547a,lliu,QUERY_END,Regular query_end activity,SUCCESS
60ff356f-6ec4-4f52-9486-56579906ca50,2025-09-05T13:07:00,9a7a68c7-1b0c-4669-859f-6d352b1e386f,andrew16,LOGOUT,Regular logout activity,SUCCESS
93b9feb5-e836-4382-87d2-f632b2a43d97,2025-09-05T13:07:00,4663d48b-596a-4f39-b714-8d69ac9a7d2a,robert93,LOGOUT,Regular logout activity,SUCCESS
58ba56e0-c3db-4811-83db-d4e88f7cfd1e,2025-09-05T13:07:00,4663d48b-596a-4f39-b714-8d69ac9a7d2a,robert93,QUERY_START,Regular query_start activity,SUCCESS
658b9d06-308a-4802-808a-e79cf8e7f17f,2025-09-05T13:07:00,57eba2d7-a4fe-48aa-aa7b-ad0e6f1296b7,jose46,QUERY_END,Regular query_end activity,SUCCESS
5907f68b-76e1-4175-a770-50b4535f39f6,2025-09-05T13:22:00,cea2e75f-1ee1-4b1d-90f5-242f82a02bed,erickennedy,QUERY_END,Regular query_end activity,SUCCESS
6b2873e1-5c30-499f-bdba-99a2fad6d55c,2025-09-05T13:22:00,859c34dd-4540-49a3-b26d-f82b1455d905,oatkinson,LOGIN,Regular login activity,SUCCESS
8fee359a-8a6a-4e24-a380-09c3f9b551be,2025-09-05T13:22:00,9a7a68c7-1b0c-4669-859f-6d352b1e386f,andrew16,LOGOUT,Regular logout activity,SUCCESS
be191ec3-c8f0-44c6-bf25-847f5874b638,2025-09-05T13:22:00,cea2e75f-1ee1-4b1d-90f5-242f82a02bed,erickennedy,QUERY_END,Regular query_end activity,SUCCESS
0b26ab65-c2e6-42c3-8a82-4e4a2e7088f5,2025-09-05T13:22:00,a3a85592-9f3f-4845-87b8-dd199fcdc3cc,gmoreno,QUERY_START,Regular query_start activity,SUCCESS
d30c433c-5d2d-4eff-9038-93ba398865ee,2025-09-05T13:22:00,f0c2cfac-cf3b-4053-9e79-a6a4c6bbd187,garciaalison,LOGOUT,Regular logout activity,SUCCESS
4188b5f8-cda0-41cd-8ea8-5447d8b78b09,2025-09-05T13:22:00,00f99f6f-5fcc-490a-84f9-6b24911c0b2e,emilyhamilton,QUERY_START,Regular query_start activity,SUCCESS
21977d36-69f3-45d9-93c0-ed5d85dc0107,2025-09-05T13:22:00,859c34dd-4540-49a3-b26d-f82b1455d905,oatkinson,LOGOUT,Regular logout activity,SUCCESS
7f8396b1-80c0-47cf-ac8d-0ac191d1a095,2025-09-05T13:22:00,82e7a6a3-1f49-4f5a-8a2a-96e5a654a185,codyoconnor,LOGIN,Regular login activity,SUCCESS
42f86dcf-540a-4e72-a3ec-cb59405f25d7,2025-09-05T13:22:00,cea2e75f-1ee1-4b1d-90f5-242f82a02bed,erickennedy,QUERY_START,Regular query_start activity,SUCCESS
464de61f-fde9-4e9d-a73d-99f277dc50cc,2025-09-05T13:27:00,cea2e75f-1ee1-4b1d-90f5-242f82a02bed,erickennedy,QUERY_END,Regular query_end activity,SUCCESS
89f4bf1b-c0c4-4d51-83ea-aa36ca72a94b,2025-09-05T13:27:00,879c852e-e8e8-45c3-9ead-5fa56c9ecfbc,egarcia,QUERY_END,Regular query_end activity,SUCCESS
4bc7bc46-d4d6-4f28-b583-a88a36d6244b,2025-09-05T13:27:00,57eba2d7-a4fe-48aa-aa7b-ad0e6f1296b7,jose46,LOGIN,Regular login activity,SUCCESS
a49026bb-4478-4107-956a-c5f2180cca86,2025-09-05T13:27:00,57eba2d7-a4fe-48aa-aa7b-ad0e6f1296b7,jose46,LOGOUT,Regular logout activity,SUCCESS
62abe7e2-9de3-4efd-908e-0ff52f29e640,2025-09-05T13:27:00,9a7a68c7-1b0c-4669-859f-6d352b1e386f,andrew16,QUERY_END,Regular query_end activity,SUCCESS
46616239-3d99-4e6b-9a99-d90f34307576,2025-09-05T13:27:00,b92c2609-888c-471e-bf61-4363556df9d8,frank26,LOGOUT,Regular logout activity,SUCCESS
a6a8fcc0-ebc1-4fe5-ace3-166bfdecee2a,2025-09-05T13:27:00,3d8cc43f-0f00-40bd-b8b2-34ac61fc0360,rwilliams,QUERY_END,Regular query_end activity,SUCCESS
a3041ba7-afe3-4ff8-ae52-f35a37e1bbeb,2025-09-05T13:27:00,ac5e7ada-2f2f-4292-a0e4-18083982547a,lliu,LOGOUT,Regular logout activity,SUCCESS
81e84686-b11e-48fe-8e8c-b9a9a2ddeaa4,2025-09-05T13:27:00,89e53854-09b7-4b59-8352-a231c51f8687,glarsen,LOGOUT,Regular logout activity,SUCCESS
6a34b1e8-a53a-4086-83e8-9e5828ef959b,2025-09-05T13:27:00,859c34dd-4540-49a3-b26d-f82b1455d905,oatkinson,QUERY_END,Regular query_end activity,SUCCESS
ab29f421-4120-4a0f-85b6-f152788c7233,2025-09-05T13:34:00,5fb2a072-2bab-4b94-9109-9cbea70c5438,bryancuevas,LOGIN,Regular login activity,SUCCESS
fb5a12c1-5317-4ee7-bfaf-85c83b609a7f,2025-09-05T13:34:00,f0c2cfac-cf3b-4053-9e79-a6a4c6bbd187,garciaalison,LOGOUT,Regular logout activity,SUCCESS
a0e4c67c-258e-4d6a-8daa-0e5a99f841f2,2025-09-05T13:34:00,89e53854-09b7-4b59-8352-a231c51f8687,glarsen,QUERY_START,Regular query_start activity,SUCCESS
6f2f6e63-70ec-4291-93ff-4fed39a2d442,2025-09-05T13:34:00,ac5e7ada-2f2f-4292-a0e4-18083982547a,lliu,LOGOUT,Regular logout activity,SUCCESS
149a0be9-fa4b-4010-bf62-55697fd65411,2025-09-05T13:34:00,ac5e7ada-2f2f-4292-a0e4-18083982547a,lliu,LOGIN,Regular login activity,SUCCESS
3c05f36a-e9aa-4623-97b7-28970cc69b40,2025-09-05T13:34:00,7cd584de-ca92-465c-8ea8-5f7ad356bee6,danasandoval,LOGOUT,Regular logout activity,SUCCESS
e25d5bb0-9ec5-4106-a930-7bc71430077a,2025-09-05T13:34:00,82e7a6a3-1f49-4f5a-8a2a-96e5a654a185,codyoconnor,LOGIN,Regular login activity,SUCCESS
4cad92b9-f15d-40c7-a529-c0beea2ee183,2025-09-05T13:34:00,57eba2d7-a4fe-48aa-aa7b-ad0e6f1296b7,jose46,QUERY_START,Regular query_start activity,SUCCESS
37c6c180-09ad-48cb-80f4-3384254118cb,2025-09-05T13:34:00,a3a85592-9f3f-4845-87b8-dd199fcdc3cc,gmoreno,LOGIN,Regular login activity,SUCCESS
f24df125-b5b3-4b81-81f8-1a8139d6cdb9,2025-09-05T13:34:00,57eba2d7-a4fe-48aa-aa7b-ad0e6f1296b7,jose46,QUERY_START,Regular query_start activity,SUCCESS
2c65c67e-683d-4a6d-a3fd-c63823b43d54,2025-09-05T13:46:00,859c34dd-4540-49a3-b26d-f82b1455d905,oatkinson,QUERY_END,Regular query_end activity,SUCCESS
d4691a7e-945c-4878-b01a-4c39ae6612d1,2025-09-05T13:46:00,ac5e7ada-2f2f-4292-a0e4-18083982547a,lliu,QUERY_START,Regular query_start activity,SUCCESS
c75f3763-79be-4e46-ba51-9deb39c18ba5,2025-09-05T13:46:00,89e53854-09b7-4b59-8352-a231c51f8687,glarsen,LOGOUT,Regular logout activity,SUCCESS
2f4ef9e8-beec-4c6c-a353-a5212b804ee5,2025-09-05T13:46:00,5fb2a072-2bab-4b94-9109-9cbea70c5438,bryancuevas,LOGOUT,Regular logout activity,SUCCESS
7a555467-0948-4095-b888-32f7032ae130,2025-09-05T13:46:00,7cd584de-ca92-465c-8ea8-5f7ad356bee6,danasandoval,QUERY_START,Regular query_start activity,SUCCESS
a8eb9246-bce3-41eb-806b-688ddc77e6dc,2025-09-05T13:46:00,9a7a68c7-1b0c-4669-859f-6d352b1e386f,andrew16,QUERY_START,Regular query_start activity,SUCCESS
3a3b5e34-1726-440e-900a-c575119fdb4c,2025-09-05T13:46:00,a3a85592-9f3f-4845-87b8-dd199fcdc3cc,gmoreno,QUERY_START,Regular query_start activity,SUCCESS
f9279f40-53ca-41fa-8762-00d21f4e772a,2025-09-05T13:46:00,879c852e-e8e8-45c3-9ead-5fa56c9ecfbc,egarcia,QUERY_START,Regular query_start activity,SUCCESS
5765065c-3ffc-448b-b719-39848976caee,2025-09-05T13:46:00,4663d48b-596a-4f39-b714-8d69ac9a7d2a,robert93,LOGOUT,Regular logout activity,SUCCESS
756d3f9a-e57d-4966-9565-2559856e14e9,2025-09-05T13:46:00,89e53854-09b7-4b59-8352-a231c51f8687,glarsen,QUERY_END,Regular query_end activity,SUCCESS
5dd4c836-a342-4ab6-adb9-b81aefcd8c73,2025-09-05T13:53:00,a3a85592-9f3f-4845-87b8-dd199fcdc3cc,gmoreno,LOGIN,Regular login activity,SUCCESS
2bdbd8f4-3ebc-4f76-a37b-158c6556c5b7,2025-09-05T13:53:00,82e7a6a3-1f49-4f5a-8a2a-96e5a654a185,codyoconnor,QUERY_START,Regular query_start activity,SUCCESS
2d5022b0-2401-443f-bab4-9d9c35c4a714,2025-09-05T13:53:00,3d8cc43f-0f00-40bd-b8b2-34ac61fc0360,rwilliams,QUERY_START,Regular query_start activity,SUCCESS
0d6a398a-5f42-4e4e-a258-7c630e7b6b37,2025-09-05T13:53:00,7cd584de-ca92-465c-8ea8-5f7ad356bee6,danasandoval,QUERY_END,Regular query_end activity,SUCCESS
a010d622-ff77-4c9e-8ee0-8ebce58f8e65,2025-09-05T13:53:00,4b7e389e-8c78-4e72-ab0b-774df43b399e,hardinjennifer,LOGIN,Regular login activity,SUCCESS
9aac836b-006a-488b-94a1-d34adb682f87,2025-09-05T13:53:00,4663d48b-596a-4f39-b714-8d69ac9a7d2a,robert93,QUERY_END,Regular query_end activity,SUCCESS
afd77f2a-a5c1-412f-b4ab-0e6de929d34c,2025-09-05T13:53:00,57eba2d7-a4fe-48aa-aa7b-ad0e6f1296b7,jose46,QUERY_START,Regular query_start activity,SUCCESS
829b4c08-44fb-499a-a79d-f12187b18af5,2025-09-05T13:53:00,a3a85592-9f3f-4845-87b8-dd199fcdc3cc,gmoreno,QUERY_START,Regular query_start activity,SUCCESS
59c0fe5b-f0e3-479b-88df-7a10a3656bac,2025-09-05T13:53:00,3d8cc43f-0f00-40bd-b8b2-34ac61fc0360,rwilliams,QUERY_END,Regular query_end activity,SUCCESS
c2c1ccb6-77df-4b33-a254-df163d537e9f,2025-09-05T13:53:00,82e7a6a3-1f49-4f5a-8a2a-96e5a654a185,codyoconnor,QUERY_START,Regular query_start activity,SUCCESS
58790a70-aa7b-4c94-88df-3adf98fcef63,2025-09-05T14:06:00,f22aa1cf-fe8b-4e78-8492-b46e0f46ffda,brandtmisty,QUERY_END,Regular query_end activity,SUCCESS
c9a3794b-f463-4e8e-8108-e33e94035e92,2025-09-05T14:06:00,00f99f6f-5fcc-490a-84f9-6b24911c0b2e,emilyhamilton,LOGOUT,Regular logout activity,SUCCESS
659e7749-7244-4477-be28-d90d8dd5a7b6,2025-09-05T14:06:00,82e7a6a3-1f49-4f5a-8a2a-96e5a654a185,codyoconnor,LOGOUT,Regular logout activity,SUCCESS
27397c15-450d-4080-a034-8e6b4c3257df,2025-09-05T14:06:00,7cd584de-ca92-465c-8ea8-5f7ad356bee6,danasandoval,QUERY_START,Regular query_start activity,SUCCESS
f3c2cca4-1a53-4bfa-a081-77cc86e5625d,2025-09-05T14:06:00,b92c2609-888c-471e-bf61-4363556df9d8,frank26,LOGIN,Regular login activity,SUCCESS
f7f9220b-3404-4eb8-a715-435ad674cc07,2025-09-05T14:06:00,3d8cc43f-0f00-40bd-b8b2-34ac61fc0360,rwilliams,LOGIN,Regular login activity,SUCCESS
6ca69c71-8d6d-4355-8fc1-ab61d81d34a0,2025-09-05T14:06:00,7cd584de-ca92-465c-8ea8-5f7ad356bee6,danasandoval,LOGOUT,Regular logout activity,SUCCESS
74b06962-c767-4ac6-bda2-986bfbc6a7d9,2025-09-05T14:06:00,f0c2cfac-cf3b-4053-9e79-a6a4c6bbd187,garciaalison,QUERY_END,Regular query_end activity,SUCCESS
66ecacf9-e876-4a4b-993a-433207152a29,2025-09-05T14:06:00,7cd584de-ca92-465c-8ea8-5f7ad356bee6,danasandoval,LOGOUT,Regular logout activity,SUCCESS
4fcd7960-8534-48d4-b1ee-67ddac893524,2025-09-05T14:06:00,5fb2a072-2bab-4b94-9109-9cbea70c5438,bryancuevas,QUERY_END,Regular query_end activity,SUCCESS
30fee7a9-7824-4764-a43d-d9842e4ede56,2025-09-05T14:19:00,57eba2d7-a4fe-48aa-aa7b-ad0e6f1296b7,jose46,LOGOUT,Regular logout activity,SUCCESS
9ab231b6-90fd-4bf5-af04-674e0d5b58bb,2025-09-05T14:19:00,ac5e7ada-2f2f-4292-a0e4-18083982547a,lliu,QUERY_START,Regular query_start activity,SUCCESS
171b4202-2f77-4467-a0f6-91d4ec8a7560,2025-09-05T14:19:00,82e7a6a3-1f49-4f5a-8a2a-96e5a654a185,codyoconnor,LOGIN,Regular login activity,SUCCESS
5f2f4d1a-0865-4674-b113-0f07ef8ec16c,2025-09-05T14:19:00,cea2e75f-1ee1-4b1d-90f5-242f82a02bed,erickennedy,QUERY_START,Regular query_start activity,SUCCESS
04591a89-5239-44e1-9394-0b4cf273c216,2025-09-05T14:19:00,ac5e7ada-2f2f-4292-a0e4-18083982547a,lliu,LOGOUT,Regular logout activity,SUCCESS
9efeb7e3-9c6c-42ff-8ead-af612c4e8edb,2025-09-05T14:19:00,89e53854-09b7-4b59-8352-a231c51f8687,glarsen,QUERY_START,Regular query_start activity,SUCCESS
09b11f7a-75d3-488d-a00e-cb63c547a972,2025-09-05T14:19:00,ac5e7ada-2f2f-4292-a0e4-18083982547a,lliu,LOGOUT,Regular logout activity,SUCCESS
50db59bf-c8a8-48a4-9261-b31b6b4ecabb,2025-09-05T14:19:00,da0f0f7a-8d2c-4ca9-b82e-cda33fba6610,rachel35,LOGIN,Regular login activity,SUCCESS
11f0e873-3b69-4405-8bf2-350a84ac0256,2025-09-05T14:19:00,a3a85592-9f3f-4845-87b8-dd199fcdc3cc,gmoreno,LOGOUT,Regular logout activity,SUCCESS
4ece36c4-b7d6-4005-a403-09a7ada8bd61,2025-09-05T14:19:00,57eba2d7-a4fe-48aa-aa7b-ad0e6f1296b7,jose46,QUERY_END,Regular query_end activity,SUCCESS
65719254-21a8-4184-a096-d0cd9396504b,2025-09-05T14:33:00,3d8cc43f-0f00-40bd-b8b2-34ac61fc0360,rwilliams,QUERY_END,Regular query_end activity,SUCCESS
c3600489-f9af-4b84-9ad0-f92e31ccde47,2025-09-05T14:33:00,ac5e7ada-2f2f-4292-a0e4-18083982547a,lliu,LOGIN,Regular login activity,SUCCESS
07227020-8769-4584-98e4-526af1c86441,2025-09-05T14:33:00,9a7a68c7-1b0c-4669-859f-6d352b1e386f,andrew16,QUERY_START,Regular query_start activity,SUCCESS
80fc7f4a-1b50-4b51-a21f-21dec08a97ff,2025-09-05T14:33:00,ac5e7ada-2f2f-4292-a0e4-18083982547a,lliu,LOGOUT,Regular logout activity,SUCCESS
0570e217-7b0b-452d-8cf5-88d6bb81ce7f,2025-09-05T14:33:00,9a7a68c7-1b0c-4669-859f-6d352b1e386f,andrew16,LOGOUT,Regular logout activity,SUCCESS
8a51b99c-8c08-4762-984f-958cc7520533,2025-09-05T14:33:00,879c852e-e8e8-45c3-9ead-5fa56c9ecfbc,egarcia,QUERY_START,Regular query_start activity,SUCCESS
feae5600-ab65-419d-97f1-b4ef5b79fec9,2025-09-05T14:33:00,82e7a6a3-1f49-4f5a-8a2a-96e5a654a185,codyoconnor,LOGOUT,Regular logout activity,SUCCESS
a1e76671-7739-4202-a3a5-9d466a7be513,2025-09-05T14:33:00,82e7a6a3-1f49-4f5a-8a2a-96e5a654a185,codyoconnor,LOGOUT,Regular logout activity,SUCCESS
d1f2bc3c-41e9-4d88-b6a1-0750cdf933d7,2025-09-05T14:33:00,4b7e389e-8c78-4e72-ab0b-774df43b399e,hardinjennifer,LOGIN,Regular login activity,SUCCESS
6343205f-f44b-45e6-8186-629d4edce98b,2025-09-05T14:33:00,4bc8b8f2-4d6e-4d5e-8d40-a7b6b3d6bb03,amandamitchell,QUERY_END,Regular query_end activity,SUCCESS
b7de570a-1e51-478b-8230-cf50e4b87fc8,2025-09-05T14:42:00,89e53854-09b7-4b59-8352-a231c51f8687,glarsen,LOGOUT,Regular logout activity,SUCCESS
fd4d9572-03a4-436f-8636-171a3e5040d8,2025-09-05T14:42:00,879c852e-e8e8-45c3-9ead-5fa56c9ecfbc,egarcia,QUERY_END,Regular query_end activity,SUCCESS
15b37da4-0940-40a3-9308-d61fa512de5c,2025-09-05T14:42:00,b92c2609-888c-471e-bf61-4363556df9d8,frank26,LOGOUT,Regular logout activity,SUCCESS
6209f2bc-e4c1-4cf8-a78a-c448b3c830e6,2025-09-05T14:42:00,7cd584de-ca92-465c-8ea8-5f7ad356bee6,danasandoval,LOGOUT,Regular logout activity,SUCCESS
88defd58-5e28-46aa-a8a5-65382a7b5c01,2025-09-05T14:42:00,ac5e7ada-2f2f-4292-a0e4-18083982547a,lliu,QUERY_START,Regular query_start activity,SUCCESS
b22dd243-a63b-40d4-a866-efa64db5c449,2025-09-05T14:42:00,57eba2d7-a4fe-48aa-aa7b-ad0e6f1296b7,jose46,LOGOUT,Regular logout activity,SUCCESS
766b6a3c-c2b9-419f-97fa-70f3b5ee295d,2025-09-05T14:42:00,9a7a68c7-1b0c-4669-859f-6d352b1e386f,andrew16,QUERY_END,Regular query_end activity,SUCCESS
a9cf07a0-d698-47fc-8c97-d6228957b3a9,2025-09-05T14:42:00,859c34dd-4540-49a3-b26d-f82b1455d905,oatkinson,LOGIN,Regular login activity,SUCCESS
49b483ae-dad9-4d89-b38d-4596b62b5103,2025-09-05T14:42:00,f0c2cfac-cf3b-4053-9e79-a6a4c6bbd187,garciaalison,QUERY_END,Regular query_end activity,SUCCESS
addbef1f-7f1b-40b2-a4fb-7a8fe28a0196,2025-09-05T14:42:00,cea2e75f-1ee1-4b1d-90f5-242f82a02bed,erickennedy,LOGIN,Regular login activity,SUCCESS
fc9e0e79-66e8-4986-b195-42dfc194be03,2025-09-05T14:56:00,4b7e389e-8c78-4e72-ab0b-774df43b399e,hardinjennifer,QUERY_END,Regular query_end activity,SUCCESS
97aa38b2-01d4-4006-9bee-849c33610c78,2025-09-05T14:56:00,4b7e389e-8c78-4e72-ab0b-774df43b399e,hardinjennifer,QUERY_START,Regular query_start activity,SUCCESS
ae6cdd0d-e768-4bfe-a826-7d985f87e65f,2025-09-05T14:56:00,f0c2cfac-cf3b-4053-9e79-a6a4c6bbd187,garciaalison,QUERY_START,Regular query_start activity,SUCCESS
89d7c388-293a-4945-ad40-861e368e63e7,2025-09-05T14:56:00,b92c2609-888c-471e-bf61-4363556df9d8,frank26,LOGOUT,Regular logout activity,SUCCESS
9c241a88-5c08-42c6-8af5-19136e4e751e,2025-09-05T14:56:00,3d8cc43f-0f00-40bd-b8b2-34ac61fc0360,rwilliams,QUERY_START,Regular query_start activity,SUCCESS
5176aaa0-3337-47e6-9402-6b5e4f6cf594,2025-09-05T14:56:00,859c34dd-4540-49a3-b26d-f82b1455d905,oatkinson,LOGOUT,Regular logout activity,SUCCESS
e265a8d4-6e34-49bb-a3e6-c77ed0622ba6,2025-09-05T14:56:00,859c34dd-4540-49a3-b26d-f82b1455d905,oatkinson,LOGIN,Regular login activity,SUCCESS
b40caaf9-6229-4fd2-9b57-84602db292d4,2025-09-05T14:56:00,89e53854-09b7-4b59-8352-a231c51f8687,glarsen,QUERY_END,Regular query_end activity,SUCCESS
7e911af3-2ce0-455c-b89f-0b16a8e2ca25,2025-09-05T14:56:00,b92c2609-888c-471e-bf61-4363556df9d8,frank26,QUERY_END,Regular query_end activity,SUCCESS
2034aa0f-45e0-4681-9d2d-b137ae82136f,2025-09-05T14:56:00,859c34dd-4540-49a3-b26d-f82b1455d905,oatkinson,QUERY_END,Regular query_end activity,SUCCESS
2e1dc38f-1cf1-4661-b1d6-076e35d4be97,2025-09-05T15:07:00,f0c2cfac-cf3b-4053-9e79-a6a4c6bbd187,garciaalison,LOGOUT,Regular logout activity,SUCCESS
943b1e7a-ab38-4a3f-bbab-bef69b5f842c,2025-09-05T15:07:00,859c34dd-4540-49a3-b26d-f82b1455d905,oatkinson,LOGIN,Regular login activity,SUCCESS
5c3f602c-e979-4040-a237-c58d05040c1d,2025-09-05T15:07:00,4663d48b-596a-4f39-b714-8d69ac9a7d2a,robert93,QUERY_START,Regular query_start activity,SUCCESS
660ad5df-be7e-4d25-bf5c-309974e2e3e9,2025-09-05T15:07:00,b92c2609-888c-471e-bf61-4363556df9d8,frank26,QUERY_END,Regular query_end activity,SUCCESS
c9798e09-1e17-40a5-9499-e5b74907bf92,2025-09-05T15:07:00,859c34dd-4540-49a3-b26d-f82b1455d905,oatkinson,QUERY_END,Regular query_end activity,SUCCESS
da0982e9-e2a2-4465-82f7-f75ffaa26f6d,2025-09-05T15:07:00,ac5e7ada-2f2f-4292-a0e4-18083982547a,lliu,LOGIN,Regular login activity,SUCCESS
d2a9a5fb-5068-4e9b-8a43-df4c1cb979fc,2025-09-05T15:07:00,879c852e-e8e8-45c3-9ead-5fa56c9ecfbc,egarcia,QUERY_END,Regular query_end activity,SUCCESS
974d0ce1-0658-42a2-b245-d1d102741e0a,2025-09-05T15:07:00,879c852e-e8e8-45c3-9ead-5fa56c9ecfbc,egarcia,QUERY_END,Regular query_end activity,SUCCESS
44581a4e-ad79-4501-9965-6ccd1d2433b5,2025-09-05T15:07:00,9a7a68c7-1b0c-4669-859f-6d352b1e386f,andrew16,LOGIN,Regular login activity,SUCCESS
996147b8-089b-4dd3-b0d8-9e8ad18073ad,2025-09-05T15:07:00,a3a85592-9f3f-4845-87b8-dd199fcdc3cc,gmoreno,QUERY_START,Regular query_start activity,SUCCESS
181fcad9-6870-44e0-9e19-8b502f6a472a,2025-09-05T15:16:00,4bc8b8f2-4d6e-4d5e-8d40-a7b6b3d6bb03,amandamitchell,QUERY_START,Regular query_start activity,SUCCESS
9ccbef45-4d94-47ea-92a9-4665ba5a4fa1,2025-09-05T15:16:00,ac5e7ada-2f2f-4292-a0e4-18083982547a,lliu,QUERY_START,Regular query_start activity,SUCCESS
42add6c2-aa26-4d69-946f-d4217451ac40,2025-09-05T15:16:00,ac5e7ada-2f2f-4292-a0e4-18083982547a,lliu,QUERY_START,Regular query_start activity,SUCCESS
a415667e-773c-4a37-ae37-dbfa71ca72b0,2025-09-05T15:16:00,4b7e389e-8c78-4e72-ab0b-774df43b399e,hardinjennifer,QUERY_END,Regular query_end activity,SUCCESS
88f00aba-180d-47ed-a0df-e1e5de6e09ba,2025-09-05T15:16:00,89e53854-09b7-4b59-8352-a231c51f8687,glarsen,QUERY_END,Regular query_end activity,SUCCESS
717c982c-0d2b-4022-ae74-da9bf997f301,2025-09-05T15:16:00,b92c2609-888c-471e-bf61-4363556df9d8,frank26,QUERY_END,Regular query_end activity,SUCCESS
bda4db5d-a4df-4daf-9f34-85d51200a675,2025-09-05T15:16:00,9a7a68c7-1b0c-4669-859f-6d352b1e386f,andrew16,QUERY_END,Regular query_end activity,SUCCESS
3f8f03ca-1f64-4f01-99ba-27f8d04e9ef9,2025-09-05T15:16:00,879c852e-e8e8-45c3-9ead-5fa56c9ecfbc,egarcia,LOGIN,Regular login activity,SUCCESS
428f564b-7383-40f0-99cd-081582adf070,2025-09-05T15:16:00,57eba2d7-a4fe-48aa-aa7b-ad0e6f1296b7,jose46,LOGIN,Regular login activity,SUCCESS
3f6427cf-c584-4772-8063-4f98b7b9fa15,2025-09-05T15:16:00,a3a85592-9f3f-4845-87b8-dd199fcdc3cc,gmoreno,LOGIN,Regular login activity,SUCCESS
4c02729b-fb08-496e-bb8a-11efca3dadba,2025-09-05T15:26:00,879c852e-e8e8-45c3-9ead-5fa56c9ecfbc,egarcia,QUERY_START,Regular query_start activity,SUCCESS
68805b0f-f870-48a2-805f-4b5d6c28ea17,2025-09-05T15:26:00,ac5e7ada-2f2f-4292-a0e4-18083982547a,lliu,LOGIN,Regular login activity,SUCCESS
7e161b0c-8251-4305-a4be-fc3f952fb431,2025-09-05T15:26:00,879c852e-e8e8-45c3-9ead-5fa56c9ecfbc,egarcia,LOGIN,Regular login activity,SUCCESS
ec606d6e-d7b2-456f-b811-444f60735ffb,2025-09-05T15:26:00,89e53854-09b7-4b59-8352-a231c51f8687,glarsen,QUERY_START,Regular query_start activity,SUCCESS
df098d27-932e-4042-b3a3-4555786588a3,2025-09-05T15:26:00,89e53854-09b7-4b59-8352-a231c51f8687,glarsen,LOGIN,Regular login activity,SUCCESS
af1cc221-67e8-46b3-a700-95d53715d2cf,2025-09-05T15:26:00,4bc8b8f2-4d6e-4d5e-8d40-a7b6b3d6bb03,amandamitchell,LOGOUT,Regular logout activity,SUCCESS
341a07d9-0990-4a07-8410-931a3acc8808,2025-09-05T15:26:00,4663d48b-596a-4f39-b714-8d69ac9a7d2a,robert93,QUERY_END,Regular query_end activity,SUCCESS
81b3950d-780b-413a-8188-577358b88069,2025-09-05T15:26:00,4b7e389e-8c78-4e72-ab0b-774df43b399e,hardinjennifer,QUERY_START,Regular query_start activity,SUCCESS
c68a7ca3-6351-406f-b41f-30f01d4dbc72,2025-09-05T15:26:00,89e53854-09b7-4b59-8352-a231c51f8687,glarsen,QUERY_START,Regular query_start activity,SUCCESS
29a94cf4-8243-46df-8e5d-5a8b263e54a6,2025-09-05T15:26:00,4bc8b8f2-4d6e-4d5e-8d40-a7b6b3d6bb03,amandamitchell,QUERY_START,Regular query_start activity,SUCCESS
d44e4580-5107-4a53-be3e-15ec61bbc413,2025-09-05T15:40:00,f0c2cfac-cf3b-4053-9e79-a6a4c6bbd187,garciaalison,LOGOUT,Regular logout activity,SUCCESS
ac362c96-52a7-4ae6-8bab-f9743d6962a6,2025-09-05T15:40:00,b92c2609-888c-471e-bf61-4363556df9d8,frank26,QUERY_START,Regular query_start activity,SUCCESS
822ab5f4-4a98-4e78-bbb3-cca6212ee5ee,2025-09-05T15:40:00,a3a85592-9f3f-4845-87b8-dd199fcdc3cc,gmoreno,QUERY_END,Regular query_end activity,SUCCESS
a1b6d551-bfa2-4011-9575-17c1ba1e3277,2025-09-05T15:40:00,ac5e7ada-2f2f-4292-a0e4-18083982547a,lliu,QUERY_START,Regular query_start activity,SUCCESS
4d5c6fce-4fd7-4a90-8475-9af146090a97,2025-09-05T15:40:00,5fb2a072-2bab-4b94-9109-9cbea70c5438,bryancuevas,LOGOUT,Regular logout activity,SUCCESS
8d894c99-1956-4e9c-a526-e05a7611e303,2025-09-05T15:40:00,3d8cc43f-0f00-40bd-b8b2-34ac61fc0360,rwilliams,QUERY_START,Regular query_start activity,SUCCESS
2a9223e0-89ee-48eb-b80c-f5b2f0b391cc,2025-09-05T15:40:00,5fb2a072-2bab-4b94-9109-9cbea70c5438,bryancuevas,LOGIN,Regular login activity,SUCCESS
a7051e95-e092-4914-b4be-ec4657e03be3,2025-09-05T15:40:00,f22aa1cf-fe8b-4e78-8492-b46e0f46ffda,brandtmisty,QUERY_START,Regular query_start activity,SUCCESS
0fb8dff7-dd14-4cc5-90c6-63ae7202427a,2025-09-05T15:40:00,89e53854-09b7-4b59-8352-a231c51f8687,glarsen,QUERY_END,Regular query_end activity,SUCCESS
e16231bf-2d40-4eb5-bfc2-9cef5e1404e3,2025-09-05T15:40:00,cea2e75f-1ee1-4b1d-90f5-242f82a02bed,erickennedy,QUERY_END,Regular query_end activity,SUCCESS
c9fba669-3400-40ea-9b17-3809bed22c26,2025-09-05T15:55:00,3d8cc43f-0f00-40bd-b8b2-34ac61fc0360,rwilliams,QUERY_END,Regular query_end activity,SUCCESS
59b64a99-2099-46a5-b990-5df8e785a299,2025-09-05T15:55:00,4b7e389e-8c78-4e72-ab0b-774df43b399e,hardinjennifer,QUERY_START,Regular query_start activity,SUCCESS
b21f2f0e-19a4-4ce5-aea7-160a2d9a1e10,2025-09-05T15:55:00,a3a85592-9f3f-4845-87b8-dd199fcdc3cc,gmoreno,QUERY_END,Regular query_end activity,SUCCESS
36ed1f7d-0b56-4f4c-9dcf-0dbd31e1d268,2025-09-05T15:55:00,b92c2609-888c-471e-bf61-4363556df9d8,frank26,LOGOUT,Regular logout activity,SUCCESS
eaaa7c70-7dff-451d-9fb2-397e7820e8ec,2025-09-05T15:55:00,4bc8b8f2-4d6e-4d5e-8d40-a7b6b3d6bb03,amandamitchell,LOGIN,Regular login activity,SUCCESS
d490346e-6e74-4972-a885-4910390fa28b,2025-09-05T15:55:00,cea2e75f-1ee1-4b1d-90f5-242f82a02bed,erickennedy,QUERY_END,Regular query_end activity,SUCCESS
a4c44cdc-d4dd-491f-ac9d-99bb24e92cca,2025-09-05T15:55:00,f0c2cfac-cf3b-4053-9e79-a6a4c6bbd187,garciaalison,QUERY_START,Regular query_start activity,SUCCESS
72ec657c-88e0-41e6-b74f-68c656aa58a1,2025-09-05T15:55:00,879c852e-e8e8-45c3-9ead-5fa56c9ecfbc,egarcia,QUERY_START,Regular query_start activity,SUCCESS
65fb7a15-cae3-4f33-8fc8-95327db336d1,2025-09-05T15:55:00,cea2e75f-1ee1-4b1d-90f5-242f82a02bed,erickennedy,LOGIN,Regular login activity,SUCCESS
27726062-dd82-4153-ba1d-3de5504d4339,2025-09-05T15:55:00,82e7a6a3-1f49-4f5a-8a2a-96e5a654a185,codyoconnor,QUERY_START,Regular query_start activity,SUCCESS
2f6720b9-9f0d-489b-84ee-0377958c514a,2025-09-05T16:04:00,3d8cc43f-0f00-40bd-b8b2-34ac61fc0360,rwilliams,QUERY_START,Regular query_start activity,SUCCESS
3c6ccd95-c264-4859-a2f4-3da4580045c4,2025-09-05T16:04:00,a3a85592-9f3f-4845-87b8-dd199fcdc3cc,gmoreno,QUERY_END,Regular query_end activity,SUCCESS
0c398315-ce41-4a7f-be19-1909811d6db5,2025-09-05T16:04:00,00f99f6f-5fcc-490a-84f9-6b24911c0b2e,emilyhamilton,QUERY_START,Regular query_start activity,SUCCESS
b8562e5a-7143-429c-9182-18505d8638fd,2025-09-05T16:04:00,89e53854-09b7-4b59-8352-a231c51f8687,glarsen,QUERY_START,Regular query_start activity,SUCCESS
9fd55bee-bd3e-4a19-b214-d057544cac62,2025-09-05T16:04:00,5fb2a072-2bab-4b94-9109-9cbea70c5438,bryancuevas,QUERY_START,Regular query_start activity,SUCCESS
2f7a6c1f-ba50-4e54-ac2b-cb136037b226,2025-09-05T16:04:00,b92c2609-888c-471e-bf61-4363556df9d8,frank26,LOGIN,Regular login activity,SUCCESS
d05dfc4f-4e17-41aa-9f49-00a5af7f3d41,2025-09-05T16:04:00,a3a85592-9f3f-4845-87b8-dd199fcdc3cc,gmoreno,QUERY_END,Regular query_end activity,SUCCESS
ae9a7a0f-5a56-4da0-ad92-02ecf5cb4809,2025-09-05T16:04:00,4b7e389e-8c78-4e72-ab0b-774df43b399e,hardinjennifer,QUERY_START,Regular query_start activity,SUCCESS
27910fa8-f9e0-4082-8540-3a51e23c0f82,2025-09-05T16:04:00,00f99f6f-5fcc-490a-84f9-6b24911c0b2e,emilyhamilton,QUERY_START,Regular query_start activity,SUCCESS
18e796ad-cab7-42e5-934d-df2a9c22d6ef,2025-09-05T16:04:00,00f99f6f-5fcc-490a-84f9-6b24911c0b2e,emilyhamilton,LOGOUT,Regular logout activity,SUCCESS
8c9dbc47-05de-4b6c-a45e-f3f1ae1fa19b,2025-09-05T16:19:00,4bc8b8f2-4d6e-4d5e-8d40-a7b6b3d6bb03,amandamitchell,QUERY_START,Regular query_start activity,SUCCESS
27c0d970-90d6-414d-a9c3-eb9774e41d31,2025-09-05T16:19:00,4b7e389e-8c78-4e72-ab0b-774df43b399e,hardinjennifer,LOGIN,Regular login activity,SUCCESS
6fa80f55-99b9-4e5c-9f5b-8faef4ce103b,2025-09-05T16:19:00,859c34dd-4540-49a3-b26d-f82b1455d905,oatkinson,QUERY_START,Regular query_start activity,SUCCESS
210af52a-9f76-47ea-ad8d-eb1f1a560791,2025-09-05T16:19:00,cea2e75f-1ee1-4b1d-90f5-242f82a02bed,erickennedy,QUERY_START,Regular query_start activity,SUCCESS
21697ed7-dfd7-4b39-8bb8-c472afc6ba87,2025-09-05T16:19:00,5fb2a072-2bab-4b94-9109-9cbea70c5438,bryancuevas,QUERY_START,Regular query_start activity,SUCCESS
c96f353a-1d15-42e1-872b-2015fba1ee01,2025-09-05T16:19:00,4bc8b8f2-4d6e-4d5e-8d40-a7b6b3d6bb03,amandamitchell,LOGOUT,Regular logout activity,SUCCESS
facc5300-c567-4512-9345-610adddfe376,2025-09-05T16:19:00,879c852e-e8e8-45c3-9ead-5fa56c9ecfbc,egarcia,QUERY_START,Regular query_start activity,SUCCESS
821c0a4a-8b94-4600-9f1b-00096b77715b,2025-09-05T16:19:00,da0f0f7a-8d2c-4ca9-b82e-cda33fba6610,rachel35,QUERY_START,Regular query_start activity,SUCCESS
7f6021fb-0fc2-44fc-a53c-995343bb8c4f,2025-09-05T16:19:00,859c34dd-4540-49a3-b26d-f82b1455d905,oatkinson,LOGOUT,Regular logout activity,SUCCESS
159f8e94-8503-4dd8-a469-f9c958e70244,2025-09-05T16:19:00,9a7a68c7-1b0c-4669-859f-6d352b1e386f,andrew16,LOGIN,Regular login activity,SUCCESS
fc34d22d-7bb8-49c5-b487-8aca68453770,2025-09-05T16:24:00,57eba2d7-a4fe-48aa-aa7b-ad0e6f1296b7,jose46,LOGIN,Regular login activity,SUCCESS
cfa20b1f-4306-496d-8df3-f58e4e546071,2025-09-05T16:24:00,89e53854-09b7-4b59-8352-a231c51f8687,glarsen,LOGIN,Regular login activity,SUCCESS
da0b7c76-91c7-4ae1-9474-68a86ea0d1d5,2025-09-05T16:24:00,82e7a6a3-1f49-4f5a-8a2a-96e5a654a185,codyoconnor,LOGOUT,Regular logout activity,SUCCESS
ccd7506c-842e-4e3f-82c9-e99013c4aa38,2025-09-05T16:24:00,9a7a68c7-1b0c-4669-859f-6d352b1e386f,andrew16,QUERY_END,Regular query_end activity,SUCCESS
99aa26c7-bd04-4b50-aae6-ce2f8552573c,2025-09-05T16:24:00,ac5e7ada-2f2f-4292-a0e4-18083982547a,lliu,LOGIN,Regular login activity,SUCCESS
676f1732-7bc2-4c4e-b376-fec6f683e2cf,2025-09-05T16:24:00,7cd584de-ca92-465c-8ea8-5f7ad356bee6,danasandoval,LOGOUT,Regular logout activity,SUCCESS
df62377d-bd80-46c8-aea8-5b4b3b803384,2025-09-05T16:24:00,879c852e-e8e8-45c3-9ead-5fa56c9ecfbc,egarcia,QUERY_START,Regular query_start activity,SUCCESS
82aa11ab-78fe-44c5-8990-1476834ccf9b,2025-09-05T16:24:00,ac5e7ada-2f2f-4292-a0e4-18083982547a,lliu,QUERY_END,Regular query_end activity,SUCCESS
8f977aa6-5b43-48b8-af5b-0812776a1558,2025-09-05T16:24:00,9a7a68c7-1b0c-4669-859f-6d352b1e386f,andrew16,LOGIN,Regular login activity,SUCCESS
75affec7-14ae-4eb2-a782-98cb7adb185f,2025-09-05T16:24:00,859c34dd-4540-49a3-b26d-f82b1455d905,oatkinson,QUERY_START,Regular query_start activity,SUCCESS
ab33e071-0f52-498e-b325-09122927758e,2025-09-05T16:29:00,a3a85592-9f3f-4845-87b8-dd199fcdc3cc,gmoreno,QUERY_START,Regular query_start activity,SUCCESS
c2e4655b-ae54-4b79-86d5-a3dc1f509bc0,2025-09-05T16:29:00,82e7a6a3-1f49-4f5a-8a2a-96e5a654a185,codyoconnor,LOGOUT,Regular logout activity,SUCCESS
07509c9e-1230-41d7-9e57-1e97f92533d4,2025-09-05T16:29:00,879c852e-e8e8-45c3-9ead-5fa56c9ecfbc,egarcia,LOGIN,Regular login activity,SUCCESS
e857b6b6-6a42-446c-a3e0-783f0753c594,2025-09-05T16:29:00,b92c2609-888c-471e-bf61-4363556df9d8,frank26,QUERY_END,Regular query_end activity,SUCCESS
6a24cd1e-fc55-4550-b789-c381747f65fb,2025-09-05T16:29:00,ac5e7ada-2f2f-4292-a0e4-18083982547a,lliu,LOGIN,Regular login activity,SUCCESS
c0a7d3b8-e37b-42e7-ae18-2ea3cb695b52,2025-09-05T16:29:00,4bc8b8f2-4d6e-4d5e-8d40-a7b6b3d6bb03,amandamitchell,LOGIN,Regular login activity,SUCCESS
b946a667-bd78-4964-a43d-12ee51345934,2025-09-05T16:29:00,cea2e75f-1ee1-4b1d-90f5-242f82a02bed,erickennedy,LOGOUT,Regular logout activity,SUCCESS
24297e4f-b3f9-4225-8459-566775e1d195,2025-09-05T16:29:00,4663d48b-596a-4f39-b714-8d69ac9a7d2a,robert93,QUERY_END,Regular query_end activity,SUCCESS
1170985c-e20e-4b89-989e-ce6d19f8e97c,2025-09-05T16:29:00,4b7e389e-8c78-4e72-ab0b-774df43b399e,hardinjennifer,LOGOUT,Regular logout activity,SUCCESS
59ce7c43-8a2a-4727-9715-1655a5327d3b,2025-09-05T16:29:00,57eba2d7-a4fe-48aa-aa7b-ad0e6f1296b7,jose46,LOGOUT,Regular logout activity,SUCCESS
d2dcea88-40ca-4aed-9ac8-61b0d01f83b3,2025-09-05T16:40:00,ac5e7ada-2f2f-4292-a0e4-18083982547a,lliu,LOGOUT,Regular logout activity,SUCCESS
2bedb141-9194-49fd-ba95-1eed03d04756,2025-09-05T16:40:00,5fb2a072-2bab-4b94-9109-9cbea70c5438,bryancuevas,LOGOUT,Regular logout activity,SUCCESS
dfd0b701-8683-4009-91ea-4e48041855fa,2025-09-05T16:40:00,4663d48b-596a-4f39-b714-8d69ac9a7d2a,robert93,QUERY_START,Regular query_start activity,SUCCESS
09e26308-4305-445b-aa9c-c4f1aef8ecc5,2025-09-05T16:40:00,4663d48b-596a-4f39-b714-8d69ac9a7d2a,robert93,LOGOUT,Regular logout activity,SUCCESS
ffaaf432-203b-4ad3-907c-77404cc4db3f,2025-09-05T16:40:00,9a7a68c7-1b0c-4669-859f-6d352b1e386f,andrew16,QUERY_START,Regular query_start activity,SUCCESS
f823191b-cf4c-4313-8588-fe95e2a14ac7,2025-09-05T16:40:00,a3a85592-9f3f-4845-87b8-dd199fcdc3cc,gmoreno,LOGIN,Regular login activity,SUCCESS
2aa2633e-de0e-478d-8902-a94e708a3c48,2025-09-05T16:40:00,879c852e-e8e8-45c3-9ead-5fa56c9ecfbc,egarcia,QUERY_END,Regular query_end activity,SUCCESS
bd21cda9-036a-422e-bbba-8b9480b7a66d,2025-09-05T16:40:00,4bc8b8f2-4d6e-4d5e-8d40-a7b6b3d6bb03,amandamitchell,QUERY_START,Regular query_start activity,SUCCESS
8c82a987-5dcb-4753-b48b-f21698c4f364,2025-09-05T16:40:00,ac5e7ada-2f2f-4292-a0e4-18083982547a,lliu,QUERY_START,Regular query_start activity,SUCCESS
a6a0fffe-ada5-4a00-b755-f485bce82723,2025-09-05T16:40:00,879c852e-e8e8-45c3-9ead-5fa56c9ecfbc,egarcia,LOGOUT,Regular logout activity,SUCCESS
75efc004-5c64-4abf-a25c-43af56f92db5,2025-09-05T16:54:00,ac5e7ada-2f2f-4292-a0e4-18083982547a,lliu,LOGIN,Regular login activity,SUCCESS
4e63dfe8-8249-4eee-81f2-62facdfced4e,2025-09-05T16:54:00,b92c2609-888c-471e-bf61-4363556df9d8,frank26,LOGIN,Regular login activity,SUCCESS
f55e59c1-ddfc-46a5-946f-1c163c256a91,2025-09-05T16:54:00,00f99f6f-5fcc-490a-84f9-6b24911c0b2e,emilyhamilton,LOGIN,Regular login activity,SUCCESS
35f1be2c-5889-4baf-aebb-6c1819ffa79f,2025-09-05T16:54:00,a3a85592-9f3f-4845-87b8-dd199fcdc3cc,gmoreno,QUERY_START,Regular query_start activity,SUCCESS
a008c4c5-65bb-44a5-a5e9-89be1f16825d,2025-09-05T16:54:00,5fb2a072-2bab-4b94-9109-9cbea70c5438,bryancuevas,LOGOUT,Regular logout activity,SUCCESS
5b976447-b579-48cc-a0d2-f9f5f421a788,2025-09-05T16:54:00,00f99f6f-5fcc-490a-84f9-6b24911c0b2e,emilyhamilton,LOGOUT,Regular logout activity,SUCCESS
ae21c695-4c63-4a07-954f-e57644cdfffc,2025-09-05T16:54:00,5fb2a072-2bab-4b94-9109-9cbea70c5438,bryancuevas,QUERY_START,Regular query_start activity,SUCCESS
1cb239f5-9216-43b1-b747-5a7394d6f1fb,2025-09-05T16:54:00,89e53854-09b7-4b59-8352-a231c51f8687,glarsen,QUERY_END,Regular query_end activity,SUCCESS
88a2e339-4493-4433-bdee-a8f87ae9f2be,2025-09-05T16:54:00,4663d48b-596a-4f39-b714-8d69ac9a7d2a,robert93,QUERY_START,Regular query_start activity,SUCCESS
d4c6c4c2-25ec-4b39-b2d9-0ec5e5461ef9,2025-09-05T16:54:00,89e53854-09b7-4b59-8352-a231c51f8687,glarsen,QUERY_END,Regular query_end activity,SUCCESS
95aa1dcb-ac89-4f80-941e-ab297d5858ef,2025-09-05T17:05:00,da0f0f7a-8d2c-4ca9-b82e-cda33fba6610,rachel35,QUERY_END,Regular query_end activity,SUCCESS
e4dddad0-331a-4c91-b41b-cd7daab2e7db,2025-09-05T17:05:00,57eba2d7-a4fe-48aa-aa7b-ad0e6f1296b7,jose46,QUERY_END,Regular query_end activity,SUCCESS
e0618693-eca5-4ba9-9249-1c0c09ab7e5b,2025-09-05T17:17:00,4bc8b8f2-4d6e-4d5e-8d40-a7b6b3d6bb03,amandamitchell,QUERY_START,Regular query_start activity,SUCCESS
3228798d-8f99-4b94-88e0-532b13fa47e1,2025-09-05T17:17:00,879c852e-e8e8-45c3-9ead-5fa56c9ecfbc,egarcia,LOGOUT,Regular logout activity,SUCCESS
11f3d30a-dc94-4e47-ac85-68d4dbf47ce8,2025-09-05T17:29:00,f0c2cfac-cf3b-4053-9e79-a6a4c6bbd187,garciaalison,QUERY_END,Regular query_end activity,SUCCESS
8dea58a2-ff25-4456-bf7a-b41da89e0dab,2025-09-05T17:29:00,879c852e-e8e8-45c3-9ead-5fa56c9ecfbc,egarcia,QUERY_END,Regular query_end activity,SUCCESS
fe94d176-eb7f-42ce-aadd-4a1ff55d413c,2025-09-05T17:39:00,b92c2609-888c-471e-bf61-4363556df9d8,frank26,QUERY_START,Regular query_start activity,SUCCESS
e894461a-e34b-471c-a4f6-64bc7ffebba2,2025-09-05T17:39:00,7cd584de-ca92-465c-8ea8-5f7ad356bee6,danasandoval,QUERY_START,Regular query_start activity,SUCCESS
572f93ab-aaa1-417d-b3d7-e4f27460d9c1,2025-09-05T17:49:00,da0f0f7a-8d2c-4ca9-b82e-cda33fba6610,rachel35,LOGOUT,Regular logout activity,SUCCESS
9b431809-3e63-48d2-8b43-de46b3569ff8,2025-09-05T17:49:00,f22aa1cf-fe8b-4e78-8492-b46e0f46ffda,brandtmisty,QUERY_START,Regular query_start activity,SUCCESS
54799e70-586c-4f48-bf9f-305ca883dcd7,2025-09-05T17:59:00,5fb2a072-2bab-4b94-9109-9cbea70c5438,bryancuevas,LOGIN,Regular login activity,SUCCESS
5edd73a7-e8ae-4988-a1fc-da76c5cdfe0e,2025-09-05T17:59:00,7cd584de-ca92-465c-8ea8-5f7ad356bee6,danasandoval,LOGOUT,Regular logout activity,SUCCESS
fd85c69c-4860-42f2-88df-d1437a4dcf29,2025-09-05T18:05:00,f22aa1cf-fe8b-4e78-8492-b46e0f46ffda,brandtmisty,QUERY_START,Regular query_start activity,SUCCESS
69528203-7859-4bd7-aa82-9c4c04917be5,2025-09-05T18:05:00,4b7e389e-8c78-4e72-ab0b-774df43b399e,hardinjennifer,QUERY_END,Regular query_end activity,SUCCESS
c1bd0e61-9c76-4ab3-bc23-4e6fd0a50fae,2025-09-05T18:13:00,a3a85592-9f3f-4845-87b8-dd199fcdc3cc,gmoreno,QUERY_END,Regular query_end activity,SUCCESS
1db28c7a-ed04-4bf6-9fd2-ccd400732fb4,2025-09-05T18:13:00,57eba2d7-a4fe-48aa-aa7b-ad0e6f1296b7,jose46,QUERY_END,Regular query_end activity,SUCCESS
46347bf5-4899-48cb-8338-58db5a80cff3,2025-09-05T18:21:00,f22aa1cf-fe8b-4e78-8492-b46e0f46ffda,brandtmisty,QUERY_START,Regular query_start activity,SUCCESS
6d6660ad-aed0-4774-9400-d0101c2fa76b,2025-09-05T18:21:00,ac5e7ada-2f2f-4292-a0e4-18083982547a,lliu,QUERY_END,Regular query_end activity,SUCCESS
f0a3e9a7-5016-4d86-b93b-a5af2c7cda57,2025-09-05T18:27:00,9a7a68c7-1b0c-4669-859f-6d352b1e386f,andrew16,QUERY_END,Regular query_end activity,SUCCESS
ba009e9a-7891-4b88-ae3e-e3d9ae9d003f,2025-09-05T18:27:00,9a7a68c7-1b0c-4669-859f-6d352b1e386f,andrew16,QUERY_START,Regular query_start activity,SUCCESS
4a5bea66-de8d-4763-8c65-cb7351e6e146,2025-09-05T18:37:00,82e7a6a3-1f49-4f5a-8a2a-96e5a654a185,codyoconnor,QUERY_START,Regular query_start activity,SUCCESS
241e1289-db6f-4490-afb4-9d310d06207f,2025-09-05T18:37:00,f0c2cfac-cf3b-4053-9e79-a6a4c6bbd187,garciaalison,LOGOUT,Regular logout activity,SUCCESS
73c98490-bee1-4b80-a031-aa95c7b3539e,2025-09-05T18:48:00,b92c2609-888c-471e-bf61-4363556df9d8,frank26,QUERY_END,Regular query_end activity,SUCCESS
a32525fc-1fd4-4b03-a838-8b0e41b0f744,2025-09-05T18:48:00,89e53854-09b7-4b59-8352-a231c51f8687,glarsen,LOGIN,Regular login activity,SUCCESS
7605bec8-7038-42d4-b113-f4e825e90641,2025-09-05T18:56:00,b92c2609-888c-471e-bf61-4363556df9d8,frank26,LOGIN,Regular login activity,SUCCESS
9fc031c7-a2cc-4e5e-b0c4-8099d0e8291b,2025-09-05T18:56:00,57eba2d7-a4fe-48aa-aa7b-ad0e6f1296b7,jose46,LOGIN,Regular login activity,SUCCESS
5f98e891-615a-4d3f-8ac8-c7daedd71266,2025-09-05T19:11:00,f22aa1cf-fe8b-4e78-8492-b46e0f46ffda,brandtmisty,QUERY_START,Regular query_start activity,SUCCESS
65de7c5c-4129-458a-86a2-5b002c5bb77b,2025-09-05T19:11:00,4bc8b8f2-4d6e-4d5e-8d40-a7b6b3d6bb03,amandamitchell,LOGOUT,Regular logout activity,SUCCESS
e5c83f7f-9352-4b72-8050-2294386d6043,2025-09-05T19:24:00,da0f0f7a-8d2c-4ca9-b82e-cda33fba6610,rachel35,QUERY_END,Regular query_end activity,SUCCESS
b213b7dd-3558-41a9-a514-2c071bbcd5a6,2025-09-05T19:24:00,4bc8b8f2-4d6e-4d5e-8d40-a7b6b3d6bb03,amandamitchell,QUERY_START,Regular query_start activity,SUCCESS
3daaa5cb-9cf9-4417-8adb-60efe6e139e2,2025-09-05T19:37:00,4bc8b8f2-4d6e-4d5e-8d40-a7b6b3d6bb03,amandamitchell,LOGOUT,Regular logout activity,SUCCESS
aee82aa0-59b0-4837-b539-826acfb0ef89,2025-09-05T19:37:00,879c852e-e8e8-45c3-9ead-5fa56c9ecfbc,egarcia,QUERY_START,Regular query_start activity,SUCCESS
9f7334b0-2c55-4f3c-8b9f-f920c13adb95,2025-09-05T19:52:00,89e53854-09b7-4b59-8352-a231c51f8687,glarsen,QUERY_END,Regular query_end activity,SUCCESS
c9595e57-8376-4207-b193-38be54886978,2025-09-05T19:52:00,a3a85592-9f3f-4845-87b8-dd199fcdc3cc,gmoreno,QUERY_END,Regular query_end activity,SUCCESS
d626247e-46e3-45e1-be93-1ea5afd0471d,2025-09-05T19:57:00,f22aa1cf-fe8b-4e78-8492-b46e0f46ffda,brandtmisty,LOGIN,Regular login activity,SUCCESS
cabe334c-8dcb-412d-a8ad-4a7147817d98,2025-09-05T19:57:00,57eba2d7-a4fe-48aa-aa7b-ad0e6f1296b7,jose46,QUERY_END,Regular query_end activity,SUCCESS
9fd4109e-a58a-416d-96d5-3861faf70649,2025-09-05T20:07:00,5fb2a072-2bab-4b94-9109-9cbea70c5438,bryancuevas,QUERY_END,Regular query_end activity,SUCCESS
292c59b7-fb80-4a9d-a051-e1a22d4113b0,2025-09-05T20:07:00,89e53854-09b7-4b59-8352-a231c51f8687,glarsen,QUERY_END,Regular query_end activity,SUCCESS
9b0cf5d7-9964-42a5-8580-7b490d46b085,2025-09-05T20:13:00,9a7a68c7-1b0c-4669-859f-6d352b1e386f,andrew16,QUERY_START,Regular query_start activity,SUCCESS
f99d2ca8-7ab7-4cb0-8d08-c96bb9536c24,2025-09-05T20:13:00,cea2e75f-1ee1-4b1d-90f5-242f82a02bed,erickennedy,LOGOUT,Regular logout activity,SUCCESS
1d5c2313-eb07-4de7-8794-5e02fb1caf84,2025-09-05T20:26:00,4bc8b8f2-4d6e-4d5e-8d40-a7b6b3d6bb03,amandamitchell,QUERY_START,Regular query_start activity,SUCCESS
c10c3160-30de-4973-94d2-411bd4e92b72,2025-09-05T20:26:00,7cd584de-ca92-465c-8ea8-5f7ad356bee6,danasandoval,LOGIN,Regular login activity,SUCCESS
aae7164a-0520-412f-9bc5-15b6124c10d2,2025-09-05T20:39:00,f22aa1cf-fe8b-4e78-8492-b46e0f46ffda,brandtmisty,LOGIN,Regular login activity,SUCCESS
ebbd39b5-19be-4f30-9c08-8f912974359c,2025-09-05T20:39:00,9a7a68c7-1b0c-4669-859f-6d352b1e386f,andrew16,LOGIN,Regular login activity,SUCCESS
20b92aad-0bd3-45af-980c-413bb31d671f,2025-09-05T20:54:00,4bc8b8f2-4d6e-4d5e-8d40-a7b6b3d6bb03,amandamitchell,LOGOUT,Regular logout activity,SUCCESS
97c3204f-6ce4-40c8-8f2d-eecfd503ff24,2025-09-05T20:54:00,ac5e7ada-2f2f-4292-a0e4-18083982547a,lliu,QUERY_START,Regular query_start activity,SUCCESS
1de33e88-1e49-4c6c-8353-9158882689ab,2025-09-05T21:06:00,859c34dd-4540-49a3-b26d-f82b1455d905,oatkinson,LOGOUT,Regular logout activity,SUCCESS
e7529c3c-2269-4cd6-81cb-8a4ef2bdb26e,2025-09-05T21:06:00,89e53854-09b7-4b59-8352-a231c51f8687,glarsen,QUERY_END,Regular query_end activity,SUCCESS
750fa9a0-28f2-4a62-a0c6-82ae1f25ef25,2025-09-05T21:12:00,4bc8b8f2-4d6e-4d5e-8d40-a7b6b3d6bb03,amandamitchell,QUERY_START,Regular query_start activity,SUCCESS
56f2f1e1-b79c-4c70-b1cc-c11283ac2d36,2025-09-05T21:12:00,4bc8b8f2-4d6e-4d5e-8d40-a7b6b3d6bb03,amandamitchell,LOGIN,Regular login activity,SUCCESS
eef5112d-a195-4255-92c5-fdffa53c761d,2025-09-05T21:24:00,5fb2a072-2bab-4b94-9109-9cbea70c5438,bryancuevas,QUERY_START,Regular query_start activity,SUCCESS
a10ec17b-a3d8-4353-a80c-f1755fe830d7,2025-09-05T21:24:00,89e53854-09b7-4b59-8352-a231c51f8687,glarsen,LOGIN,Regular login activity,SUCCESS
74e41d6a-0ad3-44c5-82b1-867b47d1335b,2025-09-05T21:38:00,57eba2d7-a4fe-48aa-aa7b-ad0e6f1296b7,jose46,QUERY_END,Regular query_end activity,SUCCESS
942a4d0b-e305-4a6c-9405-76af6cf4c646,2025-09-05T21:38:00,ac5e7ada-2f2f-4292-a0e4-18083982547a,lliu,QUERY_END,Regular query_end activity,SUCCESS
36b3a15f-9e88-434c-bcc9-ec177349c075,2025-09-05T21:53:00,5fb2a072-2bab-4b94-9109-9cbea70c5438,bryancuevas,LOGOUT,Regular logout activity,SUCCESS
0cc09c4a-4468-4019-b835-47592e3232e1,2025-09-05T21:53:00,7cd584de-ca92-465c-8ea8-5f7ad356bee6,danasandoval,LOGOUT,Regular logout activity,SUCCESS
8d1660ee-8315-4759-b77b-a6a9e8d844ee,2025-09-05T22:07:00,4b7e389e-8c78-4e72-ab0b-774df43b399e,hardinjennifer,LOGIN,Regular login activity,SUCCESS
07ea9b2f-a598-4522-a630-62a7d39ab909,2025-09-05T22:07:00,9a7a68c7-1b0c-4669-859f-6d352b1e386f,andrew16,QUERY_END,Regular query_end activity,SUCCESS
f7027617-6643-4a83-85b8-2669fe6adbe9,2025-09-05T22:19:00,57eba2d7-a4fe-48aa-aa7b-ad0e6f1296b7,jose46,LOGIN,Regular login activity,SUCCESS
929e42c4-4757-4fb7-93e7-6ea222010107,2025-09-05T22:19:00,4b7e389e-8c78-4e72-ab0b-774df43b399e,hardinjennifer,QUERY_END,Regular query_end activity,SUCCESS
ffca525a-8cd9-48ea-ad64-f815e9e88264,2025-09-05T22:32:00,9a7a68c7-1b0c-4669-859f-6d352b1e386f,andrew16,QUERY_START,Regular query_start activity,SUCCESS
929e48e2-fe00-4511-8276-8f8710e72e35,2025-09-05T22:32:00,3d8cc43f-0f00-40bd-b8b2-34ac61fc0360,rwilliams,LOGIN,Regular login activity,SUCCESS
4e2b0dd0-21b6-414d-8e59-070f3ce87912,2025-09-05T22:45:00,4bc8b8f2-4d6e-4d5e-8d40-a7b6b3d6bb03,amandamitchell,LOGOUT,Regular logout activity,SUCCESS
fbcf6988-d19d-4e50-b193-9493303eec0e,2025-09-05T22:45:00,9a7a68c7-1b0c-4669-859f-6d352b1e386f,andrew16,QUERY_END,Regular query_end activity,SUCCESS
b4ef23f5-6918-49ad-be84-ea0b20914302,2025-09-05T22:51:00,4663d48b-596a-4f39-b714-8d69ac9a7d2a,robert93,QUERY_START,Regular query_start activity,SUCCESS
462d9f68-f602-4673-814b-3cab5c86e202,2025-09-05T22:51:00,3d8cc43f-0f00-40bd-b8b2-34ac61fc0360,rwilliams,QUERY_START,Regular query_start activity,SUCCESS
983193e2-ff4a-4c30-8e54-a18fef145174,2025-09-05T22:59:00,82e7a6a3-1f49-4f5a-8a2a-96e5a654a185,codyoconnor,QUERY_START,Regular query_start activity,SUCCESS
8114aac7-c3a3-4c70-a3fa-87c2f3798472,2025-09-05T22:59:00,4bc8b8f2-4d6e-4d5e-8d40-a7b6b3d6bb03,amandamitchell,QUERY_END,Regular query_end activity,SUCCESS
1a91dff2-80e8-4fa4-b081-2555803ccf6a,2025-09-05T23:08:00,b92c2609-888c-471e-bf61-4363556df9d8,frank26,LOGIN,Regular login activity,SUCCESS
adbee8cf-ba37-4dcb-8098-3667a45e798b,2025-09-05T23:08:00,879c852e-e8e8-45c3-9ead-5fa56c9ecfbc,egarcia,LOGIN,Regular login activity,SUCCESS
77ed0922-a31d-46ea-a96e-50a8d336d967,2025-09-05T23:21:00,ac5e7ada-2f2f-4292-a0e4-18083982547a,lliu,LOGOUT,Regular logout activity,SUCCESS
4f72ecae-0f67-4ef1-a02a-0ac6e35e8bf6,2025-09-05T23:21:00,5fb2a072-2bab-4b94-9109-9cbea70c5438,bryancuevas,QUERY_START,Regular query_start activity,SUCCESS
a21b5436-4dda-4b45-b4a8-58c78fc11f6d,2025-09-05T23:28:00,89e53854-09b7-4b59-8352-a231c51f8687,glarsen,QUERY_START,Regular query_start activity,SUCCESS
2f3af5b6-32b7-4065-99b2-979a2934f48a,2025-09-05T23:28:00,f22aa1cf-fe8b-4e78-8492-b46e0f46ffda,brandtmisty,QUERY_START,Regular query_start activity,SUCCESS
1e5b939d-8633-46c0-b578-4badf1854b2b,2025-09-05T23:41:00,f22aa1cf-fe8b-4e78-8492-b46e0f46ffda,brandtmisty,QUERY_START,Regular query_start activity,SUCCESS
23008168-0aec-47c1-a4a0-58139c72ceec,2025-09-05T23:41:00,879c852e-e8e8-45c3-9ead-5fa56c9ecfbc,egarcia,QUERY_END,Regular query_end activity,SUCCESS
7fdb45be-c0bb-4837-8278-6da9bd15f9d7,2025-09-05T23:53:00,ac5e7ada-2f2f-4292-a0e4-18083982547a,lliu,QUERY_END,Regular query_end activity,SUCCESS
34294d41-18a7-44f5-ba5b-28e1ccf48763,2025-09-05T23:53:00,89e53854-09b7-4b59-8352-a231c51f8687,glarsen,LOGOUT,Regular logout activity,SUCCESS
79e855c4-b206-484b-9f5e-d061db683be2,2025-09-05T23:58:00,a3a85592-9f3f-4845-87b8-dd199fcdc3cc,gmoreno,QUERY_START,Regular query_start activity,SUCCESS
3845b787-b730-4b52-9513-7b0899f3a508,2025-09-05T23:58:00,879c852e-e8e8-45c3-9ead-5fa56c9ecfbc,egarcia,LOGIN,Regular login activity,SUCCESS
77da873b-61b6-4933-bc46-21c0e2b00550,2025-09-06T00:08:00,5fb2a072-2bab-4b94-9109-9cbea70c5438,bryancuevas,LOGOUT,Regular logout activity,SUCCESS
deda7af8-8807-4d96-85e4-bfd680d71c1a,2025-09-06T00:08:00,4bc8b8f2-4d6e-4d5e-8d40-a7b6b3d6bb03,amandamitchell,LOGOUT,Regular logout activity,SUCCESS
4b6c6f81-00cc-4a1d-b6d9-b3192ba1c2d1,2025-09-06T00:15:00,00f99f6f-5fcc-490a-84f9-6b24911c0b2e,emilyhamilton,LOGOUT,Regular logout activity,SUCCESS
5244f3e9-5ab7-4efd-a78a-6bc3183ab225,2025-09-06T00:15:00,a3a85592-9f3f-4845-87b8-dd199fcdc3cc,gmoreno,QUERY_END,Regular query_end activity,SUCCESS
14b9644f-237f-4250-b9fd-7edad752f9c6,2025-09-06T00:22:00,3d8cc43f-0f00-40bd-b8b2-34ac61fc0360,rwilliams,LOGIN,Regular login activity,SUCCESS
978f0e6b-7e84-4df7-b7f2-2a8172badab9,2025-09-06T00:22:00,7cd584de-ca92-465c-8ea8-5f7ad356bee6,danasandoval,LOGOUT,Regular logout activity,SUCCESS
acff0ccd-917a-4053-ac87-b9701a91fdf3,2025-09-06T00:35:00,9a7a68c7-1b0c-4669-859f-6d352b1e386f,andrew16,QUERY_START,Regular query_start activity,SUCCESS
43a46832-7ddc-4cd2-8073-2c6a4be7f81f,2025-09-06T00:35:00,879c852e-e8e8-45c3-9ead-5fa56c9ecfbc,egarcia,LOGOUT,Regular logout activity,SUCCESS
93260688-661f-4f60-a06d-fd23b8a89f11,2025-09-06T00:46:00,57eba2d7-a4fe-48aa-aa7b-ad0e6f1296b7,jose46,QUERY_START,Regular query_start activity,SUCCESS
fa68bbaa-1b79-4431-bf5f-c614796d19e3,2025-09-06T00:46:00,89e53854-09b7-4b59-8352-a231c51f8687,glarsen,LOGOUT,Regular logout activity,SUCCESS
72772f6d-a781-494f-b18b-8b96be4097fa,2025-09-06T00:57:00,cea2e75f-1ee1-4b1d-90f5-242f82a02bed,erickennedy,QUERY_START,Regular query_start activity,SUCCESS
ba8682aa-fdc0-472e-a95c-14a64803fba4,2025-09-06T00:57:00,9a7a68c7-1b0c-4669-859f-6d352b1e386f,andrew16,LOGIN,Regular login activity,SUCCESS
08a54c39-57c4-4cf6-854c-3e3e8642624a,2025-09-06T01:10:00,3d8cc43f-0f00-40bd-b8b2-34ac61fc0360,rwilliams,QUERY_START,Regular query_start activity,SUCCESS
e890749e-8d4b-4870-b7d1-b8aad8f11348,2025-09-06T01:10:00,4b7e389e-8c78-4e72-ab0b-774df43b399e,hardinjennifer,LOGIN,Regular login activity,SUCCESS
0ba45130-9c32-4f06-9fe1-4e533831f7db,2025-09-06T01:17:00,7cd584de-ca92-465c-8ea8-5f7ad356bee6,danasandoval,QUERY_START,Regular query_start activity,SUCCESS
152d2aba-f7f2-44f2-b98d-c2fe6107ffbe,2025-09-06T01:17:00,5fb2a072-2bab-4b94-9109-9cbea70c5438,bryancuevas,LOGOUT,Regular logout activity,SUCCESS
61a6b6cb-6612-4d0b-b601-857ff903a6e0,2025-09-06T01:28:00,f0c2cfac-cf3b-4053-9e79-a6a4c6bbd187,garciaalison,LOGOUT,Regular logout activity,SUCCESS
f2397796-9778-4587-bccc-884e99d0661d,2025-09-06T01:28:00,9a7a68c7-1b0c-4669-859f-6d352b1e386f,andrew16,QUERY_START,Regular query_start activity,SUCCESS
41a531d2-9aa3-47cc-8c90-dd47a2ea0e59,2025-09-06T01:34:00,879c852e-e8e8-45c3-9ead-5fa56c9ecfbc,egarcia,QUERY_START,Regular query_start activity,SUCCESS
df3e60af-71de-491e-8546-162a809555ec,2025-09-06T01:34:00,879c852e-e8e8-45c3-9ead-5fa56c9ecfbc,egarcia,QUERY_END,Regular query_end activity,SUCCESS
a2e3bae2-238d-41b0-8d66-6a523e2d7a20,2025-09-06T01:43:00,4bc8b8f2-4d6e-4d5e-8d40-a7b6b3d6bb03,amandamitchell,LOGOUT,Regular logout activity,SUCCESS
b4e889fb-89f7-40a2-8c66-0f0476bf5b15,2025-09-06T01:43:00,57eba2d7-a4fe-48aa-aa7b-ad0e6f1296b7,jose46,LOGOUT,Regular logout activity,SUCCESS
b5f7bf72-7323-4764-9a0d-c7fd79cedf9f,2025-09-06T01:48:00,f22aa1cf-fe8b-4e78-8492-b46e0f46ffda,brandtmisty,LOGOUT,Regular logout activity,SUCCESS
40d44972-1acf-4864-8930-97d2ae9a1c32,2025-09-06T01:48:00,f22aa1cf-fe8b-4e78-8492-b46e0f46ffda,brandtmisty,QUERY_START,Regular query_start activity,SUCCESS
904a55a0-0e3a-4566-90a9-8572f0cecc44,2025-09-06T02:03:00,da0f0f7a-8d2c-4ca9-b82e-cda33fba6610,rachel35,QUERY_END,Regular query_end activity,SUCCESS
1e0d57b5-98fd-4cf4-97cf-24c404e1b232,2025-09-06T02:03:00,da0f0f7a-8d2c-4ca9-b82e-cda33fba6610,rachel35,LOGIN,Regular login activity,SUCCESS
f5d82584-db80-4609-9e70-107844677dcc,2025-09-06T02:14:00,7cd584de-ca92-465c-8ea8-5f7ad356bee6,danasandoval,QUERY_START,Regular query_start activity,SUCCESS
82d81e7a-b167-4460-a4de-c9d1d082e6a2,2025-09-06T02:14:00,4663d48b-596a-4f39-b714-8d69ac9a7d2a,robert93,QUERY_END,Regular query_end activity,SUCCESS
1852c387-5239-4ef7-a822-f2b138f7f639,2025-09-06T02:28:00,57eba2d7-a4fe-48aa-aa7b-ad0e6f1296b7,jose46,LOGOUT,Regular logout activity,SUCCESS
8e3f6140-cbce-4915-9788-3064f55f75bf,2025-09-06T02:28:00,9a7a68c7-1b0c-4669-859f-6d352b1e386f,andrew16,LOGOUT,Regular logout activity,SUCCESS
79b86664-adf7-427a-a834-8868aa557dc1,2025-09-06T02:38:00,4bc8b8f2-4d6e-4d5e-8d40-a7b6b3d6bb03,amandamitchell,QUERY_END,Regular query_end activity,SUCCESS
015935e4-7382-4646-8081-5e1e4a39b90b,2025-09-06T02:38:00,f0c2cfac-cf3b-4053-9e79-a6a4c6bbd187,garciaalison,QUERY_START,Regular query_start activity,SUCCESS
5803f2b1-a55a-4325-a434-604467d29f60,2025-09-06T02:52:00,7cd584de-ca92-465c-8ea8-5f7ad356bee6,danasandoval,LOGIN,Regular login activity,SUCCESS
c177dd3b-5757-4654-932a-d3aeefc3ecb6,2025-09-06T02:52:00,7cd584de-ca92-465c-8ea8-5f7ad356bee6,danasandoval,LOGOUT,Regular logout activity,SUCCESS
7ef45d96-d6fe-4456-af7e-119e47236863,2025-09-06T02:58:00,f22aa1cf-fe8b-4e78-8492-b46e0f46ffda,brandtmisty,LOGIN,Regular login activity,SUCCESS
4152cae9-6f24-4e6d-8cdc-ba9e58a28898,2025-09-06T02:58:00,ac5e7ada-2f2f-4292-a0e4-18083982547a,lliu,LOGOUT,Regular logout activity,SUCCESS
4fbabb9f-abad-4439-b06e-3d8df7269118,2025-09-06T03:13:00,4663d48b-596a-4f39-b714-8d69ac9a7d2a,robert93,LOGIN,Regular login activity,SUCCESS
3b988471-9f4c-40c9-ba0a-3950da18080f,2025-09-06T03:13:00,ac5e7ada-2f2f-4292-a0e4-18083982547a,lliu,QUERY_START,Regular query_start activity,SUCCESS
a3463223-26d4-413f-b6cd-2f4b7b0e6cf4,2025-09-06T03:18:00,4663d48b-596a-4f39-b714-8d69ac9a7d2a,robert93,LOGIN,Regular login activity,SUCCESS
d32d41cc-a3e9-48fb-a146-12bb6e2e3a53,2025-09-06T03:18:00,57eba2d7-a4fe-48aa-aa7b-ad0e6f1296b7,jose46,LOGIN,Regular login activity,SUCCESS
1bed8df8-ceda-4ab6-b12d-2c6afa9ae913,2025-09-06T03:26:00,a3a85592-9f3f-4845-87b8-dd199fcdc3cc,gmoreno,LOGOUT,Regular logout activity,SUCCESS
ad8d06ec-2b13-4da5-a483-a0a578372683,2025-09-06T03:26:00,f0c2cfac-cf3b-4053-9e79-a6a4c6bbd187,garciaalison,QUERY_START,Regular query_start activity,SUCCESS
1f7db457-dc4d-4491-943a-6f9f033bb322,2025-09-06T03:40:00,7cd584de-ca92-465c-8ea8-5f7ad356bee6,danasandoval,QUERY_END,Regular query_end activity,SUCCESS
c7600db2-ddaf-437b-af7d-0ea1c114002d,2025-09-06T03:40:00,879c852e-e8e8-45c3-9ead-5fa56c9ecfbc,egarcia,QUERY_START,Regular query_start activity,SUCCESS
d7978ff6-caf4-4666-8701-5856d9dd3f5a,2025-09-06T03:50:00,7cd584de-ca92-465c-8ea8-5f7ad356bee6,danasandoval,LOGOUT,Regular logout activity,SUCCESS
2640db3d-3d7e-4286-899d-5dcead5f7f36,2025-09-06T03:50:00,00f99f6f-5fcc-490a-84f9-6b24911c0b2e,emilyhamilton,LOGIN,Regular login activity,SUCCESS
acfd78f6-dfc9-4784-8c23-a73cd8e6a831,2025-09-06T03:58:00,4663d48b-596a-4f39-b714-8d69ac9a7d2a,robert93,QUERY_END,Regular query_end activity,SUCCESS
9c0ac18b-a1ea-4ec9-9ce0-95ade709a1ef,2025-09-06T03:58:00,57eba2d7-a4fe-48aa-aa7b-ad0e6f1296b7,jose46,QUERY_START,Regular query_start activity,SUCCESS
34df7acc-ae2e-42d5-9b89-e0e80874ec28,2025-09-06T04:03:00,4bc8b8f2-4d6e-4d5e-8d40-a7b6b3d6bb03,amandamitchell,LOGOUT,Regular logout activity,SUCCESS
0e6d3912-05f3-4256-bbe3-c0ef8796ccf9,2025-09-06T04:03:00,4bc8b8f2-4d6e-4d5e-8d40-a7b6b3d6bb03,amandamitchell,LOGOUT,Regular logout activity,SUCCESS
cbc88c16-a83e-42d3-9f0b-f9765f3a88b3,2025-09-06T04:11:00,f0c2cfac-cf3b-4053-9e79-a6a4c6bbd187,garciaalison,QUERY_START,Regular query_start activity,SUCCESS
6824dad4-f59d-4609-98dc-32d2cc8e61be,2025-09-06T04:11:00,879c852e-e8e8-45c3-9ead-5fa56c9ecfbc,egarcia,QUERY_END,Regular query_end activity,SUCCESS
ce71d83b-d2e6-401b-9760-04f7d3bb1975,2025-09-06T04:19:00,89e53854-09b7-4b59-8352-a231c51f8687,glarsen,QUERY_START,Regular query_start activity,SUCCESS
a3480200-079a-431d-a361-8c13786baa0e,2025-09-06T04:19:00,4bc8b8f2-4d6e-4d5e-8d40-a7b6b3d6bb03,amandamitchell,QUERY_END,Regular query_end activity,SUCCESS
d39cc496-fcbd-466b-a812-1431638a6c4b,2025-09-06T04:30:00,da0f0f7a-8d2c-4ca9-b82e-cda33fba6610,rachel35,QUERY_START,Regular query_start activity,SUCCESS
ce82d5f4-0ce7-4030-b53e-69c1e1b9f8da,2025-09-06T04:30:00,57eba2d7-a4fe-48aa-aa7b-ad0e6f1296b7,jose46,LOGIN,Regular login activity,SUCCESS
a1c7ad83-3d25-4d66-863c-5f51c7c0ff88,2025-09-06T04:36:00,f0c2cfac-cf3b-4053-9e79-a6a4c6bbd187,garciaalison,QUERY_END,Regular query_end activity,SUCCESS
e0a85ddc-5ea4-47fc-9ebb-73b47ecda890,2025-09-06T04:36:00,82e7a6a3-1f49-4f5a-8a2a-96e5a654a185,codyoconnor,LOGIN,Regular login activity,SUCCESS
5aa7d8a4-61b7-444e-864f-3d9078746426,2025-09-06T04:48:00,859c34dd-4540-49a3-b26d-f82b1455d905,oatkinson,LOGOUT,Regular logout activity,SUCCESS
937aac2d-4336-4004-b0bd-618430396d63,2025-09-06T04:48:00,cea2e75f-1ee1-4b1d-90f5-242f82a02bed,erickennedy,QUERY_START,Regular query_start activity,SUCCESS
acb2b2fb-ae48-4798-a9ea-c7436b15a5c4,2025-09-06T04:54:00,b92c2609-888c-471e-bf61-4363556df9d8,frank26,LOGIN,Regular login activity,SUCCESS
bf55a2ff-dd94-4f86-80f8-6df9c2467444,2025-09-06T04:54:00,da0f0f7a-8d2c-4ca9-b82e-cda33fba6610,rachel35,LOGIN,Regular login activity,SUCCESS
28aee625-db5d-4a0e-83fd-dc8ac1278c36,2025-09-06T05:05:00,cea2e75f-1ee1-4b1d-90f5-242f82a02bed,erickennedy,LOGOUT,Regular logout activity,SUCCESS
4e048ef2-a53a-4531-a860-8747e4020c34,2025-09-06T05:05:00,4663d48b-596a-4f39-b714-8d69ac9a7d2a,robert93,LOGOUT,Regular logout activity,SUCCESS
69dae5a2-721f-4529-a943-5dd5a7ba056d,2025-09-06T05:10:00,b92c2609-888c-471e-bf61-4363556df9d8,frank26,LOGOUT,Regular logout activity,SUCCESS
76eb0dc2-7c97-4c2b-9d18-322745c947e4,2025-09-06T05:10:00,879c852e-e8e8-45c3-9ead-5fa56c9ecfbc,egarcia,QUERY_START,Regular query_start activity,SUCCESS
ff734f1a-27f8-40d6-9a5c-e8e1a469d844,2025-09-06T05:25:00,4b7e389e-8c78-4e72-ab0b-774df43b399e,hardinjennifer,QUERY_END,Regular query_end activity,SUCCESS
cfacbaec-618b-457b-85fa-77c16c57f67d,2025-09-06T05:25:00,82e7a6a3-1f49-4f5a-8a2a-96e5a654a185,codyoconnor,QUERY_END,Regular query_end activity,SUCCESS
37d0eb26-5ec7-42df-92fc-f57a78e5c42b,2025-09-06T05:31:00,f0c2cfac-cf3b-4053-9e79-a6a4c6bbd187,garciaalison,QUERY_START,Regular query_start activity,SUCCESS
49a7e608-2ed1-4d00-93b3-5190fc5f6055,2025-09-06T05:31:00,879c852e-e8e8-45c3-9ead-5fa56c9ecfbc,egarcia,QUERY_END,Regular query_end activity,SUCCESS
2467e5a2-0ef2-454b-a51a-ae9d7c8da0f9,2025-09-06T05:41:00,4b7e389e-8c78-4e72-ab0b-774df43b399e,hardinjennifer,QUERY_START,Regular query_start activity,SUCCESS
e3b65bac-f015-4cd8-ae3f-ee408feb5fb4,2025-09-06T05:41:00,859c34dd-4540-49a3-b26d-f82b1455d905,oatkinson,LOGIN,Regular login activity,SUCCESS
15f63229-035b-48a0-8ab5-c572d02513fe,2025-09-06T05:50:00,5fb2a072-2bab-4b94-9109-9cbea70c5438,bryancuevas,LOGIN,Regular login activity,SUCCESS
78f1edad-697c-4bd9-994f-6877659e7a76,2025-09-06T05:50:00,ac5e7ada-2f2f-4292-a0e4-18083982547a,lliu,LOGIN,Regular login activity,SUCCESS
3a6844c2-796d-4c10-9834-3338eb754b9a,2025-09-06T05:55:00,5fb2a072-2bab-4b94-9109-9cbea70c5438,bryancuevas,LOGIN,Regular login activity,SUCCESS
a2e1cd48-0004-4ccb-a9e7-f93661c6f336,2025-09-06T05:55:00,89e53854-09b7-4b59-8352-a231c51f8687,glarsen,LOGIN,Regular login activity,SUCCESS
4e2b38d7-8427-4e35-bf7f-1797c356257f,2025-09-06T06:06:00,879c852e-e8e8-45c3-9ead-5fa56c9ecfbc,egarcia,LOGIN,Regular login activity,SUCCESS
3d3a42b1-a658-4fac-96fa-c70ecbdc02db,2025-09-06T06:06:00,879c852e-e8e8-45c3-9ead-5fa56c9ecfbc,egarcia,QUERY_END,Regular query_end activity,SUCCESS
1a91165e-c278-41d6-ac5d-19dc92cbe255,2025-09-06T06:12:00,b92c2609-888c-471e-bf61-4363556df9d8,frank26,LOGIN,Regular login activity,SUCCESS
422fdb4f-23be-45b0-9b87-2bc2a6f3e640,2025-09-06T06:12:00,5fb2a072-2bab-4b94-9109-9cbea70c5438,bryancuevas,QUERY_END,Regular query_end activity,SUCCESS
4ab4481e-6e4c-4834-884c-2b58230a057f,2025-09-06T06:23:00,a3a85592-9f3f-4845-87b8-dd199fcdc3cc,gmoreno,QUERY_END,Regular query_end activity,SUCCESS
298ae41f-832f-4076-9d41-c1e38e57d537,2025-09-06T06:23:00,5fb2a072-2bab-4b94-9109-9cbea70c5438,bryancuevas,LOGIN,Regular login activity,SUCCESS
242cdaf8-3580-41f3-aa27-61872feaa795,2025-09-06T06:34:00,9a7a68c7-1b0c-4669-859f-6d352b1e386f,andrew16,QUERY_END,Regular query_end activity,SUCCESS
829a30c5-1f77-4097-aa05-a8ef5fea5e5a,2025-09-06T06:34:00,4663d48b-596a-4f39-b714-8d69ac9a7d2a,robert93,QUERY_END,Regular query_end activity,SUCCESS
262d9b6f-c615-475f-ab7b-30b93893986d,2025-09-06T06:49:00,cea2e75f-1ee1-4b1d-90f5-242f82a02bed,erickennedy,QUERY_START,Regular query_start activity,SUCCESS
69402b4c-cff7-48bf-8cc5-547bc98594a2,2025-09-06T06:49:00,859c34dd-4540-49a3-b26d-f82b1455d905,oatkinson,LOGIN,Regular login activity,SUCCESS
ebce25cc-f9d7-48d6-a0b4-a5ec9dedb6a5,2025-09-06T07:03:00,9a7a68c7-1b0c-4669-859f-6d352b1e386f,andrew16,QUERY_END,Regular query_end activity,SUCCESS
83ac3a35-981b-4331-8feb-afc83eed0c13,2025-09-06T07:03:00,b92c2609-888c-471e-bf61-4363556df9d8,frank26,QUERY_START,Regular query_start activity,SUCCESS
410f5065-00dc-4593-bdd5-375d01b54de4,2025-09-06T07:10:00,9a7a68c7-1b0c-4669-859f-6d352b1e386f,andrew16,QUERY_START,Regular query_start activity,SUCCESS
c815baa5-a6db-46d0-b248-077b9623fa8a,2025-09-06T07:10:00,4bc8b8f2-4d6e-4d5e-8d40-a7b6b3d6bb03,amandamitchell,LOGIN,Regular login activity,SUCCESS
30b18db5-1394-42d5-963b-877d64b5fa40,2025-09-06T07:19:00,859c34dd-4540-49a3-b26d-f82b1455d905,oatkinson,LOGOUT,Regular logout activity,SUCCESS
c2a651f5-a4ac-43c8-8dc1-4bfdd5064064,2025-09-06T07:19:00,4663d48b-596a-4f39-b714-8d69ac9a7d2a,robert93,QUERY_END,Regular query_end activity,SUCCESS
2dcd59d2-3b98-4ea2-bcf6-2f1adff39d3c,2025-09-06T07:25:00,859c34dd-4540-49a3-b26d-f82b1455d905,oatkinson,LOGIN,Regular login activity,SUCCESS
4c2b72ad-eb7a-4986-bce1-be31f26eb248,2025-09-06T07:25:00,f0c2cfac-cf3b-4053-9e79-a6a4c6bbd187,garciaalison,LOGOUT,Regular logout activity,SUCCESS
bb9ad7f8-3cd4-49a5-9c40-0e040d5ed9ba,2025-09-06T07:34:00,f0c2cfac-cf3b-4053-9e79-a6a4c6bbd187,garciaalison,LOGIN,Regular login activity,SUCCESS
7695cfe7-358d-40b9-85ea-564aa4c62d17,2025-09-06T07:34:00,859c34dd-4540-49a3-b26d-f82b1455d905,oatkinson,LOGOUT,Regular logout activity,SUCCESS
d8b31a14-4806-4762-9956-41465def1329,2025-09-06T07:48:00,4663d48b-596a-4f39-b714-8d69ac9a7d2a,robert93,LOGOUT,Regular logout activity,SUCCESS
ecae98da-214a-4bcf-8af1-f477aef073f3,2025-09-06T07:48:00,82e7a6a3-1f49-4f5a-8a2a-96e5a654a185,codyoconnor,QUERY_START,Regular query_start activity,SUCCESS
aedc9694-eb90-454f-9a45-6c794b138b8c,2025-09-06T07:59:00,57eba2d7-a4fe-48aa-aa7b-ad0e6f1296b7,jose46,LOGOUT,Regular logout activity,SUCCESS
2f506535-0402-47e7-9081-64b497e60016,2025-09-06T07:59:00,82e7a6a3-1f49-4f5a-8a2a-96e5a654a185,codyoconnor,QUERY_END,Regular query_end activity,SUCCESS
cdb3bad4-2ceb-44ed-a5e0-c36168416a40,2025-09-06T08:14:00,a3a85592-9f3f-4845-87b8-dd199fcdc3cc,gmoreno,QUERY_END,Regular query_end activity,SUCCESS
21f53c07-1aa2-4fa6-89eb-d728c1087ad9,2025-09-06T08:14:00,da0f0f7a-8d2c-4ca9-b82e-cda33fba6610,rachel35,LOGIN,Regular login activity,SUCCESS
5257c823-22dd-4f57-a3ba-c756c0427661,2025-09-06T08:27:00,4663d48b-596a-4f39-b714-8d69ac9a7d2a,robert93,QUERY_END,Regular query_end activity,SUCCESS
d2061623-9312-4738-b111-0b1f6790ebb1,2025-09-06T08:27:00,4663d48b-596a-4f39-b714-8d69ac9a7d2a,robert93,QUERY_START,Regular query_start activity,SUCCESS
dc70d335-2846-47f0-9267-fdcf899d8d4e,2025-09-06T08:38:00,f22aa1cf-fe8b-4e78-8492-b46e0f46ffda,brandtmisty,LOGOUT,Regular logout activity,SUCCESS
41decf79-0772-4b53-bfa9-728cf99fd915,2025-09-06T08:38:00,859c34dd-4540-49a3-b26d-f82b1455d905,oatkinson,QUERY_END,Regular query_end activity,SUCCESS
7c6f93e3-71d9-49e4-81e5-77e66eb68ecf,2025-09-06T08:43:00,a3a85592-9f3f-4845-87b8-dd199fcdc3cc,gmoreno,QUERY_START,Regular query_start activity,SUCCESS
9e38e505-8007-407a-8ebd-ab16f181788f,2025-09-06T08:43:00,3d8cc43f-0f00-40bd-b8b2-34ac61fc0360,rwilliams,QUERY_END,Regular query_end activity,SUCCESS
dbe5cd4a-3cd7-4efd-9804-f3b88d29b9d8,2025-09-06T08:56:00,f22aa1cf-fe8b-4e78-8492-b46e0f46ffda,brandtmisty,LOGOUT,Regular logout activity,SUCCESS
9c4a29bb-7d70-4783-8aae-fc8322a358b5,2025-09-06T08:56:00,7cd584de-ca92-465c-8ea8-5f7ad356bee6,danasandoval,QUERY_START,Regular query_start activity,SUCCESS
d22e234f-239a-4b5c-a3d0-898801342aa4,2025-09-06T09:09:00,da0f0f7a-8d2c-4ca9-b82e-cda33fba6610,rachel35,QUERY_END,Regular query_end activity,SUCCESS
fa296e62-a4c5-4006-93a1-db839316fff0,2025-09-06T09:09:00,00f99f6f-5fcc-490a-84f9-6b24911c0b2e,emilyhamilton,QUERY_END,Regular query_end activity,SUCCESS
1562f2a1-991d-4bbc-a4d0-912aaf2067a8,2025-09-06T09:16:00,ac5e7ada-2f2f-4292-a0e4-18083982547a,lliu,QUERY_START,Regular query_start activity,SUCCESS
f5746d07-72f2-45c9-8cea-3127dd46b2e1,2025-09-06T09:16:00,7cd584de-ca92-465c-8ea8-5f7ad356bee6,danasandoval,LOGIN,Regular login activity,SUCCESS
87cebad9-78fd-4522-8bdf-999217b988b9,2025-09-06T09:31:00,cea2e75f-1ee1-4b1d-90f5-242f82a02bed,erickennedy,QUERY_START,Regular query_start activity,SUCCESS
955e2b57-f860-4197-b749-029cb3c9553b,2025-09-06T09:31:00,4bc8b8f2-4d6e-4d5e-8d40-a7b6b3d6bb03,amandamitchell,LOGOUT,Regular logout activity,SUCCESS
999fd7cb-5a72-4efb-a5c9-4c0951a9e45f,2025-09-06T09:46:00,82e7a6a3-1f49-4f5a-8a2a-96e5a654a185,codyoconnor,QUERY_START,Regular query_start activity,SUCCESS
86ad5c8f-0e3e-4f39-928c-a8728e474e57,2025-09-06T09:46:00,f22aa1cf-fe8b-4e78-8492-b46e0f46ffda,brandtmisty,QUERY_END,Regular query_end activity,SUCCESS
59d7cee6-ec0a-466f-9e4a-6d3942982c46,2025-09-06T09:53:00,4b7e389e-8c78-4e72-ab0b-774df43b399e,hardinjennifer,QUERY_END,Regular query_end activity,SUCCESS
b600a25e-5a6a-4039-93f5-69cc6bd74e34,2025-09-06T09:53:00,4bc8b8f2-4d6e-4d5e-8d40-a7b6b3d6bb03,amandamitchell,QUERY_START,Regular query_start activity,SUCCESS
835de5cc-6cdf-4b49-af92-cdc0a31fa85f,2025-09-06T10:05:00,5fb2a072-2bab-4b94-9109-9cbea70c5438,bryancuevas,LOGOUT,Regular logout activity,SUCCESS
ab68021d-e68c-403c-9211-e430b13f2af3,2025-09-06T10:05:00,f22aa1cf-fe8b-4e78-8492-b46e0f46ffda,brandtmisty,QUERY_END,Regular query_end activity,SUCCESS
d5238538-0535-464f-9d2d-09335675aeb8,2025-09-06T10:12:00,a3a85592-9f3f-4845-87b8-dd199fcdc3cc,gmoreno,QUERY_END,Regular query_end activity,SUCCESS
6203b80a-6ceb-4492-a109-d5fcb1b2cd86,2025-09-06T10:12:00,a3a85592-9f3f-4845-87b8-dd199fcdc3cc,gmoreno,LOGOUT,Regular logout activity,SUCCESS
f19f419c-5aee-44ef-a6ae-6ccce248a3ff,2025-09-06T10:26:00,859c34dd-4540-49a3-b26d-f82b1455d905,oatkinson,QUERY_START,Regular query_start activity,SUCCESS
c6f16197-f91f-4eda-aacb-ce136f5326b4,2025-09-06T10:26:00,da0f0f7a-8d2c-4ca9-b82e-cda33fba6610,rachel35,LOGOUT,Regular logout activity,SUCCESS
ba2b30f3-02cf-4a3e-b3cd-e005c86855a9,2025-09-06T10:31:00,cea2e75f-1ee1-4b1d-90f5-242f82a02bed,erickennedy,LOGOUT,Regular logout activity,SUCCESS
a54de231-d3e2-4e5b-8c97-89febac4c3d7,2025-09-06T10:31:00,b92c2609-888c-471e-bf61-4363556df9d8,frank26,LOGIN,Regular login activity,SUCCESS
b08e7e83-7762-4f28-8d7e-dff5de16e762,2025-09-06T10:41:00,4bc8b8f2-4d6e-4d5e-8d40-a7b6b3d6bb03,amandamitchell,LOGIN,Regular login activity,SUCCESS
5b4b6c2b-a87f-4aee-882b-00ac4b904048,2025-09-06T10:41:00,4663d48b-596a-4f39-b714-8d69ac9a7d2a,robert93,QUERY_START,Regular query_start activity,SUCCESS
f116be56-1460-4dfc-9f82-66a95cd93e14,2025-09-06T10:54:00,879c852e-e8e8-45c3-9ead-5fa56c9ecfbc,egarcia,LOGIN,Regular login activity,SUCCESS
b2464af1-2b1a-4ad4-b506-c45a29e3a4f5,2025-09-06T10:54:00,879c852e-e8e8-45c3-9ead-5fa56c9ecfbc,egarcia,LOGOUT,Regular logout activity,SUCCESS
68f27e9f-01ac-453f-a469-c6433fe698a9,2025-09-06T11:03:00,b92c2609-888c-471e-bf61-4363556df9d8,frank26,LOGIN,Regular login activity,SUCCESS
64e0f11f-9ce3-494e-bfeb-a93a33dbb0a9,2025-09-06T11:03:00,859c34dd-4540-49a3-b26d-f82b1455d905,oatkinson,LOGIN,Regular login activity,SUCCESS
2a90934d-4fc3-4f22-943a-7de13a5f2764,2025-09-06T11:11:00,82e7a6a3-1f49-4f5a-8a2a-96e5a654a185,codyoconnor,LOGIN,Regular login activity,SUCCESS
6856f347-af05-448f-80d6-39e7fdaaa931,2025-09-06T11:11:00,a3a85592-9f3f-4845-87b8-dd199fcdc3cc,gmoreno,LOGOUT,Regular logout activity,SUCCESS
57c2e50c-5923-4024-a89d-2db6fe288152,2025-09-06T11:16:00,a3a85592-9f3f-4845-87b8-dd199fcdc3cc,gmoreno,QUERY_START,Regular query_start activity,SUCCESS
dd49dbf3-e8b5-4d30-9d66-3047ed08c1be,2025-09-06T11:16:00,ac5e7ada-2f2f-4292-a0e4-18083982547a,lliu,QUERY_START,Regular query_start activity,SUCCESS
75cd1860-a097-49ab-b1e6-e74fcb995b4e,2025-09-06T11:29:00,4b7e389e-8c78-4e72-ab0b-774df43b399e,hardinjennifer,QUERY_START,Regular query_start activity,SUCCESS
e1f07c7d-11c8-4f9b-acfd-bdc124d32874,2025-09-06T11:29:00,82e7a6a3-1f49-4f5a-8a2a-96e5a654a185,codyoconnor,LOGIN,Regular login activity,SUCCESS
caa78b3b-492b-4371-b795-47797c86a749,2025-09-06T11:40:00,4b7e389e-8c78-4e72-ab0b-774df43b399e,hardinjennifer,QUERY_END,Regular query_end activity,SUCCESS
9ad07d25-c368-401f-aa33-cca010b988dc,2025-09-06T11:40:00,9a7a68c7-1b0c-4669-859f-6d352b1e386f,andrew16,QUERY_END,Regular query_end activity,SUCCESS
c8f09bbe-440d-4bfb-b9a9-4f9e238b6f5f,2025-09-06T11:46:00,5fb2a072-2bab-4b94-9109-9cbea70c5438,bryancuevas,LOGOUT,Regular logout activity,SUCCESS
a5bfd9b9-30e1-4762-a207-91f517293752,2025-09-06T11:46:00,00f99f6f-5fcc-490a-84f9-6b24911c0b2e,emilyhamilton,QUERY_END,Regular query_end activity,SUCCESS
c4e5b625-6cbb-4363-8e4e-a5dcfa50a18b,2025-09-06T11:55:00,4663d48b-596a-4f39-b714-8d69ac9a7d2a,robert93,QUERY_START,Regular query_start activity,SUCCESS
141899e9-bf81-459d-bd39-9fb2b75610a6,2025-09-06T11:55:00,ac5e7ada-2f2f-4292-a0e4-18083982547a,lliu,QUERY_END,Regular query_end activity,SUCCESS
e1202df8-639c-4f0c-818b-c2fbf6ee78d1,2025-09-06T12:04:00,3d8cc43f-0f00-40bd-b8b2-34ac61fc0360,rwilliams,LOGOUT,Regular logout activity,SUCCESS
5919923c-bd36-4fae-9258-406471af5c97,2025-09-06T12:04:00,879c852e-e8e8-45c3-9ead-5fa56c9ecfbc,egarcia,LOGIN,Regular login activity,SUCCESS
aeaffd6b-1493-41a8-a3b4-deb403674549,2025-09-06T12:11:00,9a7a68c7-1b0c-4669-859f-6d352b1e386f,andrew16,QUERY_END,Regular query_end activity,SUCCESS
2f87342f-3fe6-420c-afdb-1724dda68a3f,2025-09-06T12:11:00,b92c2609-888c-471e-bf61-4363556df9d8,frank26,LOGIN,Regular login activity,SUCCESS
289b8135-1f0e-4e9a-b3b2-0e8e64c1bbb1,2025-09-06T12:24:00,b92c2609-888c-471e-bf61-4363556df9d8,frank26,QUERY_END,Regular query_end activity,SUCCESS
91c79353-87f2-4678-8dd2-7921853138e4,2025-09-06T12:24:00,57eba2d7-a4fe-48aa-aa7b-ad0e6f1296b7,jose46,QUERY_END,Regular query_end activity,SUCCESS
f1ee6257-fcd2-42ab-90b9-c3835f57cd04,2025-09-06T12:32:00,89e53854-09b7-4b59-8352-a231c51f8687,glarsen,LOGIN,Regular login activity,SUCCESS
c00daf17-ba22-4ce7-8a1c-0d30c146e0b2,2025-09-06T12:32:00,89e53854-09b7-4b59-8352-a231c51f8687,glarsen,QUERY_START,Regular query_start activity,SUCCESS
6268f1a2-d0e2-4793-8159-027de626ee06,2025-09-06T12:41:00,cea2e75f-1ee1-4b1d-90f5-242f82a02bed,erickennedy,LOGIN,Regular login activity,SUCCESS
9cc67180-800e-44d8-918e-6eb02869872c,2025-09-06T12:41:00,89e53854-09b7-4b59-8352-a231c51f8687,glarsen,QUERY_END,Regular query_end activity,SUCCESS
212db407-ecad-4f91-ac9f-697a1645cd1a,2025-09-06T12:56:00,b92c2609-888c-471e-bf61-4363556df9d8,frank26,QUERY_END,Regular query_end activity,SUCCESS
a34618b4-e71f-4c6a-91ed-22f2c5311051,2025-09-06T12:56:00,82e7a6a3-1f49-4f5a-8a2a-96e5a654a185,codyoconnor,QUERY_START,Regular query_start activity,SUCCESS
9182d607-0533-4437-855a-490f11f40c33,2025-09-06T13:08:00,89e53854-09b7-4b59-8352-a231c51f8687,glarsen,LOGIN,Regular login activity,SUCCESS
bd80b3a4-e91e-4138-ab94-faa1d60340ef,2025-09-06T13:08:00,f22aa1cf-fe8b-4e78-8492-b46e0f46ffda,brandtmisty,LOGOUT,Regular logout activity,SUCCESS
15654333-24b1-4222-bf30-09130d4cb2a2,2025-09-06T13:18:00,3d8cc43f-0f00-40bd-b8b2-34ac61fc0360,rwilliams,LOGIN,Regular login activity,SUCCESS
1354142c-68fb-484d-b9ac-ca6885b18d77,2025-09-06T13:18:00,f22aa1cf-fe8b-4e78-8492-b46e0f46ffda,brandtmisty,QUERY_START,Regular query_start activity,SUCCESS
b35db770-54a5-48db-a31f-ea005d1ffcc5,2025-09-06T13:27:00,57eba2d7-a4fe-48aa-aa7b-ad0e6f1296b7,jose46,LOGIN,Regular login activity,SUCCESS
7ddf01f7-96d3-469f-8734-8422edd00556,2025-09-06T13:27:00,a3a85592-9f3f-4845-87b8-dd199fcdc3cc,gmoreno,LOGOUT,Regular logout activity,SUCCESS
0d705f29-be96-482e-8755-19610616ab3f,2025-09-06T13:42:00,da0f0f7a-8d2c-4ca9-b82e-cda33fba6610,rachel35,LOGOUT,Regular logout activity,SUCCESS
51a2ff5e-38af-4fb2-97dc-4c3fd3cdae3a,2025-09-06T13:42:00,9a7a68c7-1b0c-4669-859f-6d352b1e386f,andrew16,QUERY_START,Regular query_start activity,SUCCESS
7d006247-feb0-4b68-bc60-df2390bec70e,2025-09-06T13:56:00,a3a85592-9f3f-4845-87b8-dd199fcdc3cc,gmoreno,QUERY_END,Regular query_end activity,SUCCESS
380ea49a-0062-4f57-ac7b-99c2e5751b68,2025-09-06T13:56:00,cea2e75f-1ee1-4b1d-90f5-242f82a02bed,erickennedy,QUERY_START,Regular query_start activity,SUCCESS
ab4e49f7-9186-412c-9293-c7ca5f56d307,2025-09-06T14:06:00,3d8cc43f-0f00-40bd-b8b2-34ac61fc0360,rwilliams,LOGIN,Regular login activity,SUCCESS
0233acab-f1a1-4c00-b3af-e9f3a97630aa,2025-09-06T14:06:00,4bc8b8f2-4d6e-4d5e-8d40-a7b6b3d6bb03,amandamitchell,QUERY_START,Regular query_start activity,SUCCESS
35da0524-5c85-4803-93fc-be320dc35af7,2025-09-06T14:13:00,f22aa1cf-fe8b-4e78-8492-b46e0f46ffda,brandtmisty,LOGIN,Regular login activity,SUCCESS
a08e640d-dae7-4c9c-8b85-918385a7a756,2025-09-06T14:13:00,b92c2609-888c-471e-bf61-4363556df9d8,frank26,LOGOUT,Regular logout activity,SUCCESS
9f16d2cc-49e1-48c1-ac41-02a7e8ec5900,2025-09-06T14:20:00,879c852e-e8e8-45c3-9ead-5fa56c9ecfbc,egarcia,QUERY_START,Regular query_start activity,SUCCESS
daff608b-1935-44b8-8dfa-32ad9066f873,2025-09-06T14:20:00,f0c2cfac-cf3b-4053-9e79-a6a4c6bbd187,garciaalison,QUERY_END,Regular query_end activity,SUCCESS
c6fa2aeb-b6c5-4bcb-9ddf-21511a2826c9,2025-09-06T14:34:00,da0f0f7a-8d2c-4ca9-b82e-cda33fba6610,rachel35,QUERY_START,Regular query_start activity,SUCCESS
7127d607-ce8e-459a-b9a1-802afca367d4,2025-09-06T14:34:00,89e53854-09b7-4b59-8352-a231c51f8687,glarsen,LOGOUT,Regular logout activity,SUCCESS
a7f6607c-ab9c-411b-badb-90757ce19d7e,2025-09-06T14:40:00,4b7e389e-8c78-4e72-ab0b-774df43b399e,hardinjennifer,LOGIN,Regular login activity,SUCCESS
101a60ff-d854-46ae-a008-cdc7f47d4dfd,2025-09-06T14:40:00,f0c2cfac-cf3b-4053-9e79-a6a4c6bbd187,garciaalison,QUERY_START,Regular query_start activity,SUCCESS
af0e7c18-ace7-428c-b84a-4d1919d4a82f,2025-09-06T14:48:00,ac5e7ada-2f2f-4292-a0e4-18083982547a,lliu,QUERY_START,Regular query_start activity,SUCCESS
d9d03ce2-cfff-42fe-b16c-028e6820d8d8,2025-09-06T14:48:00,4b7e389e-8c78-4e72-ab0b-774df43b399e,hardinjennifer,QUERY_START,Regular query_start activity,SUCCESS
65417ce2-4037-449a-89cd-cec99c114c60,2025-09-06T14:57:00,4b7e389e-8c78-4e72-ab0b-774df43b399e,hardinjennifer,LOGOUT,Regular logout activity,SUCCESS
bc1a326b-2aab-4d09-b1a5-9f5ddd698e52,2025-09-06T14:57:00,f0c2cfac-cf3b-4053-9e79-a6a4c6bbd187,garciaalison,LOGIN,Regular login activity,SUCCESS
83f946e1-0451-4b67-a644-d238adbcbb48,2025-09-06T15:12:00,b92c2609-888c-471e-bf61-4363556df9d8,frank26,QUERY_END,Regular query_end activity,SUCCESS
92f30651-2b84-48e2-a011-361dd9938dbb,2025-09-06T15:12:00,a3a85592-9f3f-4845-87b8-dd199fcdc3cc,gmoreno,QUERY_START,Regular query_start activity,SUCCESS
4f4cc0d4-828e-4509-a0c8-6465080ada3f,2025-09-06T15:25:00,a3a85592-9f3f-4845-87b8-dd199fcdc3cc,gmoreno,LOGIN,Regular login activity,SUCCESS
fa4a5763-b3ce-497e-b70c-5375f1131f80,2025-09-06T15:25:00,5fb2a072-2bab-4b94-9109-9cbea70c5438,bryancuevas,QUERY_START,Regular query_start activity,SUCCESS
d362317b-833b-470b-9363-7292ad66af87,2025-09-06T15:36:00,ac5e7ada-2f2f-4292-a0e4-18083982547a,lliu,LOGOUT,Regular logout activity,SUCCESS
3bc7d4bb-bc67-499c-981c-a39f1d442c48,2025-09-06T15:36:00,7cd584de-ca92-465c-8ea8-5f7ad356bee6,danasandoval,LOGOUT,Regular logout activity,SUCCESS
4c48cb65-def7-49a4-b5bd-5556707d21fb,2025-09-06T15:50:00,cea2e75f-1ee1-4b1d-90f5-242f82a02bed,erickennedy,LOGOUT,Regular logout activity,SUCCESS
118ab7b5-2acf-4028-a457-4322c27b37ef,2025-09-06T15:50:00,5fb2a072-2bab-4b94-9109-9cbea70c5438,bryancuevas,LOGOUT,Regular logout activity,SUCCESS
665f0d62-2933-4177-a051-c8071a6e93b0,2025-09-06T16:03:00,f22aa1cf-fe8b-4e78-8492-b46e0f46ffda,brandtmisty,QUERY_END,Regular query_end activity,SUCCESS
14d4107a-4760-48ff-84fa-e17989550600,2025-09-06T16:03:00,879c852e-e8e8-45c3-9ead-5fa56c9ecfbc,egarcia,LOGIN,Regular login activity,SUCCESS
7ea1c2c2-8901-4837-91ca-aa56a54e011a,2025-09-06T16:14:00,4b7e389e-8c78-4e72-ab0b-774df43b399e,hardinjennifer,QUERY_END,Regular query_end activity,SUCCESS
ffacf974-efca-4460-ada0-8e0aea93c48c,2025-09-06T16:14:00,ac5e7ada-2f2f-4292-a0e4-18083982547a,lliu,LOGOUT,Regular logout activity,SUCCESS
e9ffb1c9-ed34-44bc-869b-0486558d8724,2025-09-06T16:26:00,4663d48b-596a-4f39-b714-8d69ac9a7d2a,robert93,LOGOUT,Regular logout activity,SUCCESS
84dae02c-d700-4601-af9d-d9b2d6d3c0c6,2025-09-06T16:26:00,4b7e389e-8c78-4e72-ab0b-774df43b399e,hardinjennifer,LOGIN,Regular login activity,SUCCESS
aded0c27-0976-4921-8402-7161402ce5b1,2025-09-06T16:37:00,82e7a6a3-1f49-4f5a-8a2a-96e5a654a185,codyoconnor,QUERY_START,Regular query_start activity,SUCCESS
c5100039-cc1f-4f80-a877-6239fc25501d,2025-09-06T16:37:00,82e7a6a3-1f49-4f5a-8a2a-96e5a654a185,codyoconnor,LOGOUT,Regular logout activity,SUCCESS
26ec61bb-b018-4a6e-8f71-71b355b700f9,2025-09-06T16:42:00,f22aa1cf-fe8b-4e78-8492-b46e0f46ffda,brandtmisty,QUERY_START,Regular query_start activity,SUCCESS
57c999b7-c5f1-49d2-9565-4a5a4173bc00,2025-09-06T16:42:00,3d8cc43f-0f00-40bd-b8b2-34ac61fc0360,rwilliams,LOGIN,Regular login activity,SUCCESS
89267e66-1ee8-4db4-89ea-4307cfc482f8,2025-09-06T16:47:00,a3a85592-9f3f-4845-87b8-dd199fcdc3cc,gmoreno,LOGIN,Regular login activity,SUCCESS
57101edb-8042-4c75-9dfd-4b87cc7ae46b,2025-09-06T16:47:00,879c852e-e8e8-45c3-9ead-5fa56c9ecfbc,egarcia,LOGIN,Regular login activity,SUCCESS
b3bacfe4-f94a-405e-a289-7720168ada48,2025-09-06T17:02:00,4663d48b-596a-4f39-b714-8d69ac9a7d2a,robert93,LOGIN,Regular login activity,SUCCESS
68442105-f400-47e9-923a-b22d0282b4c4,2025-09-06T17:02:00,9a7a68c7-1b0c-4669-859f-6d352b1e386f,andrew16,QUERY_END,Regular query_end activity,SUCCESS
8f3b00c0-bb06-49b7-9585-83a6343118cc,2025-09-06T17:09:00,89e53854-09b7-4b59-8352-a231c51f8687,glarsen,LOGIN,Regular login activity,SUCCESS
75df6ba6-a9b1-41f6-9281-f2c152c0e1f9,2025-09-06T17:09:00,57eba2d7-a4fe-48aa-aa7b-ad0e6f1296b7,jose46,QUERY_END,Regular query_end activity,SUCCESS
6cfaa689-29ca-4d5c-9d0b-dd5acba0d544,2025-09-06T17:24:00,879c852e-e8e8-45c3-9ead-5fa56c9ecfbc,egarcia,QUERY_END,Regular query_end activity,SUCCESS
a1080bc8-0deb-48c8-88fa-d09a43398417,2025-09-06T17:24:00,3d8cc43f-0f00-40bd-b8b2-34ac61fc0360,rwilliams,LOGOUT,Regular logout activity,SUCCESS
80c3e6c3-6e26-4534-ba54-a333d6a6b747,2025-09-06T17:38:00,da0f0f7a-8d2c-4ca9-b82e-cda33fba6610,rachel35,LOGOUT,Regular logout activity,SUCCESS
b6d9af58-d2b2-4c17-b597-86b5bd4572eb,2025-09-06T17:38:00,4b7e389e-8c78-4e72-ab0b-774df43b399e,hardinjennifer,LOGOUT,Regular logout activity,SUCCESS
3eca6549-598b-43f2-acaf-d5de63cf3b85,2025-09-06T17:46:00,4bc8b8f2-4d6e-4d5e-8d40-a7b6b3d6bb03,amandamitchell,QUERY_END,Regular query_end activity,SUCCESS
dbfd2351-14db-4660-b671-4bba2d1270ab,2025-09-06T17:46:00,859c34dd-4540-49a3-b26d-f82b1455d905,oatkinson,QUERY_START,Regular query_start activity,SUCCESS
b7a10c5a-beaa-486d-bc55-f5440ab15641,2025-09-06T17:56:00,7cd584de-ca92-465c-8ea8-5f7ad356bee6,danasandoval,LOGOUT,Regular logout activity,SUCCESS
9431981a-405e-46a3-a860-03e7526fa091,2025-09-06T17:56:00,cea2e75f-1ee1-4b1d-90f5-242f82a02bed,erickennedy,QUERY_END,Regular query_end activity,SUCCESS
116c50cc-a336-460a-8250-8be61335fd61,2025-09-06T18:06:00,cea2e75f-1ee1-4b1d-90f5-242f82a02bed,erickennedy,QUERY_START,Regular query_start activity,SUCCESS
e5246ecd-a8be-4e7b-8d18-3e5365e1c566,2025-09-06T18:06:00,cea2e75f-1ee1-4b1d-90f5-242f82a02bed,erickennedy,LOGIN,Regular login activity,SUCCESS
85717539-37d1-44e8-93c6-f644b837e550,2025-09-06T18:13:00,f22aa1cf-fe8b-4e78-8492-b46e0f46ffda,brandtmisty,LOGIN,Regular login activity,SUCCESS
9e6d31f8-5e13-41ca-b9c8-a03d0a622176,2025-09-06T18:13:00,4b7e389e-8c78-4e72-ab0b-774df43b399e,hardinjennifer,LOGIN,Regular login activity,SUCCESS
34b2847f-33b5-40d6-bc32-7f5484d96ea1,2025-09-06T18:19:00,82e7a6a3-1f49-4f5a-8a2a-96e5a654a185,codyoconnor,LOGOUT,Regular logout activity,SUCCESS
8b7e5824-0056-49d8-a92a-ba56b67860c6,2025-09-06T18:19:00,a3a85592-9f3f-4845-87b8-dd199fcdc3cc,gmoreno,QUERY_END,Regular query_end activity,SUCCESS
82fa5137-9b2d-4d0d-8d24-cbbe6cc300d9,2025-09-06T18:28:00,ac5e7ada-2f2f-4292-a0e4-18083982547a,lliu,LOGOUT,Regular logout activity,SUCCESS
6f2421e5-33e1-4988-bd44-d9fa5328d4c2,2025-09-06T18:28:00,5fb2a072-2bab-4b94-9109-9cbea70c5438,bryancuevas,LOGIN,Regular login activity,SUCCESS
74be42a4-5244-48d8-b597-f71479b35d2f,2025-09-06T18:35:00,7cd584de-ca92-465c-8ea8-5f7ad356bee6,danasandoval,LOGOUT,Regular logout activity,SUCCESS
71b580b7-4699-4110-8b0d-7d7cd1edc4e0,2025-09-06T18:35:00,f0c2cfac-cf3b-4053-9e79-a6a4c6bbd187,garciaalison,QUERY_END,Regular query_end activity,SUCCESS
531792b3-c5e8-4bb6-86b6-bdbc08677542,2025-09-06T18:47:00,4663d48b-596a-4f39-b714-8d69ac9a7d2a,robert93,QUERY_START,Regular query_start activity,SUCCESS
54dea41c-68e6-4cf4-84d8-aa01a7ea85a2,2025-09-06T18:47:00,cea2e75f-1ee1-4b1d-90f5-242f82a02bed,erickennedy,QUERY_START,Regular query_start activity,SUCCESS
07adc647-6dd6-409c-933b-2e0f3e627479,2025-09-06T18:56:00,9a7a68c7-1b0c-4669-859f-6d352b1e386f,andrew16,QUERY_END,Regular query_end activity,SUCCESS
7338a9da-96f4-4566-949e-9b0c5db1ee22,2025-09-06T18:56:00,879c852e-e8e8-45c3-9ead-5fa56c9ecfbc,egarcia,QUERY_START,Regular query_start activity,SUCCESS
181900df-2bf7-4696-b7b5-d866b211144d,2025-09-06T19:07:00,cea2e75f-1ee1-4b1d-90f5-242f82a02bed,erickennedy,LOGIN,Regular login activity,SUCCESS
728ee4fd-7f8c-4514-bb3e-077ed66aa145,2025-09-06T19:07:00,82e7a6a3-1f49-4f5a-8a2a-96e5a654a185,codyoconnor,QUERY_END,Regular query_end activity,SUCCESS
4dd73628-ed43-408c-9d01-37af016a3d09,2025-09-06T19:19:00,9a7a68c7-1b0c-4669-859f-6d352b1e386f,andrew16,QUERY_END,Regular query_end activity,SUCCESS
5b72bdc2-a2e7-45a0-9bdf-e0d7b3620f32,2025-09-06T19:19:00,f22aa1cf-fe8b-4e78-8492-b46e0f46ffda,brandtmisty,QUERY_START,Regular query_start activity,SUCCESS
14b53aa9-0011-467f-8e45-516d391053d6,2025-09-06T19:27:00,b92c2609-888c-471e-bf61-4363556df9d8,frank26,LOGIN,Regular login activity,SUCCESS
24e29ed8-875b-4a81-a86c-2289a962fa21,2025-09-06T19:27:00,7cd584de-ca92-465c-8ea8-5f7ad356bee6,danasandoval,QUERY_END,Regular query_end activity,SUCCESS
b413d141-cae2-4971-9ee0-f7a207ffaf1d,2025-09-06T19:38:00,7cd584de-ca92-465c-8ea8-5f7ad356bee6,danasandoval,LOGIN,Regular login activity,SUCCESS
67d91731-2fc7-4428-a346-62c0e106cabf,2025-09-06T19:38:00,57eba2d7-a4fe-48aa-aa7b-ad0e6f1296b7,jose46,LOGOUT,Regular logout activity,SUCCESS
5b3bea27-aac9-4cf3-8d4c-7d350fa55e26,2025-09-06T19:49:00,7cd584de-ca92-465c-8ea8-5f7ad356bee6,danasandoval,QUERY_START,Regular query_start activity,SUCCESS
abc2e4cb-d010-4279-b1a8-39534e8702af,2025-09-06T19:49:00,4b7e389e-8c78-4e72-ab0b-774df43b399e,hardinjennifer,QUERY_START,Regular query_start activity,SUCCESS
3620facc-18f4-45c7-a84a-5f3f0452fd5e,2025-09-06T19:58:00,3d8cc43f-0f00-40bd-b8b2-34ac61fc0360,rwilliams,QUERY_END,Regular query_end activity,SUCCESS
b01a91e1-8495-4468-a3ce-67e610bf9ef8,2025-09-06T19:58:00,f22aa1cf-fe8b-4e78-8492-b46e0f46ffda,brandtmisty,QUERY_START,Regular query_start activity,SUCCESS
434a456e-0194-404e-ab07-3051db25472b,2025-09-06T20:03:00,00f99f6f-5fcc-490a-84f9-6b24911c0b2e,emilyhamilton,LOGOUT,Regular logout activity,SUCCESS
6cf4a86b-8614-4b04-9aca-0286d32a4bc3,2025-09-06T20:03:00,4bc8b8f2-4d6e-4d5e-8d40-a7b6b3d6bb03,amandamitchell,QUERY_END,Regular query_end activity,SUCCESS
1f05a5ef-eef8-4e80-b3ec-07c54ddefa83,2025-09-06T20:11:00,ac5e7ada-2f2f-4292-a0e4-18083982547a,lliu,QUERY_START,Regular query_start activity,SUCCESS
4f65194b-e013-4175-b9b9-966ee2e7dcda,2025-09-06T20:11:00,da0f0f7a-8d2c-4ca9-b82e-cda33fba6610,rachel35,QUERY_END,Regular query_end activity,SUCCESS
c51e386b-6f00-4aa9-bf3a-6288440c2018,2025-09-06T20:24:00,9a7a68c7-1b0c-4669-859f-6d352b1e386f,andrew16,LOGIN,Regular login activity,SUCCESS
6a665baa-3cd7-4b2d-a613-b13b89a16ef7,2025-09-06T20:24:00,7cd584de-ca92-465c-8ea8-5f7ad356bee6,danasandoval,LOGIN,Regular login activity,SUCCESS
ce68c4b8-42fa-48b1-a04a-42227c241a24,2025-09-06T20:31:00,859c34dd-4540-49a3-b26d-f82b1455d905,oatkinson,QUERY_START,Regular query_start activity,SUCCESS
581bbdbe-ba8c-4a7f-b9a0-07cdb91db1a8,2025-09-06T20:31:00,f22aa1cf-fe8b-4e78-8492-b46e0f46ffda,brandtmisty,LOGIN,Regular login activity,SUCCESS
6f019a2d-caf3-4cfc-bdf3-1c64cfd65576,2025-09-06T20:39:00,57eba2d7-a4fe-48aa-aa7b-ad0e6f1296b7,jose46,QUERY_END,Regular query_end activity,SUCCESS
68e40251-07a2-4af9-98a1-138ca31874ef,2025-09-06T20:39:00,3d8cc43f-0f00-40bd-b8b2-34ac61fc0360,rwilliams,QUERY_END,Regular query_end activity,SUCCESS
e604a1c8-3b95-40cd-8a95-9c64855bd3ca,2025-09-06T20:50:00,cea2e75f-1ee1-4b1d-90f5-242f82a02bed,erickennedy,QUERY_END,Regular query_end activity,SUCCESS
e8003e99-2cf3-40ff-8d89-4d97a09b4d8f,2025-09-06T20:50:00,cea2e75f-1ee1-4b1d-90f5-242f82a02bed,erickennedy,LOGOUT,Regular logout activity,SUCCESS
91f99aba-206f-4b94-98b8-44ba1fdfe4fc,2025-09-06T20:59:00,4663d48b-596a-4f39-b714-8d69ac9a7d2a,robert93,QUERY_END,Regular query_end activity,SUCCESS
4cd1522c-5fb8-49e5-adff-c4046964dd79,2025-09-06T20:59:00,57eba2d7-a4fe-48aa-aa7b-ad0e6f1296b7,jose46,QUERY_END,Regular query_end activity,SUCCESS
e1b07d0f-8979-43f8-8074-0a703d9ebe43,2025-09-06T21:11:00,4bc8b8f2-4d6e-4d5e-8d40-a7b6b3d6bb03,amandamitchell,LOGIN,Regular login activity,SUCCESS
40b733d6-abbd-4206-b5e4-92ac4da2d5ed,2025-09-06T21:11:00,4bc8b8f2-4d6e-4d5e-8d40-a7b6b3d6bb03,amandamitchell,LOGOUT,Regular logout activity,SUCCESS
9cd21878-5687-4a50-8936-3246f3e21dd0,2025-09-06T21:18:00,859c34dd-4540-49a3-b26d-f82b1455d905,oatkinson,QUERY_START,Regular query_start activity,SUCCESS
b2bd0f8b-22fe-4070-aec5-18ab87218ff3,2025-09-06T21:18:00,5fb2a072-2bab-4b94-9109-9cbea70c5438,bryancuevas,LOGIN,Regular login activity,SUCCESS
820228c8-3726-4e7e-8cfd-16c56ab1aa46,2025-09-06T21:25:00,f0c2cfac-cf3b-4053-9e79-a6a4c6bbd187,garciaalison,QUERY_END,Regular query_end activity,SUCCESS
303bd58c-9f20-45c1-bded-65495022e505,2025-09-06T21:25:00,00f99f6f-5fcc-490a-84f9-6b24911c0b2e,emilyhamilton,QUERY_END,Regular query_end activity,SUCCESS
e5677f85-dbdd-4f9c-85e5-2f6c92d92189,2025-09-06T21:37:00,cea2e75f-1ee1-4b1d-90f5-242f82a02bed,erickennedy,LOGOUT,Regular logout activity,SUCCESS
7f158551-1b5f-4de7-84e7-8e978d4544fa,2025-09-06T21:37:00,4b7e389e-8c78-4e72-ab0b-774df43b399e,hardinjennifer,LOGOUT,Regular logout activity,SUCCESS
85d71cc9-7762-4ced-a3cf-2a6604b7d24d,2025-09-06T21:43:00,57eba2d7-a4fe-48aa-aa7b-ad0e6f1296b7,jose46,QUERY_START,Regular query_start activity,SUCCESS
0fc5a102-5ae5-4605-a8e8-abadae39bc10,2025-09-06T21:43:00,b92c2609-888c-471e-bf61-4363556df9d8,frank26,LOGOUT,Regular logout activity,SUCCESS
b7d8aa24-2e76-4256-b191-4cd84376740d,2025-09-06T21:49:00,879c852e-e8e8-45c3-9ead-5fa56c9ecfbc,egarcia,LOGOUT,Regular logout activity,SUCCESS
8120c337-a0df-457e-aeea-e5f8330389e9,2025-09-06T21:49:00,da0f0f7a-8d2c-4ca9-b82e-cda33fba6610,rachel35,QUERY_START,Regular query_start activity,SUCCESS
6bcc4397-1d1c-481d-b00d-266f6fc8a58b,2025-09-06T21:58:00,4b7e389e-8c78-4e72-ab0b-774df43b399e,hardinjennifer,LOGIN,Regular login activity,SUCCESS
7f94e806-481c-494b-b089-cdd0bc30906e,2025-09-06T21:58:00,a3a85592-9f3f-4845-87b8-dd199fcdc3cc,gmoreno,QUERY_END,Regular query_end activity,SUCCESS
56e84915-b721-4fc6-8e37-515bb59bc48d,2025-09-06T22:06:00,cea2e75f-1ee1-4b1d-90f5-242f82a02bed,erickennedy,QUERY_END,Regular query_end activity,SUCCESS
0f883030-bfb1-4125-8acf-06b9e410e3be,2025-09-06T22:06:00,9a7a68c7-1b0c-4669-859f-6d352b1e386f,andrew16,LOGOUT,Regular logout activity,SUCCESS
6aba7753-9aa7-4f92-8ef4-220690a421c7,2025-09-06T22:17:00,ac5e7ada-2f2f-4292-a0e4-18083982547a,lliu,LOGIN,Regular login activity,SUCCESS
086aa526-d2fc-4662-a677-14af8478c1db,2025-09-06T22:17:00,da0f0f7a-8d2c-4ca9-b82e-cda33fba6610,rachel35,QUERY_START,Regular query_start activity,SUCCESS
0e14ccd0-f2df-4029-99f2-22b512916a76,2025-09-06T22:32:00,da0f0f7a-8d2c-4ca9-b82e-cda33fba6610,rachel35,LOGOUT,Regular logout activity,SUCCESS
933bf54b-7d9e-48d1-a0de-ce9c31dc217e,2025-09-06T22:32:00,a3a85592-9f3f-4845-87b8-dd199fcdc3cc,gmoreno,QUERY_END,Regular query_end activity,SUCCESS
3d026173-878c-4f57-a3bb-18535e1151bc,2025-09-06T22:41:00,879c852e-e8e8-45c3-9ead-5fa56c9ecfbc,egarcia,QUERY_START,Regular query_start activity,SUCCESS
64a7d746-bd72-4871-848b-5c6c607f9a92,2025-09-06T22:41:00,da0f0f7a-8d2c-4ca9-b82e-cda33fba6610,rachel35,QUERY_END,Regular query_end activity,SUCCESS
4857be14-c905-4216-88b5-33e338144385,2025-09-06T22:53:00,a3a85592-9f3f-4845-87b8-dd199fcdc3cc,gmoreno,LOGIN,Regular login activity,SUCCESS
c5c9ba47-de27-4d6a-affe-7249092b71d1,2025-09-06T22:53:00,859c34dd-4540-49a3-b26d-f82b1455d905,oatkinson,LOGOUT,Regular logout activity,SUCCESS
5227a223-4759-407e-860f-2e9d8ddd9455,2025-09-06T23:04:00,4663d48b-596a-4f39-b714-8d69ac9a7d2a,robert93,LOGIN,Regular login activity,SUCCESS
4c1c9968-d5e7-4251-ae9b-303bae18fe07,2025-09-06T23:04:00,f0c2cfac-cf3b-4053-9e79-a6a4c6bbd187,garciaalison,LOGOUT,Regular logout activity,SUCCESS
94105060-9953-4138-a679-a700dfd431ea,2025-09-06T23:18:00,da0f0f7a-8d2c-4ca9-b82e-cda33fba6610,rachel35,LOGOUT,Regular logout activity,SUCCESS
522fc137-4ecd-40a9-839c-8ebaceed7f28,2025-09-06T23:18:00,a3a85592-9f3f-4845-87b8-dd199fcdc3cc,gmoreno,LOGOUT,Regular logout activity,SUCCESS
df972a55-3483-4d95-b2a5-1d3b1249caa6,2025-09-06T23:33:00,b92c2609-888c-471e-bf61-4363556df9d8,frank26,LOGOUT,Regular logout activity,SUCCESS
baba7bfb-fd11-4095-b61c-07f538d51889,2025-09-06T23:33:00,f22aa1cf-fe8b-4e78-8492-b46e0f46ffda,brandtmisty,QUERY_END,Regular query_end activity,SUCCESS
0bbe67d3-c8dd-4a7b-97b6-092ac01587f0,2025-09-06T23:42:00,00f99f6f-5fcc-490a-84f9-6b24911c0b2e,emilyhamilton,LOGOUT,Regular logout activity,SUCCESS
95f1fa45-8bcc-4dc9-a98f-5d52a14a0d07,2025-09-06T23:42:00,3d8cc43f-0f00-40bd-b8b2-34ac61fc0360,rwilliams,LOGOUT,Regular logout activity,SUCCESS
d6a0cc22-fce5-4d0d-9bf7-e809d88f40aa,2025-09-06T23:48:00,f22aa1cf-fe8b-4e78-8492-b46e0f46ffda,brandtmisty,LOGIN,Regular login activity,SUCCESS
5ce1ece4-c79c-4f28-840b-c3f031170245,2025-09-06T23:48:00,3d8cc43f-0f00-40bd-b8b2-34ac61fc0360,rwilliams,QUERY_END,Regular query_end activity,SUCCESS
12959553-e4f7-43b6-8a5a-e2af6fcb56d3,2025-09-06T23:55:00,4bc8b8f2-4d6e-4d5e-8d40-a7b6b3d6bb03,amandamitchell,QUERY_START,Regular query_start activity,SUCCESS
6a52c418-269a-463c-b23e-c9fa8b0a94df,2025-09-06T23:55:00,89e53854-09b7-4b59-8352-a231c51f8687,glarsen,QUERY_START,Regular query_start activity,SUCCESS
b45b3252-5564-4069-ab20-c1c19643b937,2025-09-02T02:00:00,5fb2a072-2bab-4b94-9109-9cbea70c5438,bryancuevas,WAREHOUSE_RESIZE,Auto-scaled BI_WH_SMALL to handle increased load,SUCCESS
a2f1153b-ac6f-4e49-9de4-8868830a4c0a,2025-09-02T02:17:00,cea2e75f-1ee1-4b1d-90f5-242f82a02bed,erickennedy,WAREHOUSE_RESIZE,Auto-scaled PROD_WH_X-SMALL to handle increased load,SUCCESS
54be21d1-3634-4bc9-a335-15b090056562,2025-09-02T02:36:00,7cd584de-ca92-465c-8ea8-5f7ad356bee6,danasandoval,WAREHOUSE_RESIZE,Auto-scaled PROD_WH_SMALL to handle increased load,SUCCESS
e7d291b2-1a3b-4fbd-b98d-15ef3374b937,2025-09-02T02:51:00,879c852e-e8e8-45c3-9ead-5fa56c9ecfbc,egarcia,WAREHOUSE_RESIZE,Auto-scaled BI_WH_SMALL to handle increased load,SUCCESS
7a60f220-dca9-47e6-b38b-1092d9d66de4,2025-09-02T03:07:00,879c852e-e8e8-45c3-9ead-5fa56c9ecfbc,egarcia,WAREHOUSE_RESIZE,Auto-scaled BI_WH_X-SMALL to handle increased load,SUCCESS
6ba27c00-6541-4d3d-a82b-345efae470ce,2025-09-02T03:24:00,4b7e389e-8c78-4e72-ab0b-774df43b399e,hardinjennifer,WAREHOUSE_RESIZE,Auto-scaled BI_WH_X-SMALL to handle increased load,SUCCESS
6ec667c1-51c8-4514-90e6-baa340f09678,2025-09-02T03:40:00,ac5e7ada-2f2f-4292-a0e4-18083982547a,lliu,WAREHOUSE_RESIZE,Auto-scaled DEV_WH_MEDIUM to handle increased load,SUCCESS
23f413a3-f771-4b7c-9944-f7a72500403d,2025-09-02T04:00:00,5fb2a072-2bab-4b94-9109-9cbea70c5438,bryancuevas,ROLE_GRANT,Temporary elevated access granted to bryancuevas,SUCCESS
ab25d005-ae92-40c7-9344-48a15377d1a7,2025-09-02T04:15:00,a3a85592-9f3f-4845-87b8-dd199fcdc3cc,gmoreno,WAREHOUSE_RESIZE,Auto-scaled BI_WH_SMALL to handle increased load,SUCCESS
a03d0fe5-f11b-4ea4-9d81-c3795e9a7db5,2025-09-02T04:25:00,f0c2cfac-cf3b-4053-9e79-a6a4c6bbd187,garciaalison,WAREHOUSE_RESIZE,Auto-scaled PROD_WH_MEDIUM to handle increased load,SUCCESS
f6b007bd-5022-42fd-b736-f81153edb4c5,2025-09-02T04:37:00,3d8cc43f-0f00-40bd-b8b2-34ac61fc0360,rwilliams,CONFIGURATION_CHANGE,Modified query timeout settings for ETL_WH_X-SMALL,SUCCESS
191ecd5c-a6b3-4fea-afea-4ef3b54a2326,2025-09-02T04:54:00,da0f0f7a-8d2c-4ca9-b82e-cda33fba6610,rachel35,ROLE_GRANT,Temporary elevated access granted to rachel35,SUCCESS
5e7c45f1-ee5e-4554-8244-16b79b452073,2025-09-02T05:05:00,5fb2a072-2bab-4b94-9109-9cbea70c5438,bryancuevas,ROLE_GRANT,Temporary elevated access granted to bryancuevas,SUCCESS
ea4bdbd4-c986-44e4-9583-61eb925f4d5d,2025-09-02T05:25:00,57eba2d7-a4fe-48aa-aa7b-ad0e6f1296b7,jose46,ROLE_GRANT,Temporary elevated access granted to jose46,SUCCESS
97394129-a30a-4a5c-81f1-a7d1ed233695,2025-09-02T05:39:00,89e53854-09b7-4b59-8352-a231c51f8687,glarsen,CONFIGURATION_CHANGE,Modified query timeout settings for ETL_WH_LARGE,SUCCESS
71bbb17b-3eb4-410d-93fd-2b235f559e2b,2025-09-02T05:53:00,57eba2d7-a4fe-48aa-aa7b-ad0e6f1296b7,jose46,ROLE_GRANT,Temporary elevated access granted to jose46,SUCCESS
771eabba-d9f6-4289-9eb0-87ab1036498f,2025-09-02T06:13:00,89e53854-09b7-4b59-8352-a231c51f8687,glarsen,WAREHOUSE_RESIZE,Auto-scaled ETL_WH_MEDIUM to handle increased load,SUCCESS
14e5333d-def8-4a91-80af-d2001d0b61bd,2025-09-02T06:33:00,3d8cc43f-0f00-40bd-b8b2-34ac61fc0360,rwilliams,ROLE_GRANT,Temporary elevated access granted to rwilliams,SUCCESS
d770ed2c-5a0e-44d7-919b-6d372dc2e5fc,2025-09-02T06:43:00,4b7e389e-8c78-4e72-ab0b-774df43b399e,hardinjennifer,CONFIGURATION_CHANGE,Modified query timeout settings for BI_WH_LARGE,SUCCESS
10b1dd39-66f0-4fd8-8a4c-4f94f23f8799,2025-09-02T07:02:00,4b7e389e-8c78-4e72-ab0b-774df43b399e,hardinjennifer,WAREHOUSE_RESIZE,Auto-scaled PROD_WH_LARGE to handle increased load,SUCCESS
dec7b773-fe02-45c2-a7ce-4646d65c7861,2025-09-02T07:19:00,4b7e389e-8c78-4e72-ab0b-774df43b399e,hardinjennifer,ROLE_GRANT,Temporary elevated access granted to hardinjennifer,SUCCESS
2cc919d6-9b20-4169-a324-a3fd80ba88db,2025-09-02T07:29:00,da0f0f7a-8d2c-4ca9-b82e-cda33fba6610,rachel35,CONFIGURATION_CHANGE,Modified query timeout settings for PROD_WH_LARGE,SUCCESS
809d1e0d-9b0f-46a7-8b31-c9795c84267e,2025-09-02T07:48:00,4b7e389e-8c78-4e72-ab0b-774df43b399e,hardinjennifer,ROLE_GRANT,Temporary elevated access granted to hardinjennifer,SUCCESS
d78757f5-5747-4381-a1ae-e53692d83100,2025-09-02T08:00:00,ac5e7ada-2f2f-4292-a0e4-18083982547a,lliu,ROLE_GRANT,Temporary elevated access granted to lliu,SUCCESS
8b1e91db-aaef-4ce9-8005-b86ef9872d04,2025-09-02T08:16:00,9a7a68c7-1b0c-4669-859f-6d352b1e386f,andrew16,WAREHOUSE_RESIZE,Auto-scaled DEV_WH_MEDIUM to handle increased load,SUCCESS
1e2bf4f3-c10d-4725-94cc-18aaf8a9b111,2025-09-02T08:32:00,89e53854-09b7-4b59-8352-a231c51f8687,glarsen,CONFIGURATION_CHANGE,Modified query timeout settings for DEV_WH_X-SMALL,SUCCESS
c4d8cfc4-2d1a-42a2-8fe9-ef49a3478953,2025-09-02T08:51:00,859c34dd-4540-49a3-b26d-f82b1455d905,oatkinson,WAREHOUSE_RESIZE,Auto-scaled BI_WH_SMALL to handle increased load,SUCCESS
e5437a1a-d808-4c6c-8c2a-d182b680e5a2,2025-09-02T09:08:00,879c852e-e8e8-45c3-9ead-5fa56c9ecfbc,egarcia,CONFIGURATION_CHANGE,Modified query timeout settings for PROD_WH_MEDIUM,SUCCESS
5bc70f90-1805-4964-ac28-2b5e307bcdb8,2025-09-02T09:21:00,4663d48b-596a-4f39-b714-8d69ac9a7d2a,robert93,WAREHOUSE_RESIZE,Auto-scaled ETL_WH_SMALL to handle increased load,SUCCESS
89b94e59-6e50-440c-b1a4-cff9e6572282,2025-09-02T09:40:00,4b7e389e-8c78-4e72-ab0b-774df43b399e,hardinjennifer,CONFIGURATION_CHANGE,Modified query timeout settings for ETL_WH_X-SMALL,SUCCESS
ad475ea5-54ab-4f37-a9ca-09e94ec3b86f,2025-09-02T09:53:00,879c852e-e8e8-45c3-9ead-5fa56c9ecfbc,egarcia,CONFIGURATION_CHANGE,Modified query timeout settings for DEV_WH_LARGE,SUCCESS
